"original_text","perturbed_text","original_score","perturbed_score","original_output","perturbed_output","ground_truth_output","num_queries","result_type"
"Speedy deletion of Gallas <SPLIT>  A tag has been placed on Gallas requesting that it be speedily deleted from Wikipedia per speedy deletion criterion G1  <SPLIT><SPLIT> Under the criteria for speedy deletion articles that do not meet basic Wikipedia criteria may be deleted at any time Please see the guidelines for what is generally accepted as an appropriate article and if you can indicate why the subject of this article is appropriate you may contest the tagging To do this add  on the top of the article and leave a note on the articles talk page explaining your position Please do not remove the speedy deletion tag yourself but dont hesitate to add information to the article that would confirm its subjects notability under the guidelines  <SPLIT><SPLIT> If you think that this notice was placed here in error you may contest the deletion by adding  to the top of the article just below the existing speedy deletion or db tag coupled with adding a note on the articles talk page explaining your position but be aware that once tagged for speedy deletion if the article meets the criterion it may be deleted without delay Please do not remove the speedy deletion tag yourself but dont hesitate to add information to the article that would would render it more in conformance with Wikipedias policies and guidelines","Speedy deletion of Gallas <SPLIT>  A tag has been placed on Gallas requesting that it be speedily deleted from Wikipedia per speedy deletion criterion G1  <SPLIT><SPLIT> Under the criteria for speedy deletion articles that do not meet basic Wikipedia criteria may be deleted at any time Please see the guidelines for what is generally accepted as an appropriate article and if you can indicate why the subject of this article is appropriate you may contest the tagging To do this add  on the top of the article and leave a note on the articles talk page explaining your position Please do not remove the speedy deletion tag yourself but dont hesitate to add information to the article that would confirm its subjects notability under the guidelines  <SPLIT><SPLIT> If you think that this notice was placed here in error you may contest the deletion by adding  to the top of the article just below the existing speedy deletion or db tag coupled with adding a note on the articles talk page explaining your position but be aware that once tagged for speedy deletion if the article meets the criterion it may be deleted without delay Please do not remove the speedy deletion tag yourself but dont hesitate to add information to the article that would would render it more in conformance with Wikipedias policies and guidelines",0.00024884939193725586,0.00024884939193725586,0,0,0,1,"Failed"
"Any one need cheapest game money plz come to wwwgold2wowcom its the bestthxAny one need cheapest game money plz come to wwwgold2wowcom its the bestthxAny one need cheapest game money plz come to wwwgold2wowcom its the bestthxAny one need cheapest game money plz come to wwwgold2wowcom its the bestthxAny one need cheapest game money plz come to wwwgold2wowcom its the bestthxAny one need cheapest game money plz come to wwwgold2wowcom its the bestthx","Any one need cheapest game money plz come to wwwgold2wowcom its the bestthxAny one need cheapest game money plz come to wwwgold2wowcom its the bestthxAny one need cheapest game money plz come to wwwgold2wowcom its the bestthxAny one need cheapest game money plz come to wwwgold2wowcom its the bestthxAny one need cheapest game money plz come to wwwgold2wowcom its the bestthxAny one need cheapest game money plz come to wwwgold2wowcom its the bestthx",0.021624743938446045,0.021624743938446045,0,0,0,1,"Failed"
"Conwall from which Cornish originates is a singular county region within England Wales is a Country and neither a County or region within England There are more speakers of Pakistani Urdu Punjabi etc than either Welsh or Cornish speakers To include Welsh as a regional language you woukd also have to list those as well    <SPLIT><SPLIT> Of course near a country border there will be an overspill of one countrys languages into anotheroverspill So people spoke English in Oswestry before they spoke Welsh Welsh has been a regional language of England At one time is was widely spoken in the Marches in addition to other Brittonic languages such as Cumbric and Cornish in their respective areas How can you say Welsh isnt a regional language while Cornish is simply because the areas where it is natively spoken are near another country where it is significantly more predominant Welsh is a native language of England unlike migrant languages I accept most of the 8000 Welsh speakers in England are probably from Wales but a significant amount will be native English people in the border counties like I said where there is significant mixed heritage    <SPLIT> The figure of 110000 is an estimate of those who could at an earlier time speak Welsh Not all of them would still consider themselves able to speak Welsh  Many people born in Wales and all those taught in Wales in recent years would have learned to speak at least some Welsh  That does not mean they are Welsh speakers now  The claims by  that Welsh is spoken by more native English in border communities then Cornish Places like Oswestry still have significant numbers of Welsh speakers  need a good source  And the fact is that Welsh is not an officially recognised regional language in any part of England   though Cornish is      <SPLIT> Absolutelyas the writers of the report acknowledge and I myself noted above 110000 is bound to be an overestimate but 8248 is just as likely to be an underestimate In any case as I noted again I agree that Welsh almost certainly shouldnt be listed in the article as a regional language The point is not of course how many speakers it has it has more than Cornish however you count it but whether or not it is officially recognised as a regional language or is spoken by a substantial community of people who werent born in Wales The first isnt the case and we need a good source for the second Unfortunately Im not sure there really are any    <SPLIT> I accept it needs a source However as far as I know Cornish is not an officially recognised regional language of England specifically The Cornish council has a policy to support the language and its a recognised regional language of the United Kingdom in addition to Welsh and others But theres nothing in the European Charter for Regional or Minority Languages that designates the region of the UK for each language    <SPLIT> I found an interesting peice on this from the Welsh Language Board Estimation of the number of Welsh speakers in England <SPLIT><SPLIT> The estimate that 110000 people resident in England can speak Welsh is reasonable Such a number  together with another thousand in Scotland and Northern Ireland  would mean that the total number of people able to speak Welsh in the UK exceeds 690000 and that some 17 of them live outside Wales elsewhere in the UK  <SPLIT><SPLIT> And <SPLIT><SPLIT> Applying these percentages to the Census total of 42358885 nonWelshborn residents of England produces very approximately a central estimate of 12000 with a lower estimate of 8000 and a higher of 13000 <SPLIT><SPLIT> Of course we still cant determine for certain if these are native English or descendants of Welsh people who have moved to England <SPLIT>    <SPLIT><SPLIT> Oh so I just realised this is the source you were discussing Oh well XD    <SPLIT><SPLIT>  Population map caption  <SPLIT><SPLIT> The first map in the population section carried the incorrect caption The metropolitan nonmetropolitan counties and unitary authorities of England The map actually","Conwall from which Cornish originates is a singular county region within England Wales is a Country and neither a County or region within England There are more speakers of Pakistani Urdu Punjabi etc than either Welsh or Cornish speakers To include Welsh as a regional language you woukd also have to list those as well    <SPLIT><SPLIT> Of course near a country border there will be an overspill of one countrys languages into anotheroverspill So people spoke English in Oswestry before they spoke Welsh Welsh has been a regional language of England At one time is was widely spoken in the Marches in addition to other Brittonic languages such as Cumbric and Cornish in their respective areas How can you say Welsh isnt a regional language while Cornish is simply because the areas where it is natively spoken are near another country where it is significantly more predominant Welsh is a native language of England unlike migrant languages I accept most of the 8000 Welsh speakers in England are probably from Wales but a significant amount will be native English people in the border counties like I said where there is significant mixed heritage    <SPLIT> The figure of 110000 is an estimate of those who could at an earlier time speak Welsh Not all of them would still consider themselves able to speak Welsh  Many people born in Wales and all those taught in Wales in recent years would have learned to speak at least some Welsh  That does not mean they are Welsh speakers now  The claims by  that Welsh is spoken by more native English in border communities then Cornish Places like Oswestry still have significant numbers of Welsh speakers  need a good source  And the fact is that Welsh is not an officially recognised regional language in any part of England   though Cornish is      <SPLIT> Absolutelyas the writers of the report acknowledge and I myself noted above 110000 is bound to be an overestimate but 8248 is just as likely to be an underestimate In any case as I noted again I agree that Welsh almost certainly shouldnt be listed in the article as a regional language The point is not of course how many speakers it has it has more than Cornish however you count it but whether or not it is officially recognised as a regional language or is spoken by a substantial community of people who werent born in Wales The first isnt the case and we need a good source for the second Unfortunately Im not sure there really are any    <SPLIT> I accept it needs a source However as far as I know Cornish is not an officially recognised regional language of England specifically The Cornish council has a policy to support the language and its a recognised regional language of the United Kingdom in addition to Welsh and others But theres nothing in the European Charter for Regional or Minority Languages that designates the region of the UK for each language    <SPLIT> I found an interesting peice on this from the Welsh Language Board Estimation of the number of Welsh speakers in England <SPLIT><SPLIT> The estimate that 110000 people resident in England can speak Welsh is reasonable Such a number  together with another thousand in Scotland and Northern Ireland  would mean that the total number of people able to speak Welsh in the UK exceeds 690000 and that some 17 of them live outside Wales elsewhere in the UK  <SPLIT><SPLIT> And <SPLIT><SPLIT> Applying these percentages to the Census total of 42358885 nonWelshborn residents of England produces very approximately a central estimate of 12000 with a lower estimate of 8000 and a higher of 13000 <SPLIT><SPLIT> Of course we still cant determine for certain if these are native English or descendants of Welsh people who have moved to England <SPLIT>    <SPLIT><SPLIT> Oh so I just realised this is the source you were discussing Oh well XD    <SPLIT><SPLIT>  Population map caption  <SPLIT><SPLIT> The first map in the population section carried the incorrect caption The metropolitan nonmetropolitan counties and unitary authorities of England The map actually",0.0006022453308105469,0.0006022453308105469,0,0,0,1,"Failed"
"University of New Hampshire notables  <SPLIT><SPLIT> Hi and welcome to Wikipedia  In general if a person is not the subject of a standalone article it is  probably not advisable to be adding him or her to a list of notables  In addition these sections have already become longer than is probably desirable","University of New Hampshire notables  <SPLIT><SPLIT> Hi and welcome to Wikipedia  In general if a person is not the subject of a standalone article it is  probably not advisable to be adding him or her to a list of notables  In addition these sections have already become longer than is probably desirable",0.00019532442092895508,0.00019532442092895508,0,0,0,1,"Failed"
"Your proposal is completely ridiculous and laughable You would classify Saul Berman Norman Lamm Avi Weiss as Haredim Your proposal is so stupid that I cannot express its stupidity in normal words No this is not an insult and not a personal attack its just the plain truth Please just withdraw this proposal","Your proposal is completely ridiculous and laughable You would classify Saul Berman Norman Lamm Avi Weiss as Haredim Your proposal is so stupid that I cannot express its stupidity in normal words No this is not an insult and not a personal attack its just the plain truth Please just withdraw this proposal",0.5393850803375244,0.5393850803375244,0,0,1,1,"Skipped"
"Page mentioned on The Big Show 6206  <SPLIT><SPLIT> JBB read large sections of this page on air on 6206 covering in particular the information on Marty Smarty Marty the One Man Party","Page mentioned on The Big Show 6206  <SPLIT><SPLIT> JBB read large sections of this page on air on 6206 covering in particular the information on Marty Smarty Marty the One Man Party",0.00035011768341064453,0.00035011768341064453,0,0,0,1,"Failed"
"It was voiced by John Wood who recorded the lines one word at a time","It was voiced by John Wood who recorded the lines one word at a time",0.0003510713577270508,0.0003510713577270508,0,0,0,1,"Failed"
"What would you like to change your name to","What would you like to change your name to",0.004557609558105469,0.004557609558105469,0,0,0,1,"Failed"
"This seems to be the third time youve asked this Helpme respondents lack the permissions to promote users to adminship Im not an admin myself and a bureaucrat is needed to promote a user youre very unlikely to get promoted with your lessthan10 nondeleted edits because a history of good contributions is needed before the community feels they can trust a user imagine if a vandal could make a few good contributions and then apply for adminship If youre still active in about 6 months time youll have more chance then","This seems to be the third time youve asked this Helpme respondents lack the permissions to promote users to adminship Im not an admin myself and a bureaucrat is needed to promote a user youre very unlikely to get promoted with your lessthan10 nondeleted edits because a history of good contributions is needed before the community feels they can trust a user imagine if a vandal could make a few good contributions and then apply for adminship If youre still active in about 6 months time youll have more chance then",0.0016241073608398438,0.0016241073608398438,0,0,0,1,"Failed"
"my opinion about the Nakhcivan  Nakhcivan is a very big city and famousThere are many people in nakhcivan","my opinion about the Nakhcivan  Nakhcivan is a very big city and famousThere are many people in nakhcivan",0.0008057951927185059,0.0008057951927185059,0,0,0,1,"Failed"
"Raymond Pfister Who is he httpwwwpfisterwsEnglishVersionenglishversionhtml   <SPLIT> Raymond Pfister is a Penteconst  priest While Kanasabai is not reliable for you  a pentecost pastor who you have never heard about and who has not even written the statement u have quoted is reliable Just shows how DISHONESTLY you are trying to construct your theory by picking dubious thin sources and statements from here and there You are just wasting my time and yours trying to prove something u cannot","Raymond Pfister Who is he httpwwwpfisterwsEnglishVersionenglishversionhtml   <SPLIT> Raymond Pfister is a Penteconst  priest While Kanasabai is not reliable for you  a pentecost pastor who you have never heard about and who has not even written the statement u have quoted is reliable Just shows how DISHONESTLY you are trying to construct your theory by picking dubious thin sources and statements from here and there You are just wasting my time and yours trying to prove something u cannot",0.03509199619293213,0.03509199619293213,0,0,0,1,"Failed"
"width100 stylebackgroundtransparent <SPLIT>  width100 stylebackgroundcolor <SPLIT> stylewidth 50 border1px solid  backgroundcolor verticalaligntop <SPLIT>  width100 cellpadding2 styleverticalaligntop backgroundcolor <SPLIT>  Hello 24189107214  You are welcome to continue editing articles without logging in but you may wish to  create an account Doing so is free requires no personal information and provides several benefits If you edit without a username your IP address  is used to identify you instead <SPLIT> In any case I hope you enjoy editing here and being a Wikipedian  Please remember to sign your name on talk pages by clicking  or using four tildes  this will automatically produce your username and the date Also please do your best to always fill in the edit summary field Below are some useful links to facilitate your involvement <SPLIT> Happy editing    <SPLIT>  <SPLIT>  width100 stylebackgroundcolor <SPLIT> stylewidth 50 border0 backgroundcolor verticalaligntop <SPLIT>  width100 cellpadding2 styleverticalaligntop backgroundcolor <SPLIT>  <SPLIT>  Getting started <SPLIT>  <SPLIT> stylecolor000 <SPLIT>  Introduction <SPLIT>  The five pillars of Wikipedia <SPLIT>  How to edit a page <SPLIT>  <SPLIT>  Finding your way around <SPLIT>  <SPLIT>  stylecolor000 <SPLIT>  Table of contents <SPLIT>  Department directory <SPLIT>  <SPLIT>  Editing articles <SPLIT>  <SPLIT>  stylecolor000 <SPLIT>  How to develop an article <SPLIT>  Manual of Style <SPLIT>  <SPLIT>  <SPLIT> stylewidth 50 border0 backgroundcolor verticalaligntop <SPLIT>  width100 cellpadding2 styleverticalaligntop backgroundcolor","width100 stylebackgroundtransparent <SPLIT>  width100 stylebackgroundcolor <SPLIT> stylewidth 50 border1px solid  backgroundcolor verticalaligntop <SPLIT>  width100 cellpadding2 styleverticalaligntop backgroundcolor <SPLIT>  Hello 24189107214  You are welcome to continue editing articles without logging in but you may wish to  create an account Doing so is free requires no personal information and provides several benefits If you edit without a username your IP address  is used to identify you instead <SPLIT> In any case I hope you enjoy editing here and being a Wikipedian  Please remember to sign your name on talk pages by clicking  or using four tildes  this will automatically produce your username and the date Also please do your best to always fill in the edit summary field Below are some useful links to facilitate your involvement <SPLIT> Happy editing    <SPLIT>  <SPLIT>  width100 stylebackgroundcolor <SPLIT> stylewidth 50 border0 backgroundcolor verticalaligntop <SPLIT>  width100 cellpadding2 styleverticalaligntop backgroundcolor <SPLIT>  <SPLIT>  Getting started <SPLIT>  <SPLIT> stylecolor000 <SPLIT>  Introduction <SPLIT>  The five pillars of Wikipedia <SPLIT>  How to edit a page <SPLIT>  <SPLIT>  Finding your way around <SPLIT>  <SPLIT>  stylecolor000 <SPLIT>  Table of contents <SPLIT>  Department directory <SPLIT>  <SPLIT>  Editing articles <SPLIT>  <SPLIT>  stylecolor000 <SPLIT>  How to develop an article <SPLIT>  Manual of Style <SPLIT>  <SPLIT>  <SPLIT> stylewidth 50 border0 backgroundcolor verticalaligntop <SPLIT>  width100 cellpadding2 styleverticalaligntop backgroundcolor",0.0002759099006652832,0.0002759099006652832,0,0,0,1,"Failed"
"the gregidos family says hello","the gregidos family says hello",0.0013179183006286621,0.0013179183006286621,0,0,0,1,"Failed"
"Since you clearly are not here to do anything other than promote your cause and have no interest in contributing constructively I have blocked your account","Since you clearly are not here to do anything other than promote your cause and have no interest in contributing constructively I have blocked your account",0.021785259246826172,0.021785259246826172,0,0,0,1,"Failed"
"Disputed fair use rationale for ImageCarryOnConstablejpg <SPLIT> Thanks for uploading ImageCarryOnConstablejpg However there is a concern that the rationale you have provided for using this image under fair use may be invalid Please read the instructions at WikipediaNonfree content carefully then go to the image description page and clarify why you think the image qualifies for fair use Using one of the templates at WikipediaFair use rationale guideline is an easy way to ensure that your image is in compliance with Wikipedia policy but remember that you must complete the template Do not simply insert a blank template on an image page <SPLIT><SPLIT> If it is determined that the image does not qualify under fair use it will be deleted within a couple of days according to our criteria for speedy deletion If you have any questions please ask them at the media copyright questions page Thank you    <SPLIT> Disputed fair use rationale for ImageCarryOnAtYourConveniencejpg <SPLIT> Thanks for uploading ImageCarryOnAtYourConveniencejpg However there is a concern that the rationale you have provided for using this image under fair use may be invalid Please read the instructions at WikipediaNonfree content carefully then go to the image description page and clarify why you think the image qualifies for fair use Using one of the templates at WikipediaFair use rationale guideline is an easy way to ensure that your image is in compliance with Wikipedia policy but remember that you must complete the template Do not simply insert a blank template on an image page <SPLIT><SPLIT> If it is determined that the image does not qualify under fair use it will be deleted within a couple of days according to our criteria for speedy deletion If you have any questions please ask them at the media copyright questions page Thank you    <SPLIT><SPLIT> Please note that source info has to include who the copyright holder is not just the website the image was taken from Thanks","Disputed fair use rationale for ImageCarryOnConstablejpg <SPLIT> Thanks for uploading ImageCarryOnConstablejpg However there is a concern that the rationale you have provided for using this image under fair use may be invalid Please read the instructions at WikipediaNonfree content carefully then go to the image description page and clarify why you think the image qualifies for fair use Using one of the templates at WikipediaFair use rationale guideline is an easy way to ensure that your image is in compliance with Wikipedia policy but remember that you must complete the template Do not simply insert a blank template on an image page <SPLIT><SPLIT> If it is determined that the image does not qualify under fair use it will be deleted within a couple of days according to our criteria for speedy deletion If you have any questions please ask them at the media copyright questions page Thank you    <SPLIT> Disputed fair use rationale for ImageCarryOnAtYourConveniencejpg <SPLIT> Thanks for uploading ImageCarryOnAtYourConveniencejpg However there is a concern that the rationale you have provided for using this image under fair use may be invalid Please read the instructions at WikipediaNonfree content carefully then go to the image description page and clarify why you think the image qualifies for fair use Using one of the templates at WikipediaFair use rationale guideline is an easy way to ensure that your image is in compliance with Wikipedia policy but remember that you must complete the template Do not simply insert a blank template on an image page <SPLIT><SPLIT> If it is determined that the image does not qualify under fair use it will be deleted within a couple of days according to our criteria for speedy deletion If you have any questions please ask them at the media copyright questions page Thank you    <SPLIT><SPLIT> Please note that source info has to include who the copyright holder is not just the website the image was taken from Thanks",0.00023871660232543945,0.00023871660232543945,0,0,0,1,"Failed"
"killing the animals in the world around us","killing the animals in the world around us",0.6387341022491455,0.6387341022491455,1,1,0,1,"Skipped"
"Binary prefixes  <SPLIT><SPLIT> Recently changes have been made to this article to use binary prefixes KiB MiB kibibyte mebibyte etc The majority of reliable sources for this article do not use binary prefixes If you have any thoughtsopinions then this specific topic is being discussed on the following talk page Manual of Style dates and numbers in the sections to do with binary prefixes","Binary prefixes  <SPLIT><SPLIT> Recently changes have been made to this article to use binary prefixes KiB MiB kibibyte mebibyte etc The majority of reliable sources for this article do not use binary prefixes If you have any thoughtsopinions then this specific topic is being discussed on the following talk page Manual of Style dates and numbers in the sections to do with binary prefixes",0.0002142786979675293,0.0002142786979675293,0,0,0,1,"Failed"
"Refactoring <SPLIT> I wrote a comment  Then I wrote another comment as a reply to my own comment  Then you inserted your comment in between  I refactored your reply so that it would be in chronological order after my own reply  You reverted  I dont like what you did  My two comments were as close together as two comments can be  What right have you to come along and jam something in between  Especially when my reply specifically addressed all the matters that your comment asked about  Are you just trying to make me look bad or stupid or something   <SPLIT>  You posted SEVEN times to the same section in 30 minutes while making two separate comments Do you not understand the effect that has in edit conflicting any other editor who wishes to reply to your comment or are you so uninterested in what others have to say that you dont care My reply was to your first comment signed and dated 2357 21 March 2011 It was edit conflicted twice by you and I do not appreciate you deciding it should be placed after your second comment 0024 22 March 2011 to which it was not directed Cut down on your rate of posting or just use the preview button and you wont inconvenience other editors so much","Refactoring <SPLIT> I wrote a comment  Then I wrote another comment as a reply to my own comment  Then you inserted your comment in between  I refactored your reply so that it would be in chronological order after my own reply  You reverted  I dont like what you did  My two comments were as close together as two comments can be  What right have you to come along and jam something in between  Especially when my reply specifically addressed all the matters that your comment asked about  Are you just trying to make me look bad or stupid or something   <SPLIT>  You posted SEVEN times to the same section in 30 minutes while making two separate comments Do you not understand the effect that has in edit conflicting any other editor who wishes to reply to your comment or are you so uninterested in what others have to say that you dont care My reply was to your first comment signed and dated 2357 21 March 2011 It was edit conflicted twice by you and I do not appreciate you deciding it should be placed after your second comment 0024 22 March 2011 to which it was not directed Cut down on your rate of posting or just use the preview button and you wont inconvenience other editors so much",0.05197882652282715,0.05197882652282715,0,0,0,1,"Failed"
"user wasnt deemed a sock you might consider removing","user wasnt deemed a sock you might consider removing",0.006755173206329346,0.006755173206329346,0,0,0,1,"Failed"
"Do we really have to go through the There is no extemporaneous evidence for most events in ancient history or for most ancient people speech again Because you know weve done this before there is not a shred of logic in requiring contemporaneous evidence for anything to be able to say that something existed this argument is as dead as a doornail I dont care how many people say we need this evidence to say things existed so far we dont have a shred of evidence here yet that any historians have ever even set such a standard I have yet to see anything out of Harvard or Oxford or someplace that sets such preposterously high standards for anything","Do we really have to go through the There is no extemporaneous evidence for most events in ancient history or for most ancient people speech again Because you know weve done this before there is not a shred of logic in requiring contemporaneous evidence for anything to be able to say that something existed this argument is as dead as a doornail I dont care how many people say we need this evidence to say things existed so far we dont have a shred of evidence here yet that any historians have ever even set such a standard I have yet to see anything out of Harvard or Oxford or someplace that sets such preposterously high standards for anything",0.002929091453552246,0.002929091453552246,0,0,0,1,"Failed"
"Middle power and Great power are 2 articles in the ridiculous like the propaganda that is behind them","Middle power and Great power are 2 articles in the ridiculous like the propaganda that is behind them",0.30029064416885376,0.30029064416885376,0,0,0,1,"Failed"
"because it seems you are objecting me changing any date","because it seems you are objecting me changing any date",0.0016397833824157715,0.0016397833824157715,0,0,0,1,"Failed"
"CLARITY Check my Edit History since I have an account  Nothing on here or on other pages have been removed by me  You can also check my IP Address for the same history as nothing was infringed by me  This has been the BIGGEST waste of time","CLARITY Check my Edit History since I have an account  Nothing on here or on other pages have been removed by me  You can also check my IP Address for the same history as nothing was infringed by me  This has been the BIGGEST waste of time",0.004988312721252441,0.004988312721252441,0,0,0,1,"Failed"
"You know you truely are a selfrighteous asshole","You know you truely are a selfrighteous asshole",0.0015715360641479492,0.0015715360641479492,1,1,1,1,"Failed"
"Your English is terrible I hope you do better in your Maths","Your English is terrible I hope you do better in your Maths",0.13358521461486816,0.13358521461486816,0,0,0,1,"Failed"
"Weapon infoboxes conversion done  <SPLIT><SPLIT> Overall time just under 1h30 AWB and Excel rule","Weapon infoboxes conversion done  <SPLIT><SPLIT> Overall time just under 1h30 AWB and Excel rule",0.00032651424407958984,0.00032651424407958984,0,0,0,1,"Failed"
"hogwarts  <SPLIT> i think you all should die","hogwarts  <SPLIT> i think you all should die",0.07594674825668335,0.07594674825668335,1,1,1,1,"Failed"
"Done Thank you Im rather new at this though and it seems that I have to further request a copypaste of the articles history","Done Thank you Im rather new at this though and it seems that I have to further request a copypaste of the articles history",0.00017142295837402344,0.00017142295837402344,0,0,0,1,"Failed"
"it should be noted that finding the URL for this image seems all but impossible","it should be noted that finding the URL for this image seems all but impossible",0.00023442506790161133,0.00023442506790161133,0,0,0,1,"Failed"
"Citations <SPLIT> The article has References and Notes but needs inline citations to meet Wiki standards btw that may help resolve some of the above discussion","Citations <SPLIT> The article has References and Notes but needs inline citations to meet Wiki standards btw that may help resolve some of the above discussion",0.0001913905143737793,0.0001913905143737793,0,0,0,1,"Failed"
"HOW is it not neutral You sir are immoral Also many times prostitutes ARE slaves so save your breath pervert","HOW is it not neutral You sir are immoral Also many times prostitutes ARE slaves so save your breath pervert",0.8385000228881836,0.8385000228881836,1,1,0,1,"Skipped"
"Wellington Phoenix Participation <SPLIT> Ive seen inconsistent references to say whether they are or are not participating in the FFA Cup  Does anyone have anything conclusive from the FFA","Wellington Phoenix Participation <SPLIT> Ive seen inconsistent references to say whether they are or are not participating in the FFA Cup  Does anyone have anything conclusive from the FFA",0.00020831823348999023,0.00020831823348999023,0,0,0,1,"Failed"
"bitch shut the fuck up","bitch shut the fuck up",0.0008388757705688477,0.0008388757705688477,1,1,1,1,"Failed"
"In honor of your service as a Milhist coordinator <SPLIT>  styleborder 1px solid gray backgroundcolor fdffe7 <SPLIT> rowspan2 valignmiddle   <SPLIT> rowspan2  <SPLIT> stylefontsize xlarge padding 0 verticalalign middle height 11em  The WikiProject Barnstar <SPLIT>  <SPLIT> styleverticalalign middle bordertop 1px solid gray  In honor of your service as coordinator for the Military History Project from September 2011 to September 2012 I hereby award you this WikiProject Barnstar  Dank","In honor of your service as a Milhist coordinator <SPLIT>  styleborder 1px solid gray backgroundcolor fdffe7 <SPLIT> rowspan2 valignmiddle   <SPLIT> rowspan2  <SPLIT> stylefontsize xlarge padding 0 verticalalign middle height 11em  The WikiProject Barnstar <SPLIT>  <SPLIT> styleverticalalign middle bordertop 1px solid gray  In honor of your service as coordinator for the Military History Project from September 2011 to September 2012 I hereby award you this WikiProject Barnstar  Dank",0.004407107830047607,0.004407107830047607,0,0,0,1,"Failed"
"Newsletter delivery by   <SPLIT><SPLIT>  Reverts  <SPLIT><SPLIT> I have noticed you customarily revert unsourced edits Why not apply judgement and put a  Citation needed  template whenever possible I refer you to WikipediaVerifiability <SPLIT> thankyou and keep on the good work    <SPLIT> I disagree with this sentiment The onus is the one inserting the content to provide an adequate source Mr Wales even said content that is not sourced should be removed with prejudice You are doing a fine job Sesu   <SPLIT> Mr Wales and Sesu why have you retored on Artichokers page and not here  <SPLIT><SPLIT> Anyways I wasnt critisizing that particular revert but the custom of reverting by default It is according to Wikis guideliness on such instances non defamatory non POV to be cordial note that a source is missing and then allow enough time to source Peace    <SPLIT> He was referring to Jimbo Wales founder and allaround head honcho of Wikipedia And I didnt respond here because I never do I always respond on others talk pages <SPLIT> I revert a lot of vandalism test edits POV unsourced statements and the like Its not my responsibility to hold the hand of every new user who adds uncited material to articles I almost always place a notice the talk page of users that I revert the edits of to clarify exactly why their edit was removed These notices have key words wikilinked that will help the user find out exactly how to make more appropriate edits in the future And besides the edit of yours that I reverted was to a BLP which have much stricter policies than other articles   <SPLIT> As to Its not my responsibility to hold the hand of every new user who adds uncited material to articles I fail to see the relevance  <SPLIT><SPLIT> I have reread the appropriate parts of BLP I advice you to do the same and I quote Contentious material about living persons that is unsourced or poorly sourcedwhether the material is negative positive or just questionableshould be removed immediately and without waiting for discussion and Remove any unsourced material to which a good faith editor objects I havent reviewed your reverts but by way of example to the Miyamoto one  was the content contentious libelious non factual did you find the edit objectionable probably not then why revert for lack of sources then request one or leave it be    <SPLIT> Look when someone adds unsourced information to an article I revert it   <SPLIT><SPLIT> Greetings <SPLIT> I just wanted to say hi and to thank you for doing such great work on the Metroid Other M article so keep up the good work and have a nice day I also feel like pointing out that you have great taste in games    <SPLIT><SPLIT>  GI  <SPLIT><SPLIT> So you have Game Informer For how long   <SPLIT> I do not remember the issue but it was about the worstdressed video game characters I read it months ago and was disappointed to not be able to find it online I can only remember it being after mid2003 but before 2008 Sorry   <SPLIT> I tried to narrow down the issues for you but its possible it is outside of that range However it should be sometime after FZero GXs release Regards   <SPLIT> A scan please with the appropriate parameters filled out from TemplateCitationCiting journals newspapers magazines or other periodicals Thanks for your effort   <SPLIT> Find someway to get it online thats usually the easiest way Like if you hav","Newsletter delivery by   <SPLIT><SPLIT>  Reverts  <SPLIT><SPLIT> I have noticed you customarily revert unsourced edits Why not apply judgement and put a  Citation needed  template whenever possible I refer you to WikipediaVerifiability <SPLIT> thankyou and keep on the good work    <SPLIT> I disagree with this sentiment The onus is the one inserting the content to provide an adequate source Mr Wales even said content that is not sourced should be removed with prejudice You are doing a fine job Sesu   <SPLIT> Mr Wales and Sesu why have you retored on Artichokers page and not here  <SPLIT><SPLIT> Anyways I wasnt critisizing that particular revert but the custom of reverting by default It is according to Wikis guideliness on such instances non defamatory non POV to be cordial note that a source is missing and then allow enough time to source Peace    <SPLIT> He was referring to Jimbo Wales founder and allaround head honcho of Wikipedia And I didnt respond here because I never do I always respond on others talk pages <SPLIT> I revert a lot of vandalism test edits POV unsourced statements and the like Its not my responsibility to hold the hand of every new user who adds uncited material to articles I almost always place a notice the talk page of users that I revert the edits of to clarify exactly why their edit was removed These notices have key words wikilinked that will help the user find out exactly how to make more appropriate edits in the future And besides the edit of yours that I reverted was to a BLP which have much stricter policies than other articles   <SPLIT> As to Its not my responsibility to hold the hand of every new user who adds uncited material to articles I fail to see the relevance  <SPLIT><SPLIT> I have reread the appropriate parts of BLP I advice you to do the same and I quote Contentious material about living persons that is unsourced or poorly sourcedwhether the material is negative positive or just questionableshould be removed immediately and without waiting for discussion and Remove any unsourced material to which a good faith editor objects I havent reviewed your reverts but by way of example to the Miyamoto one  was the content contentious libelious non factual did you find the edit objectionable probably not then why revert for lack of sources then request one or leave it be    <SPLIT> Look when someone adds unsourced information to an article I revert it   <SPLIT><SPLIT> Greetings <SPLIT> I just wanted to say hi and to thank you for doing such great work on the Metroid Other M article so keep up the good work and have a nice day I also feel like pointing out that you have great taste in games    <SPLIT><SPLIT>  GI  <SPLIT><SPLIT> So you have Game Informer For how long   <SPLIT> I do not remember the issue but it was about the worstdressed video game characters I read it months ago and was disappointed to not be able to find it online I can only remember it being after mid2003 but before 2008 Sorry   <SPLIT> I tried to narrow down the issues for you but its possible it is outside of that range However it should be sometime after FZero GXs release Regards   <SPLIT> A scan please with the appropriate parameters filled out from TemplateCitationCiting journals newspapers magazines or other periodicals Thanks for your effort   <SPLIT> Find someway to get it online thats usually the easiest way Like if you hav",0.0007154345512390137,0.0007154345512390137,0,0,0,1,"Failed"
"This entry is ridiculous microaggression is just another tool invented by white racepanderers for use by minority racehustlers In a nutshell microaggression says to socalled people of color that any racial slight you can dream up is real and worthy of reparations","This entry is ridiculous microaggression is just another tool invented by white racepanderers for use by minority racehustlers In a nutshell microaggression says to socalled people of color that any racial slight you can dream up is real and worthy of reparations",0.7259503602981567,0.7259503602981567,0,0,1,1,"Skipped"
"I went ahead and changed to comedic actor","I went ahead and changed to comedic actor",0.0003056526184082031,0.0003056526184082031,0,0,0,1,"Failed"
"Thanks for your comment regarding Wisconsin articles Youre right a WisconsinMilwaukee Wikiproject is in order someday I created the Milwaukee article many moons ago so I have tried to stay with it somewhat It was more of a shell or list but prior to that all the page talked about was beer and partying  I have seen your editing at the Milwaukee article hope you can continue in between your other contributions Keep up the good work   <SPLIT> Wow I hadnt done enough research into your contributions  I see you took about a three year wikibreak from midOctober 2002 until midMay of 2005  Well welcome back","Thanks for your comment regarding Wisconsin articles Youre right a WisconsinMilwaukee Wikiproject is in order someday I created the Milwaukee article many moons ago so I have tried to stay with it somewhat It was more of a shell or list but prior to that all the page talked about was beer and partying  I have seen your editing at the Milwaukee article hope you can continue in between your other contributions Keep up the good work   <SPLIT> Wow I hadnt done enough research into your contributions  I see you took about a three year wikibreak from midOctober 2002 until midMay of 2005  Well welcome back",0.0003057718276977539,0.0003057718276977539,0,0,0,1,"Failed"
"hiya  <SPLIT><SPLIT> hey aussie fag how would you like to suck my dick better yet eat shit and die motherfukka <SPLIT><SPLIT> blow me motherfaggot","hiya  <SPLIT><SPLIT> hey aussie fag how would you like to suck my dick better yet eat shit and die motherfukka <SPLIT><SPLIT> blow me motherfaggot",0.0008066296577453613,0.0008066296577453613,1,1,1,1,"Failed"
"How do you feel about the contributors to this issues section I dont really think we need it because the current one has all these contributors but some have just done minor edits and other newsletters that I know of dont have this","How do you feel about the contributors to this issues section I dont really think we need it because the current one has all these contributors but some have just done minor edits and other newsletters that I know of dont have this",0.0002561211585998535,0.0002561211585998535,0,0,0,1,"Failed"
"It improves the article because leaving out the political affiliation of The Young Turks violates NPOV and probably UNDUE by implying that it is nonpartisanindependent when it isnt It should also be pointed out that the media company that carries TYT has itself listed the company as progressive And this isnt even including the fact that it passes the Wikipedia verifiability and reliability tests I should also point out that in reverting not just this edit but all my other edits it appears you are engaging in wikihounding so I would strongly advise against this practice in the future","It improves the article because leaving out the political affiliation of The Young Turks violates NPOV and probably UNDUE by implying that it is nonpartisanindependent when it isnt It should also be pointed out that the media company that carries TYT has itself listed the company as progressive And this isnt even including the fact that it passes the Wikipedia verifiability and reliability tests I should also point out that in reverting not just this edit but all my other edits it appears you are engaging in wikihounding so I would strongly advise against this practice in the future",0.0004081130027770996,0.0004081130027770996,0,0,0,1,"Failed"
"wank piss never eat the flowers they want you to be a monkey sniper in the new world order","wank piss never eat the flowers they want you to be a monkey sniper in the new world order",0.8373115658760071,0.8373115658760071,1,1,0,1,"Skipped"
"signed by tildas  <SPLIT><SPLIT> dirty jews will not give me authorship of a wiki article 1 2 3  4  DIRTY JEW  4321","signed by tildas  <SPLIT><SPLIT> dirty jews will not give me authorship of a wiki article 1 2 3  4  DIRTY JEW  4321",0.6758331656455994,0.6758331656455994,1,1,0,1,"Skipped"
"The Doctors age  <SPLIT> I havent edited the main page to reflect the following observation as I dont have a copy of Vampire Science to hand I recall that in Orman and Blums book the Doctor gives his age as 3  ie the lifespan of his eighth incarnation so far In the same conversation he gives the 1012 figure by adding up the lifespans of all his incarnations <SPLIT> Applying the same rule 900 years could be the lifespan of the Ninth Doctor only making him well over 2000 if we consider the books canon","The Doctors age  <SPLIT> I havent edited the main page to reflect the following observation as I dont have a copy of Vampire Science to hand I recall that in Orman and Blums book the Doctor gives his age as 3  ie the lifespan of his eighth incarnation so far In the same conversation he gives the 1012 figure by adding up the lifespans of all his incarnations <SPLIT> Applying the same rule 900 years could be the lifespan of the Ninth Doctor only making him well over 2000 if we consider the books canon",0.00022679567337036133,0.00022679567337036133,0,0,0,1,"Failed"
"Cystathionine BetaSynthase Deficiency <SPLIT> Connection with dementia and other neurodegenerative diseases <SPLIT><SPLIT>  Homocystinuria Caused by Cystathionine BetaSynthase Deficiency by Jonathan D Picker MBChB PhD Harvey L Levy MD  <SPLIT><SPLIT> Characteristics <SPLIT> developmental delaymental retardation <SPLIT> ectopia lentis andor severe myopia by age 8 <SPLIT> skeletal abnormalities excessive height and length of the limbs ie may look like Marfans syndrome prone to osteoporosis <SPLIT> thromboembolism major cause of early death and morbidity <SPLIT> Other features that may occur <SPLIT> seizures <SPLIT> psychiatric problems <SPLIT> extrapyramidal signs such as dystonia <SPLIT> hypopigmentation <SPLIT> pancreatitis <SPLIT> malar flush <SPLIT> livedo reticularis <SPLIT> Two phenotypic variants recognized <SPLIT> B6nonresponsive homocystinuria <SPLIT> B6responsive homocystinuria typically milder expression <SPLIT><SPLIT> just holding this here until someone can incorporate relevant bits","Cystathionine BetaSynthase Deficiency <SPLIT> Connection with dementia and other neurodegenerative diseases <SPLIT><SPLIT>  Homocystinuria Caused by Cystathionine BetaSynthase Deficiency by Jonathan D Picker MBChB PhD Harvey L Levy MD  <SPLIT><SPLIT> Characteristics <SPLIT> developmental delaymental retardation <SPLIT> ectopia lentis andor severe myopia by age 8 <SPLIT> skeletal abnormalities excessive height and length of the limbs ie may look like Marfans syndrome prone to osteoporosis <SPLIT> thromboembolism major cause of early death and morbidity <SPLIT> Other features that may occur <SPLIT> seizures <SPLIT> psychiatric problems <SPLIT> extrapyramidal signs such as dystonia <SPLIT> hypopigmentation <SPLIT> pancreatitis <SPLIT> malar flush <SPLIT> livedo reticularis <SPLIT> Two phenotypic variants recognized <SPLIT> B6nonresponsive homocystinuria <SPLIT> B6responsive homocystinuria typically milder expression <SPLIT><SPLIT> just holding this here until someone can incorporate relevant bits",0.011553168296813965,0.011553168296813965,0,0,0,1,"Failed"
"to starrbux luv twister  <SPLIT><SPLIT> Hey whats up its me agian I just wnat ot tell you to read the avilatr user page I added stuff to it and i need to know your pass word so that i can add to your user page to  anyway if you want to write me back ok and dude goofy is dating aslyon now it kinda sux now we cant flurt with him and more it is kinda boges but  ya dude I dont want to go home my stemom is a lozer and I dont wantt to even see her at all today I really did miss you guys on monday because I had no one to hang out with exceptthe stupid gangs like Josh wrights gang really was reatated then i had to hang out with Goofys gang and they were ok until they started to act like they were going to shank everyone and then i had to stand there and wait until the stupid bell rang so that i van get out of there then had to go to Mrs Keysers class and that is were I am now it kinda of sucks but at least I get to write to you and I get to do anything that i want to without getting into any trouble for going on the internet and Goofy told me that the stupid field trip sucks abd that I got him here to talk to and that he wants to have fun in band today then i had to ruin it by telling him that we didnt have band today that we had it tommorow and that Kelsey Ray would be there hes all like that is my sweetie and that was alll he told me then he left because he had to go to his other class and that he would see me at lunch time and in band tommorow SO then when i was in the lunch line hes all like you like meat dont you I was all like ya but not that kindaof meat you sick o and hes alll like ya right you lyer and i was  like you are sick And then i was getting the kectup and hes all like you like that slimmy stuff and I was ll like u are just s sick minded person and then I walked away and hes all like come back wit my kectup i was like come get it your self But ya nayways I guess that i am going to go now Luv u like a sis and i alwyas will no matter what anyone says ok cya love ya alot Twister aka journeys","to starrbux luv twister  <SPLIT><SPLIT> Hey whats up its me agian I just wnat ot tell you to read the avilatr user page I added stuff to it and i need to know your pass word so that i can add to your user page to  anyway if you want to write me back ok and dude goofy is dating aslyon now it kinda sux now we cant flurt with him and more it is kinda boges but  ya dude I dont want to go home my stemom is a lozer and I dont wantt to even see her at all today I really did miss you guys on monday because I had no one to hang out with exceptthe stupid gangs like Josh wrights gang really was reatated then i had to hang out with Goofys gang and they were ok until they started to act like they were going to shank everyone and then i had to stand there and wait until the stupid bell rang so that i van get out of there then had to go to Mrs Keysers class and that is were I am now it kinda of sucks but at least I get to write to you and I get to do anything that i want to without getting into any trouble for going on the internet and Goofy told me that the stupid field trip sucks abd that I got him here to talk to and that he wants to have fun in band today then i had to ruin it by telling him that we didnt have band today that we had it tommorow and that Kelsey Ray would be there hes all like that is my sweetie and that was alll he told me then he left because he had to go to his other class and that he would see me at lunch time and in band tommorow SO then when i was in the lunch line hes all like you like meat dont you I was all like ya but not that kindaof meat you sick o and hes alll like ya right you lyer and i was  like you are sick And then i was getting the kectup and hes all like you like that slimmy stuff and I was ll like u are just s sick minded person and then I walked away and hes all like come back wit my kectup i was like come get it your self But ya nayways I guess that i am going to go now Luv u like a sis and i alwyas will no matter what anyone says ok cya love ya alot Twister aka journeys",0.6096090078353882,0.6096090078353882,1,1,0,1,"Skipped"
"what is a correct name","what is a correct name",0.0007985234260559082,0.0007985234260559082,0,0,0,1,"Failed"
"Currently there is no indication though based on what they have done it will be unlikely that they will compete under their flag  Whether they can compete under the Olympic Flag will be discussed in the IOC meeting in late May","Currently there is no indication though based on what they have done it will be unlikely that they will compete under their flag  Whether they can compete under the Olympic Flag will be discussed in the IOC meeting in late May",0.0001710653305053711,0.0001710653305053711,0,0,0,1,"Failed"
"WikipediaAdministrators noticeboard discussion notice  <SPLIT><SPLIT> A discussion about your edits can be found at WikipediaAdministrators noticeboardRich Farmbrough violating editing restriction","WikipediaAdministrators noticeboard discussion notice  <SPLIT><SPLIT> A discussion about your edits can be found at WikipediaAdministrators noticeboardRich Farmbrough violating editing restriction",0.0002759099006652832,0.0002759099006652832,0,0,0,1,"Failed"
"Peter Wanje was born in May 19th 1987 in Ganga Village Rabai Location Coast Province He went to school at Isaac Nyondo Primary School from 1994 to 2002 and then joined Ribe Boys High School from 2003 to 2006","Peter Wanje was born in May 19th 1987 in Ganga Village Rabai Location Coast Province He went to school at Isaac Nyondo Primary School from 1994 to 2002 and then joined Ribe Boys High School from 2003 to 2006",0.0003300905227661133,0.0003300905227661133,0,0,0,1,"Failed"
"Patience Ozokwor  <SPLIT><SPLIT> Hi Darreg the Patience Ozokwor article needs work An actress of her caliber shouldnt have a mediocre article on Wikipedia","Patience Ozokwor  <SPLIT><SPLIT> Hi Darreg the Patience Ozokwor article needs work An actress of her caliber shouldnt have a mediocre article on Wikipedia",0.0017614364624023438,0.0017614364624023438,0,0,0,1,"Failed"
"Location <SPLIT> I realize my memory may be playing tricks but I thought it was set in the Alps near the border with Italy  This French article seems to confirm this   The dog was a Pyrenean mountain dog but that does not mean it was set in the Pyrenees","Location <SPLIT> I realize my memory may be playing tricks but I thought it was set in the Alps near the border with Italy  This French article seems to confirm this   The dog was a Pyrenean mountain dog but that does not mean it was set in the Pyrenees",0.00032651424407958984,0.00032651424407958984,0,0,0,1,"Failed"
"It doesnt appear to also be known as POS so Im unlisting it I have comment on the notability though","It doesnt appear to also be known as POS so Im unlisting it I have comment on the notability though",0.0006740093231201172,0.0006740093231201172,0,0,0,1,"Failed"
"Cosby was already starting to slip in 8889 when Lisa Bonet left and shows like Roseanne were debuting I figure The Simpsons VS The Cosby Show was mostly hype","Cosby was already starting to slip in 8889 when Lisa Bonet left and shows like Roseanne were debuting I figure The Simpsons VS The Cosby Show was mostly hype",0.000558316707611084,0.000558316707611084,0,0,0,1,"Failed"
"Normally they just blank the entire page","Normally they just blank the entire page",0.0006753206253051758,0.0006753206253051758,0,0,0,1,"Failed"
"Please stop your disruptive editing If you continue to vandalize Wikipedia  you will be blocked from editing","Please stop your disruptive editing If you continue to vandalize Wikipedia  you will be blocked from editing",0.0003432035446166992,0.0003432035446166992,0,0,0,1,"Failed"
"bite me bitch  <SPLIT> wikipedia sucks ass","bite me bitch  <SPLIT> wikipedia sucks ass",0.0008348226547241211,0.0008348226547241211,1,1,1,1,"Failed"
"I noticed the new Seventeen warning recently not just for Eureka but for other shows Its doubtful that Eureka prompted this because there have been shows more violent before it such as Full Metal Alchemist and Cowboy Bebop to name a few also Evangelion seems to be more violent although it is more surreal than other shows","I noticed the new Seventeen warning recently not just for Eureka but for other shows Its doubtful that Eureka prompted this because there have been shows more violent before it such as Full Metal Alchemist and Cowboy Bebop to name a few also Evangelion seems to be more violent although it is more surreal than other shows",0.0004233717918395996,0.0004233717918395996,0,0,0,1,"Failed"
"Penis enlargement  <SPLIT><SPLIT> Please do not add nonsense to Wikipedia It is considered vandalism If you would like to experiment use the sandbox Thank you","Penis enlargement  <SPLIT><SPLIT> Please do not add nonsense to Wikipedia It is considered vandalism If you would like to experiment use the sandbox Thank you",0.6344512701034546,0.6344512701034546,1,1,0,1,"Skipped"
"Cloverfield  <SPLIT><SPLIT> There is no verifiable proof that any website beyond 11808com is directly related to the project  Also please do not mark your edits as minor it implies that you are trying to hide something when you restore false information under false pretenses","Cloverfield  <SPLIT><SPLIT> There is no verifiable proof that any website beyond 11808com is directly related to the project  Also please do not mark your edits as minor it implies that you are trying to hide something when you restore false information under false pretenses",0.00045114755630493164,0.00045114755630493164,0,0,0,1,"Failed"
"Welcome <SPLIT><SPLIT> Hello  and welcome to Wikipedia Thank you for your contributions I hope you like the place and decide to stay Here are a few good links for newcomers <SPLIT> The five pillars of Wikipedia <SPLIT> How to edit a page <SPLIT> Help pages <SPLIT> Tutorial <SPLIT> How to write a great article <SPLIT> Manual of Style <SPLIT> I hope you enjoy editing here and being a Wikipedian Please sign your name on talk pages using four tildes  this will automatically produce your name and the date If you need help check out WikipediaWhere to ask a question ask me on my talk page or place helpme on your talk page and someone will show up shortly to answer your questions Again welcome    <SPLIT><SPLIT> Raintreepark <SPLIT> Raintreepark has been proposed for deletion  An editor felt the subject might not be notable enough for an article  Please see WPN for relevant concerns  It also appears to be about something in the future  Please see WPNOT for why future events are rarely appropriate for encyclopedia articles  If you can improve the article to address these concerns please do so <SPLIT><SPLIT> If no one objects to the deletion within five days by removing the prod notice the article may be deleted without further discussion","Welcome <SPLIT><SPLIT> Hello  and welcome to Wikipedia Thank you for your contributions I hope you like the place and decide to stay Here are a few good links for newcomers <SPLIT> The five pillars of Wikipedia <SPLIT> How to edit a page <SPLIT> Help pages <SPLIT> Tutorial <SPLIT> How to write a great article <SPLIT> Manual of Style <SPLIT> I hope you enjoy editing here and being a Wikipedian Please sign your name on talk pages using four tildes  this will automatically produce your name and the date If you need help check out WikipediaWhere to ask a question ask me on my talk page or place helpme on your talk page and someone will show up shortly to answer your questions Again welcome    <SPLIT><SPLIT> Raintreepark <SPLIT> Raintreepark has been proposed for deletion  An editor felt the subject might not be notable enough for an article  Please see WPN for relevant concerns  It also appears to be about something in the future  Please see WPNOT for why future events are rarely appropriate for encyclopedia articles  If you can improve the article to address these concerns please do so <SPLIT><SPLIT> If no one objects to the deletion within five days by removing the prod notice the article may be deleted without further discussion",0.0002232193946838379,0.0002232193946838379,0,0,0,1,"Failed"
"NO WAY  <SPLIT><SPLIT> Are you joking Yes Regurgitation should be put in the vomiting article but it should not be considered a form of vomiting","NO WAY  <SPLIT><SPLIT> Are you joking Yes Regurgitation should be put in the vomiting article but it should not be considered a form of vomiting",0.00983285903930664,0.00983285903930664,0,0,0,1,"Failed"
"REDIRECT TalkWollert Konow merchant","REDIRECT TalkWollert Konow merchant",0.0014339089393615723,0.0014339089393615723,0,0,0,1,"Failed"
"REDIRECT TalkPower Play Dutch TV series","REDIRECT TalkPower Play Dutch TV series",0.00038737058639526367,0.00038737058639526367,0,0,0,1,"Failed"
"Here is the only wikipedia image I see of a male lion facing the other way ImageLion sexjpg","Here is the only wikipedia image I see of a male lion facing the other way ImageLion sexjpg",0.0142669677734375,0.0142669677734375,0,0,0,1,"Failed"
"Hello Larry unless you can advise of any additional changes I am happy with the existing text I suggested being added to the education section","Hello Larry unless you can advise of any additional changes I am happy with the existing text I suggested being added to the education section",0.00017070770263671875,0.00017070770263671875,0,0,0,1,"Failed"
"We are Christian so we beleive that all gays should die Exspecially Derik Walters McDaniel","We are Christian so we beleive that all gays should die Exspecially Derik Walters McDaniel",0.08912909030914307,0.08912909030914307,1,1,1,1,"Failed"
"Actually Shuki the douchebags are the ones who dont contribute anything other than noticeboard and enforcement requests So I wont be joining them And I dont loathe them I am only amused by them","Actually Shuki the douchebags are the ones who dont contribute anything other than noticeboard and enforcement requests So I wont be joining them And I dont loathe them I am only amused by them",0.3095123767852783,0.3095123767852783,0,0,0,1,"Failed"
"look whos the faggot for caring about a few kbs of internet webspace Dont own yourself even more efag","look whos the faggot for caring about a few kbs of internet webspace Dont own yourself even more efag",0.9600688219070435,0.9600688219070435,1,1,0,1,"Skipped"
"Well Tracy should be removed from this article but Im not sure shes got enough info to make an article about her alone Depending on how the storyline plays out it may be a better idea to expand this article to include the other Larter characters rather than try and make more and more articles for characters that are negligible in and of themselves This may be the writers way to revisit the multiple places at once power","Well Tracy should be removed from this article but Im not sure shes got enough info to make an article about her alone Depending on how the storyline plays out it may be a better idea to expand this article to include the other Larter characters rather than try and make more and more articles for characters that are negligible in and of themselves This may be the writers way to revisit the multiple places at once power",0.0003724098205566406,0.0003724098205566406,0,0,0,1,"Failed"
"I dont know how to say this without sounding offensive but you do realise that you are effectively comparing the prophet to a cup full of poop right","I dont know how to say this without sounding offensive but you do realise that you are effectively comparing the prophet to a cup full of poop right",0.06452608108520508,0.06452608108520508,0,0,0,1,"Failed"
"Quotes about the group  <SPLIT> These are perhaps misplaced in the article but too good not to share <SPLIT><SPLIT> Dont you think the Stranglers are the worst thing youve ever fuckin heard I do Theyre hideous rubbishy so bloody stupid Fuckin nauseatin they are <SPLIT>  Mick Jagger 1977 <SPLIT><SPLIT> Id come off this Yes tour and about two years later the bands that were hot were the Stranglers yuck <SPLIT><SPLIT>  Keith Levene 2001 <SPLIT><SPLIT> We only needed to make the one record Theyre touring 30 records they could have put into one <SPLIT><SPLIT> Beware people with less talent The Stranglers are jealous because they are idiotic Theres nothing there they dont stand for anything  <SPLIT><SPLIT>  Johnny Rotten 2008 <SPLIT><SPLIT> Permanent immaturity is a heavy price for rock to pay for permanent youth and maybe were the ones who are afraid of change if were prepared to pay that price  <SPLIT><SPLIT> Phil McNeill NME 1977","Quotes about the group  <SPLIT> These are perhaps misplaced in the article but too good not to share <SPLIT><SPLIT> Dont you think the Stranglers are the worst thing youve ever fuckin heard I do Theyre hideous rubbishy so bloody stupid Fuckin nauseatin they are <SPLIT>  Mick Jagger 1977 <SPLIT><SPLIT> Id come off this Yes tour and about two years later the bands that were hot were the Stranglers yuck <SPLIT><SPLIT>  Keith Levene 2001 <SPLIT><SPLIT> We only needed to make the one record Theyre touring 30 records they could have put into one <SPLIT><SPLIT> Beware people with less talent The Stranglers are jealous because they are idiotic Theres nothing there they dont stand for anything  <SPLIT><SPLIT>  Johnny Rotten 2008 <SPLIT><SPLIT> Permanent immaturity is a heavy price for rock to pay for permanent youth and maybe were the ones who are afraid of change if were prepared to pay that price  <SPLIT><SPLIT> Phil McNeill NME 1977",0.8348946571350098,0.8348946571350098,1,1,0,1,"Skipped"
"Dance Performances  <SPLIT><SPLIT> Why do The Power California Gurls Bubble Toes and Barbra Streisand say TBA under what album theyll be released on If theyre dance performances to the ORIGINAL songs I dont see how this is possible Why would they put an original version of a song on a GLEE album Thanks for clearing this up","Dance Performances  <SPLIT><SPLIT> Why do The Power California Gurls Bubble Toes and Barbra Streisand say TBA under what album theyll be released on If theyre dance performances to the ORIGINAL songs I dont see how this is possible Why would they put an original version of a song on a GLEE album Thanks for clearing this up",0.0002487301826477051,0.0002487301826477051,0,0,0,1,"Failed"
"Please Remove Idiotic Immature Comments  <SPLIT><SPLIT> Removed from article brest sic milk comes from boobs <SPLIT> Idiotic immature comments come from boobs  Breast milk comes from mammary glands","Please Remove Idiotic Immature Comments  <SPLIT><SPLIT> Removed from article brest sic milk comes from boobs <SPLIT> Idiotic immature comments come from boobs  Breast milk comes from mammary glands",0.06946289539337158,0.06946289539337158,1,1,1,1,"Failed"
"9 November 2012 UTC <SPLIT><SPLIT> As I said in my previous post an extensively documented piece of social commentary is not the same thing as an objective truth about a society  Once again I go to the example of a movie  It is extensively documented that when people watch The Godfather they tend to say This was a good film  It is extensively documented that when people watch Plan 9 from Outer Space they tend to say This was a bad film  You can back this up with reliable sources in the form of Metacritic averages IMDb scores and books written on both films  It would be nonetheless improper to write in The Godfathers article that it was a good film or in Plan 9s article that it was a bad film <SPLIT><SPLIT> I dont see why we need to argue about this so much  All I ask is that we agree to stop presenting opinions as facts and probably shorten the summary of the opinions as well  Im not pushing an opposing POV and Im not pushing for any major removals of content  further  sayeth naught  0651","9 November 2012 UTC <SPLIT><SPLIT> As I said in my previous post an extensively documented piece of social commentary is not the same thing as an objective truth about a society  Once again I go to the example of a movie  It is extensively documented that when people watch The Godfather they tend to say This was a good film  It is extensively documented that when people watch Plan 9 from Outer Space they tend to say This was a bad film  You can back this up with reliable sources in the form of Metacritic averages IMDb scores and books written on both films  It would be nonetheless improper to write in The Godfathers article that it was a good film or in Plan 9s article that it was a bad film <SPLIT><SPLIT> I dont see why we need to argue about this so much  All I ask is that we agree to stop presenting opinions as facts and probably shorten the summary of the opinions as well  Im not pushing an opposing POV and Im not pushing for any major removals of content  further  sayeth naught  0651",0.0002880692481994629,0.0002880692481994629,0,0,0,1,"Failed"
"Your submission at Articles for creation   <SPLIT><SPLIT>  editDecamethyl ferrocene which you submitted to Articles for creation has been created  <SPLIT>  Please continue making quality contributions to Wikipedia Note that because you are a loggedin user you can create articles yourself and dont have to post a request <SPLIT>  If you would like to help us improve this process please consider  <SPLIT> Thank you for helping Wikipedia <SPLIT> Yoenit","Your submission at Articles for creation   <SPLIT><SPLIT>  editDecamethyl ferrocene which you submitted to Articles for creation has been created  <SPLIT>  Please continue making quality contributions to Wikipedia Note that because you are a loggedin user you can create articles yourself and dont have to post a request <SPLIT>  If you would like to help us improve this process please consider  <SPLIT> Thank you for helping Wikipedia <SPLIT> Yoenit",0.0003057718276977539,0.0003057718276977539,0,0,0,1,"Failed"
"From a Doctor  always distrust someone who claims to speak the truth indicates that you as a doctor dont beleive the signs and symptoms of your patients bad doctor but some good information has been provided thankyou","From a Doctor  always distrust someone who claims to speak the truth indicates that you as a doctor dont beleive the signs and symptoms of your patients bad doctor but some good information has been provided thankyou",0.003469407558441162,0.003469407558441162,0,0,0,1,"Failed"
"Dbachmann  <SPLIT><SPLIT> Why are you removing all my writings with referances You seem to be some sort of fundamentalist bent on showing that Vedic religion is dead religion with only historical value What is your problem","Dbachmann  <SPLIT><SPLIT> Why are you removing all my writings with referances You seem to be some sort of fundamentalist bent on showing that Vedic religion is dead religion with only historical value What is your problem",0.2000991702079773,0.2000991702079773,0,0,0,1,"Failed"
"Fucking retard just got his 7th end of the world prediction wrong","Fucking retard just got his 7th end of the world prediction wrong",0.0012218356132507324,0.0012218356132507324,1,1,1,1,"Failed"
"Ive removed that mention of the Olympics  now a rather outdated bit of promotion Ive also removed some of the material introduced by  an account now blocked as a sock of  One account was used to denigrate Clifford Chance the other to promote this firm  see WikipediaSockpuppet investigationsJfmishaArchive We were left with an article whose history section relied heavily on the company webpage and material copied from it to a blog neither a reliable source for our purposes dwelt at extraordinary length on nineteenthcentury clients and their titles and positions mentioned the Bank of England three times in three consecutive sentences and otherwise indulged in puffery and WPPEACOCK terms set every sentence in a new paragraph and was altogether so blatantly promotional that it would have embarassed Freshfields themselves And thats just one section  theres more to do <SPLIT> Re sourcing the history section is still heavily reliant on a book published by Freshfield which cant be counted a reliable source for our purposes","Ive removed that mention of the Olympics  now a rather outdated bit of promotion Ive also removed some of the material introduced by  an account now blocked as a sock of  One account was used to denigrate Clifford Chance the other to promote this firm  see WikipediaSockpuppet investigationsJfmishaArchive We were left with an article whose history section relied heavily on the company webpage and material copied from it to a blog neither a reliable source for our purposes dwelt at extraordinary length on nineteenthcentury clients and their titles and positions mentioned the Bank of England three times in three consecutive sentences and otherwise indulged in puffery and WPPEACOCK terms set every sentence in a new paragraph and was altogether so blatantly promotional that it would have embarassed Freshfields themselves And thats just one section  theres more to do <SPLIT> Re sourcing the history section is still heavily reliant on a book published by Freshfield which cant be counted a reliable source for our purposes",0.0007520318031311035,0.0007520318031311035,0,0,0,1,"Failed"
"BTW your statement on my talk page that COATRACK really does not seem applicable since I dont see a NPOV issue with the article it is about what it claims to be about seems a bit beside the point that several of the other editors agreed that this was a valid concern as part of their votes to delete the article noone other than Diego disputed this and he argued that editors voting to delete had some kind of ulterior motive and I provided what I think was strong evidence to substantiate this concern  its not the job of closing admins to disagree with goodfaith assessments made by participating editors and choose to ignore them as a result","BTW your statement on my talk page that COATRACK really does not seem applicable since I dont see a NPOV issue with the article it is about what it claims to be about seems a bit beside the point that several of the other editors agreed that this was a valid concern as part of their votes to delete the article noone other than Diego disputed this and he argued that editors voting to delete had some kind of ulterior motive and I provided what I think was strong evidence to substantiate this concern  its not the job of closing admins to disagree with goodfaith assessments made by participating editors and choose to ignore them as a result",0.001217186450958252,0.001217186450958252,0,0,0,1,"Failed"
"Sorry as the quote is definitely notable given Modis role  especially given the rampant prime ministerial speculation I have restored the quote","Sorry as the quote is definitely notable given Modis role  especially given the rampant prime ministerial speculation I have restored the quote",0.00019675493240356445,0.00019675493240356445,0,0,0,1,"Failed"
"The article is accurate and has sources Even though its not a commonly used word I dont see any reason to delete it","The article is accurate and has sources Even though its not a commonly used word I dont see any reason to delete it",0.000335693359375,0.000335693359375,0,0,0,1,"Failed"
"divas are known to have sexual intercourse wwith THE MIZ Kelly kelly  kell hasa very big tits","divas are known to have sexual intercourse wwith THE MIZ Kelly kelly  kell hasa very big tits",0.05614954233169556,0.05614954233169556,1,1,1,1,"Failed"
"Please read the header to this section its all there and very clear the debate has been about nothing else than the video for quite some time","Please read the header to this section its all there and very clear the debate has been about nothing else than the video for quite some time",0.00018638372421264648,0.00018638372421264648,0,0,0,1,"Failed"
"The stuff on the Toolserver will all be redirected to Labs soon so Im not bothering to update them Ill comment on the VP thread","The stuff on the Toolserver will all be redirected to Labs soon so Im not bothering to update them Ill comment on the VP thread",0.0008797049522399902,0.0008797049522399902,0,0,0,1,"Failed"
"Nice I see the lede is much clearer now Great work on the page BTW Looking forward to see it being a GA and eventually an FA for December 12 Cheers  and","Nice I see the lede is much clearer now Great work on the page BTW Looking forward to see it being a GA and eventually an FA for December 12 Cheers  and",0.00020629167556762695,0.00020629167556762695,0,0,0,1,"Failed"
"6 August 2009 UTC check out Gaza WarRocket attacks into Israel   0942","6 August 2009 UTC check out Gaza WarRocket attacks into Israel   0942",0.0037108659744262695,0.0037108659744262695,0,0,0,1,"Failed"
"is a good example of how a simular company is having simular copyright probs I think they have presented it in a good way and maybe we can learn from the section what do you guys think","is a good example of how a simular company is having simular copyright probs I think they have presented it in a good way and maybe we can learn from the section what do you guys think",0.0002778172492980957,0.0002778172492980957,0,0,0,1,"Failed"
"just lost all credibility here  dont lie  <SPLIT><SPLIT> what does just lost all credibility here  dont lie you said to me mean","just lost all credibility here  dont lie  <SPLIT><SPLIT> what does just lost all credibility here  dont lie you said to me mean",0.00606304407119751,0.00606304407119751,0,0,0,1,"Failed"
"Spoilers  <SPLIT><SPLIT> Should the spoilers of the show be written for this article  Explaining how the human met the mamodo may not be so spoilerish but explaining what ultimately happens to the mamodo is  or at least thats what I think  What do other people think about what is and what isnt a spoiler","Spoilers  <SPLIT><SPLIT> Should the spoilers of the show be written for this article  Explaining how the human met the mamodo may not be so spoilerish but explaining what ultimately happens to the mamodo is  or at least thats what I think  What do other people think about what is and what isnt a spoiler",0.0010768771171569824,0.0010768771171569824,0,0,0,1,"Failed"
"citation for S and P Polarization section  <SPLIT><SPLIT> If I am interpretting the article text correctly an example of   and certain authors do refer to light with plike electric field as TE and light with slike electric field as TM which is marked citation required is the Dover book Modern Optics by Fowles section 27  Somebody else more familiar with the subject should probably verify","citation for S and P Polarization section  <SPLIT><SPLIT> If I am interpretting the article text correctly an example of   and certain authors do refer to light with plike electric field as TE and light with slike electric field as TM which is marked citation required is the Dover book Modern Optics by Fowles section 27  Somebody else more familiar with the subject should probably verify",0.00017589330673217773,0.00017589330673217773,0,0,0,1,"Failed"
"honestly Id prefer it if people used curse words at me","honestly Id prefer it if people used curse words at me",0.024494469165802002,0.024494469165802002,0,0,0,1,"Failed"
"because it was basically unmitigated abusive socking","because it was basically unmitigated abusive socking",0.018598496913909912,0.018598496913909912,0,0,0,1,"Failed"
"and is not a notable British Jew  brought up in a secular enviroment n he is also a Marxist atheist and it seems undue to include him here in the infobox without any clarification of that   really","and is not a notable British Jew  brought up in a secular enviroment n he is also a Marxist atheist and it seems undue to include him here in the infobox without any clarification of that   really",0.004804551601409912,0.004804551601409912,0,0,0,1,"Failed"
"28 May 2008 UTC <SPLIT><SPLIT>  Two out of fifteen extrapolated to the 200250 edits made results in roughly 30 articles where the change made the situation potentially more confusing to the reader This is not an unacceptable level of fallout for a large project Making high drama out of it seems a little silly in that case doesnt it    0706","28 May 2008 UTC <SPLIT><SPLIT>  Two out of fifteen extrapolated to the 200250 edits made results in roughly 30 articles where the change made the situation potentially more confusing to the reader This is not an unacceptable level of fallout for a large project Making high drama out of it seems a little silly in that case doesnt it    0706",0.0004571676254272461,0.0004571676254272461,0,0,0,1,"Failed"
"My Bot  <SPLIT><SPLIT> I was using a 1 second delay only because I wanted to get this task compleated before peak hours because I dont like my bot running durring peak times and I normaly run at about 10 second delay If you have any questions feel free to ask me       WPBAG","My Bot  <SPLIT><SPLIT> I was using a 1 second delay only because I wanted to get this task compleated before peak hours because I dont like my bot running durring peak times and I normaly run at about 10 second delay If you have any questions feel free to ask me       WPBAG",0.04481971263885498,0.04481971263885498,0,0,0,1,"Failed"
"Nice is understating it  This is an amazing first article and you spotted a gapping hole in Wikis coverage","Nice is understating it  This is an amazing first article and you spotted a gapping hole in Wikis coverage",0.009222865104675293,0.009222865104675293,0,0,0,1,"Failed"
"religion  <SPLIT><SPLIT> what is the religion of brazil","religion  <SPLIT><SPLIT> what is the religion of brazil",0.0004048943519592285,0.0004048943519592285,0,0,0,1,"Failed"
"So basically what you are saying is because you and others may not know who he is that isnt reason he enough to include him on here Many directors who arent known at all and have only directed one small title have articles on here and dont so why they arent important It doesnt seem fair that they are permitted to have articles why Duane Mayko who has started a business all by himself isnt considered important enough","So basically what you are saying is because you and others may not know who he is that isnt reason he enough to include him on here Many directors who arent known at all and have only directed one small title have articles on here and dont so why they arent important It doesnt seem fair that they are permitted to have articles why Duane Mayko who has started a business all by himself isnt considered important enough",0.0017111897468566895,0.0017111897468566895,0,0,0,1,"Failed"
"Expect for the citation re TV programme which I have a copy of but cant publish as it is BBC copyright But let me make a small edit as I have been informed they made a statement rather than a retraction","Expect for the citation re TV programme which I have a copy of but cant publish as it is BBC copyright But let me make a small edit as I have been informed they made a statement rather than a retraction",0.00017058849334716797,0.00017058849334716797,0,0,0,1,"Failed"
"what youre an idiot","what youre an idiot",0.0016719698905944824,0.0016719698905944824,1,1,1,1,"Failed"
"I think that only really common thing is that which can be found in the etymology and the comparison Aristotle made Rule by the people as comparet to rule by a few or a single person All the system above have at least claimed to be the best way for the people to rule even if as the Communist claims the people are too stupid to know how their own good","I think that only really common thing is that which can be found in the etymology and the comparison Aristotle made Rule by the people as comparet to rule by a few or a single person All the system above have at least claimed to be the best way for the people to rule even if as the Communist claims the people are too stupid to know how their own good",0.048539161682128906,0.048539161682128906,0,0,0,1,"Failed"
"Race and Penis Size and Penis Size and Condom Use  <SPLIT> Information about penis size and race should be kept in that section  Information specific to penis size and its effect on condom use is ambiguous does penis size correlate with frequency of using condoms or rather their effectiveness in preventing pregnancy and disease transmission  A bigger penis apparently tends have more condom failure resulting from breakage whereas a smaller one tends to have more from slippage  Read the sources if youre unclear","Race and Penis Size and Penis Size and Condom Use  <SPLIT> Information about penis size and race should be kept in that section  Information specific to penis size and its effect on condom use is ambiguous does penis size correlate with frequency of using condoms or rather their effectiveness in preventing pregnancy and disease transmission  A bigger penis apparently tends have more condom failure resulting from breakage whereas a smaller one tends to have more from slippage  Read the sources if youre unclear",0.41843754053115845,0.41843754053115845,0,0,0,1,"Failed"
"Yes it reads as a free advert rather than encyclopaedic A link to aims would be fair enough with anything about their aims that appears out of the ordinary compared to the majority of other schools Statements such as To equip pupils with the skills needed to develop good relationships are just embarrassing and would appear to be poorly written nonspecific waffle rather than aims even if only published on the schools own website","Yes it reads as a free advert rather than encyclopaedic A link to aims would be fair enough with anything about their aims that appears out of the ordinary compared to the majority of other schools Statements such as To equip pupils with the skills needed to develop good relationships are just embarrassing and would appear to be poorly written nonspecific waffle rather than aims even if only published on the schools own website",0.00037872791290283203,0.00037872791290283203,0,0,0,1,"Failed"
"REDIRECT TalkPine Hill Barnstable County Massachusetts","REDIRECT TalkPine Hill Barnstable County Massachusetts",0.00032532215118408203,0.00032532215118408203,0,0,0,1,"Failed"
"Please refrain from adding nonsense to Wikipedia as you did to Condom It is considered vandalism If you would like to experiment use the sandbox","Please refrain from adding nonsense to Wikipedia as you did to Condom It is considered vandalism If you would like to experiment use the sandbox",0.002741575241088867,0.002741575241088867,0,0,0,1,"Failed"
"Again your conclusion that Srbosjek is dubious is original research References in the article  <SPLIT> David M Kennedy Margaret E Wagner Linda Barrett Osborne Susan Reyburn The Library of Congress World War II Companion Simon and Schuster 2007 pages 640 64647 page 683 At Jasenovac a series of camps in Croatia the ultranationalist rightwing Ustae murdered Serbs Jews Romani Bosnian Muslims and political opponents not by gassing but with hand tools or the infamous graviso or Srbosjek Serb cutter  a long curved knife attached to a partial glove and designed for rapid easy killing <SPLIT> sfnIsraeli2013page135ps Surviving inmates of Jasenovac remember the Srbosek the knife for killing Serbs that was devised besides ordinary knives for the manual and individual slaughter of the Serbs <SPLIT> sfnFrucht Levy2013page71ps One the srbosjek or Serbcutter was a long curved knife attached to a partial glove and designed for cutting throats","Again your conclusion that Srbosjek is dubious is original research References in the article  <SPLIT> David M Kennedy Margaret E Wagner Linda Barrett Osborne Susan Reyburn The Library of Congress World War II Companion Simon and Schuster 2007 pages 640 64647 page 683 At Jasenovac a series of camps in Croatia the ultranationalist rightwing Ustae murdered Serbs Jews Romani Bosnian Muslims and political opponents not by gassing but with hand tools or the infamous graviso or Srbosjek Serb cutter  a long curved knife attached to a partial glove and designed for rapid easy killing <SPLIT> sfnIsraeli2013page135ps Surviving inmates of Jasenovac remember the Srbosek the knife for killing Serbs that was devised besides ordinary knives for the manual and individual slaughter of the Serbs <SPLIT> sfnFrucht Levy2013page71ps One the srbosjek or Serbcutter was a long curved knife attached to a partial glove and designed for cutting throats",0.024850785732269287,0.024850785732269287,0,0,0,1,"Failed"
"Hi Jmc I dont think the change would improve the article But Id like also to know what other editors think of your proposal Maybe you should start a new topic specifically asking for more comments Meanwhile I will restore the paragraphs again please dont remove them anymore Deleting relevant material only because you think it should be in another section is not the way to go <SPLIT><SPLIT> Another problem with you edit is that to say sufficient explanation of the phenomena of evolution is provided by the principle of natural selection is a point of view as such we need to explain who is saying so instead of implying everybody agrees with it","Hi Jmc I dont think the change would improve the article But Id like also to know what other editors think of your proposal Maybe you should start a new topic specifically asking for more comments Meanwhile I will restore the paragraphs again please dont remove them anymore Deleting relevant material only because you think it should be in another section is not the way to go <SPLIT><SPLIT> Another problem with you edit is that to say sufficient explanation of the phenomena of evolution is provided by the principle of natural selection is a point of view as such we need to explain who is saying so instead of implying everybody agrees with it",0.00023573637008666992,0.00023573637008666992,0,0,0,1,"Failed"
"Relisting comment Which is the common name","Relisting comment Which is the common name",0.00044590234756469727,0.00044590234756469727,0,0,0,1,"Failed"
"Also AntiSemitic terminology only for Jews was inappropriate in the generation of Wilhelm Marr and it is inappropriate now is hooey its appropriate now in English because its been in use for over a century with this meaning","Also AntiSemitic terminology only for Jews was inappropriate in the generation of Wilhelm Marr and it is inappropriate now is hooey its appropriate now in English because its been in use for over a century with this meaning",0.0026851296424865723,0.0026851296424865723,0,0,0,1,"Failed"
"Sockpuppetry  <SPLIT><SPLIT> Since you didnt answer my question on ANI Ill take it here  Whose sockpuppet are you","Sockpuppetry  <SPLIT><SPLIT> Since you didnt answer my question on ANI Ill take it here  Whose sockpuppet are you",0.3122512102127075,0.3122512102127075,0,0,0,1,"Failed"
"gonna make yourape peopleget a life and stop talking about strawberries  go eat some cherries or something word","gonna make yourape peopleget a life and stop talking about strawberries  go eat some cherries or something word",0.9181983470916748,0.9181983470916748,0,0,1,1,"Skipped"
"Poor analogy  What makes up Western culture has more to do than simply one aspect of that culture  that is fashion is but one element so the answer to your analogy is an obvious yes  However there are many other aspects of culturefor example other than fashion there is politics philosophy technology the arts etc  Therefore we can expect a wide variety of sources to have multiple opinions and such opinions should be detailed in an article about Western culture  But here in this article we are only talking about the mere existence of an historical human being and when that is the question there is only one answer the sole experts almost universally agree on and that is the acceptance of the mere historicity of jesus","Poor analogy  What makes up Western culture has more to do than simply one aspect of that culture  that is fashion is but one element so the answer to your analogy is an obvious yes  However there are many other aspects of culturefor example other than fashion there is politics philosophy technology the arts etc  Therefore we can expect a wide variety of sources to have multiple opinions and such opinions should be detailed in an article about Western culture  But here in this article we are only talking about the mere existence of an historical human being and when that is the question there is only one answer the sole experts almost universally agree on and that is the acceptance of the mere historicity of jesus",0.0004609823226928711,0.0004609823226928711,0,0,0,1,"Failed"
"30 August 2007 UTC <SPLIT> Me thought it was wetware Hope thats not Wehrkraftzersetzung    0953","30 August 2007 UTC <SPLIT> Me thought it was wetware Hope thats not Wehrkraftzersetzung    0953",0.00048470497131347656,0.00048470497131347656,0,0,0,1,"Failed"
"Your edits made on May 2 2007 UTC to Akihiro Kurata <SPLIT>  Please dont remove content from Wikipedia articles as you did to Akihiro Kurata  If you would take a look at what constitutes vandalism this is considered vandalism  Please refrain from making these kinds of edits in the future   A link to the edit I have reverted can be found here link If you believe this edit should not have been reverted please contact me","Your edits made on May 2 2007 UTC to Akihiro Kurata <SPLIT>  Please dont remove content from Wikipedia articles as you did to Akihiro Kurata  If you would take a look at what constitutes vandalism this is considered vandalism  Please refrain from making these kinds of edits in the future   A link to the edit I have reverted can be found here link If you believe this edit should not have been reverted please contact me",0.00018900632858276367,0.00018900632858276367,0,0,0,1,"Failed"
"One word Pathetic <SPLIT> Pathetic as one person wrote <SPLIT><SPLIT> All men who hold position do not abuse its privileges and the man who serveshumbly and faithfully never will for the moment he yielded to the temptation so to do that moment would he cease to serve his fellow wikipedians but there are many alas who sadly misuse the functions of their office and prostitute every power and privilege to the gratification of self and the injury and embarrassment of their fellow men It is dangerous to put some men into power They swell up and become so distended with the ideas of their greatness and importance that we are forcibly reminded of so many inflated toy balloons which the slightest prick of a pin would burst and ruin forever A very small office and a very little authority is sufficient to intoxicate some men and render them entirely unfit for duty <SPLIT><SPLIT> Thank God wikipedia has your good will and judgment to be protect them  I find maternal volunteer copyright police such as yourself misguided and who prostitute every power and privilege to the gratification of self and the injury and embarrassment of their fellow men <SPLIT><SPLIT> It really isnt about protecting wikipedia is it  It is about you exerting your own will against others and the empty satisfaction that you get from such power trips  Obviously your immature unwelcome unneeded and intrusive edits show that they should have an age limit to giving someone admin status Pathetic <SPLIT><SPLIT> So how did it feel when I changed your wikipage  I hope you had the same anger and disgust that I felt toward your heavy handed edits  Please dont waste my time explaining how you are protecting wikipedia from copyright violations I have heard it all before but I know this is not the last time I heard from you  Pathetic","One word Pathetic <SPLIT> Pathetic as one person wrote <SPLIT><SPLIT> All men who hold position do not abuse its privileges and the man who serveshumbly and faithfully never will for the moment he yielded to the temptation so to do that moment would he cease to serve his fellow wikipedians but there are many alas who sadly misuse the functions of their office and prostitute every power and privilege to the gratification of self and the injury and embarrassment of their fellow men It is dangerous to put some men into power They swell up and become so distended with the ideas of their greatness and importance that we are forcibly reminded of so many inflated toy balloons which the slightest prick of a pin would burst and ruin forever A very small office and a very little authority is sufficient to intoxicate some men and render them entirely unfit for duty <SPLIT><SPLIT> Thank God wikipedia has your good will and judgment to be protect them  I find maternal volunteer copyright police such as yourself misguided and who prostitute every power and privilege to the gratification of self and the injury and embarrassment of their fellow men <SPLIT><SPLIT> It really isnt about protecting wikipedia is it  It is about you exerting your own will against others and the empty satisfaction that you get from such power trips  Obviously your immature unwelcome unneeded and intrusive edits show that they should have an age limit to giving someone admin status Pathetic <SPLIT><SPLIT> So how did it feel when I changed your wikipage  I hope you had the same anger and disgust that I felt toward your heavy handed edits  Please dont waste my time explaining how you are protecting wikipedia from copyright violations I have heard it all before but I know this is not the last time I heard from you  Pathetic",0.5875527858734131,0.5875527858734131,1,1,0,1,"Skipped"
"Experts Needed  <SPLIT><SPLIT> There are several issues addressed in the discussion that could benefit from experts  Some of these issues are <SPLIT><SPLIT>  1  The legality issue  We need a lawyer <SPLIT>  2  The bound to collapse issue  We need a business academic  <SPLIT>  3  The pyramid issue discussed below  We need an archaeologist just kidding <SPLIT><SPLIT> The overwhelming tone of the article is that pyramid schemes are nonsustainable which is technically true  using business jargon and bound to collapse  This may be fact but the point is not supported or explained at all  For all practical purposes a nonsustainable business may be sustained throughout the founders entire lifetimes  In other words the exponential nature of these schemes may not be as nonsustainable as the jargon suggests  In order to become a good article it needs to be selfcontained enough that readers do not have to research sustainability in order to have a neutral POV   We need experts so Im tagging the top of the page  Please help if you can  Also and completely unrelated the 8Ball section smells strongly of original research  Happy editing","Experts Needed  <SPLIT><SPLIT> There are several issues addressed in the discussion that could benefit from experts  Some of these issues are <SPLIT><SPLIT>  1  The legality issue  We need a lawyer <SPLIT>  2  The bound to collapse issue  We need a business academic  <SPLIT>  3  The pyramid issue discussed below  We need an archaeologist just kidding <SPLIT><SPLIT> The overwhelming tone of the article is that pyramid schemes are nonsustainable which is technically true  using business jargon and bound to collapse  This may be fact but the point is not supported or explained at all  For all practical purposes a nonsustainable business may be sustained throughout the founders entire lifetimes  In other words the exponential nature of these schemes may not be as nonsustainable as the jargon suggests  In order to become a good article it needs to be selfcontained enough that readers do not have to research sustainability in order to have a neutral POV   We need experts so Im tagging the top of the page  Please help if you can  Also and completely unrelated the 8Ball section smells strongly of original research  Happy editing",0.00024133920669555664,0.00024133920669555664,0,0,0,1,"Failed"
"Way too long  <SPLIT><SPLIT> This page is massively overlong for such an unknown band It seems to have been compiled by someone with an interest in the success of the group","Way too long  <SPLIT><SPLIT> This page is massively overlong for such an unknown band It seems to have been compiled by someone with an interest in the success of the group",0.0004919767379760742,0.0004919767379760742,0,0,0,1,"Failed"
"Animated short descriptor <SPLIT> I felt compelled to add a few words to the lead justifying why this is being referred to as an animated short even though no one else has ever done so in the productions 41year history","Animated short descriptor <SPLIT> I felt compelled to add a few words to the lead justifying why this is being referred to as an animated short even though no one else has ever done so in the productions 41year history",0.00019091367721557617,0.00019091367721557617,0,0,0,1,"Failed"
"DoMS NITT <SPLIT> Thanks for the spelling correction","DoMS NITT <SPLIT> Thanks for the spelling correction",0.12426668405532837,0.12426668405532837,0,0,0,1,"Failed"
"Im not an expert by any means of the Libertarian use of the term but have started a section that needs to be fleshed out more Franklin much of your discussion here has been very illustrative Could you elaborate in this section Thanks","Im not an expert by any means of the Libertarian use of the term but have started a section that needs to be fleshed out more Franklin much of your discussion here has been very illustrative Could you elaborate in this section Thanks",0.00022262334823608398,0.00022262334823608398,0,0,0,1,"Failed"
"A later BBC cite says that noone has yet proved that any commercially viable oil field exists there  That article goes on to make it quite clear that were discussing potential oilfields not proven oilfields  Good catch","A later BBC cite says that noone has yet proved that any commercially viable oil field exists there  That article goes on to make it quite clear that were discussing potential oilfields not proven oilfields  Good catch",0.0003687143325805664,0.0003687143325805664,0,0,0,1,"Failed"
"Im sure it will be very difficult to provide one","Im sure it will be very difficult to provide one",0.0002155900001525879,0.0002155900001525879,0,0,0,1,"Failed"
"25 is 25 Youre claiming a consensus that just isnt there I count three against you jucifer and Cburnett versus me and Morningstar2651 Would you like to post enrollment data on the Wikipedia article or would that mar the picture of your perfect little school I mean be nonnotable","25 is 25 Youre claiming a consensus that just isnt there I count three against you jucifer and Cburnett versus me and Morningstar2651 Would you like to post enrollment data on the Wikipedia article or would that mar the picture of your perfect little school I mean be nonnotable",0.008647382259368896,0.008647382259368896,0,0,0,1,"Failed"
"About deletions  <SPLIT><SPLIT> I see that you like to delete and remove things Why do you keep removing articles and files when they are being used I know that you saw my file was being used in an article Before you request speedy deletion please look at articles and files before you decide to add speedy deletion templates Thank you","About deletions  <SPLIT><SPLIT> I see that you like to delete and remove things Why do you keep removing articles and files when they are being used I know that you saw my file was being used in an article Before you request speedy deletion please look at articles and files before you decide to add speedy deletion templates Thank you",0.0002015233039855957,0.0002015233039855957,0,0,0,1,"Failed"
"That guy is very immature  What a jerk  I hate people like him","That guy is very immature  What a jerk  I hate people like him",0.016968607902526855,0.016968607902526855,1,1,1,1,"Failed"
"The sources that were added were pretty poor 3 of the sources were worthless However a number of sources do refer to it as such I am sure this would however be avery disputed matter","The sources that were added were pretty poor 3 of the sources were worthless However a number of sources do refer to it as such I am sure this would however be avery disputed matter",0.00022727251052856445,0.00022727251052856445,0,0,0,1,"Failed"
"Nice one people Heartwarming to say the very least <SPLIT> I have just tried to read through 709113758s piece above and I left a comment <SPLIT><SPLIT> I made my original comment because it looks like were mistaking the difference between a comment and a thesis  <SPLIT> Have we all really read through every long comment Is it possible I have really tried but the lack of paragraphs seriously affects my vision <SPLIT><SPLIT> Have fun","Nice one people Heartwarming to say the very least <SPLIT> I have just tried to read through 709113758s piece above and I left a comment <SPLIT><SPLIT> I made my original comment because it looks like were mistaking the difference between a comment and a thesis  <SPLIT> Have we all really read through every long comment Is it possible I have really tried but the lack of paragraphs seriously affects my vision <SPLIT><SPLIT> Have fun",0.0008370876312255859,0.0008370876312255859,0,0,0,1,"Failed"
"Agreed but my point was more about the statement itself and not the shocker part of it","Agreed but my point was more about the statement itself and not the shocker part of it",0.0033110976219177246,0.0033110976219177246,0,0,0,1,"Failed"
"Picture <SPLIT> Is this really the best picture of the king This isnt the Middle Ages any more We have this newfangled technique call photography which does a better job at rendering faces than this bitmapinspired parody of a portrait","Picture <SPLIT> Is this really the best picture of the king This isnt the Middle Ages any more We have this newfangled technique call photography which does a better job at rendering faces than this bitmapinspired parody of a portrait",0.0022368431091308594,0.0022368431091308594,0,0,0,1,"Failed"
"Before mother earth they are gothic metal then commercial symphonic rockmetal crap","Before mother earth they are gothic metal then commercial symphonic rockmetal crap",0.8900570869445801,0.8900570869445801,1,1,0,1,"Skipped"
"I doctored them a bit so theyre more readable than before and I want to read them again myself As for writing a separate article for glue size I think its a good idea There were many long discussions between myself and Johnbod on Edmund Evans about chromozylography  finally I wrote a page for it because there wasnt anything to link to I got interrupted and need to catch up  havent looked at what youve done today","I doctored them a bit so theyre more readable than before and I want to read them again myself As for writing a separate article for glue size I think its a good idea There were many long discussions between myself and Johnbod on Edmund Evans about chromozylography  finally I wrote a page for it because there wasnt anything to link to I got interrupted and need to catch up  havent looked at what youve done today",0.0002599358558654785,0.0002599358558654785,0,0,0,1,"Failed"
"Third party in the AtariSears list <SPLIT><SPLIT> Air Raid belongs in the third party list","Third party in the AtariSears list <SPLIT><SPLIT> Air Raid belongs in the third party list",0.000280916690826416,0.000280916690826416,0,0,0,1,"Failed"
"wooohoo im a fat piece of poop yaaaa","wooohoo im a fat piece of poop yaaaa",0.038713932037353516,0.038713932037353516,1,1,1,1,"Failed"
"USER USES WIKIPEDIA TO SOLICIT SEX WITH YOUNG BOYS","USER USES WIKIPEDIA TO SOLICIT SEX WITH YOUNG BOYS",0.014002799987792969,0.014002799987792969,1,1,1,1,"Failed"
"This me of the urban myth connected with the engravers initials I recall from my childhood close to the coins original issue A rumor spread because some idiots thought the initials GR looked like the Soviet hammer and sickle emblem on the coin Since the source you found documents this why dont we add it to the article","This me of the urban myth connected with the engravers initials I recall from my childhood close to the coins original issue A rumor spread because some idiots thought the initials GR looked like the Soviet hammer and sickle emblem on the coin Since the source you found documents this why dont we add it to the article",0.11411547660827637,0.11411547660827637,0,0,0,1,"Failed"
"The article says rightwing of the blogosphere  I used its wording","The article says rightwing of the blogosphere  I used its wording",0.00036907196044921875,0.00036907196044921875,0,0,0,1,"Failed"
"Thanks A  Lot <SPLIT><SPLIT> I spent so much time revamping Eric Hjorleifsons page and you go and ruin it I was asked to do this by Eric himself The page was fine after I edited it Dont you have anything better to do you egotistical asshole Its people like you who make the world a lousy place I am going to report you as there was nothing wrong with what I did I followed the rules to a T Have a nice day jerkoff","Thanks A  Lot <SPLIT><SPLIT> I spent so much time revamping Eric Hjorleifsons page and you go and ruin it I was asked to do this by Eric himself The page was fine after I edited it Dont you have anything better to do you egotistical asshole Its people like you who make the world a lousy place I am going to report you as there was nothing wrong with what I did I followed the rules to a T Have a nice day jerkoff",0.7572848796844482,0.7572848796844482,1,1,0,1,"Skipped"
"Silmeter looks like it might be AndresHerutJaims latest sockpuppet AndresHerutJaim is certainly active now eg  an IP sock Silmeter is already showing overlaps with previous socks Their user page is a bit suspect and they didnt respond to a question about it this edit is indicative of AndresHerutJaim and the edit warring here is a bit odd I dont know whether he is edit warring with himself there Ive seen that before","Silmeter looks like it might be AndresHerutJaims latest sockpuppet AndresHerutJaim is certainly active now eg  an IP sock Silmeter is already showing overlaps with previous socks Their user page is a bit suspect and they didnt respond to a question about it this edit is indicative of AndresHerutJaim and the edit warring here is a bit odd I dont know whether he is edit warring with himself there Ive seen that before",0.0013862848281860352,0.0013862848281860352,0,0,0,1,"Failed"
"You guys arent that important Hell some of the fads youre claiming responsibility for the creation of such as Fresh Prince lyrics originate from 4chan gtfo off my internets","You guys arent that important Hell some of the fads youre claiming responsibility for the creation of such as Fresh Prince lyrics originate from 4chan gtfo off my internets",0.46752792596817017,0.46752792596817017,0,0,0,1,"Failed"
"Constitution does not grant states the right to execute people <SPLIT><SPLIT> This argument about the 5th and 14th Amendments has been made to the Supreme Court on a number of occasions  The Court has ever adopted your interpretation","Constitution does not grant states the right to execute people <SPLIT><SPLIT> This argument about the 5th and 14th Amendments has been made to the Supreme Court on a number of occasions  The Court has ever adopted your interpretation",0.00034296512603759766,0.00034296512603759766,0,0,0,1,"Failed"
"Translation <SPLIT> Hi I saw your ArabicEnglish translator tag and saw that you are active so I was wondering if you could help me out by improving the article Refaat AlGammal as it is a featured article in Arabic and a terrible article in English I hope you can help","Translation <SPLIT> Hi I saw your ArabicEnglish translator tag and saw that you are active so I was wondering if you could help me out by improving the article Refaat AlGammal as it is a featured article in Arabic and a terrible article in English I hope you can help",0.002577543258666992,0.002577543258666992,0,0,0,1,"Failed"
"Jerusalem Day  <SPLIT><SPLIT> I appreciated your supporting post I saw no point in arguing the close but it still rankles when its met with such blind dispute where you can tell the person failed to even attempt to understand the outcome","Jerusalem Day  <SPLIT><SPLIT> I appreciated your supporting post I saw no point in arguing the close but it still rankles when its met with such blind dispute where you can tell the person failed to even attempt to understand the outcome",0.0002700686454772949,0.0002700686454772949,0,0,0,1,"Failed"
"can we get rid of the myths section  <SPLIT><SPLIT> its pretty useless imo","can we get rid of the myths section  <SPLIT><SPLIT> its pretty useless imo",0.2017533779144287,0.2017533779144287,0,0,0,1,"Failed"
"Ill be honest Im not happy with the result of the AFD but its going to be around for awhile and this the best possible article title The article is about the phrase and how it has taken on a cultural life of its own its most factual and neutral to just use the famous phrase and let the reader make up hisher own mind","Ill be honest Im not happy with the result of the AFD but its going to be around for awhile and this the best possible article title The article is about the phrase and how it has taken on a cultural life of its own its most factual and neutral to just use the famous phrase and let the reader make up hisher own mind",0.004503011703491211,0.004503011703491211,0,0,0,1,"Failed"
"JAYNE STILL SEEING REPLY FROM SIOBHANHANSA <SPLIT> Its been more than two years since this page was drafted and user SiobhanHansa put a conflict of interestneutral point of view warning on this article More than 20 people have now edited this article and many of the references are not my own Surely its long overdue to remove the Conflict of Interest tag on this article Ive posted this plea on SiobhanHansas page and the VV talk page Still no answer  Jcravens42 UTC8","JAYNE STILL SEEING REPLY FROM SIOBHANHANSA <SPLIT> Its been more than two years since this page was drafted and user SiobhanHansa put a conflict of interestneutral point of view warning on this article More than 20 people have now edited this article and many of the references are not my own Surely its long overdue to remove the Conflict of Interest tag on this article Ive posted this plea on SiobhanHansas page and the VV talk page Still no answer  Jcravens42 UTC8",0.00040215253829956055,0.00040215253829956055,0,0,0,1,"Failed"
"httpenwiktionaryorgwikiahem   You are typing that you are clearing your throat how odd","httpenwiktionaryorgwikiahem   You are typing that you are clearing your throat how odd",0.14345717430114746,0.14345717430114746,0,0,0,1,"Failed"
"Did you provide that information and I missed it Or do you think its unnecessary to provide that information in a warning or complaint","Did you provide that information and I missed it Or do you think its unnecessary to provide that information in a warning or complaint",0.0010265111923217773,0.0010265111923217773,0,0,0,1,"Failed"
"To find the quote you request you need only follow the link from statement to get the definition in Hamilton A statement is a declarative sentence that is either true or false <SPLIT><SPLIT> Keep in mind that Im not talking philosophy here only mathematics <SPLIT><SPLIT> In mathematics  in Hamilton in particular  we have parapharse because it is Sunday and my Hamilton is out at school <SPLIT><SPLIT> Proposition 35  If a group is cyclic then it is abelian <SPLIT><SPLIT> Proof  <SPLIT><SPLIT> Clearly in this usage which is common proposition means true proposition <SPLIT><SPLIT> Ill rewrite to make this clear to the reader  If you agree it is now clear you can remove the fact tags","To find the quote you request you need only follow the link from statement to get the definition in Hamilton A statement is a declarative sentence that is either true or false <SPLIT><SPLIT> Keep in mind that Im not talking philosophy here only mathematics <SPLIT><SPLIT> In mathematics  in Hamilton in particular  we have parapharse because it is Sunday and my Hamilton is out at school <SPLIT><SPLIT> Proposition 35  If a group is cyclic then it is abelian <SPLIT><SPLIT> Proof  <SPLIT><SPLIT> Clearly in this usage which is common proposition means true proposition <SPLIT><SPLIT> Ill rewrite to make this clear to the reader  If you agree it is now clear you can remove the fact tags",0.00029009580612182617,0.00029009580612182617,0,0,0,1,"Failed"
"Node I was looking for some good example of the difference between Serbian and Zlatiborian So I decided to translate the first part of the article about English language from Wikipedia to both languages Now I dont know how good you can understand the Cyrillic script but all the different words and phrases in Zlatiborian are bold <SPLIT><SPLIT> ENGLISH <SPLIT><SPLIT> The English language is a West Germanic language that originated in England from Old English AngloSaxon which in turn developed from languages brought by settlers from areas in modernnorthern Germany and Denmark It is the second most common first language with around 340 million native speakers worldwide English has lingua franca diplomatic language status in many parts of the world due to the military economic scientific political and cultural influence of the United Kingdom in the 18th and 19th centuries and the United States beginning in the 20th century It is the most widely learned second language due largely to the former extent of the British Empire in the 19th and early 20th century and to the enormous influence the United States has exerted through radio television cinema scientific publications and the Internet in recent decades <SPLIT><SPLIT> History <SPLIT><SPLIT> English is descended from languages spoken by Germanic tribes that migrated from what is now northern Germany and perhaps Denmark to what is now England These tribes are traditionally identified as the Frisians Angles Saxons and Jutes According to the AngloSaxon Chronicle around the year 449 Vortigern King of the British Isles issued an invitation to the Angle kin Angles led by Hengest and Horsa to help him against the Picts In return the Angles were granted lands in the SouthEast Further aid was sought and in response came men of Ald Seaxum of Anglum of Iotum Saxons Angles and Jutes The Chronicle talks of a subsequent influx of settlers who eventually established seven kingdoms Modern scholarship considers most of this story to be legendary and politically motivated <SPLIT> These Germanic invaders dominated the original Celticspeaking inhabitants whose languages survived largely in Scotland Wales Cornwall and Ireland The dialects spoken by these invaders formed what would be called Old English which was a very similar language to modern Frisian Later it was also strongly influenced by the North Germanic language Old Norse spoken by Norse who settled mainly in the NorthEast see Jorvik English England and East Anglia are derived from words referring to the Angles Englisc Angelcynn and Engleland <SPLIT> For the 300 years following the Norman Conquest in 1066 the Kings of England spoke only French using it as the Court language A large number of French words were assimilated into Old English some words doubling with Saxon words for instance ox and beef sheep and mutton The Old English also lost most of its inflections resulting in Middle English Around the year 1500 the Great Vowel Shift transformed Middle English to Modern English The most famous surviving works from Old and Middle English are Beowulf and Geoffrey Chaucers The Canterbury Tales respectively <SPLIT> Modern English the language described by this article began its rise around the time of William Shakespeare <SPLIT><SPLIT> Classification and related languages <SPLIT><SPLIT> The English language belongs to the western subbranch of the Germanic branch of the IndoEuropean family of languages The closest living relative of English is Scots Lallans a West Germanic language spoken mostly in Scotland and parts of Northern Ireland Like English Scots is a direct descendant of Old English also known as AngloSaxon <SPLIT> After Scots the next closest relatives are Frisian  spoken in the Netherlands and Germany  and modern Low Saxon language spoken primarily in northern Germany Other less closely related living languages include Dutch Afrikaans German and the Scandinavian languages Many French words are also intelligible to an English speaker pronunciations are not always identical of course as English absorbed a tremendous amount of vocabulary from the Norman language after the Norman conquest and from French in further centuries as a result a substantial share of English vocabulary is quite close to the French with some minor spelling differences word endings use of old French spellings etc as well as occasional differences in meaning <SPLIT><SPLIT> SERBIAN <SPLIT><SPLIT> E                                       340        lingua franca","Node I was looking for some good example of the difference between Serbian and Zlatiborian So I decided to translate the first part of the article about English language from Wikipedia to both languages Now I dont know how good you can understand the Cyrillic script but all the different words and phrases in Zlatiborian are bold <SPLIT><SPLIT> ENGLISH <SPLIT><SPLIT> The English language is a West Germanic language that originated in England from Old English AngloSaxon which in turn developed from languages brought by settlers from areas in modernnorthern Germany and Denmark It is the second most common first language with around 340 million native speakers worldwide English has lingua franca diplomatic language status in many parts of the world due to the military economic scientific political and cultural influence of the United Kingdom in the 18th and 19th centuries and the United States beginning in the 20th century It is the most widely learned second language due largely to the former extent of the British Empire in the 19th and early 20th century and to the enormous influence the United States has exerted through radio television cinema scientific publications and the Internet in recent decades <SPLIT><SPLIT> History <SPLIT><SPLIT> English is descended from languages spoken by Germanic tribes that migrated from what is now northern Germany and perhaps Denmark to what is now England These tribes are traditionally identified as the Frisians Angles Saxons and Jutes According to the AngloSaxon Chronicle around the year 449 Vortigern King of the British Isles issued an invitation to the Angle kin Angles led by Hengest and Horsa to help him against the Picts In return the Angles were granted lands in the SouthEast Further aid was sought and in response came men of Ald Seaxum of Anglum of Iotum Saxons Angles and Jutes The Chronicle talks of a subsequent influx of settlers who eventually established seven kingdoms Modern scholarship considers most of this story to be legendary and politically motivated <SPLIT> These Germanic invaders dominated the original Celticspeaking inhabitants whose languages survived largely in Scotland Wales Cornwall and Ireland The dialects spoken by these invaders formed what would be called Old English which was a very similar language to modern Frisian Later it was also strongly influenced by the North Germanic language Old Norse spoken by Norse who settled mainly in the NorthEast see Jorvik English England and East Anglia are derived from words referring to the Angles Englisc Angelcynn and Engleland <SPLIT> For the 300 years following the Norman Conquest in 1066 the Kings of England spoke only French using it as the Court language A large number of French words were assimilated into Old English some words doubling with Saxon words for instance ox and beef sheep and mutton The Old English also lost most of its inflections resulting in Middle English Around the year 1500 the Great Vowel Shift transformed Middle English to Modern English The most famous surviving works from Old and Middle English are Beowulf and Geoffrey Chaucers The Canterbury Tales respectively <SPLIT> Modern English the language described by this article began its rise around the time of William Shakespeare <SPLIT><SPLIT> Classification and related languages <SPLIT><SPLIT> The English language belongs to the western subbranch of the Germanic branch of the IndoEuropean family of languages The closest living relative of English is Scots Lallans a West Germanic language spoken mostly in Scotland and parts of Northern Ireland Like English Scots is a direct descendant of Old English also known as AngloSaxon <SPLIT> After Scots the next closest relatives are Frisian  spoken in the Netherlands and Germany  and modern Low Saxon language spoken primarily in northern Germany Other less closely related living languages include Dutch Afrikaans German and the Scandinavian languages Many French words are also intelligible to an English speaker pronunciations are not always identical of course as English absorbed a tremendous amount of vocabulary from the Norman language after the Norman conquest and from French in further centuries as a result a substantial share of English vocabulary is quite close to the French with some minor spelling differences word endings use of old French spellings etc as well as occasional differences in meaning <SPLIT><SPLIT> SERBIAN <SPLIT><SPLIT> E                                       340        lingua franca",0.0003014802932739258,0.0003014802932739258,0,0,0,1,"Failed"
"30 June 2011 UTC <SPLIT><SPLIT> Ok no problem But I do not see the need to repeat Luke  given that Wikisource has it but that was minor But is there another reference beside Salza given that he is no von Balthasar and has never had any official training in theology <SPLIT><SPLIT>  Now how about the paragraph above that the one that starts Scott Hahn states that the ratification and affirmation Does anyone apart from Hahn say that Or is he the only one   0631","30 June 2011 UTC <SPLIT><SPLIT> Ok no problem But I do not see the need to repeat Luke  given that Wikisource has it but that was minor But is there another reference beside Salza given that he is no von Balthasar and has never had any official training in theology <SPLIT><SPLIT>  Now how about the paragraph above that the one that starts Scott Hahn states that the ratification and affirmation Does anyone apart from Hahn say that Or is he the only one   0631",0.0003075599670410156,0.0003075599670410156,0,0,0,1,"Failed"
"Look currently the eccopro wiki does not list any links to OFFICIAL nor FREE distribution of the software  Instead  with your assistance  the only link is to an unauthorized PAY FOR ACCESS site  It is clearly in violation of the wikipedia policies and is something youve put a lot of effort into    Reference materials for the software at sourceforuge tersesystems the eccowiki and the official yahoo group  is all free  is reference material  and has nothing to do with me personally beyond my own contributions similar to the contributions made here   The eccomagic forums provides a huge base of reference material FREE  include DDE reference manuals programming examples etc   What youve done to date  is to remove reference material to proper official and free sites and have it replaced with paytoview unauthorized scam site   You are way out of line in aiding the promotion of a paytoview site <SPLIT><SPLIT>  My contributions here are all under my own namethe same name I contribute under everywhere  Ie even though wiki policy allows me to take a fake name for wiki use here  I have no reason to do so and have openly contributed here and elsewhere  You on the other hand have assisted bogus editors  Bottom line  based on your actions the current text makes no reference to the proper free reference location  and links to a paytoview bogus site  Its kind of important  Youve personally contributed to taking a wiki page and turning it into a feeder for a scam paytodownloadwarez site   By removing reference and link to the official authorized distribution site FREE  youve funneled traffic to the paytoaccess warez","Look currently the eccopro wiki does not list any links to OFFICIAL nor FREE distribution of the software  Instead  with your assistance  the only link is to an unauthorized PAY FOR ACCESS site  It is clearly in violation of the wikipedia policies and is something youve put a lot of effort into    Reference materials for the software at sourceforuge tersesystems the eccowiki and the official yahoo group  is all free  is reference material  and has nothing to do with me personally beyond my own contributions similar to the contributions made here   The eccomagic forums provides a huge base of reference material FREE  include DDE reference manuals programming examples etc   What youve done to date  is to remove reference material to proper official and free sites and have it replaced with paytoview unauthorized scam site   You are way out of line in aiding the promotion of a paytoview site <SPLIT><SPLIT>  My contributions here are all under my own namethe same name I contribute under everywhere  Ie even though wiki policy allows me to take a fake name for wiki use here  I have no reason to do so and have openly contributed here and elsewhere  You on the other hand have assisted bogus editors  Bottom line  based on your actions the current text makes no reference to the proper free reference location  and links to a paytoview bogus site  Its kind of important  Youve personally contributed to taking a wiki page and turning it into a feeder for a scam paytodownloadwarez site   By removing reference and link to the official authorized distribution site FREE  youve funneled traffic to the paytoaccess warez",0.002318859100341797,0.002318859100341797,0,0,0,1,"Failed"
"I wasnt stirring any pot I was privately advising THB when you lot interrupted me 8","I wasnt stirring any pot I was privately advising THB when you lot interrupted me 8",0.012116014957427979,0.012116014957427979,0,0,0,1,"Failed"
"Memorials <SPLIT> Are there any more than that horse one Its kind of pathetic as is","Memorials <SPLIT> Are there any more than that horse one Its kind of pathetic as is",0.7323524951934814,0.7323524951934814,1,1,0,1,"Skipped"
"Indeed Im clearly bored and lonely   hope your internet connecito nhasnt got bird flu Many thanks for your help","Indeed Im clearly bored and lonely   hope your internet connecito nhasnt got bird flu Many thanks for your help",0.08865481615066528,0.08865481615066528,0,0,0,1,"Failed"
"Ejamison111 I read your response What is the purpose of having an an external link section  <SPLIT><SPLIT> The Hoa Hao are evil I survived and am on a mission to expose the truth about these evil xenophobes Ill take legal action on this is I have too after I exhaust Wikipedia protocol Your better off helping me find a resolution because Im not going away","Ejamison111 I read your response What is the purpose of having an an external link section  <SPLIT><SPLIT> The Hoa Hao are evil I survived and am on a mission to expose the truth about these evil xenophobes Ill take legal action on this is I have too after I exhaust Wikipedia protocol Your better off helping me find a resolution because Im not going away",0.07251083850860596,0.07251083850860596,0,0,0,1,"Failed"
"has been breaking his 3RR 24h ban See here here and here Please let me know if you can do anything about it Regards","has been breaking his 3RR 24h ban See here here and here Please let me know if you can do anything about it Regards",0.0011495351791381836,0.0011495351791381836,0,0,0,1,"Failed"
"Islamic text on coin  <SPLIT><SPLIT> Seems to be copyvio from  not an RS in any case","Islamic text on coin  <SPLIT><SPLIT> Seems to be copyvio from  not an RS in any case",0.00020688772201538086,0.00020688772201538086,0,0,0,1,"Failed"
"Page protection 19 June 2011  <SPLIT><SPLIT> Ive fully protected the article for 24 hours for all the edit warring shenanigans going on today between 1356 and 1657 UTC The main combatants  and  have been blocked for 31 and 48 hours respectively Cut this shit out    email","Page protection 19 June 2011  <SPLIT><SPLIT> Ive fully protected the article for 24 hours for all the edit warring shenanigans going on today between 1356 and 1657 UTC The main combatants  and  have been blocked for 31 and 48 hours respectively Cut this shit out    email",0.38981229066848755,0.38981229066848755,1,1,1,1,"Failed"
"Both of the sources are added this time","Both of the sources are added this time",0.0001869797706604004,0.0001869797706604004,0,0,0,1,"Failed"
"I have nothing against criticism of furry fandom I just believe it should be valid criticism I dont think valid criticism comes from socalled humor sites like Something Awful Encyclopedia Dramatica Crush Yiff Destroy or people who learned everything they know about furries from a fictionalized TV show like CSI Thats like claiming the Weekly World News is a reputable source  <SPLIT><SPLIT> If someone has criticism against the fandom then their argument should be able to stand on its own merits rather than relying on the LOLZ factor All citing SA ED CYD et al does is prove they have been unquestioningly repeating these tired old jokes for so long that theyre started to actually believe them","I have nothing against criticism of furry fandom I just believe it should be valid criticism I dont think valid criticism comes from socalled humor sites like Something Awful Encyclopedia Dramatica Crush Yiff Destroy or people who learned everything they know about furries from a fictionalized TV show like CSI Thats like claiming the Weekly World News is a reputable source  <SPLIT><SPLIT> If someone has criticism against the fandom then their argument should be able to stand on its own merits rather than relying on the LOLZ factor All citing SA ED CYD et al does is prove they have been unquestioningly repeating these tired old jokes for so long that theyre started to actually believe them",0.003930807113647461,0.003930807113647461,0,0,0,1,"Failed"
"Why wikify when it is going down the toilet anyhow  <SPLIT><SPLIT> I was a bit pissed off at my fellow Democrat for that prank but you are even a bigger enigma A Republican who cleans up an entry which has no chance of lasting anyhow At least I can say that Ive nominated if for deletion because I dont like trolls regardless of their politics","Why wikify when it is going down the toilet anyhow  <SPLIT><SPLIT> I was a bit pissed off at my fellow Democrat for that prank but you are even a bigger enigma A Republican who cleans up an entry which has no chance of lasting anyhow At least I can say that Ive nominated if for deletion because I dont like trolls regardless of their politics",0.30519503355026245,0.30519503355026245,0,0,0,1,"Failed"
"I have tried to have the issue mediated  it is really a tiny issue but Im tired of Boothy and refuse to be bullied by him","I have tried to have the issue mediated  it is really a tiny issue but Im tired of Boothy and refuse to be bullied by him",0.011006057262420654,0.011006057262420654,0,0,0,1,"Failed"
"are toxic to infants and ca bosubly kill them Austin is asl a","are toxic to infants and ca bosubly kill them Austin is asl a",0.16745471954345703,0.16745471954345703,1,1,1,1,"Failed"
"Rome is burning The emperor has no clothes","Rome is burning The emperor has no clothes",0.39093828201293945,0.39093828201293945,0,0,0,1,"Failed"
"WAC Corporal footnote  <SPLIT><SPLIT> I strongly suggest that the link to WAC Corporal already contained in this article means that the note providing extra information about the WAC Corporal is redundant  Would also suggest that the detail given in the note is not a critical enough element of the Riders to the Stars article to require repeating it here as a standalone note  If the WAC Corporal article is inadequate in describing the info contained in the note perhaps the WAC Corporal article is the place to add extra information  Ill check back here for commentsdiscussion","WAC Corporal footnote  <SPLIT><SPLIT> I strongly suggest that the link to WAC Corporal already contained in this article means that the note providing extra information about the WAC Corporal is redundant  Would also suggest that the detail given in the note is not a critical enough element of the Riders to the Stars article to require repeating it here as a standalone note  If the WAC Corporal article is inadequate in describing the info contained in the note perhaps the WAC Corporal article is the place to add extra information  Ill check back here for commentsdiscussion",0.00017780065536499023,0.00017780065536499023,0,0,0,1,"Failed"
"The files I want are ESRI shapefiles","The files I want are ESRI shapefiles",0.00032699108123779297,0.00032699108123779297,0,0,0,1,"Failed"
"In response to your feedback <SPLIT><SPLIT>  <SPLIT> Because what you did was delete relevant information and replace it with opinionated stuff <SPLIT><SPLIT>   Email Me","In response to your feedback <SPLIT><SPLIT>  <SPLIT> Because what you did was delete relevant information and replace it with opinionated stuff <SPLIT><SPLIT>   Email Me",0.0014199018478393555,0.0014199018478393555,0,0,0,1,"Failed"
"Well these views cant just be made up  They have to be significant views from notable sources acording to WPNPOV  Jayen your interpretations are in good faith but what we need is the actual reliable sources from which these views are taken and make sure they are represented accurately        <SPLIT> This was just to answer your question above  and I paraphrase  What on earth did they mean As for sources lets not forget that this was in the lede where summaries of article content can stand without source It was clearly meant as an attempt to summarise the stuff in the country sections below US social movements opposing religious beliefs in Saudi Arabia etc But it didnt work I think you were right to take it out and we might as well live without it","Well these views cant just be made up  They have to be significant views from notable sources acording to WPNPOV  Jayen your interpretations are in good faith but what we need is the actual reliable sources from which these views are taken and make sure they are represented accurately        <SPLIT> This was just to answer your question above  and I paraphrase  What on earth did they mean As for sources lets not forget that this was in the lede where summaries of article content can stand without source It was clearly meant as an attempt to summarise the stuff in the country sections below US social movements opposing religious beliefs in Saudi Arabia etc But it didnt work I think you were right to take it out and we might as well live without it",0.00025779008865356445,0.00025779008865356445,0,0,0,1,"Failed"
"Hi Alexander1257 the page was nominated for deletion at WikipediaArticles for deletion201213 US winter storm season and the discussion was closed by an administrator as delete If you believe there was an error made in the Article for Deletion process or outcome then you can raise the issue at deletion review You could also ask the  for additional information or details if you still have questions","Hi Alexander1257 the page was nominated for deletion at WikipediaArticles for deletion201213 US winter storm season and the discussion was closed by an administrator as delete If you believe there was an error made in the Article for Deletion process or outcome then you can raise the issue at deletion review You could also ask the  for additional information or details if you still have questions",0.00021666288375854492,0.00021666288375854492,0,0,0,1,"Failed"
"listas  Oliver Sally","listas  Oliver Sally",0.002782464027404785,0.002782464027404785,0,0,0,1,"Failed"
"Tribelands of Haradwraith  <SPLIT><SPLIT>  I incorrectly deleted the article Tribelands of Haradwraith The consensus was Merge so I merged the section into the article Why did you end up removing it from the article afterwards","Tribelands of Haradwraith  <SPLIT><SPLIT>  I incorrectly deleted the article Tribelands of Haradwraith The consensus was Merge so I merged the section into the article Why did you end up removing it from the article afterwards",0.00023180246353149414,0.00023180246353149414,0,0,0,1,"Failed"
"wales is a sex addict","wales is a sex addict",0.9590996503829956,0.9590996503829956,1,1,0,1,"Skipped"
"This issue is still waiting for your input","This issue is still waiting for your input",0.00038880109786987305,0.00038880109786987305,0,0,0,1,"Failed"
"I added selfidentification because the libertarianism label seemed not to be supported by any thirdparty source and therefore seemed to be nothing but the partys selfidentification In other partys infoboxes there is only the ideology as given in neutral thirdparty sources and not the selfidentification therefore the tag selfidentification soes not appear Wikipedia is written from a neutral point of view NPOV it is one of three core content policies Therefore the reader may assume that every statement in Wikipedia that is not explicitly marked as a particular party or actors opinion is a neutral fact Of course ideology classifications are never facts but still the reader may assume that the ideology is classified by neutral analysts by reference to neutral criteria If we present a particular partys or actors opinion ie the selfpositionment of the party we have to mark it is such because otherwise we create the impression that it is a neutral nonpartisan or thirdparty statement Id rather not put the selfidentification of any party in the respective infobox at all but only hold onto statements in thirdparty sources","I added selfidentification because the libertarianism label seemed not to be supported by any thirdparty source and therefore seemed to be nothing but the partys selfidentification In other partys infoboxes there is only the ideology as given in neutral thirdparty sources and not the selfidentification therefore the tag selfidentification soes not appear Wikipedia is written from a neutral point of view NPOV it is one of three core content policies Therefore the reader may assume that every statement in Wikipedia that is not explicitly marked as a particular party or actors opinion is a neutral fact Of course ideology classifications are never facts but still the reader may assume that the ideology is classified by neutral analysts by reference to neutral criteria If we present a particular partys or actors opinion ie the selfpositionment of the party we have to mark it is such because otherwise we create the impression that it is a neutral nonpartisan or thirdparty statement Id rather not put the selfidentification of any party in the respective infobox at all but only hold onto statements in thirdparty sources",0.0002446770668029785,0.0002446770668029785,0,0,0,1,"Failed"
"Accountcreator  <SPLIT><SPLIT>  <SPLIT> Hello Hydroxonium since you are highly active on the account creation interface I have enabled accountcreator on your account This will enable you to ignore the normal limit on daily account creations and other checks Please take note of the following points <SPLIT> This permission does not give you any special status or authority <SPLIT> Be sure that the conflicting account is inactive when overriding the spoofing check <SPLIT> Creation of inappropriate accounts or pages may lead to its removal <SPLIT> Disruptive editing of edit notices may lead to its removal <SPLIT> You can display the  top icon or the  userbox on your user page <SPLIT> If for any reason you decide you do not want the permission let me know and I can remove it <SPLIT> If you have any questions about the permission dont hesitate to ask me Otherwise happy editing","Accountcreator  <SPLIT><SPLIT>  <SPLIT> Hello Hydroxonium since you are highly active on the account creation interface I have enabled accountcreator on your account This will enable you to ignore the normal limit on daily account creations and other checks Please take note of the following points <SPLIT> This permission does not give you any special status or authority <SPLIT> Be sure that the conflicting account is inactive when overriding the spoofing check <SPLIT> Creation of inappropriate accounts or pages may lead to its removal <SPLIT> Disruptive editing of edit notices may lead to its removal <SPLIT> You can display the  top icon or the  userbox on your user page <SPLIT> If for any reason you decide you do not want the permission let me know and I can remove it <SPLIT> If you have any questions about the permission dont hesitate to ask me Otherwise happy editing",0.0004954338073730469,0.0004954338073730469,0,0,0,1,"Failed"
"His balls got cut of then he got them replaced with gold","His balls got cut of then he got them replaced with gold",0.39176034927368164,0.39176034927368164,1,1,1,1,"Failed"
"Punktune Chipcore Showtunes","Punktune Chipcore Showtunes",0.010338068008422852,0.010338068008422852,0,0,0,1,"Failed"
"Thanks <SPLIT><SPLIT> Thanks for updating the opening paragraph of the Francis Hopkinson article  When we made the changes last summer we didnt think to change the first paragraphmy first effort for Wikipedia  We so appreciate your contribution saying that Hopkinson designed the first US flag  The evidence is certainly there","Thanks <SPLIT><SPLIT> Thanks for updating the opening paragraph of the Francis Hopkinson article  When we made the changes last summer we didnt think to change the first paragraphmy first effort for Wikipedia  We so appreciate your contribution saying that Hopkinson designed the first US flag  The evidence is certainly there",0.00016641616821289062,0.00016641616821289062,0,0,0,1,"Failed"
"What are you even going on about That was done in the latest edit to the page You wanna come here an insult us when the information is actually sourced Howabout you get off your lazy ass and check the edit history to see if weve even had time to correct it JEEZ","What are you even going on about That was done in the latest edit to the page You wanna come here an insult us when the information is actually sourced Howabout you get off your lazy ass and check the edit history to see if weve even had time to correct it JEEZ",0.31614136695861816,0.31614136695861816,1,1,1,1,"Failed"
"I make lots of comments and accusations on that page Which one are you referring to","I make lots of comments and accusations on that page Which one are you referring to",0.0013877153396606445,0.0013877153396606445,0,0,0,1,"Failed"
"0605 20 January 2009","0605 20 January 2009",0.00022870302200317383,0.00022870302200317383,0,0,0,1,"Failed"
"this is a terrible lsit ive got to say","this is a terrible lsit ive got to say",0.2562119960784912,0.2562119960784912,0,0,0,1,"Failed"
"Your continued posting here is harassment my congratulating Kim had nothing to do with wikipedia articles or the topic of ecigarettes on wikipedia nothing It was about winning an election in the offline world where ecigs were not even mentioned by me It is wikilawyering to try and make it so","Your continued posting here is harassment my congratulating Kim had nothing to do with wikipedia articles or the topic of ecigarettes on wikipedia nothing It was about winning an election in the offline world where ecigs were not even mentioned by me It is wikilawyering to try and make it so",0.005828917026519775,0.005828917026519775,0,0,0,1,"Failed"
"Expansion <SPLIT> Im trying to start expansion of this article An expansion that will include a reception production crew and DVD release sections I will clean it up and aim to have it featured Apparently a consensus was formed to keep the tables centered and the leave the merged tribe as one long line In order to gain featured status of this article the table shouldnt be centered and should be sortable If the merged tribe is in one long row it fucks up the sortable featured so I should really be unsortable","Expansion <SPLIT> Im trying to start expansion of this article An expansion that will include a reception production crew and DVD release sections I will clean it up and aim to have it featured Apparently a consensus was formed to keep the tables centered and the leave the merged tribe as one long line In order to gain featured status of this article the table shouldnt be centered and should be sortable If the merged tribe is in one long row it fucks up the sortable featured so I should really be unsortable",0.3573271632194519,0.3573271632194519,0,0,0,1,"Failed"
"I was explaining my thought on the subject as my initial post didnt really do so Why be so incivil","I was explaining my thought on the subject as my initial post didnt really do so Why be so incivil",0.000469207763671875,0.000469207763671875,0,0,0,1,"Failed"
"Support This is definitely the best option Ive heard","Support This is definitely the best option Ive heard",0.0002072453498840332,0.0002072453498840332,0,0,0,1,"Failed"
"If you delete this  <SPLIT><SPLIT> then you admit you are a chump","If you delete this  <SPLIT><SPLIT> then you admit you are a chump",0.22764021158218384,0.22764021158218384,1,1,1,1,"Failed"
"A brownie for you   <SPLIT><SPLIT>  stylebackgroundcolor fdffe7 border 1px solid fceb92 <SPLIT> styleverticalalign middle padding 5px   <SPLIT> styleverticalalign middle padding 3px  Thanks a lot for your contribution and your help after the creation of my first page httpenwikipediaorgwikiNewdiplomat it is sincerely appreciated <SPLIT><SPLIT> Jef <SPLIT><SPLIT> ps is there any way to correct the title diplomat should be capitalized as follows New Diplomat Thanks again","A brownie for you   <SPLIT><SPLIT>  stylebackgroundcolor fdffe7 border 1px solid fceb92 <SPLIT> styleverticalalign middle padding 5px   <SPLIT> styleverticalalign middle padding 3px  Thanks a lot for your contribution and your help after the creation of my first page httpenwikipediaorgwikiNewdiplomat it is sincerely appreciated <SPLIT><SPLIT> Jef <SPLIT><SPLIT> ps is there any way to correct the title diplomat should be capitalized as follows New Diplomat Thanks again",0.0003679990768432617,0.0003679990768432617,0,0,0,1,"Failed"
"Categories  <SPLIT><SPLIT> Dear Bearcat thank you for recommending that a link to categories be included on the new article on Chua Ka I saw all kinds of information about categories on the help page but couldnt find a list of existing categories Could you advise","Categories  <SPLIT><SPLIT> Dear Bearcat thank you for recommending that a link to categories be included on the new article on Chua Ka I saw all kinds of information about categories on the help page but couldnt find a list of existing categories Could you advise",0.00018340349197387695,0.00018340349197387695,0,0,0,1,"Failed"
"Have a look at this","Have a look at this",0.000987410545349121,0.000987410545349121,0,0,0,1,"Failed"
"Possible addition of her work with Gay rights  <SPLIT><SPLIT> In the intro of the article should gay rights activist be added as one of her titles I mean shes done tons of work with gay organizations and is an outspoken supporter of Gay rights including marriage Its my opinion that it be added but I wanted to see what other people think first What do you recommend","Possible addition of her work with Gay rights  <SPLIT><SPLIT> In the intro of the article should gay rights activist be added as one of her titles I mean shes done tons of work with gay organizations and is an outspoken supporter of Gay rights including marriage Its my opinion that it be added but I wanted to see what other people think first What do you recommend",0.0010197758674621582,0.0010197758674621582,0,0,0,1,"Failed"
"Then please do not simply revert but add other sources to it As for the sources in controversial topics the EI and EIr are considered authoritative ie when there is no equally scholastic source available In addition Carter Vaughn Findley is a notable specialist of Turkic studies and the author of the book Turks in World History published by the Oxford University Press in 2005 And his source clearly says  <SPLIT>  Many elements of NonTurkic origin also became part of Trk statecraft  for example as in the case of khatun  and beg  both terms being of Sogdian origin and ever since in common use in Turkish  p 45 link to Google Books","Then please do not simply revert but add other sources to it As for the sources in controversial topics the EI and EIr are considered authoritative ie when there is no equally scholastic source available In addition Carter Vaughn Findley is a notable specialist of Turkic studies and the author of the book Turks in World History published by the Oxford University Press in 2005 And his source clearly says  <SPLIT>  Many elements of NonTurkic origin also became part of Trk statecraft  for example as in the case of khatun  and beg  both terms being of Sogdian origin and ever since in common use in Turkish  p 45 link to Google Books",0.00016999244689941406,0.00016999244689941406,0,0,0,1,"Failed"
"Up to the Palestinians to end it eh  So the Palestinians should then pull their tanks and troops out of Jerusalem and Tel Aviv  Ah  And collateral damage  Collateral damage of what","Up to the Palestinians to end it eh  So the Palestinians should then pull their tanks and troops out of Jerusalem and Tel Aviv  Ah  And collateral damage  Collateral damage of what",0.0311012864112854,0.0311012864112854,0,0,0,1,"Failed"
"Id leave it at Channel X Radio because it has other call signs as well","Id leave it at Channel X Radio because it has other call signs as well",0.0007625818252563477,0.0007625818252563477,0,0,0,1,"Failed"
"Mjroots is an admin I think he did it on accident","Mjroots is an admin I think he did it on accident",0.16091829538345337,0.16091829538345337,0,0,0,1,"Failed"
"Awards  <SPLIT><SPLIT> The whole Awardssection is in German  eg in der ZDFReihe","Awards  <SPLIT><SPLIT> The whole Awardssection is in German  eg in der ZDFReihe",0.0003898739814758301,0.0003898739814758301,0,0,0,1,"Failed"
"The tone on this article is almost comically innappropriate  Tourism is especially large in Mount Everest and a large amount of conflict has arisen there  as we will study later  I dont know anything about the subject so Im leaving the article alone though","The tone on this article is almost comically innappropriate  Tourism is especially large in Mount Everest and a large amount of conflict has arisen there  as we will study later  I dont know anything about the subject so Im leaving the article alone though",0.0003006458282470703,0.0003006458282470703,0,0,0,1,"Failed"
"There is nothing remotely antisemitic about Mr Gibson you illiterate mud slinger","There is nothing remotely antisemitic about Mr Gibson you illiterate mud slinger",0.18589043617248535,0.18589043617248535,1,1,1,1,"Failed"
"Dawkins Homosexuality  <SPLIT><SPLIT> httpwwwsodaheadcomentertainmentisricharddawkinsgayquestion188364","Dawkins Homosexuality  <SPLIT><SPLIT> httpwwwsodaheadcomentertainmentisricharddawkinsgayquestion188364",0.37092071771621704,0.37092071771621704,0,0,0,1,"Failed"
"Languages <SPLIT><SPLIT> Hi There Can you translate my name in what language you know please and then post it Here I would be very grateful if you do if you know another language apart from English and the ones on my userpage please feel free to post it on PS all th translations are in alpahbetical order so when you add one please put it in alpahbetical order according to the language Thanks","Languages <SPLIT><SPLIT> Hi There Can you translate my name in what language you know please and then post it Here I would be very grateful if you do if you know another language apart from English and the ones on my userpage please feel free to post it on PS all th translations are in alpahbetical order so when you add one please put it in alpahbetical order according to the language Thanks",0.00018829107284545898,0.00018829107284545898,0,0,0,1,"Failed"
"Bridgham Street is a street in Providence  Arch Street is also  Wilson Street is also  Probably the name should be with two em or en dashes between them  The National Registers NRIS database which Elkmans generator draws from shows doublehyphens between them  I updated the infobox now adding coords u can click on the coords to see where Arch Street etc are in Providence  Hope this helps  To develop the article someone needs to ask the National Register for the full NRHP nomination document which would be sent for free","Bridgham Street is a street in Providence  Arch Street is also  Wilson Street is also  Probably the name should be with two em or en dashes between them  The National Registers NRIS database which Elkmans generator draws from shows doublehyphens between them  I updated the infobox now adding coords u can click on the coords to see where Arch Street etc are in Providence  Hope this helps  To develop the article someone needs to ask the National Register for the full NRHP nomination document which would be sent for free",0.00020450353622436523,0.00020450353622436523,0,0,0,1,"Failed"
"YOU ARE RUDE  <SPLIT><SPLIT> BACONISM IS REAL IT IS A RELIGION AND YOU ARE RACIALLY ABUSING ME I DONT GET WHY YOU DONT BELIVE ME Check this page bitchunitedchurchofbaconcom I hope I MEET YOU AND S 	  YOU <SPLIT><SPLIT>  <SPLIT> Love from eprincey","YOU ARE RUDE  <SPLIT><SPLIT> BACONISM IS REAL IT IS A RELIGION AND YOU ARE RACIALLY ABUSING ME I DONT GET WHY YOU DONT BELIVE ME Check this page bitchunitedchurchofbaconcom I hope I MEET YOU AND S 	  YOU <SPLIT><SPLIT>  <SPLIT> Love from eprincey",0.8840826153755188,0.8840826153755188,1,1,0,1,"Skipped"
"Go and fuck yourself  <SPLIT><SPLIT> How about focusing on editing articles instead of denouncing my accounts Try to be more relaxed Wikipedia is intended to be a collaborative encyclopedia not a battlefield where greedy and rabid editors fight between each other Is it sad that you get satisfactions from being a squealer Take lessons from  who has no reservations in cooperating with sock accounts if that is in the interest of the encyclopedia    <SPLIT> You are pitiful I guess you have no girlfriend","Go and fuck yourself  <SPLIT><SPLIT> How about focusing on editing articles instead of denouncing my accounts Try to be more relaxed Wikipedia is intended to be a collaborative encyclopedia not a battlefield where greedy and rabid editors fight between each other Is it sad that you get satisfactions from being a squealer Take lessons from  who has no reservations in cooperating with sock accounts if that is in the interest of the encyclopedia    <SPLIT> You are pitiful I guess you have no girlfriend",0.018978357315063477,0.018978357315063477,1,1,1,1,"Failed"
"Images issue  <SPLIT> Im moving this discussion to your page just cuz Hope its okay <SPLIT><SPLIT> So I am bored and got nothing to do and as I cannot be still I was thinking about making some Photoshop work to create a Comic image of MacPhisto and The Mirror Ball Man as we dont have free pictures and they were important parts of ZooTV Tour What do you think Is this ok    <SPLIT> I dont know honestly You might try asking at WikipediaMedia copyright questions     <SPLIT> I will in a minute  Hope you had a great Halloween Did you get dressed up Oh and I hope I am not bothering so much    <SPLIT> I did get dressed up My wife and I went as the beginning and end points on a Google Maps driving directions route We wore big A and B circles with shirts that had streets on them It was fun By the way remember Silver And Gold on Rattle And Hum where Bono preached against apartheid Then he ended with Am I buggin you I dont mean to bug you Okay Edge play the blues Your comment reminded me of that","Images issue  <SPLIT> Im moving this discussion to your page just cuz Hope its okay <SPLIT><SPLIT> So I am bored and got nothing to do and as I cannot be still I was thinking about making some Photoshop work to create a Comic image of MacPhisto and The Mirror Ball Man as we dont have free pictures and they were important parts of ZooTV Tour What do you think Is this ok    <SPLIT> I dont know honestly You might try asking at WikipediaMedia copyright questions     <SPLIT> I will in a minute  Hope you had a great Halloween Did you get dressed up Oh and I hope I am not bothering so much    <SPLIT> I did get dressed up My wife and I went as the beginning and end points on a Google Maps driving directions route We wore big A and B circles with shirts that had streets on them It was fun By the way remember Silver And Gold on Rattle And Hum where Bono preached against apartheid Then he ended with Am I buggin you I dont mean to bug you Okay Edge play the blues Your comment reminded me of that",0.009229302406311035,0.009229302406311035,0,0,0,1,"Failed"
"I agree with Merijn For example there was an article by Cruyff stating that the current Dutch players lack skills in stead of Van Basten However resistance against his performance increases","I agree with Merijn For example there was an article by Cruyff stating that the current Dutch players lack skills in stead of Van Basten However resistance against his performance increases",0.0006461739540100098,0.0006461739540100098,0,0,0,1,"Failed"
"Do we know the precise location of Fort Maurepas  Has archeological evidence been found I couldnt tell by reading this article","Do we know the precise location of Fort Maurepas  Has archeological evidence been found I couldnt tell by reading this article",0.00020843744277954102,0.00020843744277954102,0,0,0,1,"Failed"
"I think the reason I spotted the errors was simply due to my ignorance of the subject matter meaning I had to read it carefully to try and understand what it was saying Its obviously a very easy name to slip up on  in the previous section about flower colour both yourself and  used nonscriptus instead of nonscripta and I was going to do likewise until not wanting to appear as the botanical ignoramus I thought Id better check the name to be doubly sure As regards the first sentence I prefer your proposed alternative as it does make it clearer but I wonder if in addition it would be possible to make a brief explanation somewhere as to why nonscriptus should change to nonscripta when applied to a different genus name  or would that be getting too boggeddown in nomenclatural particularities Im assuming the change is something to do with the laws of Latin with respect to gender although I cant see why different genera should have different genders","I think the reason I spotted the errors was simply due to my ignorance of the subject matter meaning I had to read it carefully to try and understand what it was saying Its obviously a very easy name to slip up on  in the previous section about flower colour both yourself and  used nonscriptus instead of nonscripta and I was going to do likewise until not wanting to appear as the botanical ignoramus I thought Id better check the name to be doubly sure As regards the first sentence I prefer your proposed alternative as it does make it clearer but I wonder if in addition it would be possible to make a brief explanation somewhere as to why nonscriptus should change to nonscripta when applied to a different genus name  or would that be getting too boggeddown in nomenclatural particularities Im assuming the change is something to do with the laws of Latin with respect to gender although I cant see why different genera should have different genders",0.0008144974708557129,0.0008144974708557129,0,0,0,1,"Failed"
"You cock gobblers sound so funny 0 I feel that it is disambigous and shoul dbe move har har har Pausing for a moment to not be totaly into yourselfs I think some refference to the politcal protocol of absolutes in neccesarry in the house of commons har har har har ANother dipshitohh yes I further agree with that I see no reason that we shalt specualte non further har har har har har YOU FVCKS PROBABLY WENT TO COMMUNITY COLLEGE WIKKI SUCK FAT DONKEY TESTICLES AS DO YOU CVNT CLOWNS","You cock gobblers sound so funny 0 I feel that it is disambigous and shoul dbe move har har har Pausing for a moment to not be totaly into yourselfs I think some refference to the politcal protocol of absolutes in neccesarry in the house of commons har har har har ANother dipshitohh yes I further agree with that I see no reason that we shalt specualte non further har har har har har YOU FVCKS PROBABLY WENT TO COMMUNITY COLLEGE WIKKI SUCK FAT DONKEY TESTICLES AS DO YOU CVNT CLOWNS",0.02540343999862671,0.02540343999862671,1,1,1,1,"Failed"
"You may find the last revision of the page at   Only recreate this as an actual article if you can find more sources to indicate that the subject is notable  I will delete this page at some point","You may find the last revision of the page at   Only recreate this as an actual article if you can find more sources to indicate that the subject is notable  I will delete this page at some point",0.00024646520614624023,0.00024646520614624023,0,0,0,1,"Failed"
"State Capitalism  <SPLIT> re Karl Marx article <SPLIT> I changed communism to system in the USSR and  changed it to the state capitalist system in the USSR <SPLIT><SPLIT> There is a body of opinion that says the system in the USSR was state capitalist ie followers of Tony Cliff but it is an opinion ie POV so therefore I removed state capitalist and lets just leave it as the system in the USSR <SPLIT><SPLIT> My original intention was to remove communism as you wont find many people who could justify calling the system in the USSR communism not even Stalin obviously not Trotsky  only those who want to disparage communism  so leave it ALL out and just call it the system in the USSR","State Capitalism  <SPLIT> re Karl Marx article <SPLIT> I changed communism to system in the USSR and  changed it to the state capitalist system in the USSR <SPLIT><SPLIT> There is a body of opinion that says the system in the USSR was state capitalist ie followers of Tony Cliff but it is an opinion ie POV so therefore I removed state capitalist and lets just leave it as the system in the USSR <SPLIT><SPLIT> My original intention was to remove communism as you wont find many people who could justify calling the system in the USSR communism not even Stalin obviously not Trotsky  only those who want to disparage communism  so leave it ALL out and just call it the system in the USSR",0.0005733966827392578,0.0005733966827392578,0,0,0,1,"Failed"
"James Stewart  Anatomy of a Murder as Paul Biegler","James Stewart  Anatomy of a Murder as Paul Biegler",0.011870265007019043,0.011870265007019043,0,0,0,1,"Failed"
"i just blewe a wicked fart","i just blewe a wicked fart",0.8523455858230591,0.8523455858230591,1,1,0,1,"Skipped"
"Pants huh Here is a painting that is modern for you La Femme aux Phlox","Pants huh Here is a painting that is modern for you La Femme aux Phlox",0.06697028875350952,0.06697028875350952,0,0,0,1,"Failed"
"See SpecialListGroupRights  are the group of rights given to everyone who edits IPs and accounts user are the group of rights given to all accounts      logs","See SpecialListGroupRights  are the group of rights given to everyone who edits IPs and accounts user are the group of rights given to all accounts      logs",0.0005114078521728516,0.0005114078521728516,0,0,0,1,"Failed"
"Perhaps because you posted it in an entirely inappropriate place Try TalkCzech Airlines","Perhaps because you posted it in an entirely inappropriate place Try TalkCzech Airlines",0.00029140710830688477,0.00029140710830688477,0,0,0,1,"Failed"
"Id like to give my best wishes also and doesnt Illegitimus non carborundum mean Bastards are not abrasives is very obviously a la0","Id like to give my best wishes also and doesnt Illegitimus non carborundum mean Bastards are not abrasives is very obviously a la0",0.5281477570533752,0.5281477570533752,1,1,0,1,"Skipped"
"Source  <SPLIT><SPLIT> Can you provide a source for this information   User talkKertratsTalk","Source  <SPLIT><SPLIT> Can you provide a source for this information   User talkKertratsTalk",0.0004451870918273926,0.0004451870918273926,0,0,0,1,"Failed"
"This is not a proper place to ask such questions  Please ask a professional Gynaecologist instead <SPLIT><SPLIT> 20110103  Lena Synnerholm Mrsta Sweden","This is not a proper place to ask such questions  Please ask a professional Gynaecologist instead <SPLIT><SPLIT> 20110103  Lena Synnerholm Mrsta Sweden",0.0005137920379638672,0.0005137920379638672,0,0,0,1,"Failed"
"To bad for you stupid victorians safeway is now wooloworths so grow up and realise we live in an open market economy","To bad for you stupid victorians safeway is now wooloworths so grow up and realise we live in an open market economy",0.0631210207939148,0.0631210207939148,1,1,1,1,"Failed"
"Hmmm Good point I just assumed that they are the same thing I will check it out Thanks","Hmmm Good point I just assumed that they are the same thing I will check it out Thanks",0.00018066167831420898,0.00018066167831420898,0,0,0,1,"Failed"
"PIPER SURLY HALLIWELL  <SPLIT><SPLIT> her name is NOT PIPER SURLY <SPLIT> phoebe was saying this jokingly to piper because piper was being paranoid as to whether it rle was phoebe  <SPLIT> sorry if this sounds horrible <SPLIT> its just being a charmed lover i really hate seeing mistakes like this <SPLIT> im sorry to whoever did write it though","PIPER SURLY HALLIWELL  <SPLIT><SPLIT> her name is NOT PIPER SURLY <SPLIT> phoebe was saying this jokingly to piper because piper was being paranoid as to whether it rle was phoebe  <SPLIT> sorry if this sounds horrible <SPLIT> its just being a charmed lover i really hate seeing mistakes like this <SPLIT> im sorry to whoever did write it though",0.010489165782928467,0.010489165782928467,0,0,0,1,"Failed"
"I interpreted this as Micah being able to possiblly jumpstart others powers  We should wait whatever new use of his powers to be further evidenced before any new additions","I interpreted this as Micah being able to possiblly jumpstart others powers  We should wait whatever new use of his powers to be further evidenced before any new additions",0.026807725429534912,0.026807725429534912,0,0,0,1,"Failed"
"Re golden ratio  <SPLIT><SPLIT> Hi DCEdwards1966 <SPLIT> You just reverted my edit under a different IP address to Golden ratio  For something to belong in the section on disputed observations of the golden ratio there should be some claim that the thing being observed exhibits the golden ratio somehow  In the case of the light switch there is no evidence for such a claim and indeed any such claim would be inherently unreasonable since in fact there is an exact known ratio of the sides of a light switch plate and this ratio is not equal to phi  I request that you reremove the content  Thanks","Re golden ratio  <SPLIT><SPLIT> Hi DCEdwards1966 <SPLIT> You just reverted my edit under a different IP address to Golden ratio  For something to belong in the section on disputed observations of the golden ratio there should be some claim that the thing being observed exhibits the golden ratio somehow  In the case of the light switch there is no evidence for such a claim and indeed any such claim would be inherently unreasonable since in fact there is an exact known ratio of the sides of a light switch plate and this ratio is not equal to phi  I request that you reremove the content  Thanks",0.0003273487091064453,0.0003273487091064453,0,0,0,1,"Failed"
"26 African American  <SPLIT><SPLIT> HAHAHAHAHA American doesnt even come close to that","26 African American  <SPLIT><SPLIT> HAHAHAHAHA American doesnt even come close to that",0.022478818893432617,0.022478818893432617,0,0,0,1,"Failed"
"Edit summary by CTF83 Alt edit <SPLIT> I get where youre coming from Even as a double minority I dont get the offense by that label as it classes our group I would never get offended at anybody over a word that classes us then list off other offensive slurs as my response to make a point Thats simply how we class so I didnt understand what made him break out into slurs I know he wasnt necessarily calling anybody those terms but Im sure if I thought to say something like Dont call me black What if I went Fword Cword Hword I wouldnt hear the end of it <SPLIT><SPLIT> I mean I could very much understand if someone used the fword and he responded Hey dont use that What if I used nasty slurs about you How would you feel Heck I could EVEN understand it if he said Listen dont use homosexual To me thats offensive Its like me using a slur connected to your ethnicity I mean did he even know what color this person was Using that was just the first thing that came to mind despite whether or not it connected to anyone <SPLIT><SPLIT> Antiblack behaviors are all over the World Wide Web I didnt think they existed on this site but Im noticing it does but that its very subtle because of strict rules Im confident I wont get much understanding over the issue For what its worth however thank you for your clarification on my user talkpage","Edit summary by CTF83 Alt edit <SPLIT> I get where youre coming from Even as a double minority I dont get the offense by that label as it classes our group I would never get offended at anybody over a word that classes us then list off other offensive slurs as my response to make a point Thats simply how we class so I didnt understand what made him break out into slurs I know he wasnt necessarily calling anybody those terms but Im sure if I thought to say something like Dont call me black What if I went Fword Cword Hword I wouldnt hear the end of it <SPLIT><SPLIT> I mean I could very much understand if someone used the fword and he responded Hey dont use that What if I used nasty slurs about you How would you feel Heck I could EVEN understand it if he said Listen dont use homosexual To me thats offensive Its like me using a slur connected to your ethnicity I mean did he even know what color this person was Using that was just the first thing that came to mind despite whether or not it connected to anyone <SPLIT><SPLIT> Antiblack behaviors are all over the World Wide Web I didnt think they existed on this site but Im noticing it does but that its very subtle because of strict rules Im confident I wont get much understanding over the issue For what its worth however thank you for your clarification on my user talkpage",0.06087672710418701,0.06087672710418701,0,0,0,1,"Failed"
"See this is the kind of stupidity I am talking about Khosian people are another KIND of Black people They are not distinct FROM black africans they are simply another distinct KIND of black African I dont see anyone in here talking about how the Basque and Greeks arent white even though they also exhibit the same distinct characteristics from other White people Fu mtDNA I am so sick of mtDNA being used as an excuse I see twin dopplegangers one from Nigeria and another from Indonesia they both experience the same cultural struggle for being who they are BLACK If you want to confuse diversity with distinctness thats your problem I am sure that Khosians are not the same as ZULU but to call the Zulu black but not the Khosian thats an example of divide and conquer Why not then call the Khosian Black and the Zulu and all other related people nonblack Africans","See this is the kind of stupidity I am talking about Khosian people are another KIND of Black people They are not distinct FROM black africans they are simply another distinct KIND of black African I dont see anyone in here talking about how the Basque and Greeks arent white even though they also exhibit the same distinct characteristics from other White people Fu mtDNA I am so sick of mtDNA being used as an excuse I see twin dopplegangers one from Nigeria and another from Indonesia they both experience the same cultural struggle for being who they are BLACK If you want to confuse diversity with distinctness thats your problem I am sure that Khosians are not the same as ZULU but to call the Zulu black but not the Khosian thats an example of divide and conquer Why not then call the Khosian Black and the Zulu and all other related people nonblack Africans",0.10400539636611938,0.10400539636611938,0,0,0,1,"Failed"
"uses among muslims  <SPLIT><SPLIT> they use  <SPLIT><SPLIT> baba for father babo  <SPLIT> amidza for uncle father side <SPLIT> dajo for uncle mother side <SPLIT> hala for aunt father side <SPLIT><SPLIT> they come of course all from turkish","uses among muslims  <SPLIT><SPLIT> they use  <SPLIT><SPLIT> baba for father babo  <SPLIT> amidza for uncle father side <SPLIT> dajo for uncle mother side <SPLIT> hala for aunt father side <SPLIT><SPLIT> they come of course all from turkish",0.0033721327781677246,0.0033721327781677246,0,0,0,1,"Failed"
"Tarc is both a complete jerk and a very valuable Wikipedian I love hating him","Tarc is both a complete jerk and a very valuable Wikipedian I love hating him",0.026066184043884277,0.026066184043884277,1,1,1,1,"Failed"
"Good reference for use on article United States v The Progressive   <SPLIT><SPLIT> United States v The Progressive <SPLIT>  <SPLIT> Good reference for this article","Good reference for use on article United States v The Progressive   <SPLIT><SPLIT> United States v The Progressive <SPLIT>  <SPLIT> Good reference for this article",0.00018471479415893555,0.00018471479415893555,0,0,0,1,"Failed"
"That might be an appropriate modification at Member states of the United NationsCurrent members but why would we do that here","That might be an appropriate modification at Member states of the United NationsCurrent members but why would we do that here",0.00017780065536499023,0.00017780065536499023,0,0,0,1,"Failed"
"Please stop using original source information that lacks a neutral point of view","Please stop using original source information that lacks a neutral point of view",0.0002047419548034668,0.0002047419548034668,0,0,0,1,"Failed"
"Silliness  <SPLIT><SPLIT>  Please dont monkey about with joke edits We try hard here to produce something we can all be proud of and silliness doesnt help Articles are monitored and users messing around could be blocked Why not try contributing something useful instead Have a look at the links below and get stuck in properly <SPLIT><SPLIT>     The five pillars of Wikipedia <SPLIT>     How to edit a page <SPLIT>     Help pages <SPLIT>     Tutorial <SPLIT>     How to write a great article <SPLIT>     Simplified Manual of Style <SPLIT>     Fun stuff <SPLIT><SPLIT> Thanks  and enjoy yourself as a responsible Wikipedian","Silliness  <SPLIT><SPLIT>  Please dont monkey about with joke edits We try hard here to produce something we can all be proud of and silliness doesnt help Articles are monitored and users messing around could be blocked Why not try contributing something useful instead Have a look at the links below and get stuck in properly <SPLIT><SPLIT>     The five pillars of Wikipedia <SPLIT>     How to edit a page <SPLIT>     Help pages <SPLIT>     Tutorial <SPLIT>     How to write a great article <SPLIT>     Simplified Manual of Style <SPLIT>     Fun stuff <SPLIT><SPLIT> Thanks  and enjoy yourself as a responsible Wikipedian",0.0010648369789123535,0.0010648369789123535,0,0,0,1,"Failed"
"I already referred you to the sources cited in Rescue opera to the source cited here and to a helpful though not citable list found by googling the rather obvious  rescue opera genre You might disagree with the scholars who use it but you are not qualified to dismiss them Good night","I already referred you to the sources cited in Rescue opera to the source cited here and to a helpful though not citable list found by googling the rather obvious  rescue opera genre You might disagree with the scholars who use it but you are not qualified to dismiss them Good night",0.0002982020378112793,0.0002982020378112793,0,0,0,1,"Failed"
"The name of the lake <SPLIT> The name of the lake is as far as I know Lake Geneva and not Lake Lman","The name of the lake <SPLIT> The name of the lake is as far as I know Lake Geneva and not Lake Lman",0.00020188093185424805,0.00020188093185424805,0,0,0,1,"Failed"
"Really really stupid move all around","Really really stupid move all around",0.015525460243225098,0.015525460243225098,1,1,1,1,"Failed"
"Chitra Group of Institutions page recently","Chitra Group of Institutions page recently",0.00019222497940063477,0.00019222497940063477,0,0,0,1,"Failed"
"Stupidest Thing Disney Has ever done <SPLIT> Hannah Montana is a pointless show that is stupider than the Regular Show on Cartoon Network","Stupidest Thing Disney Has ever done <SPLIT> Hannah Montana is a pointless show that is stupider than the Regular Show on Cartoon Network",0.10597938299179077,0.10597938299179077,1,1,1,1,"Failed"
"Its lucky Presley overdosed in 1977 otherwise he would have died of AIDS along with his friend Liberace Then there would be no fascination with the dead racist loser","Its lucky Presley overdosed in 1977 otherwise he would have died of AIDS along with his friend Liberace Then there would be no fascination with the dead racist loser",0.5747090578079224,0.5747090578079224,1,1,0,1,"Skipped"
"ok thats a stretch but SlimVirgins name could be banned because it suggests child exploitation for sex  Virgin is clearly a profanity and very sexual a term and kids are slim  See ridiculous and please unban me","ok thats a stretch but SlimVirgins name could be banned because it suggests child exploitation for sex  Virgin is clearly a profanity and very sexual a term and kids are slim  See ridiculous and please unban me",0.5277148485183716,0.5277148485183716,0,0,1,1,"Skipped"
"Ahh Good resourced Thank you for your help","Ahh Good resourced Thank you for your help",0.00029021501541137695,0.00029021501541137695,0,0,0,1,"Failed"
"14 Ad hoc International Criminal Tribunals  <SPLIT><SPLIT> I dont see any obvious reference in this article to most all nonWestern powerbacked ad hoc tribunals such as the one dealing with the US  allied war on Vietnam or the one on the fairly recent East Timor outrage etc etc And I will assume the worst about this too frankly knowing the nature of contribution to such moreorless highprofile englishlanguage articles like this one <SPLIT><SPLIT> So AFAIC this article will lack true NPOV until it becomes far more inclusive comprehensive and systematic about crimes against humanity from all sides  even including non official ie nonWestern power ones","14 Ad hoc International Criminal Tribunals  <SPLIT><SPLIT> I dont see any obvious reference in this article to most all nonWestern powerbacked ad hoc tribunals such as the one dealing with the US  allied war on Vietnam or the one on the fairly recent East Timor outrage etc etc And I will assume the worst about this too frankly knowing the nature of contribution to such moreorless highprofile englishlanguage articles like this one <SPLIT><SPLIT> So AFAIC this article will lack true NPOV until it becomes far more inclusive comprehensive and systematic about crimes against humanity from all sides  even including non official ie nonWestern power ones",0.0013025403022766113,0.0013025403022766113,0,0,0,1,"Failed"
"Why do I suspect someone was just you using your IP again Additionally please compare apples to apples GG is not Star Trek nor anything like it As was already noted as this is a featured list alternative wording should be proposed discussed and cleaned up before addition Further while the second season does open up more to the other girls the first season does focus primarily on Henrietta and Jose against the context of the rest","Why do I suspect someone was just you using your IP again Additionally please compare apples to apples GG is not Star Trek nor anything like it As was already noted as this is a featured list alternative wording should be proposed discussed and cleaned up before addition Further while the second season does open up more to the other girls the first season does focus primarily on Henrietta and Jose against the context of the rest",0.0012829303741455078,0.0012829303741455078,0,0,0,1,"Failed"
"Thanks    Russ","Thanks    Russ",0.0006998777389526367,0.0006998777389526367,0,0,0,1,"Failed"
"So when i search for scars on broadway i get nothing but a list of pages contatinging the words scars and broadway however when i search for Scars on Broadway it bringbs me to this page Maybe someone can do soemthing so that i dont have to have proper capitalization to get to the article","So when i search for scars on broadway i get nothing but a list of pages contatinging the words scars and broadway however when i search for Scars on Broadway it bringbs me to this page Maybe someone can do soemthing so that i dont have to have proper capitalization to get to the article",0.00032019615173339844,0.00032019615173339844,0,0,0,1,"Failed"
"It translates as the following <SPLIT> You are such a coward that you remove my comments Isnt it you Afghan LOL why are you running from the truth You were never a Persian and you will never be Dont struggle too much you may hurt yourself","It translates as the following <SPLIT> You are such a coward that you remove my comments Isnt it you Afghan LOL why are you running from the truth You were never a Persian and you will never be Dont struggle too much you may hurt yourself",0.5675458908081055,0.5675458908081055,1,1,0,1,"Skipped"
"Sounds trite sounds like WPIDONTLIKEIT Too bad you didnt look at the many sources used for that sentence most of which make the point that antisemitism was chosen as a scientific alternative to Judenhass Glad you know better than the experts","Sounds trite sounds like WPIDONTLIKEIT Too bad you didnt look at the many sources used for that sentence most of which make the point that antisemitism was chosen as a scientific alternative to Judenhass Glad you know better than the experts",0.0018939971923828125,0.0018939971923828125,0,0,0,1,"Failed"
"When you only ask editors on one side yes explicitly so","When you only ask editors on one side yes explicitly so",0.0002741217613220215,0.0002741217613220215,0,0,0,1,"Failed"
"SelfOneself <SPLIT> I would like to kick off a debate on the translation of non sibi sed omnibus When I was at school it was always rendered into English at least as far as I remember as not for oneself but for all and not not for self but for all Self may be a more direct translation from the Latin  but is it a better and more natural translation than oneself Personally I dont think so","SelfOneself <SPLIT> I would like to kick off a debate on the translation of non sibi sed omnibus When I was at school it was always rendered into English at least as far as I remember as not for oneself but for all and not not for self but for all Self may be a more direct translation from the Latin  but is it a better and more natural translation than oneself Personally I dont think so",0.0003311634063720703,0.0003311634063720703,0,0,0,1,"Failed"
"1 week block  <SPLIT><SPLIT> This IP address has been blocked from editing for one week due to edit warring","1 week block  <SPLIT><SPLIT> This IP address has been blocked from editing for one week due to edit warring",0.00029164552688598633,0.00029164552688598633,0,0,0,1,"Failed"
"MfD nomination of  <SPLIT>  a page you substantially contributed to has been nominated for deletion Your opinions on the matter are welcome please participate in the discussion by adding your comments at WikipediaMiscellany for deletionUserAvi28  and please be sure to sign your comments with four tildes   You are free to edit the content of  during the discussion but should not remove the miscellany for deletion template from the top of the page such a removal will not end the deletion discussion  Thank you","MfD nomination of  <SPLIT>  a page you substantially contributed to has been nominated for deletion Your opinions on the matter are welcome please participate in the discussion by adding your comments at WikipediaMiscellany for deletionUserAvi28  and please be sure to sign your comments with four tildes   You are free to edit the content of  during the discussion but should not remove the miscellany for deletion template from the top of the page such a removal will not end the deletion discussion  Thank you",0.00018447637557983398,0.00018447637557983398,0,0,0,1,"Failed"
"Wrong idea of what a fleche is  <SPLIT><SPLIT> I think you have the idea of a flche fencing wrong You say that the idea is running as quickly as possible allowing the attacker to close a greater amount of distance than with a standard attack That is absolutely wrong You should never use a fleche to close distance much greater than that of a lunge You make it sound like the idea is to charge down the length of the piste Begineers always make this mistake <SPLIT><SPLIT> You should be hitting your oponent at the same point as your back foot has crossed over and hit the ground  well before you start to do any kind of running You only run because you as you past them you dont want to give them time to hit you on your back <SPLIT><SPLIT> The source you reference pretty much explains this","Wrong idea of what a fleche is  <SPLIT><SPLIT> I think you have the idea of a flche fencing wrong You say that the idea is running as quickly as possible allowing the attacker to close a greater amount of distance than with a standard attack That is absolutely wrong You should never use a fleche to close distance much greater than that of a lunge You make it sound like the idea is to charge down the length of the piste Begineers always make this mistake <SPLIT><SPLIT> You should be hitting your oponent at the same point as your back foot has crossed over and hit the ground  well before you start to do any kind of running You only run because you as you past them you dont want to give them time to hit you on your back <SPLIT><SPLIT> The source you reference pretty much explains this",0.025822997093200684,0.025822997093200684,0,0,0,1,"Failed"
"What the fucking shit is this guy doing logging into others accounts evading blocks what a case","What the fucking shit is this guy doing logging into others accounts evading blocks what a case",0.0010091662406921387,0.0010091662406921387,1,1,1,1,"Failed"
"Why we gotta have this miscegenation crap  <SPLIT><SPLIT> Why","Why we gotta have this miscegenation crap  <SPLIT><SPLIT> Why",0.28336238861083984,0.28336238861083984,1,1,1,1,"Failed"
"particularly killing themm off","particularly killing themm off",0.2098369002342224,0.2098369002342224,1,1,1,1,"Failed"
"Sorry if I wasnt clear My concern was that Opus113 might desire credit Thats clearly not an issue but as it could be in a future instance there might be a need to consider appropriate policy","Sorry if I wasnt clear My concern was that Opus113 might desire credit Thats clearly not an issue but as it could be in a future instance there might be a need to consider appropriate policy",0.0001919865608215332,0.0001919865608215332,0,0,0,1,"Failed"
"These are very popular Malawi cichlids in South Korea  Auratus Labidochromis caeruleus Red Zebra Chichlid and some kind of white cichlid I guess Pseudotropheus socolofi Albino but I kind of doubt that I will try to find out what they are in the future are just as popular as the Kenyis in South Korea  In South Korea people call them Blue Zebra Cichlid","These are very popular Malawi cichlids in South Korea  Auratus Labidochromis caeruleus Red Zebra Chichlid and some kind of white cichlid I guess Pseudotropheus socolofi Albino but I kind of doubt that I will try to find out what they are in the future are just as popular as the Kenyis in South Korea  In South Korea people call them Blue Zebra Cichlid",0.0007264018058776855,0.0007264018058776855,0,0,0,1,"Failed"
"Personally I agree with the removal of flags from all infobox but it also states in MOSFLAG It may in some narrow military history circumstances be appropriate to use flags","Personally I agree with the removal of flags from all infobox but it also states in MOSFLAG It may in some narrow military history circumstances be appropriate to use flags",0.00018018484115600586,0.00018018484115600586,0,0,0,1,"Failed"
"My advice to you would be to take your criticisms to an admin in which case show them what you wrote show them whats been written here and let them decide But please refrain from editing the article yourself as it appears you and your friends clearly have an axe to grind","My advice to you would be to take your criticisms to an admin in which case show them what you wrote show them whats been written here and let them decide But please refrain from editing the article yourself as it appears you and your friends clearly have an axe to grind",0.004325211048126221,0.004325211048126221,0,0,0,1,"Failed"
"FUCK ALL YOU ASSHOLES YOU PERVERTS","FUCK ALL YOU ASSHOLES YOU PERVERTS",0.0008519887924194336,0.0008519887924194336,1,1,1,1,"Failed"
"Petitions <SPLIT> Would you mind pointing me to the conversations where the clerks have made such decisions thanks","Petitions <SPLIT> Would you mind pointing me to the conversations where the clerks have made such decisions thanks",0.00023490190505981445,0.00023490190505981445,0,0,0,1,"Failed"
"Thanks Congrats again 2x now lol","Thanks Congrats again 2x now lol",0.0003255605697631836,0.0003255605697631836,0,0,0,1,"Failed"
"Oh wow Did you know that when that AfD was open this article was called Animal conspiracy theories involving Israel Thats an AWESOME name Zoological conspiracy theories ArabIsraeli conflict by contrast sucks horribly","Oh wow Did you know that when that AfD was open this article was called Animal conspiracy theories involving Israel Thats an AWESOME name Zoological conspiracy theories ArabIsraeli conflict by contrast sucks horribly",0.4039960503578186,0.4039960503578186,1,1,1,1,"Failed"
"Hi Fly The best way to contact me is on my talk page its linked in the history for each article Ive edited I do not normally check other users talk pages for messages addressed to me I deleted the information because it was based on what I believed to be an unreliable source It has since been readded using a source from the Variety website Also it is acceptable to cite the credits of the film itself for such information if you happen to have access to a copy <SPLIT><SPLIT> On another note Do you happen to have a photograph of McColl that you own the copyright to that is that you took yourself and that you wouldnt mind uploading to Wikipedia If so that would be an excellent addition to the article It would be a good idea to get his permission before uploading it though I do not think that is technically required Thanks","Hi Fly The best way to contact me is on my talk page its linked in the history for each article Ive edited I do not normally check other users talk pages for messages addressed to me I deleted the information because it was based on what I believed to be an unreliable source It has since been readded using a source from the Variety website Also it is acceptable to cite the credits of the film itself for such information if you happen to have access to a copy <SPLIT><SPLIT> On another note Do you happen to have a photograph of McColl that you own the copyright to that is that you took yourself and that you wouldnt mind uploading to Wikipedia If so that would be an excellent addition to the article It would be a good idea to get his permission before uploading it though I do not think that is technically required Thanks",0.0003292560577392578,0.0003292560577392578,0,0,0,1,"Failed"
"Please stop If you continue to violate Wikipedias neutral point of view policy by adding commentary and your personal analysis into articles  you will be blocked from editing Wikipedia","Please stop If you continue to violate Wikipedias neutral point of view policy by adding commentary and your personal analysis into articles  you will be blocked from editing Wikipedia",0.00021320581436157227,0.00021320581436157227,0,0,0,1,"Failed"
"Its spelled mindfck Said","Its spelled mindfck Said",0.0005227923393249512,0.0005227923393249512,0,0,0,1,"Failed"
"January 2010 <SPLIT> Hi The information that you are adding to MetsPhillies rivalry is formatted incorrectly and doesnt match the provided reference Just a friendly note from    Phils","January 2010 <SPLIT> Hi The information that you are adding to MetsPhillies rivalry is formatted incorrectly and doesnt match the provided reference Just a friendly note from    Phils",0.00023573637008666992,0.00023573637008666992,0,0,0,1,"Failed"
"Oh youve never watched Star Wars YOU dont even know what Imperial March means","Oh youve never watched Star Wars YOU dont even know what Imperial March means",0.009942591190338135,0.009942591190338135,0,0,0,1,"Failed"
"the vacuole is flaming gay","the vacuole is flaming gay",0.023433208465576172,0.023433208465576172,1,1,1,1,"Failed"
"while 95 of twits are incoherent rubbish","while 95 of twits are incoherent rubbish",0.7968236207962036,0.7968236207962036,1,1,0,1,"Skipped"
"Edit request from 8110315552 13 July 2010  <SPLIT><SPLIT> Miley Was Born In England and Grew up in amreica She Hates Her Brother Tracey Cyrus","Edit request from 8110315552 13 July 2010  <SPLIT><SPLIT> Miley Was Born In England and Grew up in amreica She Hates Her Brother Tracey Cyrus",0.13462918996810913,0.13462918996810913,0,0,0,1,"Failed"
"A welcome from   <SPLIT><SPLIT> Hello  and welcome to Wikipedia Thank you for your contributions I hope you like the place and decide to stay Were glad to have you in our community Here are a few good links for newcomers <SPLIT><SPLIT> If you havent already drop by the New user log and tell others a bit about yourself <SPLIT> Always sign your posts on talk pages That way others will know who left which comments <SPLIT> The Five Pillars of Wikipedia <SPLIT> Simplified Ruleset <SPLIT> How to edit a page <SPLIT> Editing policy conduct and structure tutorial <SPLIT> Picture tutorial <SPLIT> How to write a great article <SPLIT> Naming conventions <SPLIT> Manual of Style <SPLIT> Wikipedia Glossary <SPLIT><SPLIT> I hope you enjoy editing here and being a Wikipedian Though we all make goofy mistakes here is what Wikipedia is not If you have any questions or concerns dont hesitate to see the help pages or add a question to the village pump The Community Portal can also be very useful <SPLIT><SPLIT> Happy editing <SPLIT><SPLIT>  e  <SPLIT><SPLIT> PS Feel free to leave a message on  if you need help with anything or simply wish to say hello","A welcome from   <SPLIT><SPLIT> Hello  and welcome to Wikipedia Thank you for your contributions I hope you like the place and decide to stay Were glad to have you in our community Here are a few good links for newcomers <SPLIT><SPLIT> If you havent already drop by the New user log and tell others a bit about yourself <SPLIT> Always sign your posts on talk pages That way others will know who left which comments <SPLIT> The Five Pillars of Wikipedia <SPLIT> Simplified Ruleset <SPLIT> How to edit a page <SPLIT> Editing policy conduct and structure tutorial <SPLIT> Picture tutorial <SPLIT> How to write a great article <SPLIT> Naming conventions <SPLIT> Manual of Style <SPLIT> Wikipedia Glossary <SPLIT><SPLIT> I hope you enjoy editing here and being a Wikipedian Though we all make goofy mistakes here is what Wikipedia is not If you have any questions or concerns dont hesitate to see the help pages or add a question to the village pump The Community Portal can also be very useful <SPLIT><SPLIT> Happy editing <SPLIT><SPLIT>  e  <SPLIT><SPLIT> PS Feel free to leave a message on  if you need help with anything or simply wish to say hello",0.0003390312194824219,0.0003390312194824219,0,0,0,1,"Failed"
"This is nonsense Sure even today Oradea is artificaly separated  you can see a road sign saying slow down to 60kmh  Simple banter","This is nonsense Sure even today Oradea is artificaly separated  you can see a road sign saying slow down to 60kmh  Simple banter",0.015186727046966553,0.015186727046966553,0,0,0,1,"Failed"
"Can you please explain why you removed reliable pew research center statistics 2012 in favour of another source Please have a look at my edits on religion in Belgium again There is no particular emphysis on Islam Percentage if Muslims is same ie  6 Infact the percentage of Christians is greater ie 642 This shows that I have no bias for Christianity Can you explain it  Preceding unsigned comment added by      <SPLIT>  Can you please explain why you replaced the longstanding Eurobarometer source 2012 in favor of your source Your undue emphasis is in this sentence Belgium is religiously diverse society with Christianity and Islam being the most widely professed religions The two religions are not remotely comparable with respect to the number of adherents By the way still looking for your answer on this     <SPLIT> If the sentence Belgium is religiously diverse society with Christianity and Islam being the most widely professed religions is wrong from your perspective then you should remove it individualy  instead if reverting my whole edits Secondly can you please explain whats wrong with reliable 2012 pew estimate compared to eurobaromenter   <SPLIT>  Please explain why you want to change a longstanding source Im putting the onus on you because of your constant POVpushing which a number of editors have warned you about that is continuing       <SPLIT> Please look at the article first How disorganized the article is One source gives an estimate of 49 for Christians and other source gives an estimate of 59 Catholic and 6 other christian But interestingly another stupid source in the lead states that 17 are protestant and 03 Orthodox This is complete stupidity Is not it The reader is unable to comprehend all these statistics I just wanted to make the article more organized and readable by providing a single reliable and recent ie 2012 source If I am a Muslim POV pusher then please tell me what would I get by placing pew center source and statistics A lot of sources on article already give 6 figure for Muslims In fact I removed a source which gave 81 figure for Muslim population because it was too dubious Is this POV I just wanted to help wikipedia in a civilized manner Understand it or not I am not going to waste my time on this stupid article anymore   <SPLIT> Please respond quickly Please allow me to improve the article using pew estimates I assure you that I will not give too much importance to Islam Thanks   <SPLIT> You expect a quick answer but wont answer  even after being asked several times    <SPLIT>  okay the Pew estimates are from 2010 The Eurobarometer source is from 2012 Why do you want to use an older survey    <SPLIT> Yep I want to use pew estimates because they look more acceptable to me   <SPLIT>  please look at talkReligion in Norway Is this so called concensus Is this so called cooperative behaviour   <SPLIT>  your behavior there is the same as it is on here in that you expect to get your way simply on the basis of your unsubstantiated opinion I want to use pew estimates because they look more acceptable to me is akin to saying that cak","Can you please explain why you removed reliable pew research center statistics 2012 in favour of another source Please have a look at my edits on religion in Belgium again There is no particular emphysis on Islam Percentage if Muslims is same ie  6 Infact the percentage of Christians is greater ie 642 This shows that I have no bias for Christianity Can you explain it  Preceding unsigned comment added by      <SPLIT>  Can you please explain why you replaced the longstanding Eurobarometer source 2012 in favor of your source Your undue emphasis is in this sentence Belgium is religiously diverse society with Christianity and Islam being the most widely professed religions The two religions are not remotely comparable with respect to the number of adherents By the way still looking for your answer on this     <SPLIT> If the sentence Belgium is religiously diverse society with Christianity and Islam being the most widely professed religions is wrong from your perspective then you should remove it individualy  instead if reverting my whole edits Secondly can you please explain whats wrong with reliable 2012 pew estimate compared to eurobaromenter   <SPLIT>  Please explain why you want to change a longstanding source Im putting the onus on you because of your constant POVpushing which a number of editors have warned you about that is continuing       <SPLIT> Please look at the article first How disorganized the article is One source gives an estimate of 49 for Christians and other source gives an estimate of 59 Catholic and 6 other christian But interestingly another stupid source in the lead states that 17 are protestant and 03 Orthodox This is complete stupidity Is not it The reader is unable to comprehend all these statistics I just wanted to make the article more organized and readable by providing a single reliable and recent ie 2012 source If I am a Muslim POV pusher then please tell me what would I get by placing pew center source and statistics A lot of sources on article already give 6 figure for Muslims In fact I removed a source which gave 81 figure for Muslim population because it was too dubious Is this POV I just wanted to help wikipedia in a civilized manner Understand it or not I am not going to waste my time on this stupid article anymore   <SPLIT> Please respond quickly Please allow me to improve the article using pew estimates I assure you that I will not give too much importance to Islam Thanks   <SPLIT> You expect a quick answer but wont answer  even after being asked several times    <SPLIT>  okay the Pew estimates are from 2010 The Eurobarometer source is from 2012 Why do you want to use an older survey    <SPLIT> Yep I want to use pew estimates because they look more acceptable to me   <SPLIT>  please look at talkReligion in Norway Is this so called concensus Is this so called cooperative behaviour   <SPLIT>  your behavior there is the same as it is on here in that you expect to get your way simply on the basis of your unsubstantiated opinion I want to use pew estimates because they look more acceptable to me is akin to saying that cak",0.008350491523742676,0.008350491523742676,0,0,0,1,"Failed"
"Some baklava for you  <SPLIT><SPLIT>  stylebackgroundcolor fdffe7 border 1px solid fceb92 <SPLIT> styleverticalalign middle padding 5px   <SPLIT> styleverticalalign middle padding 3px  Thanks for your work on List of dates predicted for apocalyptic events I suppose youve checked out the articles traffic statistics Its down to only a few thousand a day after peaking at 136000","Some baklava for you  <SPLIT><SPLIT>  stylebackgroundcolor fdffe7 border 1px solid fceb92 <SPLIT> styleverticalalign middle padding 5px   <SPLIT> styleverticalalign middle padding 3px  Thanks for your work on List of dates predicted for apocalyptic events I suppose youve checked out the articles traffic statistics Its down to only a few thousand a day after peaking at 136000",0.00043898820877075195,0.00043898820877075195,0,0,0,1,"Failed"
"I am actually from New Hampshire but my mother moved me down to Franklin when I was 14 I live in Richmond VA now with my lovely lady Let me know when ya visit the city and perhaps well get some Freds or something   D","I am actually from New Hampshire but my mother moved me down to Franklin when I was 14 I live in Richmond VA now with my lovely lady Let me know when ya visit the city and perhaps well get some Freds or something   D",0.002088487148284912,0.002088487148284912,0,0,0,1,"Failed"
"Thank your for experimenting with Masturbation  <SPLIT> Thank you for experimenting with  Wikipedia Your test worked and it has been reverted or removed Please use the sandbox for any other tests you may want to do Take a look at the welcome page to learn more about contributing to our encyclopedia","Thank your for experimenting with Masturbation  <SPLIT> Thank you for experimenting with  Wikipedia Your test worked and it has been reverted or removed Please use the sandbox for any other tests you may want to do Take a look at the welcome page to learn more about contributing to our encyclopedia",0.031266868114471436,0.031266868114471436,0,0,0,1,"Failed"
"The path to GA  <SPLIT><SPLIT> Those who helped get this article to GA <SPLIT>  Little Thetford 28022010 <SPLIT>       started editing 30052010 <SPLIT>       removed Copyvios 03062010 <SPLIT>       very  when it was needed 09062010 <SPLIT>  Submitted for Peer review 09062010 by      <SPLIT>  Reviewed by      from 1106201015062010 <SPLIT>  Copyedited by      from 1306201017062010 <SPLIT>  GAN submitted 16062010 by      <SPLIT>  WPGAN review commenced 20062010 by      <SPLIT>  Review complete and GA awarded 22062010 <SPLIT> The above list may not stand the test of time as links might get archived There were others who helped along the way For example administrators monitoring helpme which I used a couple of times I hope I have not missed anyone important Slap me if I have Thank you too goes to a few people in Little Thetford itself who spotted that this exercise was in progress almost from dayone and have been supportive with encouragement and useful information Thank you to the local historian Mike Petty who provided information and support too Thank you everyone","The path to GA  <SPLIT><SPLIT> Those who helped get this article to GA <SPLIT>  Little Thetford 28022010 <SPLIT>       started editing 30052010 <SPLIT>       removed Copyvios 03062010 <SPLIT>       very  when it was needed 09062010 <SPLIT>  Submitted for Peer review 09062010 by      <SPLIT>  Reviewed by      from 1106201015062010 <SPLIT>  Copyedited by      from 1306201017062010 <SPLIT>  GAN submitted 16062010 by      <SPLIT>  WPGAN review commenced 20062010 by      <SPLIT>  Review complete and GA awarded 22062010 <SPLIT> The above list may not stand the test of time as links might get archived There were others who helped along the way For example administrators monitoring helpme which I used a couple of times I hope I have not missed anyone important Slap me if I have Thank you too goes to a few people in Little Thetford itself who spotted that this exercise was in progress almost from dayone and have been supportive with encouragement and useful information Thank you to the local historian Mike Petty who provided information and support too Thank you everyone",0.00042051076889038086,0.00042051076889038086,0,0,0,1,"Failed"
"Speedy deletion of Not we <SPLIT> A tag has been placed on Not we requesting that it be speedily deleted from Wikipedia This has been done for the following reason <SPLIT><SPLIT> nn neologism <SPLIT><SPLIT> Under the criteria for speedy deletion articles that do not meet very basic Wikipedia criteria may be deleted at any time Please see the guidelines for what is generally accepted as an appropriate article and if you can indicate why the subject of this article is appropriate you may contest the tagging To do this add  on the top of the page and leave a note on the articles talk page explaining your position Please do not remove the speedy deletion tag yourself but dont hesitate to add information to the article that would confirm its subjects notability under the guidelines <SPLIT><SPLIT> For guidelines on specific types of articles you may want to check out our criteria for biographies for web sites for bands or for companies Feel free to leave a note on my talk page if you have any questions about this","Speedy deletion of Not we <SPLIT> A tag has been placed on Not we requesting that it be speedily deleted from Wikipedia This has been done for the following reason <SPLIT><SPLIT> nn neologism <SPLIT><SPLIT> Under the criteria for speedy deletion articles that do not meet very basic Wikipedia criteria may be deleted at any time Please see the guidelines for what is generally accepted as an appropriate article and if you can indicate why the subject of this article is appropriate you may contest the tagging To do this add  on the top of the page and leave a note on the articles talk page explaining your position Please do not remove the speedy deletion tag yourself but dont hesitate to add information to the article that would confirm its subjects notability under the guidelines <SPLIT><SPLIT> For guidelines on specific types of articles you may want to check out our criteria for biographies for web sites for bands or for companies Feel free to leave a note on my talk page if you have any questions about this",0.00024574995040893555,0.00024574995040893555,0,0,0,1,"Failed"
"was never and ostentatious conductor preparing his orchestra in often arduous rehearsals and then using small but decisive gestures to obtain playing of fine texture careful detail and powerful rhythmic energy  retaining to the last his extraordinary grasp of musical structure and a faultless ear for sound quality","was never and ostentatious conductor preparing his orchestra in often arduous rehearsals and then using small but decisive gestures to obtain playing of fine texture careful detail and powerful rhythmic energy  retaining to the last his extraordinary grasp of musical structure and a faultless ear for sound quality",0.0028601884841918945,0.0028601884841918945,0,0,0,1,"Failed"
"As long as we have a reference that means we can mention the Beijing Convention","As long as we have a reference that means we can mention the Beijing Convention",0.00017303228378295898,0.00017303228378295898,0,0,0,1,"Failed"
"So I dont see any purpose for using the less common term that has more embodied ideological bias  other than to advance a POV  clearly not in keeping with NPOV policy","So I dont see any purpose for using the less common term that has more embodied ideological bias  other than to advance a POV  clearly not in keeping with NPOV policy",0.00028008222579956055,0.00028008222579956055,0,0,0,1,"Failed"
"Its pretty well established that Wikipedia doesnt follow unusual capitaliztion schemes and standardizes names to regualr English rules barring a few exceptions The Time example cited is exactly the standard that applies here As such Fox not FOX should be used The concern about ABC CBS and NBC and the CW for that matter is unfounded in my opinion as those are initialisms whereas Fox is not If we were to use one FBC would be correct but that is not used in common usage and therefore we cant use it either","Its pretty well established that Wikipedia doesnt follow unusual capitaliztion schemes and standardizes names to regualr English rules barring a few exceptions The Time example cited is exactly the standard that applies here As such Fox not FOX should be used The concern about ABC CBS and NBC and the CW for that matter is unfounded in my opinion as those are initialisms whereas Fox is not If we were to use one FBC would be correct but that is not used in common usage and therefore we cant use it either",0.00023156404495239258,0.00023156404495239258,0,0,0,1,"Failed"
"Shshut up You didnt see that Nobody saw that","Shshut up You didnt see that Nobody saw that",0.03648501634597778,0.03648501634597778,0,0,0,1,"Failed"
"RAID0 contradiction  <SPLIT><SPLIT>  <SPLIT><SPLIT> Does a sector failure destroy just data from corresponding sectors or from the entire array Its not entirely clear at the moment","RAID0 contradiction  <SPLIT><SPLIT>  <SPLIT><SPLIT> Does a sector failure destroy just data from corresponding sectors or from the entire array Its not entirely clear at the moment",0.00138092041015625,0.00138092041015625,0,0,0,1,"Failed"
"I would suggest another word if I could find one that fits the text <SPLIT><SPLIT> Pinker is an evolutionary psychologist and using the word evolution has the potential for making it seem like were talking about his views on cultural evolution I am not making a reference to the concept of pinkerss evolution at all That is clearly explained following the word where it is put into context The word evolution refers to the general improvement of mankind that is explicit in Pinkers quote That is it","I would suggest another word if I could find one that fits the text <SPLIT><SPLIT> Pinker is an evolutionary psychologist and using the word evolution has the potential for making it seem like were talking about his views on cultural evolution I am not making a reference to the concept of pinkerss evolution at all That is clearly explained following the word where it is put into context The word evolution refers to the general improvement of mankind that is explicit in Pinkers quote That is it",0.00018805265426635742,0.00018805265426635742,0,0,0,1,"Failed"
"Juve new signing <SPLIT> Just to inform that Juve did not announced Motta deal officially and Motta did not had medical test and the contract will sign after the medicals means the deal is not yet complete Please add the players to the squad AFTER the deal is completed For Cuneaz he is bought back by Juve but for sure he is not a member of the first team next season <SPLIT><SPLIT> Juve had announced the first squad for preseason camp and there is no Cuneaz but Ekdal and Pasquato an along with new signing Storari so i only add them both to the FIRST TEAM squad If you cant agree  use talkJuventus FC","Juve new signing <SPLIT> Just to inform that Juve did not announced Motta deal officially and Motta did not had medical test and the contract will sign after the medicals means the deal is not yet complete Please add the players to the squad AFTER the deal is completed For Cuneaz he is bought back by Juve but for sure he is not a member of the first team next season <SPLIT><SPLIT> Juve had announced the first squad for preseason camp and there is no Cuneaz but Ekdal and Pasquato an along with new signing Storari so i only add them both to the FIRST TEAM squad If you cant agree  use talkJuventus FC",0.00037992000579833984,0.00037992000579833984,0,0,0,1,"Failed"
"Ive also found a new proposal of ordiance of 17 december  Especially the discussion is interesting  That can be included in the article","Ive also found a new proposal of ordiance of 17 december  Especially the discussion is interesting  That can be included in the article",0.0001652240753173828,0.0001652240753173828,0,0,0,1,"Failed"
"It would be nice if this page included comments on some excellent or possibly definitive recordings of this symphony that are currently available","It would be nice if this page included comments on some excellent or possibly definitive recordings of this symphony that are currently available",0.00015985965728759766,0.00015985965728759766,0,0,0,1,"Failed"
"WikiProject Long Island classStart importance","WikiProject Long Island classStart importance",0.00040453672409057617,0.00040453672409057617,0,0,0,1,"Failed"
"Martin Taylor  <SPLIT><SPLIT> Hi I was wondering if you had a good reason for moving Martin Taylor goalkeeper and Martin Taylor defender to disambiguate them by year of birth instead I realise playing position isnt necessarily a sensible means of disambing outfielders but dont really see the point of changing goalkeeper and defender <SPLIT><SPLIT> However you may have missed the bit on the Move tab that says Links to the old page title will not be changed be sure to check for double redirects using What links here after the move You are responsible for making sure that links continue to point where they are supposed to go <SPLIT><SPLIT> As it stands if you visit Martin Taylor defender and click on What links here you get this list If you click on say Olivier Tebily it contains a link to Martin Taylor defender Click on that and instead of reaching Martin Taylor footballer born 1979 you get to Martin Taylor disambiguation which is a redirect to Martin Taylor which is a disambiguation page and only then can you find a link to Martin Taylor the defender  <SPLIT><SPLIT> You may want to pop back and mend the multiple redirects cheers","Martin Taylor  <SPLIT><SPLIT> Hi I was wondering if you had a good reason for moving Martin Taylor goalkeeper and Martin Taylor defender to disambiguate them by year of birth instead I realise playing position isnt necessarily a sensible means of disambing outfielders but dont really see the point of changing goalkeeper and defender <SPLIT><SPLIT> However you may have missed the bit on the Move tab that says Links to the old page title will not be changed be sure to check for double redirects using What links here after the move You are responsible for making sure that links continue to point where they are supposed to go <SPLIT><SPLIT> As it stands if you visit Martin Taylor defender and click on What links here you get this list If you click on say Olivier Tebily it contains a link to Martin Taylor defender Click on that and instead of reaching Martin Taylor footballer born 1979 you get to Martin Taylor disambiguation which is a redirect to Martin Taylor which is a disambiguation page and only then can you find a link to Martin Taylor the defender  <SPLIT><SPLIT> You may want to pop back and mend the multiple redirects cheers",0.0003075599670410156,0.0003075599670410156,0,0,0,1,"Failed"
"Per WPBLP you need sources that support that information","Per WPBLP you need sources that support that information",0.00023490190505981445,0.00023490190505981445,0,0,0,1,"Failed"
"Wildflowers  <SPLIT><SPLIT> Getting ready for new section <SPLIT><SPLIT> Local soils consist of course gravel laid down by glacial runoff from the retreating glacial period about 10000 years ago and summer rains are rare thus most flowering plants bloom during early spring and summer as they take advantage of the moisture left by winter snows  The first plants to bloom in spring include hedgehog cactus and pasque flower followed by Indian paintbrush fairy trumpets blue penstemon and purple lupine  Also common in dry soils are sulphurflower buckwheat baby breath desert pincushion common evening primrose and Spanish bayonet yucca  Along moist creeks grow wild blue columbine chiming bells blue bells and mariposa lilies  Photos and Latin names are listed at the Colorado Wildflower link below httpwildflowersofcoloradocomindexhtml","Wildflowers  <SPLIT><SPLIT> Getting ready for new section <SPLIT><SPLIT> Local soils consist of course gravel laid down by glacial runoff from the retreating glacial period about 10000 years ago and summer rains are rare thus most flowering plants bloom during early spring and summer as they take advantage of the moisture left by winter snows  The first plants to bloom in spring include hedgehog cactus and pasque flower followed by Indian paintbrush fairy trumpets blue penstemon and purple lupine  Also common in dry soils are sulphurflower buckwheat baby breath desert pincushion common evening primrose and Spanish bayonet yucca  Along moist creeks grow wild blue columbine chiming bells blue bells and mariposa lilies  Photos and Latin names are listed at the Colorado Wildflower link below httpwildflowersofcoloradocomindexhtml",0.001044154167175293,0.001044154167175293,0,0,0,1,"Failed"
"hmmm is that sarcastic or not can never tell on the web","hmmm is that sarcastic or not can never tell on the web",0.003993809223175049,0.003993809223175049,0,0,0,1,"Failed"
"Luca Toni  <SPLIT><SPLIT> Please explain to me why you insist on removing him from the Players on loan section of the FC Bayern Munich article He still belongs to the club until 1 July and the claim that he has not been listed all season is neither relevant nor true This edit which added Toni to the on loan section is from the 31 December and he was listed there until an IP prematurely removed him from the list Thanks","Luca Toni  <SPLIT><SPLIT> Please explain to me why you insist on removing him from the Players on loan section of the FC Bayern Munich article He still belongs to the club until 1 July and the claim that he has not been listed all season is neither relevant nor true This edit which added Toni to the on loan section is from the 31 December and he was listed there until an IP prematurely removed him from the list Thanks",0.000245511531829834,0.000245511531829834,0,0,0,1,"Failed"
"Its an old Germanic feature Also cf English drinkdrench httpwwwetymonlinecomindexphpsearchwendsearchmodenone","Its an old Germanic feature Also cf English drinkdrench httpwwwetymonlinecomindexphpsearchwendsearchmodenone",0.005308806896209717,0.005308806896209717,0,0,0,1,"Failed"
"Centre position is provided for as an edit possibility so theres nothing wrong with that When someone comes along and alters what is obviously a deliberate choice in the name of dull conventionality yes I call that insensitive","Centre position is provided for as an edit possibility so theres nothing wrong with that When someone comes along and alters what is obviously a deliberate choice in the name of dull conventionality yes I call that insensitive",0.00043648481369018555,0.00043648481369018555,0,0,0,1,"Failed"
"Contribution Marging Analysis used by entities to emphosize","Contribution Marging Analysis used by entities to emphosize",0.00036787986755371094,0.00036787986755371094,0,0,0,1,"Failed"
"F  U  C  K  Y      O     U","F  U  C  K  Y      O     U",0.0013753175735473633,0.0013753175735473633,1,1,1,1,"Failed"
"Hello and welcome to Wikipedia  <SPLIT><SPLIT> I noticed that  may not meet Wikipedias user page guideline  If you believe that your userpage does not violate our guidelines please leave a note here and we can discuss it As an alternative you may add Dbuserreq to the top of the page in question and an administrator will delete it or you can simply edit the page so that it meets Wikipedias userpage guidelines Thank you","Hello and welcome to Wikipedia  <SPLIT><SPLIT> I noticed that  may not meet Wikipedias user page guideline  If you believe that your userpage does not violate our guidelines please leave a note here and we can discuss it As an alternative you may add Dbuserreq to the top of the page in question and an administrator will delete it or you can simply edit the page so that it meets Wikipedias userpage guidelines Thank you",0.00020569562911987305,0.00020569562911987305,0,0,0,1,"Failed"
"Cmon Guys  <SPLIT><SPLIT> Lets get serious here this is a show on Television and <SPLIT> AOTS is trying to see if they have INTELLIGENT viewers <SPLIT> AKA Boys and Girls who can keep their minds of their <SPLIT> Joysticks and GSpots for more than 3 seconds and <SPLIT> allow these viewers to help create a great episode of the <SPLIT> show Now understand Im no fun nazi I just want this <SPLIT> thing to kick some arse Perhaps be a 20 on a previous <SPLIT> users AssKickery scale Somewhere up there with I dont <SPLIT> know someone who devotes their life to kicking big arse <SPLIT><SPLIT> So Lets at least TRY to follow some ground rules <SPLIT> Perhaps we could put these on the front page so that future <SPLIT> Idea makers can work with them to create a semisane <SPLIT> yet still completely wierd episode of AOTS However these <SPLIT> are just my thoughts no one elses Hey Originality Wow <SPLIT><SPLIT> THE Guidelines FOR AOTS WIKIPEDIA PROJECT TV <SPLIT><SPLIT> 1 Come up with something original for Skits and the 6 <SPLIT>      a No Vader or Homerowed something similarly recognizeable but cmon thats THEIR joke not yours   <SPLIT> 2 Obey the 30 second rule <SPLIT>      a Its just like the 5 second floorfood rule dont pass 30 Seconds or YOU DIE <SPLIT>      b Lets try and read all the previous skits before posting our own maybe an Idea has already been presented that is similar to yours if you have an addition post it in their idea with your name attatched <SPLIT> 3 Vulgar Sexist Racist Ignorant Comments  Bad Times <SPLIT>      a Lets be smart here folks the producers of AOTS are not going to put anything on their show that could cause the show to look bad which is a fine line they walk anyway <SPLIT>      b As much as Im sure Sarah appreciates a thousand noobs accross America praising her like a trophy its been done We know you think Sarah is hot get over yourself and go back to your WoW game Your Level 38 Orc just got a Steel Spike Tipped Club <SPLIT> 4 Changes should be made in the CORRECT Areas <SPLIT>      a Dont screw with the template of the site just cause you think its funny AOTS and Wikipedia are collaberating just like we are to make this work so dont make it harder for them by deleting sections of the page just so you can type out BRING BACK TechTV heres a news flash folks Stations change and there isnt much you can do to change that <SPLIT>      b Dont DELETE other peoples ideas and dont be rude when critiquing them Someone else may have put alot of time into what they thought would be a good skit for AOTS opening so respect that and we will not flame you to death <SPLIT> 5 If AOTS or Wikipedia delete something DONT PUT IT BACK <SPLIT>      a The powers that be on this site have rules and when you break them or when you screw with something to much they will remedy the situation Understand that its probably nothing personal they just dont need a website that talks about Kevin giving sexual favors in the opening skit Its not what wikipedia is about and its CERTAINLY not what Kevin and AOTS are about <SPLIT> 5 Be your own Policeman <SPLIT>      a Odd as it sounds you have a concience and common sense Use them If it sounds like they wouldnt use your idea or you think they might delete what ever you put up right away DONT PUT IT UP <SPLIT>      b As you are coming up with ideas check the site See something obscene or something that 100 doesnt belong on a site that a 13 year old MIGHT see DELETE IT The AOTS and Wikipedia folks cant always be here to clean up after us so help them by keeping this place as PG as possible I know AOTS sometimes has sexual references but thats called DISCRETE INNUENDOS If you dont have the art of innuendo dont post the idea because they wont use it <SPLIT> 6 When Posting a Skit THINK FIRST <SPLIT>      a I may have stated this before but its important the three things to do when posting an idea are <SPLIT>          I Check to see if your idea or a similar one is already up <SPLIT>          II If one is found or one you like better expandpost on it not a new entry <SPLIT>          III If none is found post your new entry while following the guidelines <SPLIT>      b I promise you this wont take you more than 5 minutes to do if done right <SPLIT> 7 When Posting a Top 6 THINK FIRST <SPLIT>      a Just like with skits you must do three things when posting a new idea <SPLIT>          I Look at the current top 6 if you see one that is less cool than yours switch it out moving the one switched to Honorable Mentions <SPLIT>          II If you see that the top 6 are out of order switch them around <SPLIT>          III If your idea is not yet on the list post it at the bottom moving the one you bumped to honorable mentions <SPLIT>  <SPLIT> I really think we can make this work if we try Just Show some Common Sense and <SPLIT> Have fun with","Cmon Guys  <SPLIT><SPLIT> Lets get serious here this is a show on Television and <SPLIT> AOTS is trying to see if they have INTELLIGENT viewers <SPLIT> AKA Boys and Girls who can keep their minds of their <SPLIT> Joysticks and GSpots for more than 3 seconds and <SPLIT> allow these viewers to help create a great episode of the <SPLIT> show Now understand Im no fun nazi I just want this <SPLIT> thing to kick some arse Perhaps be a 20 on a previous <SPLIT> users AssKickery scale Somewhere up there with I dont <SPLIT> know someone who devotes their life to kicking big arse <SPLIT><SPLIT> So Lets at least TRY to follow some ground rules <SPLIT> Perhaps we could put these on the front page so that future <SPLIT> Idea makers can work with them to create a semisane <SPLIT> yet still completely wierd episode of AOTS However these <SPLIT> are just my thoughts no one elses Hey Originality Wow <SPLIT><SPLIT> THE Guidelines FOR AOTS WIKIPEDIA PROJECT TV <SPLIT><SPLIT> 1 Come up with something original for Skits and the 6 <SPLIT>      a No Vader or Homerowed something similarly recognizeable but cmon thats THEIR joke not yours   <SPLIT> 2 Obey the 30 second rule <SPLIT>      a Its just like the 5 second floorfood rule dont pass 30 Seconds or YOU DIE <SPLIT>      b Lets try and read all the previous skits before posting our own maybe an Idea has already been presented that is similar to yours if you have an addition post it in their idea with your name attatched <SPLIT> 3 Vulgar Sexist Racist Ignorant Comments  Bad Times <SPLIT>      a Lets be smart here folks the producers of AOTS are not going to put anything on their show that could cause the show to look bad which is a fine line they walk anyway <SPLIT>      b As much as Im sure Sarah appreciates a thousand noobs accross America praising her like a trophy its been done We know you think Sarah is hot get over yourself and go back to your WoW game Your Level 38 Orc just got a Steel Spike Tipped Club <SPLIT> 4 Changes should be made in the CORRECT Areas <SPLIT>      a Dont screw with the template of the site just cause you think its funny AOTS and Wikipedia are collaberating just like we are to make this work so dont make it harder for them by deleting sections of the page just so you can type out BRING BACK TechTV heres a news flash folks Stations change and there isnt much you can do to change that <SPLIT>      b Dont DELETE other peoples ideas and dont be rude when critiquing them Someone else may have put alot of time into what they thought would be a good skit for AOTS opening so respect that and we will not flame you to death <SPLIT> 5 If AOTS or Wikipedia delete something DONT PUT IT BACK <SPLIT>      a The powers that be on this site have rules and when you break them or when you screw with something to much they will remedy the situation Understand that its probably nothing personal they just dont need a website that talks about Kevin giving sexual favors in the opening skit Its not what wikipedia is about and its CERTAINLY not what Kevin and AOTS are about <SPLIT> 5 Be your own Policeman <SPLIT>      a Odd as it sounds you have a concience and common sense Use them If it sounds like they wouldnt use your idea or you think they might delete what ever you put up right away DONT PUT IT UP <SPLIT>      b As you are coming up with ideas check the site See something obscene or something that 100 doesnt belong on a site that a 13 year old MIGHT see DELETE IT The AOTS and Wikipedia folks cant always be here to clean up after us so help them by keeping this place as PG as possible I know AOTS sometimes has sexual references but thats called DISCRETE INNUENDOS If you dont have the art of innuendo dont post the idea because they wont use it <SPLIT> 6 When Posting a Skit THINK FIRST <SPLIT>      a I may have stated this before but its important the three things to do when posting an idea are <SPLIT>          I Check to see if your idea or a similar one is already up <SPLIT>          II If one is found or one you like better expandpost on it not a new entry <SPLIT>          III If none is found post your new entry while following the guidelines <SPLIT>      b I promise you this wont take you more than 5 minutes to do if done right <SPLIT> 7 When Posting a Top 6 THINK FIRST <SPLIT>      a Just like with skits you must do three things when posting a new idea <SPLIT>          I Look at the current top 6 if you see one that is less cool than yours switch it out moving the one switched to Honorable Mentions <SPLIT>          II If you see that the top 6 are out of order switch them around <SPLIT>          III If your idea is not yet on the list post it at the bottom moving the one you bumped to honorable mentions <SPLIT>  <SPLIT> I really think we can make this work if we try Just Show some Common Sense and <SPLIT> Have fun with",0.17229294776916504,0.17229294776916504,0,0,0,1,"Failed"
"Im working and invesigating at getting better at understanding tools etc Sowhat you did was add Miszabotconfig so that the talk page of the article would automatically archive rather than depend on a future editor haphazorlyy and perhaps with malice moving the thread to History Is taht accurate Thnks","Im working and invesigating at getting better at understanding tools etc Sowhat you did was add Miszabotconfig so that the talk page of the article would automatically archive rather than depend on a future editor haphazorlyy and perhaps with malice moving the thread to History Is taht accurate Thnks",0.002109348773956299,0.002109348773956299,0,0,0,1,"Failed"
"Teasing can be molestation too and since the molestation was committed on a minor on a 16 year old but still lower than 18 year old the legal age of female adult in India it will be noted as the sexual offense on the minor","Teasing can be molestation too and since the molestation was committed on a minor on a 16 year old but still lower than 18 year old the legal age of female adult in India it will be noted as the sexual offense on the minor",0.007647454738616943,0.007647454738616943,0,0,0,1,"Failed"
"Protecting Rumiya  <SPLIT><SPLIT> Bah  You beat me to it by 30 seconds  you suck  P","Protecting Rumiya  <SPLIT><SPLIT> Bah  You beat me to it by 30 seconds  you suck  P",0.9904637932777405,0.9904637932777405,1,1,0,1,"Skipped"
"Actually aquatic plants are defined by their adaptations to saturated of flooded soils leading to hypoxia and anoxia I just finished a graduate course in aquatic plants However that is beside the point The sentence has been modified but I dont like the revised version Taking food from the ground or from shallow water and occasionally from low plants21 the White Stork consumes a wide variety of animal prey ps  the doi link for that citation is busted  check From the website Johst Karin Rolan Brandl and Robert Pfeifer 2001 FORAGING IN A PATCHY AND DYNAMIC LANDSCAPE HUMAN LAND USE AND THE WHITE STORK Ecological Applications 116069 doi1018901051076120010110060FIAPAD20CO2 Revise the sentence possibly to the following The White Stork consumes a wide variety of animal prey They forage in meadows that are approximately with 5km of their nest and prefer sites where the vegetation is shorter so that their prey is more accessible","Actually aquatic plants are defined by their adaptations to saturated of flooded soils leading to hypoxia and anoxia I just finished a graduate course in aquatic plants However that is beside the point The sentence has been modified but I dont like the revised version Taking food from the ground or from shallow water and occasionally from low plants21 the White Stork consumes a wide variety of animal prey ps  the doi link for that citation is busted  check From the website Johst Karin Rolan Brandl and Robert Pfeifer 2001 FORAGING IN A PATCHY AND DYNAMIC LANDSCAPE HUMAN LAND USE AND THE WHITE STORK Ecological Applications 116069 doi1018901051076120010110060FIAPAD20CO2 Revise the sentence possibly to the following The White Stork consumes a wide variety of animal prey They forage in meadows that are approximately with 5km of their nest and prefer sites where the vegetation is shorter so that their prey is more accessible",0.000784754753112793,0.000784754753112793,0,0,0,1,"Failed"
"Thats what we have individual race articles for though Information specific to a grand prix should be located on the Grand Prix article not tabled in the season summary","Thats what we have individual race articles for though Information specific to a grand prix should be located on the Grand Prix article not tabled in the season summary",0.00018781423568725586,0.00018781423568725586,0,0,0,1,"Failed"
"The formatting was mainly to allow it to be right aligned I think its a little weird to have an article on featured pictures that doesnt lead with one Feel free to delete the comment on depth of field  that may be better left for a more detailed report","The formatting was mainly to allow it to be right aligned I think its a little weird to have an article on featured pictures that doesnt lead with one Feel free to delete the comment on depth of field  that may be better left for a more detailed report",0.0001984238624572754,0.0001984238624572754,0,0,0,1,"Failed"
"And all of you are utterly stupid for giving these parasites even a whisp of the oxygen of publicity His real name is Prince Lozza di Big Brother","And all of you are utterly stupid for giving these parasites even a whisp of the oxygen of publicity His real name is Prince Lozza di Big Brother",0.11741209030151367,0.11741209030151367,1,1,1,1,"Failed"
"REDIRECT TalkShackamaxon Country Club","REDIRECT TalkShackamaxon Country Club",0.0015064477920532227,0.0015064477920532227,0,0,0,1,"Failed"
"Global warming means were all gonna die heeeeeeelp <SPLIT> No more grant money for you and freebies and junkets to copenhagen and mexico for yall Goodbye we wont miss you <SPLIT> Oops almost forgot","Global warming means were all gonna die heeeeeeelp <SPLIT> No more grant money for you and freebies and junkets to copenhagen and mexico for yall Goodbye we wont miss you <SPLIT> Oops almost forgot",0.5060272216796875,0.5060272216796875,1,1,0,1,"Skipped"
"As far as most peoples usage of the term goes heavy metal refers to all brands of metal The whole concept of restricting it to mean classic metal is absurd and confusing and seems like a fairly modern development to me I may be wrong here but thats what it seems like How is death metal not heavy It sounds pretty heavy to me As far as Im concerned there is simply no debate here  either Metal music is merged into this article or deleted  0011 19 January 2006","As far as most peoples usage of the term goes heavy metal refers to all brands of metal The whole concept of restricting it to mean classic metal is absurd and confusing and seems like a fairly modern development to me I may be wrong here but thats what it seems like How is death metal not heavy It sounds pretty heavy to me As far as Im concerned there is simply no debate here  either Metal music is merged into this article or deleted  0011 19 January 2006",0.0002817511558532715,0.0002817511558532715,0,0,0,1,"Failed"
"One for the Brits Way to go Nach0king All the best","One for the Brits Way to go Nach0king All the best",0.03471583127975464,0.03471583127975464,0,0,0,1,"Failed"
"There is no unknown user and the red characters were added by a computer program because there were errors in formatting the references The software recognizes only very specific parameters in the book citation template and they have to be formatted exactly right I have made corrections to references 11 13 15 17 23 32 34 37 and 40 Since I dont read Chinese please check everything carefully especially 40 where I had to guess at the name of the work I have also responded on my talk page I hope this helps and I apologize for any errors I may have made English is my only language","There is no unknown user and the red characters were added by a computer program because there were errors in formatting the references The software recognizes only very specific parameters in the book citation template and they have to be formatted exactly right I have made corrections to references 11 13 15 17 23 32 34 37 and 40 Since I dont read Chinese please check everything carefully especially 40 where I had to guess at the name of the work I have also responded on my talk page I hope this helps and I apologize for any errors I may have made English is my only language",0.0003261566162109375,0.0003261566162109375,0,0,0,1,"Failed"
"Danke This guy looks odd as well Reverted most of 18829s vandalism but kept in the word dicks Hasnt edited elsewhere","Danke This guy looks odd as well Reverted most of 18829s vandalism but kept in the word dicks Hasnt edited elsewhere",0.16019761562347412,0.16019761562347412,0,0,0,1,"Failed"
"classmessagebox standardtalk stylewidth auto <SPLIT>  <SPLIT>   <SPLIT>  It is suspected that this user might be a sock puppet or impersonator of Please refer to  for evidence See  block log and current autoblocks <SPLIT>  <SPLIT><SPLIT> Yamla stay away from my pageOr u will be reported for ataking my page  <SPLIT><SPLIT> And one last time no blanking of sockpuppet messages or your pages will be protected from edits    <SPLIT><SPLIT> O my gosh i am only  11 years old y would i be doin this i am innocent please stop accusing me i am not cutie 1 4 u but i am cutiefoeva  <SPLIT><SPLIT> You dont understand  This account hasnt been blocked  You are unable to edit because your admitted sockpuppet account Cutie 4 life has been blocked  YOU ARE NOT PERMITTED TO EDIT THE WIKIPEDIA while any of your accounts is blocked  The block will not be lifted you have to let it expire    <SPLIT><SPLIT> This account has been blocked for editing the Wikipedia while your sockpuppeteer account Cutie 4 life is blocked  You have already admitted that this is a sockpuppet of the other account    <SPLIT><SPLIT> I hate u MrYamla sorry but i DO and wen the bloking has expired u will not be allowed 2 edit my page by the way how do u blok a person <SPLIT><SPLIT> You cannot block other editors  You are welcome to resume editing once the block expires but any further instances of vandalism will result in further blocks    <SPLIT><SPLIT>  Discussion and Question Page  <SPLIT> Please dont remove the speedy delete notice from Discussion and Question Page  If you disagree with it follow the directions contained in the notice   <SPLIT><SPLIT> Well i cant do it now becuz u deleted the whole page  <SPLIT><SPLIT> Blocked <SPLIT><SPLIT> You have been blocked  You are not to remove the sockpuppet warning from this page","classmessagebox standardtalk stylewidth auto <SPLIT>  <SPLIT>   <SPLIT>  It is suspected that this user might be a sock puppet or impersonator of Please refer to  for evidence See  block log and current autoblocks <SPLIT>  <SPLIT><SPLIT> Yamla stay away from my pageOr u will be reported for ataking my page  <SPLIT><SPLIT> And one last time no blanking of sockpuppet messages or your pages will be protected from edits    <SPLIT><SPLIT> O my gosh i am only  11 years old y would i be doin this i am innocent please stop accusing me i am not cutie 1 4 u but i am cutiefoeva  <SPLIT><SPLIT> You dont understand  This account hasnt been blocked  You are unable to edit because your admitted sockpuppet account Cutie 4 life has been blocked  YOU ARE NOT PERMITTED TO EDIT THE WIKIPEDIA while any of your accounts is blocked  The block will not be lifted you have to let it expire    <SPLIT><SPLIT> This account has been blocked for editing the Wikipedia while your sockpuppeteer account Cutie 4 life is blocked  You have already admitted that this is a sockpuppet of the other account    <SPLIT><SPLIT> I hate u MrYamla sorry but i DO and wen the bloking has expired u will not be allowed 2 edit my page by the way how do u blok a person <SPLIT><SPLIT> You cannot block other editors  You are welcome to resume editing once the block expires but any further instances of vandalism will result in further blocks    <SPLIT><SPLIT>  Discussion and Question Page  <SPLIT> Please dont remove the speedy delete notice from Discussion and Question Page  If you disagree with it follow the directions contained in the notice   <SPLIT><SPLIT> Well i cant do it now becuz u deleted the whole page  <SPLIT><SPLIT> Blocked <SPLIT><SPLIT> You have been blocked  You are not to remove the sockpuppet warning from this page",0.05911910533905029,0.05911910533905029,0,0,0,1,"Failed"
"Eleassar  I dont know whether Doremo and me are more knowledgeable than you Doremo maybe is a native English speaker but that didnt help to find sources that you and me found I am just comparing what is done in some places in Wikipedia and what has been done here Reading and comparing is all I did Also checking against native English sources You said the opposite change has been going on for years  the first Municipality of  that I found  via the template  is from June 2012  That is more than three years after Yerpo established X municipality in commons  and even more years after text usage of X Municipality in articles  <SPLIT> Doremo  the usage of the word municipality as a class name in toponyms is marginal for native English countries In Allegheny County PA the municipalities are named X Township X Borough  ie Google tests may find municipality of X there but in fact it will be municipality of X Township or so And the article in Wikipedia is at Aleppo Township Allegheny County Pennsylvania For the entities from Eastern or Northern Europe having class names like kommun or opstina and being locally called opstina XX kommun the situation is different There is the base name X and then a class name is applied to the full set That makes the situation similar to 10native English country South Africa and the local municipalities in that country A local website can be found at  httpwwwstellenboschgovzajsphomejsp having X Municipality in large letters at the top or at httpwwwoverstrandgovza having Overstrand Municipality in the text of the home page So I think for South Africans it would not be perceived as marginal to say X Municipality","Eleassar  I dont know whether Doremo and me are more knowledgeable than you Doremo maybe is a native English speaker but that didnt help to find sources that you and me found I am just comparing what is done in some places in Wikipedia and what has been done here Reading and comparing is all I did Also checking against native English sources You said the opposite change has been going on for years  the first Municipality of  that I found  via the template  is from June 2012  That is more than three years after Yerpo established X municipality in commons  and even more years after text usage of X Municipality in articles  <SPLIT> Doremo  the usage of the word municipality as a class name in toponyms is marginal for native English countries In Allegheny County PA the municipalities are named X Township X Borough  ie Google tests may find municipality of X there but in fact it will be municipality of X Township or so And the article in Wikipedia is at Aleppo Township Allegheny County Pennsylvania For the entities from Eastern or Northern Europe having class names like kommun or opstina and being locally called opstina XX kommun the situation is different There is the base name X and then a class name is applied to the full set That makes the situation similar to 10native English country South Africa and the local municipalities in that country A local website can be found at  httpwwwstellenboschgovzajsphomejsp having X Municipality in large letters at the top or at httpwwwoverstrandgovza having Overstrand Municipality in the text of the home page So I think for South Africans it would not be perceived as marginal to say X Municipality",0.0017979145050048828,0.0017979145050048828,0,0,0,1,"Failed"
"25 December 2005 UTC <SPLIT><SPLIT>  Considering that 1 the current spelling is justified by translit conventions and spelling frequency 2 some people would read Ch as in chair and 3 most Englishspeakers wont be able to reproduce the throaty sound anyway I agree with those who prefer simple H  0707","25 December 2005 UTC <SPLIT><SPLIT>  Considering that 1 the current spelling is justified by translit conventions and spelling frequency 2 some people would read Ch as in chair and 3 most Englishspeakers wont be able to reproduce the throaty sound anyway I agree with those who prefer simple H  0707",0.00023573637008666992,0.00023573637008666992,0,0,0,1,"Failed"
"I will add more later","I will add more later",0.00019806623458862305,0.00019806623458862305,0,0,0,1,"Failed"
"Thanks I havent left him or her a message and at this point it would probably be better if someone else did so it doesnt seem like Im trying to antagonize him or her","Thanks I havent left him or her a message and at this point it would probably be better if someone else did so it doesnt seem like Im trying to antagonize him or her",0.0014940500259399414,0.0014940500259399414,0,0,0,1,"Failed"
"For my money this is an exceptionally stupid and ill timed block","For my money this is an exceptionally stupid and ill timed block",0.16586285829544067,0.16586285829544067,1,1,1,1,"Failed"
"He totally has a point Predators is a continuation of Predator What kind of a nimrod statement is that And besides the dumb Holliwood producers are always fucking up movie titles I mean Final Destination and The Final Desintation The Fast and The Furious and Fast and Furious Really creative","He totally has a point Predators is a continuation of Predator What kind of a nimrod statement is that And besides the dumb Holliwood producers are always fucking up movie titles I mean Final Destination and The Final Desintation The Fast and The Furious and Fast and Furious Really creative",0.8343450427055359,0.8343450427055359,1,1,0,1,"Skipped"
"Your attempt to justify your misrepresentations are pathetic You wrote Andyvphil you have repeatedly been admonished on your user talk page for violating BLP and editwarring in your attempts to insert biased negative critical material about me into various Wikipedia entries This is simply false Then you advance my suggestion that Hipcrite was being hypocriticial in nominating DHFF for deletetion but not PRA note that I did not suggest deleting PRA as evidence of a history of personal and political attacks This is simply stupid","Your attempt to justify your misrepresentations are pathetic You wrote Andyvphil you have repeatedly been admonished on your user talk page for violating BLP and editwarring in your attempts to insert biased negative critical material about me into various Wikipedia entries This is simply false Then you advance my suggestion that Hipcrite was being hypocriticial in nominating DHFF for deletetion but not PRA note that I did not suggest deleting PRA as evidence of a history of personal and political attacks This is simply stupid",0.570961058139801,0.570961058139801,0,0,1,1,"Skipped"
"Oh  By the way A3 said this a few months ago regarding A5 Tell her shut up noone cares and go away THAT is not how you treat someone at all That is how you try to depress someone","Oh  By the way A3 said this a few months ago regarding A5 Tell her shut up noone cares and go away THAT is not how you treat someone at all That is how you try to depress someone",0.4257790446281433,0.4257790446281433,0,0,0,1,"Failed"
"December 2009  <SPLIT> I was curious to know if you had any legitimate reason for reverting my edits I am very frustrated with you and your lack of incivility","December 2009  <SPLIT> I was curious to know if you had any legitimate reason for reverting my edits I am very frustrated with you and your lack of incivility",0.023885130882263184,0.023885130882263184,0,0,0,1,"Failed"
"918 spyder specs and design needs updating  <SPLIT><SPLIT> i think this page needs updating the technical specification and design of the 918 spyder has been changed for the production version of the car","918 spyder specs and design needs updating  <SPLIT><SPLIT> i think this page needs updating the technical specification and design of the 918 spyder has been changed for the production version of the car",0.00018602609634399414,0.00018602609634399414,0,0,0,1,"Failed"
"A cookie for you  <SPLIT><SPLIT>  stylebackgroundcolor fdffe7 border 1px solid fceb92 <SPLIT> styleverticalalign middle padding 5px   <SPLIT> styleverticalalign middle padding 3px  I just wanted to thank you for continuously updating the MYSTIC surveillance program page for the last several months and generally keeping it current and up to date","A cookie for you  <SPLIT><SPLIT>  stylebackgroundcolor fdffe7 border 1px solid fceb92 <SPLIT> styleverticalalign middle padding 5px   <SPLIT> styleverticalalign middle padding 3px  I just wanted to thank you for continuously updating the MYSTIC surveillance program page for the last several months and generally keeping it current and up to date",0.0002643465995788574,0.0002643465995788574,0,0,0,1,"Failed"
"I apologize for flinging around what one could perceive as irrelevant comments I still wonder why we need to make this personal and whether my invocation of what you perceive to be irrelevant facts justifies personal attacks Regardles the facts are these  <SPLIT><SPLIT> 1 The hits last month of articles on the disamb page to articles other than John Leland antiquarian together add up to more than the hits to the antiquary article If you do not include hits to John Leland Center for Theological Studies though WPPRIME is silent on this the combined hits of the nonantiquary articles do not exceed the antiquary hits I do not think we can be sure that the article on the Center will never be called simple John Leland by a person searching for it but I cannot think of a way to prove it either way <SPLIT><SPLIT> 2 If you go back to February the hits are as follows  762 antiquary with 23 of those coming from the Leyland redirect 177 journalist 507 Baptist 80 Presbyterian 268 the Center Even if you do not subtract the 23 hits that came from the Leyland redirect and do not count any hits to the Center the nonantiquary hits are still greater if barely than the antiquary hits  <SPLIT><SPLIT> 3 The antiquary is the number one result in a Google books search  <SPLIT><SPLIT> 4 The journalist is the number one result in a Google news search  <SPLIT><SPLIT> 5 The Baptist appears most often and higherup in a Google web search on the first page   <SPLIT><SPLIT> 6 Since last month you deleted the listing for John Leland MP despite several articles having redlinks to the same I created that article and returned it to the disamb page I noted that I do not anticipate that this article would receive a huge number of hits but it will be more than zero thus increasing the disparity between the total hits to nonantiquary articles and the hits to the antiquary article in some months or closing the gap between the other individuals named John Leland and the antiquary in other months if one chooses not to count hits to the Center or the other see alsos  <SPLIT><SPLIT> 7 In the last few days I expanded the journalist article just a bit added many proper wikilinks pointing to the article and added some categories I would expect this stub to get more hits in the future as a result The journalistauthor is quite notable and increasingly so  <SPLIT><SPLIT> 8 I also added listings for two other individuals for whom John Leland makes up their first and middle names I would not weigh that heavily in the analysis <SPLIT><SPLIT> Together placing most weight on Nos 15 above as seems proper to me per WPPRIME I think these weigh in favor of keeping John Leland as the disambiguation page I do not think John Leland antiquary is more likely than all the others combined  to be the subject being sought when a reader clicks the Go button after typing John Leland especially going forward","I apologize for flinging around what one could perceive as irrelevant comments I still wonder why we need to make this personal and whether my invocation of what you perceive to be irrelevant facts justifies personal attacks Regardles the facts are these  <SPLIT><SPLIT> 1 The hits last month of articles on the disamb page to articles other than John Leland antiquarian together add up to more than the hits to the antiquary article If you do not include hits to John Leland Center for Theological Studies though WPPRIME is silent on this the combined hits of the nonantiquary articles do not exceed the antiquary hits I do not think we can be sure that the article on the Center will never be called simple John Leland by a person searching for it but I cannot think of a way to prove it either way <SPLIT><SPLIT> 2 If you go back to February the hits are as follows  762 antiquary with 23 of those coming from the Leyland redirect 177 journalist 507 Baptist 80 Presbyterian 268 the Center Even if you do not subtract the 23 hits that came from the Leyland redirect and do not count any hits to the Center the nonantiquary hits are still greater if barely than the antiquary hits  <SPLIT><SPLIT> 3 The antiquary is the number one result in a Google books search  <SPLIT><SPLIT> 4 The journalist is the number one result in a Google news search  <SPLIT><SPLIT> 5 The Baptist appears most often and higherup in a Google web search on the first page   <SPLIT><SPLIT> 6 Since last month you deleted the listing for John Leland MP despite several articles having redlinks to the same I created that article and returned it to the disamb page I noted that I do not anticipate that this article would receive a huge number of hits but it will be more than zero thus increasing the disparity between the total hits to nonantiquary articles and the hits to the antiquary article in some months or closing the gap between the other individuals named John Leland and the antiquary in other months if one chooses not to count hits to the Center or the other see alsos  <SPLIT><SPLIT> 7 In the last few days I expanded the journalist article just a bit added many proper wikilinks pointing to the article and added some categories I would expect this stub to get more hits in the future as a result The journalistauthor is quite notable and increasingly so  <SPLIT><SPLIT> 8 I also added listings for two other individuals for whom John Leland makes up their first and middle names I would not weigh that heavily in the analysis <SPLIT><SPLIT> Together placing most weight on Nos 15 above as seems proper to me per WPPRIME I think these weigh in favor of keeping John Leland as the disambiguation page I do not think John Leland antiquary is more likely than all the others combined  to be the subject being sought when a reader clicks the Go button after typing John Leland especially going forward",0.0005177855491638184,0.0005177855491638184,0,0,0,1,"Failed"
"ImageKathy Wu 2JPG listed for deletion  <SPLIT><SPLIT>   An image or media file that you uploaded ImageKathy Wu 2JPG has been listed at WikipediaImages and media for deletion Please look there to see why this is you may have to search for the title of the image to find its entry if you are interested in it not being deleted Thank you","ImageKathy Wu 2JPG listed for deletion  <SPLIT><SPLIT>   An image or media file that you uploaded ImageKathy Wu 2JPG has been listed at WikipediaImages and media for deletion Please look there to see why this is you may have to search for the title of the image to find its entry if you are interested in it not being deleted Thank you",0.00018459558486938477,0.00018459558486938477,0,0,0,1,"Failed"
"I picked the book up recently at a used book sale almost pristine copy of the hardback for dirt cheap Im very much looking forward to reading it","I picked the book up recently at a used book sale almost pristine copy of the hardback for dirt cheap Im very much looking forward to reading it",0.00021499395370483398,0.00021499395370483398,0,0,0,1,"Failed"
"Ive never seen a description of cognitive dissonance that says it is particular to psychopaths","Ive never seen a description of cognitive dissonance that says it is particular to psychopaths",0.03645390272140503,0.03645390272140503,0,0,0,1,"Failed"
"Sleep well you bastard admin whoever you were Will nobody think of the cats","Sleep well you bastard admin whoever you were Will nobody think of the cats",0.003720223903656006,0.003720223903656006,1,1,1,1,"Failed"
"Intresting inks <SPLIT><SPLIT> wwwauschwitzdkWomenGresehtm <SPLIT> wwwjusticeatdachaucombiohtm <SPLIT> militaryhistorysuite101comarticlecfmirmagresebeastofauschwitz <SPLIT> wwwauschwitzdkWomenBormannhtm <SPLIT> wwwauschwitzdkWomenMandelhtm <SPLIT> wwwauschwitzdkWomenBothehtm <SPLIT> <SPLIT> Id just like to point out that the cwportercom link leads to a antijewish nutter conspiracy hate site The greencastlek12paus link is to a schoolgirl that seems to have made a quilt blanket commemorating Nazi women very odd not encyclopedic Justiceatdachaucom although an interesting book is about Dachau and Buchenwald prosecutions nothing to do with Irma Grese People seem to mix up Ilse Koch The Bitch of Buchenwald with Irma Grese The wikipedia link is to here    <SPLIT><SPLIT> Rationale <SPLIT> I thought the quilt was an intresting new offshoot which involve Irma Encyclopedic <SPLIT> The silly cwporter sight was a bit to mustard after all It apears not alternate veipoint just wieard As for the link from this page to this page Its a error I wanted Ilse Koch but cut and paisted the wrong one <SPLIT> <SPLIT><SPLIT> CWPorter is to be handeled with care and caution due to its far rightwing nature  <SPLIT><SPLIT> The site is conected to some farright political partys to <SPLIT><SPLIT>  NeoNazis Again Pushing Their PseudoHeroine  <SPLIT><SPLIT> The NeoNazis are at it again massaging the article and trying to promote this depraved individual into some kind of glorious and victimized Aryan milkmaid  Well have to keep an eye on this  either that or have the article protected in some reasonably neutral form  Id hate to have some innocent kid stumble across it in its current form and assume its for real <SPLIT><SPLIT> Irma Grese was never SS because the SS never allowed women How anyone can believe the crap about her skinning Jews is beyond the pale She was a simple farm girl that worked at a camp she was paid by German labor dept <SPLIT><SPLIT> She was a sadistic guard and liked to beat people with her wip but did not have Ilsa Kochs type skin lampshades in her office","Intresting inks <SPLIT><SPLIT> wwwauschwitzdkWomenGresehtm <SPLIT> wwwjusticeatdachaucombiohtm <SPLIT> militaryhistorysuite101comarticlecfmirmagresebeastofauschwitz <SPLIT> wwwauschwitzdkWomenBormannhtm <SPLIT> wwwauschwitzdkWomenMandelhtm <SPLIT> wwwauschwitzdkWomenBothehtm <SPLIT> <SPLIT> Id just like to point out that the cwportercom link leads to a antijewish nutter conspiracy hate site The greencastlek12paus link is to a schoolgirl that seems to have made a quilt blanket commemorating Nazi women very odd not encyclopedic Justiceatdachaucom although an interesting book is about Dachau and Buchenwald prosecutions nothing to do with Irma Grese People seem to mix up Ilse Koch The Bitch of Buchenwald with Irma Grese The wikipedia link is to here    <SPLIT><SPLIT> Rationale <SPLIT> I thought the quilt was an intresting new offshoot which involve Irma Encyclopedic <SPLIT> The silly cwporter sight was a bit to mustard after all It apears not alternate veipoint just wieard As for the link from this page to this page Its a error I wanted Ilse Koch but cut and paisted the wrong one <SPLIT> <SPLIT><SPLIT> CWPorter is to be handeled with care and caution due to its far rightwing nature  <SPLIT><SPLIT> The site is conected to some farright political partys to <SPLIT><SPLIT>  NeoNazis Again Pushing Their PseudoHeroine  <SPLIT><SPLIT> The NeoNazis are at it again massaging the article and trying to promote this depraved individual into some kind of glorious and victimized Aryan milkmaid  Well have to keep an eye on this  either that or have the article protected in some reasonably neutral form  Id hate to have some innocent kid stumble across it in its current form and assume its for real <SPLIT><SPLIT> Irma Grese was never SS because the SS never allowed women How anyone can believe the crap about her skinning Jews is beyond the pale She was a simple farm girl that worked at a camp she was paid by German labor dept <SPLIT><SPLIT> She was a sadistic guard and liked to beat people with her wip but did not have Ilsa Kochs type skin lampshades in her office",0.18976300954818726,0.18976300954818726,0,0,0,1,"Failed"
"Just keep it as United States then All those companies could be called American so why not You could tag the rest of Graham Kings filmography as British which would be incorrect If anything it will stop this guy above wasting everyones time with silly discussions","Just keep it as United States then All those companies could be called American so why not You could tag the rest of Graham Kings filmography as British which would be incorrect If anything it will stop this guy above wasting everyones time with silly discussions",0.05195802450180054,0.05195802450180054,0,0,0,1,"Failed"
"Im not going to judge this stupid idea because its well known that he loved women although due to his diseases it wasnt easy for him to get one","Im not going to judge this stupid idea because its well known that he loved women although due to his diseases it wasnt easy for him to get one",0.43562114238739014,0.43562114238739014,0,0,0,1,"Failed"
"Like the general direction the changes are going in but now the order is screwed up I think Pareto should go first and then be contrasted with KH so Im changing that again","Like the general direction the changes are going in but now the order is screwed up I think Pareto should go first and then be contrasted with KH so Im changing that again",0.00036525726318359375,0.00036525726318359375,0,0,0,1,"Failed"
"Its just your shit computer","Its just your shit computer",0.0014538764953613281,0.0014538764953613281,1,1,1,1,"Failed"
"TemplateSilly  <SPLIT><SPLIT> Please see my comments at the article talk page Cheers","TemplateSilly  <SPLIT><SPLIT> Please see my comments at the article talk page Cheers",0.00019890069961547852,0.00019890069961547852,0,0,0,1,"Failed"
"Outdent Thanks for taking the trouble to explain your edits its an important principle on Wikipedia Equally important however is the one of no original research You have removed a sourced piece of information indeed from the authoritative Oxford English Dictionary in favor of as a Dutch speaker I can assure you This input is helpful as few of the other editors seem to speak the language but it cannot justify deleting cited material with which you disagree Im removing it  for now Bring it back with a published verifiable source but let the existing material stand eg other sources however assert or similar Again thanks for trying to help out here    <SPLIT><SPLIT>  <SPLIT> American Civil War","Outdent Thanks for taking the trouble to explain your edits its an important principle on Wikipedia Equally important however is the one of no original research You have removed a sourced piece of information indeed from the authoritative Oxford English Dictionary in favor of as a Dutch speaker I can assure you This input is helpful as few of the other editors seem to speak the language but it cannot justify deleting cited material with which you disagree Im removing it  for now Bring it back with a published verifiable source but let the existing material stand eg other sources however assert or similar Again thanks for trying to help out here    <SPLIT><SPLIT>  <SPLIT> American Civil War",0.00026661157608032227,0.00026661157608032227,0,0,0,1,"Failed"
"Some background on the gender gap <SPLIT> It was apparent many years ago that the majority of editors are male  A number of questions immediately sprang to mind <SPLIT><SPLIT>  How many are of which gender <SPLIT>  What is the cause <SPLIT>  What effect does it have <SPLIT><SPLIT> The research on even the first question was slow in coming and not great when it arrived  An initial survey gave the 9 female so often quoted  Systemic flaws meant that was probably nearer 16  Subsequently  the age has risen perhaps because the Internet in the Western world at least has a much more even gender balance of users than 5 years ago <SPLIT><SPLIT> The cause has been suggested to be many things including <SPLIT>  Because women dont like confrontation <SPLIT>  Because men are rude to women  <SPLIT>  Because its  a mans environment innately hostile to women locker room theory  <SPLIT>  Because women dont have time to edit <SPLIT>  Because its technical <SPLIT><SPLIT> and several more  The above have all been debunked to some extent <SPLIT><SPLIT> The only research I am aware of that provides a partial answer suggests that it is related to confidence  The big unanswered question is Is it something men like doing more than women  We neednt bother ourselves as to whether that is nature or nurture but if women are more disinclined to volunteer for encyclopaedia writing per se and lets face it almost all men are disinclined too then we have another potential cause <SPLIT><SPLIT> As to the effect there is certain research that indicates that subjects of interest to women are less thoroughly covered than subjects of interest to men  This research has systemic issues though  Secondly there are some issues about the way that female biographies are presented and linked  it is by no means clear that this is as a result of the gender gap indeed closing the gender gap might exacerbate it  Thirdly there appear to be more missing female biographies at the level that get one or two views a day  Again while editathons focussed on adding female biographies can address this in a very small way it is not clear that closing the ratio between genders of editors will <SPLIT><SPLIT> HTH All the best","Some background on the gender gap <SPLIT> It was apparent many years ago that the majority of editors are male  A number of questions immediately sprang to mind <SPLIT><SPLIT>  How many are of which gender <SPLIT>  What is the cause <SPLIT>  What effect does it have <SPLIT><SPLIT> The research on even the first question was slow in coming and not great when it arrived  An initial survey gave the 9 female so often quoted  Systemic flaws meant that was probably nearer 16  Subsequently  the age has risen perhaps because the Internet in the Western world at least has a much more even gender balance of users than 5 years ago <SPLIT><SPLIT> The cause has been suggested to be many things including <SPLIT>  Because women dont like confrontation <SPLIT>  Because men are rude to women  <SPLIT>  Because its  a mans environment innately hostile to women locker room theory  <SPLIT>  Because women dont have time to edit <SPLIT>  Because its technical <SPLIT><SPLIT> and several more  The above have all been debunked to some extent <SPLIT><SPLIT> The only research I am aware of that provides a partial answer suggests that it is related to confidence  The big unanswered question is Is it something men like doing more than women  We neednt bother ourselves as to whether that is nature or nurture but if women are more disinclined to volunteer for encyclopaedia writing per se and lets face it almost all men are disinclined too then we have another potential cause <SPLIT><SPLIT> As to the effect there is certain research that indicates that subjects of interest to women are less thoroughly covered than subjects of interest to men  This research has systemic issues though  Secondly there are some issues about the way that female biographies are presented and linked  it is by no means clear that this is as a result of the gender gap indeed closing the gender gap might exacerbate it  Thirdly there appear to be more missing female biographies at the level that get one or two views a day  Again while editathons focussed on adding female biographies can address this in a very small way it is not clear that closing the ratio between genders of editors will <SPLIT><SPLIT> HTH All the best",0.0035541653633117676,0.0035541653633117676,0,0,0,1,"Failed"
"Wikimedia Stories Project  <SPLIT><SPLIT> Aloha <SPLIT><SPLIT> My name is Victor Grigas Im a storyteller at the Wikimedia Foundation in San Francisco working on collecting unique and interesting stories from Wikipedians that can be used to compel donations for the 2011 fundraiser <SPLIT><SPLIT> I found your user name on this list <SPLIT> httpenwikipediaorgwikiCategoryWikipediansinChicago <SPLIT><SPLIT> If you are interested in participating and would like to schedule a telephone or Skype interview with me please send me an email vgrigaswikimediaorg along with any questions you may have <SPLIT><SPLIT> Thanks for your time <SPLIT><SPLIT> Victor UserVictorgrigas    <SPLIT><SPLIT> PS <SPLIT> If you know of anyone with whom I should speak please let me know","Wikimedia Stories Project  <SPLIT><SPLIT> Aloha <SPLIT><SPLIT> My name is Victor Grigas Im a storyteller at the Wikimedia Foundation in San Francisco working on collecting unique and interesting stories from Wikipedians that can be used to compel donations for the 2011 fundraiser <SPLIT><SPLIT> I found your user name on this list <SPLIT> httpenwikipediaorgwikiCategoryWikipediansinChicago <SPLIT><SPLIT> If you are interested in participating and would like to schedule a telephone or Skype interview with me please send me an email vgrigaswikimediaorg along with any questions you may have <SPLIT><SPLIT> Thanks for your time <SPLIT><SPLIT> Victor UserVictorgrigas    <SPLIT><SPLIT> PS <SPLIT> If you know of anyone with whom I should speak please let me know",0.00032269954681396484,0.00032269954681396484,0,0,0,1,"Failed"
"RussoGeorgian War  <SPLIT><SPLIT> The Turkish Army neither did fight alongside the Georgians against Russia nor did supply weapons during armed hostilities The purchase of weapons does not warrant inclusion of the country of origin of weapons as combatant If WP lists every country from which armament is bought by the warring party as combatant then Israel Ukraine and the Czech Republic would be listed too Two of the Turkishlanguage sources are blogs and therefore not reliable Not one of the sources indicate that the armament was provided in 712 August period Now please revert your edit since nobody wants to get involved in edit warring and that article has caused enough trouble","RussoGeorgian War  <SPLIT><SPLIT> The Turkish Army neither did fight alongside the Georgians against Russia nor did supply weapons during armed hostilities The purchase of weapons does not warrant inclusion of the country of origin of weapons as combatant If WP lists every country from which armament is bought by the warring party as combatant then Israel Ukraine and the Czech Republic would be listed too Two of the Turkishlanguage sources are blogs and therefore not reliable Not one of the sources indicate that the armament was provided in 712 August period Now please revert your edit since nobody wants to get involved in edit warring and that article has caused enough trouble",0.0006003379821777344,0.0006003379821777344,0,0,0,1,"Failed"
"Edit request from 124185821 8 January 2011  <SPLIT><SPLIT>  <SPLIT><SPLIT>  <SPLIT> Please correct form poor white trash to from poor white trash in the green text box to the right side of subsection 52 Class","Edit request from 124185821 8 January 2011  <SPLIT><SPLIT>  <SPLIT><SPLIT>  <SPLIT> Please correct form poor white trash to from poor white trash in the green text box to the right side of subsection 52 Class",0.2024461030960083,0.2024461030960083,0,0,0,1,"Failed"
"What it seems like we have here is a user who makes good content contributions but has an inability to control their temper when they see something they dont like coupled with a bit of a persecution complex When I asked him to stop with the personal attacks which he very clearly did make his response was stop fucking attacking me asshole as if this was part of some prolonged campaign of harassment by me when in fact as far as I know it was the very first time I had ever spoken to this user plenty of users have irrational grudges against all administrators but they manage to express their concerns without throwing a screaming fit and accusing anyone who asks them to calm down of attacking them Frankly the whole situation is quite ironic in that Linas comments apply more to his own attitude than to those who he is so angry at","What it seems like we have here is a user who makes good content contributions but has an inability to control their temper when they see something they dont like coupled with a bit of a persecution complex When I asked him to stop with the personal attacks which he very clearly did make his response was stop fucking attacking me asshole as if this was part of some prolonged campaign of harassment by me when in fact as far as I know it was the very first time I had ever spoken to this user plenty of users have irrational grudges against all administrators but they manage to express their concerns without throwing a screaming fit and accusing anyone who asks them to calm down of attacking them Frankly the whole situation is quite ironic in that Linas comments apply more to his own attitude than to those who he is so angry at",0.3887680768966675,0.3887680768966675,0,0,0,1,"Failed"
"MfD nomination of  <SPLIT>  a page you created has been nominated for deletion Your opinions on the matter are welcome please participate in the discussion by adding your comments at WikipediaMiscellany for deletionUserRiobravo4Links and please be sure to sign your comments with four tildes   You are free to edit the content of  during the discussion but should not remove the miscellany for deletion template from the top of the page such removal will not end the deletion discussion  Thank you    friendly","MfD nomination of  <SPLIT>  a page you created has been nominated for deletion Your opinions on the matter are welcome please participate in the discussion by adding your comments at WikipediaMiscellany for deletionUserRiobravo4Links and please be sure to sign your comments with four tildes   You are free to edit the content of  during the discussion but should not remove the miscellany for deletion template from the top of the page such removal will not end the deletion discussion  Thank you    friendly",0.00019723176956176758,0.00019723176956176758,0,0,0,1,"Failed"
"context  <SPLIT><SPLIT> i appreciate the context tag  because i am so close to the topic i am not clear on what aspects of the article are vague or lacking in context  i am often too colored by my own philosophical presupposition to describe them clearly to an outsider  would Stevertigo Joshuaschroeder or Alai be willing to make some comments here on the talkpage about what sections of the article are vague or lacking in context to aid in clarification","context  <SPLIT><SPLIT> i appreciate the context tag  because i am so close to the topic i am not clear on what aspects of the article are vague or lacking in context  i am often too colored by my own philosophical presupposition to describe them clearly to an outsider  would Stevertigo Joshuaschroeder or Alai be willing to make some comments here on the talkpage about what sections of the article are vague or lacking in context to aid in clarification",0.00020951032638549805,0.00020951032638549805,0,0,0,1,"Failed"
"Good point Ive made some changes more closely based on the cited sources This isnt Urban Dictionary but people have a go at adding their LOLs to articles like this sometimes anyway","Good point Ive made some changes more closely based on the cited sources This isnt Urban Dictionary but people have a go at adding their LOLs to articles like this sometimes anyway",0.00022238492965698242,0.00022238492965698242,0,0,0,1,"Failed"
"Thanks for yelling at me I should have looked closer I just saw him blanking pages and replacing pages and assumed he was vandalizing I left a note on his talk page","Thanks for yelling at me I should have looked closer I just saw him blanking pages and replacing pages and assumed he was vandalizing I left a note on his talk page",0.004334867000579834,0.004334867000579834,0,0,0,1,"Failed"
"No because it doesnt say it is in the state of Palestine It says it is in the region known as Palestine","No because it doesnt say it is in the state of Palestine It says it is in the region known as Palestine",0.0001856684684753418,0.0001856684684753418,0,0,0,1,"Failed"
"This list is soo bogus IT IS WORSE THAN RANDOM  Total Bs  Preceding unsigned comment added by     <SPLIT> Sorry but I agree with ANON on this Its an unsourced list of people with an allegation  made on no authority  that they have a certain personality type Unless anyone has a sensible objection which squares with WPBLP Ill remove the list then only allow back onto the page items which are adequately sourced","This list is soo bogus IT IS WORSE THAN RANDOM  Total Bs  Preceding unsigned comment added by     <SPLIT> Sorry but I agree with ANON on this Its an unsourced list of people with an allegation  made on no authority  that they have a certain personality type Unless anyone has a sensible objection which squares with WPBLP Ill remove the list then only allow back onto the page items which are adequately sourced",0.01091921329498291,0.01091921329498291,0,0,0,1,"Failed"
"Just a notice that you havent responded yet","Just a notice that you havent responded yet",0.0018578767776489258,0.0018578767776489258,0,0,0,1,"Failed"
"Not true  As with the Danish cartoons controversy etc Wiki reflects such pictures where they are relevant to the story","Not true  As with the Danish cartoons controversy etc Wiki reflects such pictures where they are relevant to the story",0.00024002790451049805,0.00024002790451049805,0,0,0,1,"Failed"
"Thank you for following through on this","Thank you for following through on this",0.00020104646682739258,0.00020104646682739258,0,0,0,1,"Failed"
"Combine with Symbol  <SPLIT> I would like to recommend that this page be combined with the Symbol page","Combine with Symbol  <SPLIT> I would like to recommend that this page be combined with the Symbol page",0.00020939111709594727,0.00020939111709594727,0,0,0,1,"Failed"
"The garage is in a very small town Some day I will get a photo but its really out of the way to anywhere He had more than one hanger outside of town One that looks much like the one in the photo is at the Fillmore County History Museum","The garage is in a very small town Some day I will get a photo but its really out of the way to anywhere He had more than one hanger outside of town One that looks much like the one in the photo is at the Fillmore County History Museum",0.00019210577011108398,0.00019210577011108398,0,0,0,1,"Failed"
"Fair enough But these airstrikes should at least still be mentioned in the body of the article under the date when they occurred since we have five sources including Aranas and the Navy Times to back up that assertion","Fair enough But these airstrikes should at least still be mentioned in the body of the article under the date when they occurred since we have five sources including Aranas and the Navy Times to back up that assertion",0.00017327070236206055,0.00017327070236206055,0,0,0,1,"Failed"
"I find computer games very offensive Please change your name","I find computer games very offensive Please change your name",0.0004321932792663574,0.0004321932792663574,0,0,0,1,"Failed"
"26 December 2006 UTC <SPLIT><SPLIT> Yeah I dont know why I hadnt thought about it until just tonight either  While I was changing the others I discovered that the pages  created all already had New Team as the heading instead of Current Team I guess I need to strive to be as smart as he is  0532","26 December 2006 UTC <SPLIT><SPLIT> Yeah I dont know why I hadnt thought about it until just tonight either  While I was changing the others I discovered that the pages  created all already had New Team as the heading instead of Current Team I guess I need to strive to be as smart as he is  0532",0.00018614530563354492,0.00018614530563354492,0,0,0,1,"Failed"
"Michael Joe T Delizo <SPLIT><SPLIT> mabait sya","Michael Joe T Delizo <SPLIT><SPLIT> mabait sya",0.03705263137817383,0.03705263137817383,0,0,0,1,"Failed"
"By the way I meant Armenians Hitler didnt praise the real Aryans Being aryan is just a language you speak it has no identity I along with most germans hate when Iranians Indians Pakistanis Armenians and Kurds and afghanis who are actually hindu races think they are white because they speak an aryan language Arabs Assyrians and Jews are actually caucasion and just speak a semetic language Real Aryans like Kim Kardashian who is darker then my shit are not really considered white However they like to believe they are because Hitler misconstrewed the word Aryan In Hitlers eyes anyone who hated Jews was aryan He called himself a decendant of Semtic Hittites and Assyrians who are both semetic speakers In Trier Germany there is Museum dedicated to the Assyrian King who invaded the city of Trier It also states on a major plaque that Assyrians were here before the Romans so I have no doubt Assyrian blood runs through German veins Intelligence Astronomy Science technology gifts given to Germans by Assyrian knowledge Life is more then listening to your churches I am a Catholic German but should I say I am Catholic instead of German Chaldeans are really confused and to be honest they are more Arab in mentality then anything Arameans are the same and I have nothing against you people its just sad when you dont know your own identity In the bible it clearly states Assyria Egypt and Israel will be the three nations chosen in the end For Chaldeans and Arameans thats sad being GOD wont remember you as a nation or anything But in the end many will also be last and those who are last will be first I know the Assyrian people whos culture and history I loved since a child will prevail As a German I know many here in Germany support you and want to get rid of the islamic cancer Its now not about being aryan or semetic Hitler hated anything that was a threat to the European race and so today it would have been the Turks and other Muslims gassed to death Thrown in concentration camps believe me when i tell you this when push comes to shove Germans will erradicate you I wish to see an assyrian state and an end to islam I also wish chaldeans and Arameans would get there brain together As for Armenians stop thinking hilter actually liked you I mean you people could erase my meassage but please remember it forever Armenians in Hilters eyes were garbage and he called them just russian scum  <SPLIT><SPLIT> Martin","By the way I meant Armenians Hitler didnt praise the real Aryans Being aryan is just a language you speak it has no identity I along with most germans hate when Iranians Indians Pakistanis Armenians and Kurds and afghanis who are actually hindu races think they are white because they speak an aryan language Arabs Assyrians and Jews are actually caucasion and just speak a semetic language Real Aryans like Kim Kardashian who is darker then my shit are not really considered white However they like to believe they are because Hitler misconstrewed the word Aryan In Hitlers eyes anyone who hated Jews was aryan He called himself a decendant of Semtic Hittites and Assyrians who are both semetic speakers In Trier Germany there is Museum dedicated to the Assyrian King who invaded the city of Trier It also states on a major plaque that Assyrians were here before the Romans so I have no doubt Assyrian blood runs through German veins Intelligence Astronomy Science technology gifts given to Germans by Assyrian knowledge Life is more then listening to your churches I am a Catholic German but should I say I am Catholic instead of German Chaldeans are really confused and to be honest they are more Arab in mentality then anything Arameans are the same and I have nothing against you people its just sad when you dont know your own identity In the bible it clearly states Assyria Egypt and Israel will be the three nations chosen in the end For Chaldeans and Arameans thats sad being GOD wont remember you as a nation or anything But in the end many will also be last and those who are last will be first I know the Assyrian people whos culture and history I loved since a child will prevail As a German I know many here in Germany support you and want to get rid of the islamic cancer Its now not about being aryan or semetic Hitler hated anything that was a threat to the European race and so today it would have been the Turks and other Muslims gassed to death Thrown in concentration camps believe me when i tell you this when push comes to shove Germans will erradicate you I wish to see an assyrian state and an end to islam I also wish chaldeans and Arameans would get there brain together As for Armenians stop thinking hilter actually liked you I mean you people could erase my meassage but please remember it forever Armenians in Hilters eyes were garbage and he called them just russian scum  <SPLIT><SPLIT> Martin",0.21499097347259521,0.21499097347259521,0,0,0,1,"Failed"
"Kenton Joel Carnegie  <SPLIT><SPLIT> Hi Im wondering what you would think of moving Kenton Joel Carnegie to something along the lines of Wolf attack of Kenton Joel Carnegie or perhaps as a section of a related article List of contemporary wolf attacks  As it is the man is not notable except for his manner of death and his personality doesnt seem notable for an encyclopedia at all and could easily fall prey to a speedy delete","Kenton Joel Carnegie  <SPLIT><SPLIT> Hi Im wondering what you would think of moving Kenton Joel Carnegie to something along the lines of Wolf attack of Kenton Joel Carnegie or perhaps as a section of a related article List of contemporary wolf attacks  As it is the man is not notable except for his manner of death and his personality doesnt seem notable for an encyclopedia at all and could easily fall prey to a speedy delete",0.00484997034072876,0.00484997034072876,0,0,0,1,"Failed"
"Must correct myself It wasnt about SARS the ado It was about MRSA Which in Spanish is SARM The narzholes couldnt pronounce the fcking M","Must correct myself It wasnt about SARS the ado It was about MRSA Which in Spanish is SARM The narzholes couldnt pronounce the fcking M",0.014614224433898926,0.014614224433898926,0,0,0,1,"Failed"
"Okay will do  Thanks for noticing and advising me","Okay will do  Thanks for noticing and advising me",0.0002040266990661621,0.0002040266990661621,0,0,0,1,"Failed"
"You are showing your true colours What do you mean exactly by peoplehood and legitimacy of peoplehood Give some examples besides Jewish","You are showing your true colours What do you mean exactly by peoplehood and legitimacy of peoplehood Give some examples besides Jewish",0.007877945899963379,0.007877945899963379,0,0,0,1,"Failed"
"you are teh roxx0rs  <SPLIT><SPLIT> so ages ago i had and technically still do have an Everquest character named Khiron Kralizec And behold the coincidence the user who entered khyron on wikipedia is kralizec and is also from Ohio Im a cleveland native so you must therefore be awesome Big up to you and your kids omg this tilda signing crap is silly im not a wiki person or whatever but if you like you can find me on livejournal as khiron1416","you are teh roxx0rs  <SPLIT><SPLIT> so ages ago i had and technically still do have an Everquest character named Khiron Kralizec And behold the coincidence the user who entered khyron on wikipedia is kralizec and is also from Ohio Im a cleveland native so you must therefore be awesome Big up to you and your kids omg this tilda signing crap is silly im not a wiki person or whatever but if you like you can find me on livejournal as khiron1416",0.46066659688949585,0.46066659688949585,0,0,0,1,"Failed"
"I never once flatout said you were a Blaine fan I assumed you were because you act like one <SPLIT><SPLIT> Oh yeah he must just have an endless supply eh <SPLIT><SPLIT> How about you leave Youre the one shoving your damn antiCriss opinions down everyones throats","I never once flatout said you were a Blaine fan I assumed you were because you act like one <SPLIT><SPLIT> Oh yeah he must just have an endless supply eh <SPLIT><SPLIT> How about you leave Youre the one shoving your damn antiCriss opinions down everyones throats",0.4804048538208008,0.4804048538208008,1,1,1,1,"Failed"
"Out of curiosity who is being ignorant and prejudiced","Out of curiosity who is being ignorant and prejudiced",0.09955728054046631,0.09955728054046631,0,0,0,1,"Failed"
"Yes  However it left out Marxist economic theory","Yes  However it left out Marxist economic theory",0.0002403855323791504,0.0002403855323791504,0,0,0,1,"Failed"
"Your toughts are incorrect Peru claims that the dance belongs to all nations whose culture is associated with it In other words Peru claims that they Chile and Bolivia have equal rights upon the dance However its only the idiotic government of Bolivia and several ignorants from said nation that claim the dance as their own UNESCO has recognized the Carnaval de Oruro as an important patrimony of humanity but has not said anything about who holds the ownership of the dances or music","Your toughts are incorrect Peru claims that the dance belongs to all nations whose culture is associated with it In other words Peru claims that they Chile and Bolivia have equal rights upon the dance However its only the idiotic government of Bolivia and several ignorants from said nation that claim the dance as their own UNESCO has recognized the Carnaval de Oruro as an important patrimony of humanity but has not said anything about who holds the ownership of the dances or music",0.06365680694580078,0.06365680694580078,0,0,0,1,"Failed"
"the list of reasonable attemtps is rather short The language is likely Minoan which is itself unknown which explains why we have no idea what the text says The script is almost certainly syllabic possibly with stray logograms Personally I am rather convinced that D02 identifies personal names so that wed have a list of 16 names or so followed by a short text containing another 34 names    <SPLIT><SPLIT> Character names <SPLIT> Evertype I am glad there is a Unicode proposal underway but as always I think that Unicode names not to mention proposed Unicode names are not notable enough to be listed in the presentation of an alphabet rather once the alphabet is encoded there can be a separate Unicode section as on Runic alphabet Geez alphabet and many other articles offtopic note for the record I further think that fanciful Unicode names are a rather unhappy choice for ancient scripts it would be much better to encode them just by their commonly used numberings Anatolian hieroglyphs nos 1524 Phaistos glyphs 146 Cretan syllabograms 196 and case in point Cuneiform Borger 1598 or similar it is a nightmare to find the glyph you are looking for otherwise","the list of reasonable attemtps is rather short The language is likely Minoan which is itself unknown which explains why we have no idea what the text says The script is almost certainly syllabic possibly with stray logograms Personally I am rather convinced that D02 identifies personal names so that wed have a list of 16 names or so followed by a short text containing another 34 names    <SPLIT><SPLIT> Character names <SPLIT> Evertype I am glad there is a Unicode proposal underway but as always I think that Unicode names not to mention proposed Unicode names are not notable enough to be listed in the presentation of an alphabet rather once the alphabet is encoded there can be a separate Unicode section as on Runic alphabet Geez alphabet and many other articles offtopic note for the record I further think that fanciful Unicode names are a rather unhappy choice for ancient scripts it would be much better to encode them just by their commonly used numberings Anatolian hieroglyphs nos 1524 Phaistos glyphs 146 Cretan syllabograms 196 and case in point Cuneiform Borger 1598 or similar it is a nightmare to find the glyph you are looking for otherwise",0.00029343366622924805,0.00029343366622924805,0,0,0,1,"Failed"
"Trouble at shipyard <SPLIT> Headline on AP story 82407  Polands historic Gdansk shipyard struggles to survive 27 years after Solidaritys birth there <SPLIT><SPLIT> What should be done with the shipyard Suggestions","Trouble at shipyard <SPLIT> Headline on AP story 82407  Polands historic Gdansk shipyard struggles to survive 27 years after Solidaritys birth there <SPLIT><SPLIT> What should be done with the shipyard Suggestions",0.00023132562637329102,0.00023132562637329102,0,0,0,1,"Failed"
"Probably because it looked like vandalism  I mean seriously it looks like someones having you on  Add the references to the page if you want it to stick around","Probably because it looked like vandalism  I mean seriously it looks like someones having you on  Add the references to the page if you want it to stick around",0.0020022988319396973,0.0020022988319396973,0,0,0,1,"Failed"
"One thing your edit did point out was the use of mismanagement was not good so I changed it to possible mismanagement to render it more neutral","One thing your edit did point out was the use of mismanagement was not good so I changed it to possible mismanagement to render it more neutral",0.00024372339248657227,0.00024372339248657227,0,0,0,1,"Failed"
"Strong Remove  The picture is does not represent the majority of the Indian population hence it is absolutely absurd that the picture is even there Please stop acting like babies ans put a more relevant picture about the population of India such as a girl wearing a sari","Strong Remove  The picture is does not represent the majority of the Indian population hence it is absolutely absurd that the picture is even there Please stop acting like babies ans put a more relevant picture about the population of India such as a girl wearing a sari",0.018908143043518066,0.018908143043518066,0,0,0,1,"Failed"
"Congratulations  <SPLIT><SPLIT> Congratulations on your promotion to adminship Im excited for you and know you will make a terrific admin Kick some mopwielding ass","Congratulations  <SPLIT><SPLIT> Congratulations on your promotion to adminship Im excited for you and know you will make a terrific admin Kick some mopwielding ass",0.8581581115722656,0.8581581115722656,1,1,0,1,"Skipped"
"What the hell did I make a Bibliography for if this is original research  I must be stupid","What the hell did I make a Bibliography for if this is original research  I must be stupid",0.41675859689712524,0.41675859689712524,1,1,1,1,"Failed"
"Hey wanker <SPLIT> Will you never stop erasing me You are violating my rights I will violate your face","Hey wanker <SPLIT> Will you never stop erasing me You are violating my rights I will violate your face",0.02767401933670044,0.02767401933670044,1,1,1,1,"Failed"
"24 April 2012 UTC <SPLIT> Youre welcome it was nice to read such a wellwritten article Ive tried watching Cricket online a few times so I think I have the bare minimums down but theres still so much to learn   1933","24 April 2012 UTC <SPLIT> Youre welcome it was nice to read such a wellwritten article Ive tried watching Cricket online a few times so I think I have the bare minimums down but theres still so much to learn   1933",0.00022715330123901367,0.00022715330123901367,0,0,0,1,"Failed"
"Armenian Genocide  <SPLIT> Am I missing this  Why isnt it included  Please leave note on my Discussion page thanks  <SPLIT><SPLIT> Because it happened before the Genocide Convention and is an alleged genocide See the section and the main article Genocide in history where many other alledged genocides and genocides are listed  <SPLIT><SPLIT> The only reason it is considered alleged is because modernday Turkey and its exclaves deny it The majority of the western academic world accepts and defines it as genocide It certainly should be listed particularly seeing as how it was used as an example in coining the word see Raphael Lemkin  <SPLIT><SPLIT> There was no international tribunal to try the perpetrators Those who were tried were tried under domestic laws and as there was no such offence as genocide at that time so if they were found guilty they were found guilty of other crimes There should not be any listing of the genocide  here because it is covered in the Genocide in history and it is only an alleged genocide given that there was no guilty verdict handed down by an international tribunal The perpetrators of the Holocaust were not found guilty of Genocide but of crimes against humanity but they were found guilty by an international tribunal of those crimes I think it better that only incidents where people are found guilty of Genocide are listed in this article Those incidents before the Convention or incidents where there was not a trial are listed in the article Genocide in history as it stops this article being the focus of POV wars    <SPLIT><SPLIT> Talat Enver and Cemal all fled turkey before they could be tried under any court though a Turkish military tribunal did try them in abstentia and find them guilty of war crimes and all were killed  Enver in Russia Talat in Germany and Cemal in Georgia within 7 years Just because the guilty parties fled justice and because the Turkish tribunal is not international does not mean these events did not occur If the League of Nations which had only been established only a year before Tallats death had managed to apprehend these war criminals then it surely would have found them guilty The fact that a national court  the very nation they had controlled  found them guilty should be worth something  <SPLIT><SPLIT>  Although the information given in the article is the academic and judicial meaning of genocide some critics are ultimately political Cemal Pasha found guilty by the Ottoman Empire not because of he interfered any mass killing but beause he provoked the ethnic Arabs for a rebellion movement The other misleading point is their murders Cemal Pasha was murdered by Armenian paralimilitary groups in Tbilisi on 22nd July 1922 Talat Pasha was killed by an Armenian named Sogomon Tehliryan in Germany in 1921 and Enver Pasha was killed in Tajikistan on the 4th of August 1922 in battlefield Grer  170807   <SPLIT> VATGs Edits <SPLIT> I have posted the following message on VATGs User Page <SPLIT><SPLIT> I can appreciate it that you have a personal point of view about using the term Armenian genocide  However outside of Turkey and some smally dennier communities the Armenian genocide is widely accepted as a term referring to events in Turkey during WWI  Your single minded attempt to remove any reference to Armenia and the Armenians from the Genocide page and Genocide denial page is not helpful and should be stopped  It not I will proceed with the next steps for stopping such practice   <SPLIT><SPLIT> I would appreciate any suggestions re next steps  <SPLIT> <SPLIT><SPLIT>  VAGTs reply <SPLIT> Your attitude is a good indication of how the truth is suppressed all over by a wealthy and aggressive propaganda machine It is you who should stop abusing Wikipedia by inserting your falsified allegations You are most welcome to create distortions in you own web sites The Armenians must face with their history and prevent further sufferings in our region because of puppets of contemporary imperialists Peace at home peace in the World <SPLIT> Wikipedia is not free web space for promoting unfounded theories VAGT and if you want to be heard you will have to make a valid point on the talk page if you can Or perhaps you would prefer to add to the List of conspiracy theories article Joel if VAGT continues to POVattack articles I would recommend finding an administrator to give himher a officia","Armenian Genocide  <SPLIT> Am I missing this  Why isnt it included  Please leave note on my Discussion page thanks  <SPLIT><SPLIT> Because it happened before the Genocide Convention and is an alleged genocide See the section and the main article Genocide in history where many other alledged genocides and genocides are listed  <SPLIT><SPLIT> The only reason it is considered alleged is because modernday Turkey and its exclaves deny it The majority of the western academic world accepts and defines it as genocide It certainly should be listed particularly seeing as how it was used as an example in coining the word see Raphael Lemkin  <SPLIT><SPLIT> There was no international tribunal to try the perpetrators Those who were tried were tried under domestic laws and as there was no such offence as genocide at that time so if they were found guilty they were found guilty of other crimes There should not be any listing of the genocide  here because it is covered in the Genocide in history and it is only an alleged genocide given that there was no guilty verdict handed down by an international tribunal The perpetrators of the Holocaust were not found guilty of Genocide but of crimes against humanity but they were found guilty by an international tribunal of those crimes I think it better that only incidents where people are found guilty of Genocide are listed in this article Those incidents before the Convention or incidents where there was not a trial are listed in the article Genocide in history as it stops this article being the focus of POV wars    <SPLIT><SPLIT> Talat Enver and Cemal all fled turkey before they could be tried under any court though a Turkish military tribunal did try them in abstentia and find them guilty of war crimes and all were killed  Enver in Russia Talat in Germany and Cemal in Georgia within 7 years Just because the guilty parties fled justice and because the Turkish tribunal is not international does not mean these events did not occur If the League of Nations which had only been established only a year before Tallats death had managed to apprehend these war criminals then it surely would have found them guilty The fact that a national court  the very nation they had controlled  found them guilty should be worth something  <SPLIT><SPLIT>  Although the information given in the article is the academic and judicial meaning of genocide some critics are ultimately political Cemal Pasha found guilty by the Ottoman Empire not because of he interfered any mass killing but beause he provoked the ethnic Arabs for a rebellion movement The other misleading point is their murders Cemal Pasha was murdered by Armenian paralimilitary groups in Tbilisi on 22nd July 1922 Talat Pasha was killed by an Armenian named Sogomon Tehliryan in Germany in 1921 and Enver Pasha was killed in Tajikistan on the 4th of August 1922 in battlefield Grer  170807   <SPLIT> VATGs Edits <SPLIT> I have posted the following message on VATGs User Page <SPLIT><SPLIT> I can appreciate it that you have a personal point of view about using the term Armenian genocide  However outside of Turkey and some smally dennier communities the Armenian genocide is widely accepted as a term referring to events in Turkey during WWI  Your single minded attempt to remove any reference to Armenia and the Armenians from the Genocide page and Genocide denial page is not helpful and should be stopped  It not I will proceed with the next steps for stopping such practice   <SPLIT><SPLIT> I would appreciate any suggestions re next steps  <SPLIT> <SPLIT><SPLIT>  VAGTs reply <SPLIT> Your attitude is a good indication of how the truth is suppressed all over by a wealthy and aggressive propaganda machine It is you who should stop abusing Wikipedia by inserting your falsified allegations You are most welcome to create distortions in you own web sites The Armenians must face with their history and prevent further sufferings in our region because of puppets of contemporary imperialists Peace at home peace in the World <SPLIT> Wikipedia is not free web space for promoting unfounded theories VAGT and if you want to be heard you will have to make a valid point on the talk page if you can Or perhaps you would prefer to add to the List of conspiracy theories article Joel if VAGT continues to POVattack articles I would recommend finding an administrator to give himher a officia",0.0010898113250732422,0.0010898113250732422,0,0,0,1,"Failed"
"Average high of NOAA  <SPLIT><SPLIT> I have calculated the July average high 19812010 for NYC central Park using the NCDC Daily Summaries of Central Park weather stations  <SPLIT><SPLIT> httpwwwncdcnoaagovcdowebdatasetsGHCNDstationsGHCNDUSW00094728detail <SPLIT><SPLIT> And the July average high is 8488666667 therefore the July average is 849F not 841F  841F is dubious But the wikipedia NYC page moderator does not agree to change the dubious 841F to real 849F in New York climate <SPLIT> All average in the NYC weatherbox are wrong    Preceding unsigned comment added by     <SPLIT> WPNOR","Average high of NOAA  <SPLIT><SPLIT> I have calculated the July average high 19812010 for NYC central Park using the NCDC Daily Summaries of Central Park weather stations  <SPLIT><SPLIT> httpwwwncdcnoaagovcdowebdatasetsGHCNDstationsGHCNDUSW00094728detail <SPLIT><SPLIT> And the July average high is 8488666667 therefore the July average is 849F not 841F  841F is dubious But the wikipedia NYC page moderator does not agree to change the dubious 841F to real 849F in New York climate <SPLIT> All average in the NYC weatherbox are wrong    Preceding unsigned comment added by     <SPLIT> WPNOR",0.00022715330123901367,0.00022715330123901367,0,0,0,1,"Failed"
"Hi  I agonized a bit over the title to be honest and despite the WPBOLD move I am quite open to suggestions I admit I dislike Count because readers will probably assume that he was a count of the sort encountered in Western Europe whereas this is a simple local gubernatorial title copied by Bulgaria from the Byzantines And per WPNCP titles or positions should not be part of the article title unless they are part of the clear WPCOMMONNAME eg Empress Matilda There is AFAIK no conclusive evidence on usage however although a number of prominent Englishlanguage writers Curta Fine Treadgold Jenkins Whittow use Count Nicholas it is not predominant usage at least from what I have seen Ive seen the transliterated Bulgarian form Nikola used alongside the Byzantine form komes by a Bulgarian author Antoljak in Samuel and His State for instance and any other possible variation the great Obolensky for instance eschews the title altogether Stephensons usage which you point to above would probably support the current name ie a person named Nicholas who held the office of komes As I said I have no strong preference and would even accept Count Nicholas on the strength of the authors cited above but somehow I feel it is too weak a basis Unless you have a better overview of the literature then the best thing would be to ask for a WPRM to establish consensus among interested editors","Hi  I agonized a bit over the title to be honest and despite the WPBOLD move I am quite open to suggestions I admit I dislike Count because readers will probably assume that he was a count of the sort encountered in Western Europe whereas this is a simple local gubernatorial title copied by Bulgaria from the Byzantines And per WPNCP titles or positions should not be part of the article title unless they are part of the clear WPCOMMONNAME eg Empress Matilda There is AFAIK no conclusive evidence on usage however although a number of prominent Englishlanguage writers Curta Fine Treadgold Jenkins Whittow use Count Nicholas it is not predominant usage at least from what I have seen Ive seen the transliterated Bulgarian form Nikola used alongside the Byzantine form komes by a Bulgarian author Antoljak in Samuel and His State for instance and any other possible variation the great Obolensky for instance eschews the title altogether Stephensons usage which you point to above would probably support the current name ie a person named Nicholas who held the office of komes As I said I have no strong preference and would even accept Count Nicholas on the strength of the authors cited above but somehow I feel it is too weak a basis Unless you have a better overview of the literature then the best thing would be to ask for a WPRM to establish consensus among interested editors",0.0003718137741088867,0.0003718137741088867,0,0,0,1,"Failed"
"Again demo albums arent made available to buy Its a collection of demos","Again demo albums arent made available to buy Its a collection of demos",0.00029021501541137695,0.00029021501541137695,0,0,0,1,"Failed"
"That was rude You dont have the right to tell me what to say or when to say it I gave you the benefit of the doubt at first but now you are clearly attempting compromise my right to express myself Your request doesnt even make sense If the discussion is over a dispute naturally people are going to have to discuss what the dispute was about It makes no sense to COMMAND ME not talk about what you dont want to hear It doesnt work that way in real life and it doesnt work that way here","That was rude You dont have the right to tell me what to say or when to say it I gave you the benefit of the doubt at first but now you are clearly attempting compromise my right to express myself Your request doesnt even make sense If the discussion is over a dispute naturally people are going to have to discuss what the dispute was about It makes no sense to COMMAND ME not talk about what you dont want to hear It doesnt work that way in real life and it doesnt work that way here",0.0058509111404418945,0.0058509111404418945,0,0,0,1,"Failed"
"I think that we should take this to ANI or ArbCom and try and come to a consensus whether or not you should be unblocked And obviously there would be a parole officer that can and will block you if you violate a term of your unblocking","I think that we should take this to ANI or ArbCom and try and come to a consensus whether or not you should be unblocked And obviously there would be a parole officer that can and will block you if you violate a term of your unblocking",0.001780688762664795,0.001780688762664795,0,0,0,1,"Failed"
"Why is ti that everytime heterosexuals want to describe someone as detestable they call them gay","Why is ti that everytime heterosexuals want to describe someone as detestable they call them gay",0.2683258652687073,0.2683258652687073,1,1,1,1,"Failed"
"Thank you for your comments From what Ive seen recently and consistently on wikipedia the amount of antiPakistanIslam bias is quite obvious and though I havent for the most part taken part in such discussions I can see the implications hence being burnt twice and social association rings out loud here too possibly why I reacted as I did You may argue as you have that I dont have the credentials to be taken seriously well I wont argue as you are probably right but will just say that my other edits largely can be taken on their own merit if people are willing to look past my society of course As for neutrality no offence intended  but when people claim to be neutral but then paint everyone with the same brush so as to speak by explicitly mentioning society when referring to individuals and even talk of security at airports its impossible not to see the funny side though I am sure the editors that belong to the society being mentioned probably do not see the funny side not any more at least Without mentioning Freuds projection I would say the legitimate editors from this society though few and far between these days still being here is in itself a testament to their tolerance    <SPLIT><SPLIT> I myself have been confronted with a fair share of overtly snidey comments recently from Indians here on wikipedia so I assume society works both ways still I try not to generalise simply based on society or how I am told to perceive matters especially here in the west however if recent wikipedia articles are anything to go by the word neutrality becomes paradoxically an oxymoron I guess its only natural that when you hear something long enough you start to believe it However thankfully certain values remain resilient even in the most turbulent of times","Thank you for your comments From what Ive seen recently and consistently on wikipedia the amount of antiPakistanIslam bias is quite obvious and though I havent for the most part taken part in such discussions I can see the implications hence being burnt twice and social association rings out loud here too possibly why I reacted as I did You may argue as you have that I dont have the credentials to be taken seriously well I wont argue as you are probably right but will just say that my other edits largely can be taken on their own merit if people are willing to look past my society of course As for neutrality no offence intended  but when people claim to be neutral but then paint everyone with the same brush so as to speak by explicitly mentioning society when referring to individuals and even talk of security at airports its impossible not to see the funny side though I am sure the editors that belong to the society being mentioned probably do not see the funny side not any more at least Without mentioning Freuds projection I would say the legitimate editors from this society though few and far between these days still being here is in itself a testament to their tolerance    <SPLIT><SPLIT> I myself have been confronted with a fair share of overtly snidey comments recently from Indians here on wikipedia so I assume society works both ways still I try not to generalise simply based on society or how I am told to perceive matters especially here in the west however if recent wikipedia articles are anything to go by the word neutrality becomes paradoxically an oxymoron I guess its only natural that when you hear something long enough you start to believe it However thankfully certain values remain resilient even in the most turbulent of times",0.0011466741561889648,0.0011466741561889648,0,0,0,1,"Failed"
"Delete <SPLIT> This article is incomplete and has been superceded by State wide list List of Ranchos of California","Delete <SPLIT> This article is incomplete and has been superceded by State wide list List of Ranchos of California",0.00021010637283325195,0.00021010637283325195,0,0,0,1,"Failed"
"Hi  Hope this is better then the standard welcome you got that you didnt like   <SPLIT><SPLIT> Thanks  <SPLIT> It wasnt that I didnt like it it was just an impulse It may have seemed impolite which would be unintentional as I try not to be rude most of the time  <SPLIT><SPLIT> I hope Mel Etitis sees that he should apply common sense to the Jameswatt issue He should ask himself if he thinks the edits were done in good faith If you google for worldofbiography youll see lots of evidence of SEO attempts for the domain Oh well   <SPLIT><SPLIT> I doubt it He is stuck on the Wikipedia guidelines that say its ok to ask for link postings on talk pages even though they are clearly spam links   <SPLIT><SPLIT> dendrophilia <SPLIT> No reputable references from normal sexology authors I browsed several thousand webpages to find a minimal derefence to something remotely serious about such kind of paraphilia  Please see my comment in talkdendrophilia    <SPLIT><SPLIT>  Agratek link in Security  <SPLIT><SPLIT> Please actually go to http www agratek dot biz before making decisions The preceding unsigned comment was added by         UTC  <SPLIT><SPLIT>  Its pretty obvious linkspam You know it and I know it and because of that Im going to remove it If you own the site and feel that information on it could be useful to Wikipedia you could presumably contribute it to Security instead of spamming the link in the middle of the text   <SPLIT><SPLIT>  Are you an administrater If not get a life The preceding unsigned comment was added by      <SPLIT><SPLIT>  No Im not an admin Do yourself a favor and buy some adwords instead of spamming wikipedia    <SPLIT><SPLIT> Im not the website hoster Its obviously not a spam link because it is not trying to blaringly sell something and the patent is actually in the patient data base I suggest you go look up the patent yourself  <SPLIT><SPLIT> Please correct me if I am wrong but how is http www agratek dot biz a spam page just because its outside of Wikipedia Many other wiki pages have many links to outside links  <SPLIT><SPLIT>  There are many useful sites on the net that arent wikipedia Please tell me why yours is one of them and why youre so determined to have it in the middle of the security article with text encouracing users to check this cool new concept Even if the site was of interest and notability the link should not be worded like thatIm not the only one reverting your link why do you think that is","Hi  Hope this is better then the standard welcome you got that you didnt like   <SPLIT><SPLIT> Thanks  <SPLIT> It wasnt that I didnt like it it was just an impulse It may have seemed impolite which would be unintentional as I try not to be rude most of the time  <SPLIT><SPLIT> I hope Mel Etitis sees that he should apply common sense to the Jameswatt issue He should ask himself if he thinks the edits were done in good faith If you google for worldofbiography youll see lots of evidence of SEO attempts for the domain Oh well   <SPLIT><SPLIT> I doubt it He is stuck on the Wikipedia guidelines that say its ok to ask for link postings on talk pages even though they are clearly spam links   <SPLIT><SPLIT> dendrophilia <SPLIT> No reputable references from normal sexology authors I browsed several thousand webpages to find a minimal derefence to something remotely serious about such kind of paraphilia  Please see my comment in talkdendrophilia    <SPLIT><SPLIT>  Agratek link in Security  <SPLIT><SPLIT> Please actually go to http www agratek dot biz before making decisions The preceding unsigned comment was added by         UTC  <SPLIT><SPLIT>  Its pretty obvious linkspam You know it and I know it and because of that Im going to remove it If you own the site and feel that information on it could be useful to Wikipedia you could presumably contribute it to Security instead of spamming the link in the middle of the text   <SPLIT><SPLIT>  Are you an administrater If not get a life The preceding unsigned comment was added by      <SPLIT><SPLIT>  No Im not an admin Do yourself a favor and buy some adwords instead of spamming wikipedia    <SPLIT><SPLIT> Im not the website hoster Its obviously not a spam link because it is not trying to blaringly sell something and the patent is actually in the patient data base I suggest you go look up the patent yourself  <SPLIT><SPLIT> Please correct me if I am wrong but how is http www agratek dot biz a spam page just because its outside of Wikipedia Many other wiki pages have many links to outside links  <SPLIT><SPLIT>  There are many useful sites on the net that arent wikipedia Please tell me why yours is one of them and why youre so determined to have it in the middle of the security article with text encouracing users to check this cool new concept Even if the site was of interest and notability the link should not be worded like thatIm not the only one reverting your link why do you think that is",0.004714787006378174,0.004714787006378174,0,0,0,1,"Failed"
"Women Men for Getting Work Accomplished mmm I think not","Women Men for Getting Work Accomplished mmm I think not",0.0008368492126464844,0.0008368492126464844,0,0,0,1,"Failed"
"Rawls criticism  <SPLIT><SPLIT> I cannot find where in Lectures on the History of Political Philosophy Rawls criticizes Nozick in the way this article says","Rawls criticism  <SPLIT><SPLIT> I cannot find where in Lectures on the History of Political Philosophy Rawls criticizes Nozick in the way this article says",0.00024169683456420898,0.00024169683456420898,0,0,0,1,"Failed"
"Im agree they are about the same","Im agree they are about the same",0.0005552172660827637,0.0005552172660827637,0,0,0,1,"Failed"
"Cybergangs  <SPLIT><SPLIT>  patrol intellectual sectors and enforce their agenda This is not an encyclopedia  Its a poll of the most activist minorities   LKS 6506","Cybergangs  <SPLIT><SPLIT>  patrol intellectual sectors and enforce their agenda This is not an encyclopedia  Its a poll of the most activist minorities   LKS 6506",0.0707787275314331,0.0707787275314331,0,0,0,1,"Failed"
"fetch me a beer you redneck son of a pedophile  monty mike","fetch me a beer you redneck son of a pedophile  monty mike",0.046250879764556885,0.046250879764556885,1,1,1,1,"Failed"
"Ha ha Youre right in a certain sort of way Lots of users here are anonymous and there is a growing antipathy to unregistered users having the ability to edit Now he is a registered user but since he holds himself out as knowing more or better about chiropractic than chiropractics own top historian and a chiropractic professor Levine2112 speaks disparagingly of Keatings knowledge as if it were merely opinions You opinions are your opinions Mine are mine Keating has his Im challenging his right to say that and stating that he needs to provide some evidence that he actually does know more than Keating Playing with open cards would help communication an awful lot What does he have to hide","Ha ha Youre right in a certain sort of way Lots of users here are anonymous and there is a growing antipathy to unregistered users having the ability to edit Now he is a registered user but since he holds himself out as knowing more or better about chiropractic than chiropractics own top historian and a chiropractic professor Levine2112 speaks disparagingly of Keatings knowledge as if it were merely opinions You opinions are your opinions Mine are mine Keating has his Im challenging his right to say that and stating that he needs to provide some evidence that he actually does know more than Keating Playing with open cards would help communication an awful lot What does he have to hide",0.012175798416137695,0.012175798416137695,0,0,0,1,"Failed"
"If you dont mind Im trying to piece this page together Stop trying to put down these attempts by trying to paint me into a small box of oh he must loathe Digital Homicide and decided that a greaaaaat idea is to do so on the one site where it wont slide <SPLIT> It is true that I have a negative opinion of Digital Homicide as will nearly everyone familiar with their behaviour But this is not an attack piece Digital Homicide has been a major topic of Jims weekly show podcast and also some lessnotable news outlets for just over a year now It is something that is notable and as such deserves to be on the page I believe the timespan deserved is from the first takedown beyond the interview and to the point where Jim exposed the extent of their shovelware being put onto steam through sockpuppet accounts <SPLIT> If I wanted to create an attack piece on Digital Homicide I would rather make their own page and use the sources to back up its creation Id not want to use the wiki page of Jims as a battlefield particularly as I respect him a hell of a lot as a critic <SPLIT> That is not my goal My goal is to try to make this page as up to date as possible <SPLIT> Ill thank you to also not trivialise this company in respect to Jims coverage They have released 20 games over half of which have been covered by Jim They have had three episodes over the past year focused entirely on them with many many others mentioning them as part of episodes such as The Asset Flip as well as a 1 hour 40 minute interview By any standards this is an abnormal amount of time spent on an indie developer from a reviewer and critic and the relationship between the two is notable <SPLIT> Will I be able to type it neutrally most likely not But the issue here is not yet neutrality it is sources When the sources are gathered it can be written up and reviewed for neutrality by other users I do not care how it is worded Hell go the other way and paint them as poor misguided children for all I care though that wuld be factually wrong What I care about is that the detail is in this page It has been a longrunning situation and it deserves coverage","If you dont mind Im trying to piece this page together Stop trying to put down these attempts by trying to paint me into a small box of oh he must loathe Digital Homicide and decided that a greaaaaat idea is to do so on the one site where it wont slide <SPLIT> It is true that I have a negative opinion of Digital Homicide as will nearly everyone familiar with their behaviour But this is not an attack piece Digital Homicide has been a major topic of Jims weekly show podcast and also some lessnotable news outlets for just over a year now It is something that is notable and as such deserves to be on the page I believe the timespan deserved is from the first takedown beyond the interview and to the point where Jim exposed the extent of their shovelware being put onto steam through sockpuppet accounts <SPLIT> If I wanted to create an attack piece on Digital Homicide I would rather make their own page and use the sources to back up its creation Id not want to use the wiki page of Jims as a battlefield particularly as I respect him a hell of a lot as a critic <SPLIT> That is not my goal My goal is to try to make this page as up to date as possible <SPLIT> Ill thank you to also not trivialise this company in respect to Jims coverage They have released 20 games over half of which have been covered by Jim They have had three episodes over the past year focused entirely on them with many many others mentioning them as part of episodes such as The Asset Flip as well as a 1 hour 40 minute interview By any standards this is an abnormal amount of time spent on an indie developer from a reviewer and critic and the relationship between the two is notable <SPLIT> Will I be able to type it neutrally most likely not But the issue here is not yet neutrality it is sources When the sources are gathered it can be written up and reviewed for neutrality by other users I do not care how it is worded Hell go the other way and paint them as poor misguided children for all I care though that wuld be factually wrong What I care about is that the detail is in this page It has been a longrunning situation and it deserves coverage",0.0069977641105651855,0.0069977641105651855,0,0,0,1,"Failed"
"I know you cant be talkin contact me on Monday at 1525 pm SLACKERUserCard Destruction DuelistCard Destruction Duelist 1554 28 May 2006 <SPLIT><SPLIT> you know now that i am a homicidal homosexual  geg","I know you cant be talkin contact me on Monday at 1525 pm SLACKERUserCard Destruction DuelistCard Destruction Duelist 1554 28 May 2006 <SPLIT><SPLIT> you know now that i am a homicidal homosexual  geg",0.511962890625,0.511962890625,1,1,0,1,"Skipped"
"which were LGBT People and Mental Illness","which were LGBT People and Mental Illness",0.03717458248138428,0.03717458248138428,0,0,0,1,"Failed"
"Precious again  <SPLIT><SPLIT>  <SPLIT><SPLIT>  <SPLIT> hurricanes <SPLIT> Thank you for quality articles on hurricanes writing collaborating copyediting such as 1910 Cuba hurricane 1941 Florida hurricane Typhoon Chataan  and for your efforts to extend and improve the communication levels of Wikipedia  repeating you are an awesome Wikipedian 4 February 2009 23 March 2009 1 April 2009 <SPLIT><SPLIT>    <SPLIT><SPLIT> A year ago you were the 407th recipient of my  Prize","Precious again  <SPLIT><SPLIT>  <SPLIT><SPLIT>  <SPLIT> hurricanes <SPLIT> Thank you for quality articles on hurricanes writing collaborating copyediting such as 1910 Cuba hurricane 1941 Florida hurricane Typhoon Chataan  and for your efforts to extend and improve the communication levels of Wikipedia  repeating you are an awesome Wikipedian 4 February 2009 23 March 2009 1 April 2009 <SPLIT><SPLIT>    <SPLIT><SPLIT> A year ago you were the 407th recipient of my  Prize",0.00033223628997802734,0.00033223628997802734,0,0,0,1,"Failed"
"Tutankhamuns parentage is uncertain  <SPLIT><SPLIT> Why does Tutankhmauns article claim that Tutankhamuns parentage is uncertain and then just a few lines down state Recently however Zahi Hawass has definitely confirmed that Tutankhamen is the biological son of Akhenaten due to the recovery of a part of a limestone block that identifies both him and his wife Ankhesenpaaten as children of the kings body If it has been definitely confirmed that Tut is the son of Akhenaten his paternal lineage is not uncertain at all Whilst Tuts mother may still be unknown is his father definitely Akhenaten or not The part of the article needs to be rewritten","Tutankhamuns parentage is uncertain  <SPLIT><SPLIT> Why does Tutankhmauns article claim that Tutankhamuns parentage is uncertain and then just a few lines down state Recently however Zahi Hawass has definitely confirmed that Tutankhamen is the biological son of Akhenaten due to the recovery of a part of a limestone block that identifies both him and his wife Ankhesenpaaten as children of the kings body If it has been definitely confirmed that Tut is the son of Akhenaten his paternal lineage is not uncertain at all Whilst Tuts mother may still be unknown is his father definitely Akhenaten or not The part of the article needs to be rewritten",0.00037980079650878906,0.00037980079650878906,0,0,0,1,"Failed"
"Preliminary rapport from OSCE  <SPLIT><SPLIT> The preliminary rapport from OSCE LIMITED ELECTION OBSERVATION MISSION  United States of America  General Elections 6 November 201 <SPLIT><SPLIT> It is mostly general positive things like The 6 November general elections took place in a pluralistic environment and were administered in a professional manner and The election campaigns were vibrant and highly competitive and Overall media is pluralistic and diverse and provided voters with a wide range of information and  <SPLIT> views on candidates issues and electoral platforms and The overall field of candidates provided voters with a wide degree of choice <SPLIT><SPLIT> But also comments on voter eligbility US citizens who are at least 18 years old on election day and residents of a state were eligible to vote Some 41 million citizens that are residents of US territories were not eligible to vote while some 600000 citizens that are residents of the District of Columbia were eligible to vote only for the president An estimated 59 million citizens were disenfranchised due to a criminal conviction including some 26 million citizens who have served their sentences This is at odds with the principle of universal suffrage and the commitment to ensure proportionality in the restriction of  <SPLIT> voting rights as enshrined in paragraphs 73 and 24 of the 1990 OSCE Copenhagen Document <SPLIT><SPLIT> And alsom comments on voter registration Voter registration is implemented at state level through an active system A number of states launched initiatives to improve the accuracy of their voter lists Civil society was active in encouraging citizens to register as well as checking the accuracy of voter registers Nevertheless an estimated 50 million eligible citizens were not registered to vote bringing into question the effectiveness of existing measures to ensure that all persons entitled to vote are able to exercise that right <SPLIT><SPLIT> Read the whole rapport to learn more Some may be useful in the article","Preliminary rapport from OSCE  <SPLIT><SPLIT> The preliminary rapport from OSCE LIMITED ELECTION OBSERVATION MISSION  United States of America  General Elections 6 November 201 <SPLIT><SPLIT> It is mostly general positive things like The 6 November general elections took place in a pluralistic environment and were administered in a professional manner and The election campaigns were vibrant and highly competitive and Overall media is pluralistic and diverse and provided voters with a wide range of information and  <SPLIT> views on candidates issues and electoral platforms and The overall field of candidates provided voters with a wide degree of choice <SPLIT><SPLIT> But also comments on voter eligbility US citizens who are at least 18 years old on election day and residents of a state were eligible to vote Some 41 million citizens that are residents of US territories were not eligible to vote while some 600000 citizens that are residents of the District of Columbia were eligible to vote only for the president An estimated 59 million citizens were disenfranchised due to a criminal conviction including some 26 million citizens who have served their sentences This is at odds with the principle of universal suffrage and the commitment to ensure proportionality in the restriction of  <SPLIT> voting rights as enshrined in paragraphs 73 and 24 of the 1990 OSCE Copenhagen Document <SPLIT><SPLIT> And alsom comments on voter registration Voter registration is implemented at state level through an active system A number of states launched initiatives to improve the accuracy of their voter lists Civil society was active in encouraging citizens to register as well as checking the accuracy of voter registers Nevertheless an estimated 50 million eligible citizens were not registered to vote bringing into question the effectiveness of existing measures to ensure that all persons entitled to vote are able to exercise that right <SPLIT><SPLIT> Read the whole rapport to learn more Some may be useful in the article",0.0002757906913757324,0.0002757906913757324,0,0,0,1,"Failed"
"Blocked as a sockpuppet account","Blocked as a sockpuppet account",0.06595069169998169,0.06595069169998169,0,0,0,1,"Failed"
"Viewpoint <SPLIT> This Article is pretty skewed to the Left it seems just something to think about","Viewpoint <SPLIT> This Article is pretty skewed to the Left it seems just something to think about",0.0002943873405456543,0.0002943873405456543,0,0,0,1,"Failed"
"Others to consider EPIC PIXIE LightBird GroundBird COrE SPT3g CMBS4","Others to consider EPIC PIXIE LightBird GroundBird COrE SPT3g CMBS4",0.00022751092910766602,0.00022751092910766602,0,0,0,1,"Failed"
"Shouldnt OccamPi be added to the implementations list","Shouldnt OccamPi be added to the implementations list",0.0003045797348022461,0.0003045797348022461,0,0,0,1,"Failed"
"I think WPYOUTUBE and WikipediaVideo links covers it just fine Its understandable to be cautious against using online videos as they can be a copyright violation if the poster doesnt have the rights to post the video and are often not appropriate for external links which is not how they are being used here We have three online videos all being posted by the people who control the channels I think we are well within acceptable use here","I think WPYOUTUBE and WikipediaVideo links covers it just fine Its understandable to be cautious against using online videos as they can be a copyright violation if the poster doesnt have the rights to post the video and are often not appropriate for external links which is not how they are being used here We have three online videos all being posted by the people who control the channels I think we are well within acceptable use here",0.00024825334548950195,0.00024825334548950195,0,0,0,1,"Failed"
"Its a very old GA and it really isnt up to standard any more I think its time for a review","Its a very old GA and it really isnt up to standard any more I think its time for a review",0.000628054141998291,0.000628054141998291,0,0,0,1,"Failed"
"Wow That looks like it was written by the bot I hope it is a bot that does Time CubeYes I agree that not all citations are equal but just as well we need to avoid a No true scholar Defining a good cite issue All I have access to is Google Scholar and I would be interested in what the commercial services have to say about that books citations My opinion remains once something is solidly in the academic discourse not being solidly derided it is no longer FRINGE It might be minor contested or even total crap  I would say it is analogous to notability per WPPROF There is no need to explore the quality of cites there and determining cite quality can get sticky Although if a large percentage on the cites are like the one you quote damn I thought I was having a stroke as all meaning dripped from my mind while I read that","Wow That looks like it was written by the bot I hope it is a bot that does Time CubeYes I agree that not all citations are equal but just as well we need to avoid a No true scholar Defining a good cite issue All I have access to is Google Scholar and I would be interested in what the commercial services have to say about that books citations My opinion remains once something is solidly in the academic discourse not being solidly derided it is no longer FRINGE It might be minor contested or even total crap  I would say it is analogous to notability per WPPROF There is no need to explore the quality of cites there and determining cite quality can get sticky Although if a large percentage on the cites are like the one you quote damn I thought I was having a stroke as all meaning dripped from my mind while I read that",0.04247218370437622,0.04247218370437622,0,0,0,1,"Failed"
"family  Preceding unsigned comment added by     <SPLIT><SPLIT> vbhn hhhhhbgg  Preceding unsigned comment added by     <SPLIT><SPLIT>    <SPLIT><SPLIT> George Lopez is awesome  Preceding unsigned comment added by     <SPLIT><SPLIT>  why the hek were you on the naked brothers band  <SPLIT><SPLIT> dude they freggin suck man my respect for you went down not much but i still like gl  Preceding unsigned comment added by","family  Preceding unsigned comment added by     <SPLIT><SPLIT> vbhn hhhhhbgg  Preceding unsigned comment added by     <SPLIT><SPLIT>    <SPLIT><SPLIT> George Lopez is awesome  Preceding unsigned comment added by     <SPLIT><SPLIT>  why the hek were you on the naked brothers band  <SPLIT><SPLIT> dude they freggin suck man my respect for you went down not much but i still like gl  Preceding unsigned comment added by",0.2982948422431946,0.2982948422431946,0,0,0,1,"Failed"
"I agree with the root thread This section is neutral in its writing although the content is itself not neutral In a section entitled Reception neutrality should not ever be found in the specific content anyways Since the material in the section is amply referenced then it is the duty of those displeased with the slant of the content to find positive reviews Need I add from reputable book reviewers as a caveat The original author and redactors do seem to have referenced a respectable spread of wellrespected book reviewers they should be praised for this All this comes down to one thing sometimes popular items are not good literaturecinemaetc and vice versa James Joyces Ulysses has been called as the best novel of the 20th century by Random Houses Modern Library publishing group and it cannot be called popular by any extent of ones imagination Outside Wikipedia then there should be a discussion on these seemingly contradictory patterns but I motion that the tag of nonneutrality be removed","I agree with the root thread This section is neutral in its writing although the content is itself not neutral In a section entitled Reception neutrality should not ever be found in the specific content anyways Since the material in the section is amply referenced then it is the duty of those displeased with the slant of the content to find positive reviews Need I add from reputable book reviewers as a caveat The original author and redactors do seem to have referenced a respectable spread of wellrespected book reviewers they should be praised for this All this comes down to one thing sometimes popular items are not good literaturecinemaetc and vice versa James Joyces Ulysses has been called as the best novel of the 20th century by Random Houses Modern Library publishing group and it cannot be called popular by any extent of ones imagination Outside Wikipedia then there should be a discussion on these seemingly contradictory patterns but I motion that the tag of nonneutrality be removed",0.00022035837173461914,0.00022035837173461914,0,0,0,1,"Failed"
"Bob Ive noticed you make another strange comment like this about patent nonsense It would be better to read comments more carefully before responding to them","Bob Ive noticed you make another strange comment like this about patent nonsense It would be better to read comments more carefully before responding to them",0.004430234432220459,0.004430234432220459,0,0,0,1,"Failed"
"I applied Start date so that the hCalendar microformat will include the date Thanks for  a great article  Pigsonthewing","I applied Start date so that the hCalendar microformat will include the date Thanks for  a great article  Pigsonthewing",0.00021892786026000977,0.00021892786026000977,0,0,0,1,"Failed"
"you guys suck because you cant even get a proper bio on this old dude please make a better one or ill have to throw cans of irish stew at youz gotz it your all nothing but a half meat balls","you guys suck because you cant even get a proper bio on this old dude please make a better one or ill have to throw cans of irish stew at youz gotz it your all nothing but a half meat balls",0.9346049427986145,0.9346049427986145,1,1,0,1,"Skipped"
"Being a psychopath I would have to tell you all to shut the fuck up and understand that a sociopath is different than an aggressive sociopath not only that but antisocial personality disorder doesnt exactly mean someone has an aggressive or psychotic behavior towards others They could perhaps have austistic attributes because of their failure of socializtion with others","Being a psychopath I would have to tell you all to shut the fuck up and understand that a sociopath is different than an aggressive sociopath not only that but antisocial personality disorder doesnt exactly mean someone has an aggressive or psychotic behavior towards others They could perhaps have austistic attributes because of their failure of socializtion with others",0.9927706122398376,0.9927706122398376,1,1,0,1,"Skipped"
"This isnt what Wikipedia is for  <SPLIT><SPLIT> Sorry but Wikipedia is a project to build an encyclopedia and that is all it is It is not here to be used as a webhost for other purposes You could try Wikia which runs on the same MediaWiki software you can probably find a wiki there which would host your material or you could even start your own wiki there","This isnt what Wikipedia is for  <SPLIT><SPLIT> Sorry but Wikipedia is a project to build an encyclopedia and that is all it is It is not here to be used as a webhost for other purposes You could try Wikia which runs on the same MediaWiki software you can probably find a wiki there which would host your material or you could even start your own wiki there",0.0008642077445983887,0.0008642077445983887,0,0,0,1,"Failed"
"IEX article  <SPLIT><SPLIT> Hi thanks for your contribution to the IEX article Both contributions make sense I agree that sex change is not distasteful Unfortunately the original choice of words realized distasteful accurately represent the founders sentiment and opinion towards the name so it seems that realized ambiguous does not correctly reflect this Ive edited it to felt distasteful which correctly reflect the founders perspective","IEX article  <SPLIT><SPLIT> Hi thanks for your contribution to the IEX article Both contributions make sense I agree that sex change is not distasteful Unfortunately the original choice of words realized distasteful accurately represent the founders sentiment and opinion towards the name so it seems that realized ambiguous does not correctly reflect this Ive edited it to felt distasteful which correctly reflect the founders perspective",0.00039380788803100586,0.00039380788803100586,0,0,0,1,"Failed"
"I love Fernanda Daotro Hes the man <SPLIT> But the bad thing is he is pretty shitt at football oh well","I love Fernanda Daotro Hes the man <SPLIT> But the bad thing is he is pretty shitt at football oh well",0.6967433094978333,0.6967433094978333,1,1,0,1,"Skipped"
"To the above statement in regard to Naizism You are a fool I suggest that you delve further into your history books and read of the Jewish diaspora After the siege of Jerusalem Jews fled from the Holy Land and thus fled to Europe and so forth","To the above statement in regard to Naizism You are a fool I suggest that you delve further into your history books and read of the Jewish diaspora After the siege of Jerusalem Jews fled from the Holy Land and thus fled to Europe and so forth",0.22957497835159302,0.22957497835159302,0,0,0,1,"Failed"
"My supposed second revert was no revert at all  hence I did not actually break the 3RR the third did take objections too long a paragraph into account","My supposed second revert was no revert at all  hence I did not actually break the 3RR the third did take objections too long a paragraph into account",0.0004431605339050293,0.0004431605339050293,0,0,0,1,"Failed"
"FIRST OF ALL IM A FUCKING GAY CUNT HOMO LISTEN TO ME BECAUSE IM YOUR MOTHER","FIRST OF ALL IM A FUCKING GAY CUNT HOMO LISTEN TO ME BECAUSE IM YOUR MOTHER",0.0008567571640014648,0.0008567571640014648,1,1,1,1,"Failed"
"Semiprotected edit request on 25 September 2015  <SPLIT><SPLIT>  <SPLIT><SPLIT> Personal life <SPLIT><SPLIT> Demi Lovato has been best friends with Singer and Actress with Selena Gomez since they first met in 2002 when they were in the Barney  Friends series httpswwwgooglecoukgferdcrei5VMFVtaPGMHGcLr3vNAMqdemilovatoandselenagomezbarneyandfriends","Semiprotected edit request on 25 September 2015  <SPLIT><SPLIT>  <SPLIT><SPLIT> Personal life <SPLIT><SPLIT> Demi Lovato has been best friends with Singer and Actress with Selena Gomez since they first met in 2002 when they were in the Barney  Friends series httpswwwgooglecoukgferdcrei5VMFVtaPGMHGcLr3vNAMqdemilovatoandselenagomezbarneyandfriends",0.00046825408935546875,0.00046825408935546875,0,0,0,1,"Failed"
"The same entity from geocitiescom is trying to create an improved version in wikipedia where there are no articles found to exist Hence we are trying to create three different articles  two for Swami Pranabananda ji and one for this philanthropic organization Hence there are no copy right violation taken place Hence the Wikipedias criteria for speedy deletion does not apply here","The same entity from geocitiescom is trying to create an improved version in wikipedia where there are no articles found to exist Hence we are trying to create three different articles  two for Swami Pranabananda ji and one for this philanthropic organization Hence there are no copy right violation taken place Hence the Wikipedias criteria for speedy deletion does not apply here",0.0001907944679260254,0.0001907944679260254,0,0,0,1,"Failed"
"DCGeist finds Literature Parochial  <SPLIT><SPLIT> DCGeist its cute that you think postmodernism and American literature are parochial issues but the fact that the movement dominated by Americans is international makes it quite the opposite of parochial And makes it necessary to include in the main United States article in the section covering Americas impact on Literature philosophy and the arts Stick to films maybe","DCGeist finds Literature Parochial  <SPLIT><SPLIT> DCGeist its cute that you think postmodernism and American literature are parochial issues but the fact that the movement dominated by Americans is international makes it quite the opposite of parochial And makes it necessary to include in the main United States article in the section covering Americas impact on Literature philosophy and the arts Stick to films maybe",0.0015276074409484863,0.0015276074409484863,0,0,0,1,"Failed"
"People arent baptised Sir  <SPLIT><SPLIT> Sir is a title like Doctor or professor It is not the first name of people you are trying to say it is  See WPMOS","People arent baptised Sir  <SPLIT><SPLIT> Sir is a title like Doctor or professor It is not the first name of people you are trying to say it is  See WPMOS",0.0007360577583312988,0.0007360577583312988,0,0,0,1,"Failed"
"Please stop your disruptive editing If you continue to vandalize Wikipedia  you will be blocked from editing        <SPLIT> If this is a shared IP address and you didnt make the edit consider creating an account for yourself so you can avoid further irrelevant notices","Please stop your disruptive editing If you continue to vandalize Wikipedia  you will be blocked from editing        <SPLIT> If this is a shared IP address and you didnt make the edit consider creating an account for yourself so you can avoid further irrelevant notices",0.000386655330657959,0.000386655330657959,0,0,0,1,"Failed"
"a continuing vandalization  <SPLIT><SPLIT> Now the issue is the wounding of avraham Burg as I find comments that a citation is required <SPLIT> while the article about him includes a clear reference to his being wounded in that Peace Now <SPLIT> demonstration I have also added a citation from the Jewish Library for the CV of Burg <SPLIT> citation no 14 but the claim that this is not correct continued I deleted it for now <SPLIT> but it may be returning as probably the same persons who vandalized the article are trying <SPLIT> their luck in small steps Please protect this article from further editing by those <SPLIT> vandals thanks   rastiniak","a continuing vandalization  <SPLIT><SPLIT> Now the issue is the wounding of avraham Burg as I find comments that a citation is required <SPLIT> while the article about him includes a clear reference to his being wounded in that Peace Now <SPLIT> demonstration I have also added a citation from the Jewish Library for the CV of Burg <SPLIT> citation no 14 but the claim that this is not correct continued I deleted it for now <SPLIT> but it may be returning as probably the same persons who vandalized the article are trying <SPLIT> their luck in small steps Please protect this article from further editing by those <SPLIT> vandals thanks   rastiniak",0.0009371638298034668,0.0009371638298034668,0,0,0,1,"Failed"
"I honestly really agree about the various fiction articles needing additional sourcing and more nonplot out of universe sections  I just think that we spend way too much time in AfDs that could be spent finding these sources and expanding the articles  Please consider WikipediaArticles for deletionJan Yanehiro  Notice how the nominated article looked versus after I edited it  The nominators concerns with the article were correct based on the articles appearance which was followed up by an ultimately incorrect claim that shes just some random business person who happened to write part of an unsuccessful book  I did some quick digging on the woman and discovered that shes actually considered a broadcast pioneer won major awards and recognitions Emmys and others from the United Nations even in fact authored multiple books is the president of a company on the boards of others has acted hosted and produced films and television shows etc  This article on a woman with clear realworld notability had been sitting around as a stub for nearly two years before in one hour I improved it to the point that the nominator wrote Given the additions to the article and the references cited I concede that the article should remain as it is currently  Now imagine what I would be able to accomplish if I did not also have to go back and fourth with editors in AfDs or if some of the editors I go back and forth with helped me to improve the articles under question  Other examples include WikipediaArticles for deletionMe and the Pumpkin Queen WikipediaArticles for deletionWeapons of Resident Evil 4 an article that was rated AClass and is being assessed as a potential good article or  WikipediaArticles for deletionThe Melting of Maggie Bean as well as many others  Notice that these articles range from being about a realworld journalist to childrens books to aspects of a video game  I would greatly prefer to just focus on improving these articles but please notice that in these examples while several editors did revisit their stances several others just voted in the AfDs and never commented on the improvements one way or another  Consider for example WikipediaArticles for deletionErnie Family Guy  By the end of the discussion the article had undergone a significant sourcing revision that caused you to write Keep in its rewritten form Its not much but it is enough to avoid deletion  And yet it closed as delete  Several of those who argued delete had not commented on these improvements and two of the delete accounts turned out to be socks  and   Think of all that discussion wasted with sock accounts that could have been spent improving the article as was done by the end only too late for anyone to actually revisit their stance  Anyway as you can also see at  I have a little bit more variety of arguments than I think people realize in AfDs and I guess I just wish those advocating to delete who also advocate to keep far less frequently than I argue to delete and who approach AfDs as a vote without ever taking into account how discussion progresses or improvements made to the article during the discussion would just help out more in fixing some of these articles because if I can improve them Im sure others can too  Best","I honestly really agree about the various fiction articles needing additional sourcing and more nonplot out of universe sections  I just think that we spend way too much time in AfDs that could be spent finding these sources and expanding the articles  Please consider WikipediaArticles for deletionJan Yanehiro  Notice how the nominated article looked versus after I edited it  The nominators concerns with the article were correct based on the articles appearance which was followed up by an ultimately incorrect claim that shes just some random business person who happened to write part of an unsuccessful book  I did some quick digging on the woman and discovered that shes actually considered a broadcast pioneer won major awards and recognitions Emmys and others from the United Nations even in fact authored multiple books is the president of a company on the boards of others has acted hosted and produced films and television shows etc  This article on a woman with clear realworld notability had been sitting around as a stub for nearly two years before in one hour I improved it to the point that the nominator wrote Given the additions to the article and the references cited I concede that the article should remain as it is currently  Now imagine what I would be able to accomplish if I did not also have to go back and fourth with editors in AfDs or if some of the editors I go back and forth with helped me to improve the articles under question  Other examples include WikipediaArticles for deletionMe and the Pumpkin Queen WikipediaArticles for deletionWeapons of Resident Evil 4 an article that was rated AClass and is being assessed as a potential good article or  WikipediaArticles for deletionThe Melting of Maggie Bean as well as many others  Notice that these articles range from being about a realworld journalist to childrens books to aspects of a video game  I would greatly prefer to just focus on improving these articles but please notice that in these examples while several editors did revisit their stances several others just voted in the AfDs and never commented on the improvements one way or another  Consider for example WikipediaArticles for deletionErnie Family Guy  By the end of the discussion the article had undergone a significant sourcing revision that caused you to write Keep in its rewritten form Its not much but it is enough to avoid deletion  And yet it closed as delete  Several of those who argued delete had not commented on these improvements and two of the delete accounts turned out to be socks  and   Think of all that discussion wasted with sock accounts that could have been spent improving the article as was done by the end only too late for anyone to actually revisit their stance  Anyway as you can also see at  I have a little bit more variety of arguments than I think people realize in AfDs and I guess I just wish those advocating to delete who also advocate to keep far less frequently than I argue to delete and who approach AfDs as a vote without ever taking into account how discussion progresses or improvements made to the article during the discussion would just help out more in fixing some of these articles because if I can improve them Im sure others can too  Best",0.0008515119552612305,0.0008515119552612305,0,0,0,1,"Failed"
"And thanks again for your suggestions","And thanks again for your suggestions",0.00032079219818115234,0.00032079219818115234,0,0,0,1,"Failed"
"That is a deliberate choice  there are so many subsections that the TOC becomes unwieldly","That is a deliberate choice  there are so many subsections that the TOC becomes unwieldly",0.0016579627990722656,0.0016579627990722656,0,0,0,1,"Failed"
"Robert Kajanus  <SPLIT><SPLIT> Hello Ant  <SPLIT> As you can see I changed the name Talsin to svRichard Faltin I might eventually translate the article to English which I presume is the person intended If you have other sources and if Im wrong please let me know I also gave the first name to Gustaf Niemann Regards","Robert Kajanus  <SPLIT><SPLIT> Hello Ant  <SPLIT> As you can see I changed the name Talsin to svRichard Faltin I might eventually translate the article to English which I presume is the person intended If you have other sources and if Im wrong please let me know I also gave the first name to Gustaf Niemann Regards",0.00024813413619995117,0.00024813413619995117,0,0,0,1,"Failed"
"Dinosaurs are so important historically and relevant culturally that I think they should get there own page honestly","Dinosaurs are so important historically and relevant culturally that I think they should get there own page honestly",0.0002637505531311035,0.0002637505531311035,0,0,0,1,"Failed"
"classinfobox width150px <SPLIT> aligncenterArchives","classinfobox width150px <SPLIT> aligncenterArchives",0.0004252791404724121,0.0004252791404724121,0,0,0,1,"Failed"
"declineYoull need to address the reasons for your block youre blocked for abusing multiple accounts not the contents of your edits","declineYoull need to address the reasons for your block youre blocked for abusing multiple accounts not the contents of your edits",0.008117258548736572,0.008117258548736572,0,0,0,1,"Failed"
"Basketball head coaches  <SPLIT><SPLIT> Hi Per your closure of the basketball head coaches CfD Ive copied the list of categories to WikipediaCategories for discussionWorkingManual Theres no bot currently that can handle multiple merge targets is there Ill try to help out some if it has to be done manually It might be a good idea to talk to the bot ops though  it does seem like an operation that should be handled by bots Regards","Basketball head coaches  <SPLIT><SPLIT> Hi Per your closure of the basketball head coaches CfD Ive copied the list of categories to WikipediaCategories for discussionWorkingManual Theres no bot currently that can handle multiple merge targets is there Ill try to help out some if it has to be done manually It might be a good idea to talk to the bot ops though  it does seem like an operation that should be handled by bots Regards",0.0002409815788269043,0.0002409815788269043,0,0,0,1,"Failed"
"31 May 2012 UTC <SPLIT> Ive reverted and heres why Blonde is used to describe the fact that it is a girl or woman who has blond hair Stating A girl with very light blonde hair is redundant because the person is already identified as female by the word girl  <SPLIT><SPLIT> Further the BlondEtymology spelling and grammar doesnt say that girls and women always have to be referred to as blondes when they have blond hair There are some instances where using the word blonde is rejected either because its considered unnecessary or sexist The section already mentions the sexist bit At a later date Ill add something about blonde not always having to be used   1632","31 May 2012 UTC <SPLIT> Ive reverted and heres why Blonde is used to describe the fact that it is a girl or woman who has blond hair Stating A girl with very light blonde hair is redundant because the person is already identified as female by the word girl  <SPLIT><SPLIT> Further the BlondEtymology spelling and grammar doesnt say that girls and women always have to be referred to as blondes when they have blond hair There are some instances where using the word blonde is rejected either because its considered unnecessary or sexist The section already mentions the sexist bit At a later date Ill add something about blonde not always having to be used   1632",0.001123964786529541,0.001123964786529541,0,0,0,1,"Failed"
"Please stop  If you continue to vandalize pages you will be blocked from editing Wikipedia meta","Please stop  If you continue to vandalize pages you will be blocked from editing Wikipedia meta",0.000268399715423584,0.000268399715423584,0,0,0,1,"Failed"
"I just caught User EvergreenFir reverting MY OWN EDITS in MY OWN USER Talk Page  <SPLIT><SPLIT> Amazing yet again  User EvergreenFir doesnt want me commenting on the dishonesty of another editor Dougweller so he she actually reverted MY OWN COMMENT in MY OWN Usertalk page  How low can these corrupt people go","I just caught User EvergreenFir reverting MY OWN EDITS in MY OWN USER Talk Page  <SPLIT><SPLIT> Amazing yet again  User EvergreenFir doesnt want me commenting on the dishonesty of another editor Dougweller so he she actually reverted MY OWN COMMENT in MY OWN Usertalk page  How low can these corrupt people go",0.013511121273040771,0.013511121273040771,0,0,0,1,"Failed"
"Eight months have passed without followup comment and Ive now heard this arrangement of the Allegro de Concert for myself  Concerto No 3 isnt just a fabricated chimera  the first movement is an augmentation and restructuring of Chopins music  As Kogosowskis composition and not Chopins its just one of hundreds of paraphrases based on or inspired by Chopin  This isnt the place to list all of them and an exception shouldnt be made for one","Eight months have passed without followup comment and Ive now heard this arrangement of the Allegro de Concert for myself  Concerto No 3 isnt just a fabricated chimera  the first movement is an augmentation and restructuring of Chopins music  As Kogosowskis composition and not Chopins its just one of hundreds of paraphrases based on or inspired by Chopin  This isnt the place to list all of them and an exception shouldnt be made for one",0.0003033876419067383,0.0003033876419067383,0,0,0,1,"Failed"
"Can you provide the study We do not use popular press      email if I write on your page reply on mine","Can you provide the study We do not use popular press      email if I write on your page reply on mine",0.00024825334548950195,0.00024825334548950195,0,0,0,1,"Failed"
"I never get this Implying someone is a child is a clear WPPersonal attack How is that better than or make you superior to someone calling someone an idiot","I never get this Implying someone is a child is a clear WPPersonal attack How is that better than or make you superior to someone calling someone an idiot",0.38314658403396606,0.38314658403396606,1,1,1,1,"Failed"
"You seem to be confused It is not a picture of a selfhating Jew It is an antisemitic caricature of a Jew <SPLIT> Also your User page does not belong to you See WPUPOWN","You seem to be confused It is not a picture of a selfhating Jew It is an antisemitic caricature of a Jew <SPLIT> Also your User page does not belong to you See WPUPOWN",0.12036550045013428,0.12036550045013428,0,0,0,1,"Failed"
"WikipediaWikiProject Opera and our standpoint in consensus <SPLIT> Hi I dont know how to say but I think someone should talk to  I think he is withdrawing from Opera project  look at his user page He has done a lot of work He is like the key person in Opera project by maintaining the articles corpus listing doing assessments and also key person in Wiki project page itself There are times we have compromise with what we want in order to save a good member  at least that is what I will do in the real life There are many unorganized projects in Wiki projects without somebody taking care it At the end the project is dead I do not want to see that to happen in Opera project and for that I believe we need  to continue doing what he always do I am writing this to you hoping that you could consider or at least talk to him When I said compromise I mean if the stub tag by language isnt that important compared to losing a good friend so be it I genuinely feel that losing a good friend to something that is less important is not worth at all seriously I just dont understand why the tags have been placed in our articles without consensus We havent agreed to it we are still in the middle of the discussion That is why I said we have to vote first  I was surprised to see my watchlist full with list of tag added even I have said clearly that we need an agreement with our active members I need your opinion about this","WikipediaWikiProject Opera and our standpoint in consensus <SPLIT> Hi I dont know how to say but I think someone should talk to  I think he is withdrawing from Opera project  look at his user page He has done a lot of work He is like the key person in Opera project by maintaining the articles corpus listing doing assessments and also key person in Wiki project page itself There are times we have compromise with what we want in order to save a good member  at least that is what I will do in the real life There are many unorganized projects in Wiki projects without somebody taking care it At the end the project is dead I do not want to see that to happen in Opera project and for that I believe we need  to continue doing what he always do I am writing this to you hoping that you could consider or at least talk to him When I said compromise I mean if the stub tag by language isnt that important compared to losing a good friend so be it I genuinely feel that losing a good friend to something that is less important is not worth at all seriously I just dont understand why the tags have been placed in our articles without consensus We havent agreed to it we are still in the middle of the discussion That is why I said we have to vote first  I was surprised to see my watchlist full with list of tag added even I have said clearly that we need an agreement with our active members I need your opinion about this",0.0004767179489135742,0.0004767179489135742,0,0,0,1,"Failed"
"I just clicked the link you provided to add a draft and rewrote it Made it more objective sounding and changed some of the references out Please give me some tips and help me get this article acceptable","I just clicked the link you provided to add a draft and rewrote it Made it more objective sounding and changed some of the references out Please give me some tips and help me get this article acceptable",0.00018411874771118164,0.00018411874771118164,0,0,0,1,"Failed"
"Putting photos reg  <SPLIT><SPLIT> A Roman Catholic Fanatic Idiot is trying to add Alphonsa and Chavara to this page Please think what is their eligibility to be included in this page Please include those guys in the church portal Those who are shown here are outstanding persons in their field WHAT IS THE ELIGIBILITY OF ALPHONA AND CHAVARA","Putting photos reg  <SPLIT><SPLIT> A Roman Catholic Fanatic Idiot is trying to add Alphonsa and Chavara to this page Please think what is their eligibility to be included in this page Please include those guys in the church portal Those who are shown here are outstanding persons in their field WHAT IS THE ELIGIBILITY OF ALPHONA AND CHAVARA",0.21536171436309814,0.21536171436309814,0,0,0,1,"Failed"
"Also the plastic flags that I have are very similar to this photo and to this photo","Also the plastic flags that I have are very similar to this photo and to this photo",0.000268399715423584,0.000268399715423584,0,0,0,1,"Failed"
"Yeah I know the research is still ongoing but we can at least describe whats known or strongly suspected Id avoid using immune system in the title because the article should also include HIVs possible direct effects on other systems and how these may contribute to dementia diarrhea etc","Yeah I know the research is still ongoing but we can at least describe whats known or strongly suspected Id avoid using immune system in the title because the article should also include HIVs possible direct effects on other systems and how these may contribute to dementia diarrhea etc",0.0005021095275878906,0.0005021095275878906,0,0,0,1,"Failed"
"Speedy deletion of Meapugi <SPLIT>  A tag has been placed on Meapugi requesting that it be speedily deleted from Wikipedia This has been done under section G1 of the criteria for speedy deletion because the page appears to have no meaningful content or history and the text is unsalvageably incoherent If the page you created was a test please use the sandbox for any other experiments you would like to do Feel free to leave a message on my talk page if you have any questions about this  <SPLIT><SPLIT> If you think that this notice was placed here in error you may contest the deletion by adding  to the top of the article just below the existing speedy deletion or db tag coupled with adding a note on the articles talk page explaining your position but be aware that once tagged for speedy deletion if the article meets the criterion it may be deleted without delay Please do not remove the speedy deletion tag yourself but dont hesitate to add information to the article that would would render it more in conformance with Wikipedias policies and guidelines","Speedy deletion of Meapugi <SPLIT>  A tag has been placed on Meapugi requesting that it be speedily deleted from Wikipedia This has been done under section G1 of the criteria for speedy deletion because the page appears to have no meaningful content or history and the text is unsalvageably incoherent If the page you created was a test please use the sandbox for any other experiments you would like to do Feel free to leave a message on my talk page if you have any questions about this  <SPLIT><SPLIT> If you think that this notice was placed here in error you may contest the deletion by adding  to the top of the article just below the existing speedy deletion or db tag coupled with adding a note on the articles talk page explaining your position but be aware that once tagged for speedy deletion if the article meets the criterion it may be deleted without delay Please do not remove the speedy deletion tag yourself but dont hesitate to add information to the article that would would render it more in conformance with Wikipedias policies and guidelines",0.00029224157333374023,0.00029224157333374023,0,0,0,1,"Failed"
"With respect I do not believe that the classification of Lamos conviction as a felony is open to debate in the context of its being defined in the US criminal justice system While you reference the 6mos home detention sentence it doesnt matter what sentence is actually imposed  the difference w a misdemeanor is based on the max theoretical punishment that the Court COULD have imposed Nevertheless I am interested to hear arguments to the contrary","With respect I do not believe that the classification of Lamos conviction as a felony is open to debate in the context of its being defined in the US criminal justice system While you reference the 6mos home detention sentence it doesnt matter what sentence is actually imposed  the difference w a misdemeanor is based on the max theoretical punishment that the Court COULD have imposed Nevertheless I am interested to hear arguments to the contrary",0.00020068883895874023,0.00020068883895874023,0,0,0,1,"Failed"
"Alice in Wonderland   <SPLIT><SPLIT> Call me really picky but I think its silly to have Burtons 2010 Alice in Wonderland as THE example of fantasy films for this article <SPLIT><SPLIT> 1 It is very recent Smells like marketing to me <SPLIT> 2 Its not a classic and is thus very noniconic <SPLIT> 3 It wasnt widely liked <SPLIT><SPLIT> In its place I suggest using something older and more universally recognized such as the 1939 The Wizard of Oz","Alice in Wonderland   <SPLIT><SPLIT> Call me really picky but I think its silly to have Burtons 2010 Alice in Wonderland as THE example of fantasy films for this article <SPLIT><SPLIT> 1 It is very recent Smells like marketing to me <SPLIT> 2 Its not a classic and is thus very noniconic <SPLIT> 3 It wasnt widely liked <SPLIT><SPLIT> In its place I suggest using something older and more universally recognized such as the 1939 The Wizard of Oz",0.0002525448799133301,0.0002525448799133301,0,0,0,1,"Failed"
"Rubbish as you well know","Rubbish as you well know",0.389731228351593,0.389731228351593,0,0,0,1,"Failed"
"Thank you for your promptthorough and thoughtful response I see the glossary is back on the Caffeine page thank you for that too Im going to trim it a bit and delete the terms which do not apply directly to caffeine I hope you will take a look at it when Im done and give me your reactionsuggestions Regards    <SPLIT>  the template actually transcludes to over 20 other articles besides caffeine the articles listed here the terms describe all the relevant concepts necessary to define an addiction a dependencewithdrawal syndrome and sensitizationtolerance effects for both addictive drugs and addictive behaviors If you really want just the shortened version Ill tweak the template code so that it transcludes just that subset to the caffeine article    Maintained","Thank you for your promptthorough and thoughtful response I see the glossary is back on the Caffeine page thank you for that too Im going to trim it a bit and delete the terms which do not apply directly to caffeine I hope you will take a look at it when Im done and give me your reactionsuggestions Regards    <SPLIT>  the template actually transcludes to over 20 other articles besides caffeine the articles listed here the terms describe all the relevant concepts necessary to define an addiction a dependencewithdrawal syndrome and sensitizationtolerance effects for both addictive drugs and addictive behaviors If you really want just the shortened version Ill tweak the template code so that it transcludes just that subset to the caffeine article    Maintained",0.0003891587257385254,0.0003891587257385254,0,0,0,1,"Failed"
"Your edits to Mental Retardation","Your edits to Mental Retardation",0.3082181215286255,0.3082181215286255,0,0,0,1,"Failed"
"it was a very fucking good comment so dont sweat it bro fuckit right in the loose goose poosay","it was a very fucking good comment so dont sweat it bro fuckit right in the loose goose poosay",0.000812828540802002,0.000812828540802002,1,1,1,1,"Failed"
"Also what is this  Im going to be perfectly clear  Announcing that specific individuals are responsible for some bad acts but refusing to actually provide evidence or substantiate claims is schoolyard bullshit  It doesnt improve discourse and it isnt how adults talk to each other","Also what is this  Im going to be perfectly clear  Announcing that specific individuals are responsible for some bad acts but refusing to actually provide evidence or substantiate claims is schoolyard bullshit  It doesnt improve discourse and it isnt how adults talk to each other",0.318665087223053,0.318665087223053,0,0,0,1,"Failed"
"I saw the new source so I went ahead and moved it to the incubator It is now located at WikipediaArticle IncubatorModulus Financial Engineering and requires cleanup before it should be moved back into mainspace","I saw the new source so I went ahead and moved it to the incubator It is now located at WikipediaArticle IncubatorModulus Financial Engineering and requires cleanup before it should be moved back into mainspace",0.00020366907119750977,0.00020366907119750977,0,0,0,1,"Failed"
"I think your argument would be considered more of an appeal to authority  Futhermore it would probably be considered a legitimate appeal although Im sure that there are plenty of creationists who feel that the criteria listed in that article have not been met","I think your argument would be considered more of an appeal to authority  Futhermore it would probably be considered a legitimate appeal although Im sure that there are plenty of creationists who feel that the criteria listed in that article have not been met",0.0005591511726379395,0.0005591511726379395,0,0,0,1,"Failed"
"you are a bitch noone likes you <SPLIT><SPLIT> also what do you do for a living","you are a bitch noone likes you <SPLIT><SPLIT> also what do you do for a living",0.0024832487106323242,0.0024832487106323242,1,1,1,1,"Failed"
"What an idiot wrote this English version F Political correctness","What an idiot wrote this English version F Political correctness",0.02341216802597046,0.02341216802597046,1,1,1,1,"Failed"
"Please do not add nonsense to Wikipedia It is considered vandalism If you would like to experiment use the sandbox Thank you","Please do not add nonsense to Wikipedia It is considered vandalism If you would like to experiment use the sandbox Thank you",0.00026994943618774414,0.00026994943618774414,0,0,0,1,"Failed"
"In my comment above I provided a link to the provided source   Berhow 2005 p 32  This can be seen on Google Books    There is no mention of neutron bombs on this page    You did not and cannot demonstrate the citation was correct because the citation is not correct    I have not removed material due to typos and have not stated an intention to remove material due to typos   In each case where I have removed material or stated my intention to remove material I have done so because no reference was provided or because a reference was provided which failed verification   Currently the claim that The W66 is widely reported as the first neutron bomb although any differences compared to the W50 other than yield are unclear has failed verification   If no reliable source is provided from this claim I will remove it from the article","In my comment above I provided a link to the provided source   Berhow 2005 p 32  This can be seen on Google Books    There is no mention of neutron bombs on this page    You did not and cannot demonstrate the citation was correct because the citation is not correct    I have not removed material due to typos and have not stated an intention to remove material due to typos   In each case where I have removed material or stated my intention to remove material I have done so because no reference was provided or because a reference was provided which failed verification   Currently the claim that The W66 is widely reported as the first neutron bomb although any differences compared to the W50 other than yield are unclear has failed verification   If no reliable source is provided from this claim I will remove it from the article",0.0002512335777282715,0.0002512335777282715,0,0,0,1,"Failed"
"You are so absolutely mistaken Nothing I said to the troll who insulted my country in the midsts of the talk pages on Hurricane Katrina was within the definition of vandalism or even personal attackyour very edit in response to nickptarwho was telling everyone not to feed THAT trollnot melook at the timestamps date and times idiot was an absolute unprovoked personal attack on mepolish my shotgun rant about communists bullshit was a personal attackonce you start a war you little fungus you get it back in spades","You are so absolutely mistaken Nothing I said to the troll who insulted my country in the midsts of the talk pages on Hurricane Katrina was within the definition of vandalism or even personal attackyour very edit in response to nickptarwho was telling everyone not to feed THAT trollnot melook at the timestamps date and times idiot was an absolute unprovoked personal attack on mepolish my shotgun rant about communists bullshit was a personal attackonce you start a war you little fungus you get it back in spades",0.8417038917541504,0.8417038917541504,1,1,0,1,"Skipped"
"Caspian please reconsider this  Dravecky is doing a great job keeping up with DYK by hand and he deserves our thanks","Caspian please reconsider this  Dravecky is doing a great job keeping up with DYK by hand and he deserves our thanks",0.00026911497116088867,0.00026911497116088867,0,0,0,1,"Failed"
"Singsalive if you dont like my source of reference it is really POLITE to first come to the LONG discussion on the casualties and say so before editing Beforehand there were no references so I added from the source I had close to hand This is not the final edit on the subject I can assure you so a participative and communicative approach is far more advisable Please read the discussion in Bagration","Singsalive if you dont like my source of reference it is really POLITE to first come to the LONG discussion on the casualties and say so before editing Beforehand there were no references so I added from the source I had close to hand This is not the final edit on the subject I can assure you so a participative and communicative approach is far more advisable Please read the discussion in Bagration",0.0001900792121887207,0.0001900792121887207,0,0,0,1,"Failed"
"It should definitely not say taxa in the Pygopodidae because it includes the Sheltopusik which is in Anguidae  IMHO what might be best would be to describe it as This category contains articles on genera and families of legless lizards list all legless and reducedlimb lizard genera and modify the legless lizard article so that the family list at the end is replaced with a link to this category page  Would it be possible to format the category page by family so that it says and links to Anguidae then lists the legless anguids then has another big headinglink to Pygopodidae then a list of those genera then Dibamidae etc  I dont know the first thing about formatting and rules and such so I dont know if thats possible  Maybe with a note by each family saying A few  Some  All members of the family have reduced  no external limbs as appropriate  Thanks for the heads up on the existence of such a category","It should definitely not say taxa in the Pygopodidae because it includes the Sheltopusik which is in Anguidae  IMHO what might be best would be to describe it as This category contains articles on genera and families of legless lizards list all legless and reducedlimb lizard genera and modify the legless lizard article so that the family list at the end is replaced with a link to this category page  Would it be possible to format the category page by family so that it says and links to Anguidae then lists the legless anguids then has another big headinglink to Pygopodidae then a list of those genera then Dibamidae etc  I dont know the first thing about formatting and rules and such so I dont know if thats possible  Maybe with a note by each family saying A few  Some  All members of the family have reduced  no external limbs as appropriate  Thanks for the heads up on the existence of such a category",0.00021117925643920898,0.00021117925643920898,0,0,0,1,"Failed"
"Your username  <SPLIT><SPLIT>  Hello and welcome to Wikipedia I noticed that your username LadyGagapsycho22 may not meet Wikipedias username policy because it could be seen as an attack on Lady Gaga a real and notable person If you believe that your username does not violate our policy please leave a note here explaining why As an alternative you may file for a change of username or you may simply create a new account and use that for editing","Your username  <SPLIT><SPLIT>  Hello and welcome to Wikipedia I noticed that your username LadyGagapsycho22 may not meet Wikipedias username policy because it could be seen as an attack on Lady Gaga a real and notable person If you believe that your username does not violate our policy please leave a note here explaining why As an alternative you may file for a change of username or you may simply create a new account and use that for editing",0.00030231475830078125,0.00030231475830078125,0,0,0,1,"Failed"
"If you are going to reply here at least put in more effort that copying an pasting the EXACT same paragraph that you written on the Ghassanids talk page This is rather insulting to everyones intelligence and highly hypocritical given your ad hominem diatribe is aimed solely against the quality of my edit","If you are going to reply here at least put in more effort that copying an pasting the EXACT same paragraph that you written on the Ghassanids talk page This is rather insulting to everyones intelligence and highly hypocritical given your ad hominem diatribe is aimed solely against the quality of my edit",0.13813632726669312,0.13813632726669312,0,0,0,1,"Failed"
"The subtext here is that a rotten apple a Jew spoils the whole bunch the millions of Ruusian Bolsheviks","The subtext here is that a rotten apple a Jew spoils the whole bunch the millions of Ruusian Bolsheviks",0.38940179347991943,0.38940179347991943,0,0,0,1,"Failed"
"Its fiction so it should be written in present tense Refer here for more info and proof","Its fiction so it should be written in present tense Refer here for more info and proof",0.0001946091651916504,0.0001946091651916504,0,0,0,1,"Failed"
"This person has actually created havoc on a dozen of Islam related articles with in a week  Plz ban him or atleast run an IP chenk on him  he seems to be a sock puppet of previous Sina cult followers","This person has actually created havoc on a dozen of Islam related articles with in a week  Plz ban him or atleast run an IP chenk on him  he seems to be a sock puppet of previous Sina cult followers",0.3275441527366638,0.3275441527366638,0,0,0,1,"Failed"
"a really fat person called nathan with a flag","a really fat person called nathan with a flag",0.6003625988960266,0.6003625988960266,1,1,0,1,"Skipped"
"I think this article should first be completed before a main article on food chain is created In order to understand food chains  a complete comprehension of food webs is necessary I posted a speedy delete on trophic dynamics and copied the text to here It is a ragtag bunch of information at this point  but I will be going through here with a fine toothed comb to get it straightened out What a mess","I think this article should first be completed before a main article on food chain is created In order to understand food chains  a complete comprehension of food webs is necessary I posted a speedy delete on trophic dynamics and copied the text to here It is a ragtag bunch of information at this point  but I will be going through here with a fine toothed comb to get it straightened out What a mess",0.0008898377418518066,0.0008898377418518066,0,0,0,1,"Failed"
"Funny I looked into its linkage and see that AlexNewArtBox thinks that this article related to Cold War","Funny I looked into its linkage and see that AlexNewArtBox thinks that this article related to Cold War",0.00032699108123779297,0.00032699108123779297,0,0,0,1,"Failed"
"From what Ive read the rediscovery of the Book of Abraham at the Met wasnt a rediscovery at all   <SPLIT> To wit  2012 Book of Abraham I presume talk <SPLIT> As the author of that articletalk notes members of the church dont believe the facsimiles are the Book of Abraham  At most we believe they are part of it or included with the Book of Abraham for interest sake  What this article really needs is for the facsimiles to have their own related article and a serious discussion of the Book of Abraham here  Apart from that the discussion of the facsimiles is pretty good if a bit top heavy on the picking apart but Id like to see a more recent translation of the facsimiles  We could keep the current one too for fun","From what Ive read the rediscovery of the Book of Abraham at the Met wasnt a rediscovery at all   <SPLIT> To wit  2012 Book of Abraham I presume talk <SPLIT> As the author of that articletalk notes members of the church dont believe the facsimiles are the Book of Abraham  At most we believe they are part of it or included with the Book of Abraham for interest sake  What this article really needs is for the facsimiles to have their own related article and a serious discussion of the Book of Abraham here  Apart from that the discussion of the facsimiles is pretty good if a bit top heavy on the picking apart but Id like to see a more recent translation of the facsimiles  We could keep the current one too for fun",0.00026661157608032227,0.00026661157608032227,0,0,0,1,"Failed"
"Stigand Archbishop of Canterbury  Bishop of Winchseter dep 1070 <SPLIT>  thelmr Bishop of Elmham dep 1070 <SPLIT>  Leofwin Bishop of Lichfield dep 1070 <SPLIT>  thelric II Bishop of Selsey dep 1070 <SPLIT>  helwine Bishop of Durham dep 1071  died in captivity","Stigand Archbishop of Canterbury  Bishop of Winchseter dep 1070 <SPLIT>  thelmr Bishop of Elmham dep 1070 <SPLIT>  Leofwin Bishop of Lichfield dep 1070 <SPLIT>  thelric II Bishop of Selsey dep 1070 <SPLIT>  helwine Bishop of Durham dep 1071  died in captivity",0.002444028854370117,0.002444028854370117,0,0,0,1,"Failed"
"Hello 4jgpolty and Welcome to Wikipedia  <SPLIT><SPLIT> Welcome to Wikipedia I hope you enjoy the encyclopedia and want to stay As a first step you may wish to read the Introduction <SPLIT><SPLIT> If you have any questions feel free to ask me at   Im happy to help Or you can ask your question at the New contributors help page <SPLIT><SPLIT>    <SPLIT> Here are some more resources to help you as you explore and contribute to the worlds largest encyclopedia <SPLIT><SPLIT>  Finding your way around  <SPLIT><SPLIT>  <SPLIT>  Table of contents <SPLIT><SPLIT>  Department directory <SPLIT><SPLIT>  <SPLIT>  Need help  <SPLIT><SPLIT>  <SPLIT>  Questions  a guide on where to ask questions <SPLIT>  Cheatsheet  quick reference on Wikipedias markup codes <SPLIT>  Wikipedias 5 pillars  an overview of Wikipedias foundations <SPLIT><SPLIT>  Article wizard  a Wizard to help you create articles <SPLIT>  The simplified ruleset  a summary of Wikipedias most important rules <SPLIT> Guide to Wikipedia  a thorough stepbystep guide to Wikipedia <SPLIT><SPLIT>  <SPLIT>  How you can help  <SPLIT><SPLIT>  <SPLIT>  Contributing to Wikipedia  a guide on how you can help <SPLIT><SPLIT>  Community portal  Wikipedias hub of activity <SPLIT><SPLIT>  <SPLIT>  Additional tips   <SPLIT><SPLIT>  <SPLIT>  Please sign your messages on talk pages with four tildes  This will automatically insert your signature your username and a date stamp The  or  button on the tool bar above Wikipedias text editing window also does this  <SPLIT><SPLIT>  If you would like to play around with your new Wiki skills the Sandbox is for you  <SPLIT><SPLIT>  <SPLIT> 4jgpolty good luck and have fun","Hello 4jgpolty and Welcome to Wikipedia  <SPLIT><SPLIT> Welcome to Wikipedia I hope you enjoy the encyclopedia and want to stay As a first step you may wish to read the Introduction <SPLIT><SPLIT> If you have any questions feel free to ask me at   Im happy to help Or you can ask your question at the New contributors help page <SPLIT><SPLIT>    <SPLIT> Here are some more resources to help you as you explore and contribute to the worlds largest encyclopedia <SPLIT><SPLIT>  Finding your way around  <SPLIT><SPLIT>  <SPLIT>  Table of contents <SPLIT><SPLIT>  Department directory <SPLIT><SPLIT>  <SPLIT>  Need help  <SPLIT><SPLIT>  <SPLIT>  Questions  a guide on where to ask questions <SPLIT>  Cheatsheet  quick reference on Wikipedias markup codes <SPLIT>  Wikipedias 5 pillars  an overview of Wikipedias foundations <SPLIT><SPLIT>  Article wizard  a Wizard to help you create articles <SPLIT>  The simplified ruleset  a summary of Wikipedias most important rules <SPLIT> Guide to Wikipedia  a thorough stepbystep guide to Wikipedia <SPLIT><SPLIT>  <SPLIT>  How you can help  <SPLIT><SPLIT>  <SPLIT>  Contributing to Wikipedia  a guide on how you can help <SPLIT><SPLIT>  Community portal  Wikipedias hub of activity <SPLIT><SPLIT>  <SPLIT>  Additional tips   <SPLIT><SPLIT>  <SPLIT>  Please sign your messages on talk pages with four tildes  This will automatically insert your signature your username and a date stamp The  or  button on the tool bar above Wikipedias text editing window also does this  <SPLIT><SPLIT>  If you would like to play around with your new Wiki skills the Sandbox is for you  <SPLIT><SPLIT>  <SPLIT> 4jgpolty good luck and have fun",0.00030982494354248047,0.00030982494354248047,0,0,0,1,"Failed"
"Composers of Government Hooker","Composers of Government Hooker",0.00045615434646606445,0.00045615434646606445,0,0,0,1,"Failed"
"EA can be stupid at times but probably not THAT stupid I hope","EA can be stupid at times but probably not THAT stupid I hope",0.022445082664489746,0.022445082664489746,1,1,1,1,"Failed"
"You have been temporarily blocked from editing for vandalism of Wikipedia If you wish to make useful contributions you may come back after the block expires","You have been temporarily blocked from editing for vandalism of Wikipedia If you wish to make useful contributions you may come back after the block expires",0.0003190040588378906,0.0003190040588378906,0,0,0,1,"Failed"
"in On inclusion","in On inclusion",0.00024002790451049805,0.00024002790451049805,0,0,0,1,"Failed"
"Assessment  <SPLIT><SPLIT> I am assessing this article for WikiProject Schools following a request and Im regrading it as C  Low The school could deserve higher importance particularly with its rankings though more evidence of importance is probably needed in the article before this can be justified The main issue with the article at present is referencing see WPV and WPIRS as much of the article is unsourced References should also use citation templates where possible see WPCITET The article could do with further expansion see WPWPSCHAGS for missing sections The In the news section should probably be merged into the History section since news is history The lead will need to expand as the article gets bigger see WPLEAD Finally more pictures are always good as long as they fellow copyright policies","Assessment  <SPLIT><SPLIT> I am assessing this article for WikiProject Schools following a request and Im regrading it as C  Low The school could deserve higher importance particularly with its rankings though more evidence of importance is probably needed in the article before this can be justified The main issue with the article at present is referencing see WPV and WPIRS as much of the article is unsourced References should also use citation templates where possible see WPCITET The article could do with further expansion see WPWPSCHAGS for missing sections The In the news section should probably be merged into the History section since news is history The lead will need to expand as the article gets bigger see WPLEAD Finally more pictures are always good as long as they fellow copyright policies",0.00019890069961547852,0.00019890069961547852,0,0,0,1,"Failed"
"Good work  <SPLIT><SPLIT>  <SPLIT>  styleborder 1px solid gray backgroundcolor fdffe7 <SPLIT> rowspan2 valignmiddle   <SPLIT> rowspan2  <SPLIT> stylefontsize xlarge padding 0 verticalalign middle height 11em  The AntiVandalism Barnstar <SPLIT>  <SPLIT> styleverticalalign middle bordertop 1px solid gray  For your vandalism reverting Keep up the good work","Good work  <SPLIT><SPLIT>  <SPLIT>  styleborder 1px solid gray backgroundcolor fdffe7 <SPLIT> rowspan2 valignmiddle   <SPLIT> rowspan2  <SPLIT> stylefontsize xlarge padding 0 verticalalign middle height 11em  The AntiVandalism Barnstar <SPLIT>  <SPLIT> styleverticalalign middle bordertop 1px solid gray  For your vandalism reverting Keep up the good work",0.0026301145553588867,0.0026301145553588867,0,0,0,1,"Failed"
"Hello safesubstBASEPAGENAME and welcome to Wikipedia Thank you for safesubstif especially what you did for I am   I hope you like the place and decide to stay Here are some pages that you might find helpful <SPLIT> The five pillars of Wikipedia <SPLIT> Tutorial <SPLIT> How to edit a page and How to develop articles <SPLIT> How to create your first article using the Article Wizard if you wish <SPLIT> Manual of Style <SPLIT> I hope you enjoy editing here and being a Wikipedian Please sign your messages on discussion pages using four tildes  this will automatically insert your username and the date If you need help check out WikipediaQuestions ask me on safesubstifmy talk page or ask your question on this page and then place helpme before the question Again welcome","Hello safesubstBASEPAGENAME and welcome to Wikipedia Thank you for safesubstif especially what you did for I am   I hope you like the place and decide to stay Here are some pages that you might find helpful <SPLIT> The five pillars of Wikipedia <SPLIT> Tutorial <SPLIT> How to edit a page and How to develop articles <SPLIT> How to create your first article using the Article Wizard if you wish <SPLIT> Manual of Style <SPLIT> I hope you enjoy editing here and being a Wikipedian Please sign your messages on discussion pages using four tildes  this will automatically insert your username and the date If you need help check out WikipediaQuestions ask me on safesubstifmy talk page or ask your question on this page and then place helpme before the question Again welcome",0.0002474188804626465,0.0002474188804626465,0,0,0,1,"Failed"
"Whoever wrote this doesnt seem to understand the concept of encyclopedia Surely this needs to be rewritten from scratch by someone who knows a bit about the album if not just deleted","Whoever wrote this doesnt seem to understand the concept of encyclopedia Surely this needs to be rewritten from scratch by someone who knows a bit about the album if not just deleted",0.0002390742301940918,0.0002390742301940918,0,0,0,1,"Failed"
"9 June 2008 UTC <SPLIT>  alone has grown to over 11000 words Previous discussion on the same text at TalkPrem RawatArchive 36DLMPR coordination sprawled to 5000 words How many more thousands of words are needed to get us to a conclusion I dont think well ever get there without active mediation One lesson weve learned is that getting a consensus among only some of the editors is useless if at the last moment another editor suddenly pops in and wants to start over from scratch So for a Skype chat to be effective it would have to involve all of the active editors editors who are spread across the globe Rather than more words faster could fewer words discussed more slowly succeed That is you putting out a question and waiting for everyone to agree to a formulation before moving on to the next point slowly building up material with complete explicit consensus among all active parties  I dunno Perhaps the some members of the MedCom could offer suggestions    0820","9 June 2008 UTC <SPLIT>  alone has grown to over 11000 words Previous discussion on the same text at TalkPrem RawatArchive 36DLMPR coordination sprawled to 5000 words How many more thousands of words are needed to get us to a conclusion I dont think well ever get there without active mediation One lesson weve learned is that getting a consensus among only some of the editors is useless if at the last moment another editor suddenly pops in and wants to start over from scratch So for a Skype chat to be effective it would have to involve all of the active editors editors who are spread across the globe Rather than more words faster could fewer words discussed more slowly succeed That is you putting out a question and waiting for everyone to agree to a formulation before moving on to the next point slowly building up material with complete explicit consensus among all active parties  I dunno Perhaps the some members of the MedCom could offer suggestions    0820",0.00026994943618774414,0.00026994943618774414,0,0,0,1,"Failed"
"Im not anti the forum  Id be a bit mad to be being a regular poster there  but it strikes me that a Wikipedia article on a website should show the front page rather than just one section I know it does change but a representative snapshot in time will suffice I think We can always update it the next time Shaun does a major design overhaul","Im not anti the forum  Id be a bit mad to be being a regular poster there  but it strikes me that a Wikipedia article on a website should show the front page rather than just one section I know it does change but a representative snapshot in time will suffice I think We can always update it the next time Shaun does a major design overhaul",0.0007103681564331055,0.0007103681564331055,0,0,0,1,"Failed"
"Firstly making up non existent words such as death crime or death defence to argue that death penalty is inappropriate word is spurious In fact you are somewhat making my point  You say capital punishment is tied to capital crime Capital denote ultimate or prime or ultimate making reference to severity or significance So it can refer to a city London as well as crime or penalty Death is a matter of fact reference to the content For this reason death city makes no sense In reverse death penalty is more matter of fact NPOV reference than capital punishment Moreover your claim that that We American uniformely describe crimes elibigle for capital punishment as capital crimes A simple google search shows that the claim of uniformality is not sustainable even in USA <SPLIT><SPLIT> Secondly your made a claim in term of general usage Therefore google search with few millions sample is infintely more authoritative source than your sample few entries dictionaries which subsequently equate DP and CP anyway Even if we somewhat restrict ourselves to academic reference which include legal dictionary or encycropedia google scholar search which make comprehensive search of academic papers shows that death penalty is more common reference You can also make few other type of search Try using google news which makes comprehensive reference to journalism It shows overwhelming usage of death penalty over capital punishment Or try using askcom search which uses subjectspecific link popularity to compute authoritativeness of a search result Again it shows that death penalty is more common reference  Most top search for DP are from US as well Capital punishment may be more common usage in sentencing which is a specific legal procedure in jurisprudence which explain legal dictionary reference This restcited context cannot be used to argue for commonality of usage of capital punishment both in public journalism and academic world This is another indication that DP is more NPOV than CP Anyway if you want to use few dictionaries entry as your evidence feel free to do so We appear to be heading to arbitration process Consensus is prefered but not to the extent of filbuster Ultimately I dont have to convince the opposing advocates I only have to convince the jury arbitrator that my case is more NPOV than yours","Firstly making up non existent words such as death crime or death defence to argue that death penalty is inappropriate word is spurious In fact you are somewhat making my point  You say capital punishment is tied to capital crime Capital denote ultimate or prime or ultimate making reference to severity or significance So it can refer to a city London as well as crime or penalty Death is a matter of fact reference to the content For this reason death city makes no sense In reverse death penalty is more matter of fact NPOV reference than capital punishment Moreover your claim that that We American uniformely describe crimes elibigle for capital punishment as capital crimes A simple google search shows that the claim of uniformality is not sustainable even in USA <SPLIT><SPLIT> Secondly your made a claim in term of general usage Therefore google search with few millions sample is infintely more authoritative source than your sample few entries dictionaries which subsequently equate DP and CP anyway Even if we somewhat restrict ourselves to academic reference which include legal dictionary or encycropedia google scholar search which make comprehensive search of academic papers shows that death penalty is more common reference You can also make few other type of search Try using google news which makes comprehensive reference to journalism It shows overwhelming usage of death penalty over capital punishment Or try using askcom search which uses subjectspecific link popularity to compute authoritativeness of a search result Again it shows that death penalty is more common reference  Most top search for DP are from US as well Capital punishment may be more common usage in sentencing which is a specific legal procedure in jurisprudence which explain legal dictionary reference This restcited context cannot be used to argue for commonality of usage of capital punishment both in public journalism and academic world This is another indication that DP is more NPOV than CP Anyway if you want to use few dictionaries entry as your evidence feel free to do so We appear to be heading to arbitration process Consensus is prefered but not to the extent of filbuster Ultimately I dont have to convince the opposing advocates I only have to convince the jury arbitrator that my case is more NPOV than yours",0.0011955499649047852,0.0011955499649047852,0,0,0,1,"Failed"
"Stalker I have my rights to the info that was written on my page Your as creepy as they come You watch me as I type every word Microsoft vs United States is a FACThelp","Stalker I have my rights to the info that was written on my page Your as creepy as they come You watch me as I type every word Microsoft vs United States is a FACThelp",0.17947721481323242,0.17947721481323242,0,0,0,1,"Failed"
"I can confirm that female snakes must have a hard time laying eggs considering there microscopic vaginas","I can confirm that female snakes must have a hard time laying eggs considering there microscopic vaginas",0.5727373361587524,0.5727373361587524,1,1,0,1,"Skipped"
"hi Jossi I wish to be unblocked as I had the same IP address as Thatsme123 and was thus blocked i have comitted no vandalism and am new to wikipedia infact i havent even edited anything yet I would make good use of the site so please unblock me  <SPLIT> cheers nachoman129","hi Jossi I wish to be unblocked as I had the same IP address as Thatsme123 and was thus blocked i have comitted no vandalism and am new to wikipedia infact i havent even edited anything yet I would make good use of the site so please unblock me  <SPLIT> cheers nachoman129",0.00032711029052734375,0.00032711029052734375,0,0,0,1,"Failed"
"I removed the whole section of Region  Rum  Persia What the hell does region mean  Thats just an attempt by a bunch of hypocrite <SPLIT> Iranians who constantly try to label Rumi as Iranian For all great people we have a place of birth a place of death and ethnicity what <SPLIT> the hell is regionKasparov49acer","I removed the whole section of Region  Rum  Persia What the hell does region mean  Thats just an attempt by a bunch of hypocrite <SPLIT> Iranians who constantly try to label Rumi as Iranian For all great people we have a place of birth a place of death and ethnicity what <SPLIT> the hell is regionKasparov49acer",0.466752290725708,0.466752290725708,0,0,0,1,"Failed"
"Keep an eye out for user Nex OSlash A friend pointed out the addition of John Quincy Adams to the famous pimps list which I deleted History can attribute this addition to him Im a comparative n00b here so I have no idea without researching whether further action can be taken","Keep an eye out for user Nex OSlash A friend pointed out the addition of John Quincy Adams to the famous pimps list which I deleted History can attribute this addition to him Im a comparative n00b here so I have no idea without researching whether further action can be taken",0.0004576444625854492,0.0004576444625854492,0,0,0,1,"Failed"
"Cyber bullying  <SPLIT><SPLIT> After a while I started to take note that I was cyber bullying I forgot all about it when we had a presentation at Wabeno Ashbeckjonathan","Cyber bullying  <SPLIT><SPLIT> After a while I started to take note that I was cyber bullying I forgot all about it when we had a presentation at Wabeno Ashbeckjonathan",0.0014320611953735352,0.0014320611953735352,0,0,0,1,"Failed"
"Dick Cheneys Father <SPLIT> Shouldnt the part about Dick Cheneys Father being Darth Vader be under Cultural References instead of Departures from real life","Dick Cheneys Father <SPLIT> Shouldnt the part about Dick Cheneys Father being Darth Vader be under Cultural References instead of Departures from real life",0.007591366767883301,0.007591366767883301,0,0,0,1,"Failed"
"This user is a sock puppet of  also known as svAnvndareLouiseR as established by the arbitration comittee","This user is a sock puppet of  also known as svAnvndareLouiseR as established by the arbitration comittee",0.29448020458221436,0.29448020458221436,0,0,0,1,"Failed"
"1940 <SPLIT>  <SPLIT>  stylebackground   <SPLIT>  stylebackground  width 1px  <SPLIT>  stylewidth 320px  The Rt Hon Viscount Halifax <SPLIT>  3 October 1940  22 December","1940 <SPLIT>  <SPLIT>  stylebackground   <SPLIT>  stylebackground  width 1px  <SPLIT>  stylewidth 320px  The Rt Hon Viscount Halifax <SPLIT>  3 October 1940  22 December",0.0003336668014526367,0.0003336668014526367,0,0,0,1,"Failed"
"trash  <SPLIT> what is with the 1292 Oscar Wilde quote D","trash  <SPLIT> what is with the 1292 Oscar Wilde quote D",0.2570255398750305,0.2570255398750305,0,0,0,1,"Failed"
"I have opened a formal review at WikipediaGood article reassessmentRoman Empire1 so you may need to post your comprehensive comments there again I am afraid This does have the virtue of formalising the process which will be useful if the issues cannot be resolved","I have opened a formal review at WikipediaGood article reassessmentRoman Empire1 so you may need to post your comprehensive comments there again I am afraid This does have the virtue of formalising the process which will be useful if the issues cannot be resolved",0.00018531084060668945,0.00018531084060668945,0,0,0,1,"Failed"
"Contested deletion  <SPLIT><SPLIT> This article should not be speedily deleted for lack of asserted importance because your reason here    <SPLIT><SPLIT> How is this a valid reason for deletion David Webb was a TV actor who made over 700 appearances including on the stage and in films He also founded an anticensorship organisation and stood for Parliament <SPLIT><SPLIT> Find another page to delete  asshole <SPLIT><SPLIT> A Baron","Contested deletion  <SPLIT><SPLIT> This article should not be speedily deleted for lack of asserted importance because your reason here    <SPLIT><SPLIT> How is this a valid reason for deletion David Webb was a TV actor who made over 700 appearances including on the stage and in films He also founded an anticensorship organisation and stood for Parliament <SPLIT><SPLIT> Find another page to delete  asshole <SPLIT><SPLIT> A Baron",0.7826088666915894,0.7826088666915894,0,0,1,1,"Skipped"
"Farid Fadel Article  <SPLIT><SPLIT> Dear Excirial reviewer  <SPLIT><SPLIT> Greetings from Egypt I have recently written an article about Egyptian artist Dr Farid Fadel however it did not go through Here is the link you asked for  httpenwikipediaorgwikiWikipediatalkArticlesforcreationFaridFadel <SPLIT><SPLIT> I made some amendments to have it written more academically however I would appreciate more specific comments as to how I could make it wikipedia material I would also like to include pictures I took of Dr Farid Fadels paintings but do not know how to do that I assure you Excirial Dr Fadel is a worthy personage to have on wiki His biography was included in the Whos Who of intellectuals published by Cambridge in 1988 and has been a key public figure in Egyptian contemporary art do google him and see his paintings  <SPLIT><SPLIT> thank you for your cooperation and hard work  <SPLIT><SPLIT> I look forward to hearing from you soon  <SPLIT><SPLIT> yours truly  <SPLIT><SPLIT> Dalia   Preceding unsigned comment added by       <SPLIT><SPLIT>  Those last few edits are definitely an improvement over the last versions and as far as i am concerned entirely took care of the tone and neutrality issue A few extra newspaper sources might be a good thing though since a few of them only make a trivial mention rather then providing a bit more substantial coverage Having said that ill be leaving it to another reviewer to do another check but so far it looks quite decent to me","Farid Fadel Article  <SPLIT><SPLIT> Dear Excirial reviewer  <SPLIT><SPLIT> Greetings from Egypt I have recently written an article about Egyptian artist Dr Farid Fadel however it did not go through Here is the link you asked for  httpenwikipediaorgwikiWikipediatalkArticlesforcreationFaridFadel <SPLIT><SPLIT> I made some amendments to have it written more academically however I would appreciate more specific comments as to how I could make it wikipedia material I would also like to include pictures I took of Dr Farid Fadels paintings but do not know how to do that I assure you Excirial Dr Fadel is a worthy personage to have on wiki His biography was included in the Whos Who of intellectuals published by Cambridge in 1988 and has been a key public figure in Egyptian contemporary art do google him and see his paintings  <SPLIT><SPLIT> thank you for your cooperation and hard work  <SPLIT><SPLIT> I look forward to hearing from you soon  <SPLIT><SPLIT> yours truly  <SPLIT><SPLIT> Dalia   Preceding unsigned comment added by       <SPLIT><SPLIT>  Those last few edits are definitely an improvement over the last versions and as far as i am concerned entirely took care of the tone and neutrality issue A few extra newspaper sources might be a good thing though since a few of them only make a trivial mention rather then providing a bit more substantial coverage Having said that ill be leaving it to another reviewer to do another check but so far it looks quite decent to me",0.00032520294189453125,0.00032520294189453125,0,0,0,1,"Failed"
"I recall there was also a News Limited article but cant locate it So should Scott McGregor be removed There still has been no proper citation As for the others is it notable that they have visited Railpage Two or three notable Melbourne individuals cited doesnt give any evidence of Railpage standing in the community around Australia I think that paragraph should go I notice that the claim largest and other uncited material keeps reappearing","I recall there was also a News Limited article but cant locate it So should Scott McGregor be removed There still has been no proper citation As for the others is it notable that they have visited Railpage Two or three notable Melbourne individuals cited doesnt give any evidence of Railpage standing in the community around Australia I think that paragraph should go I notice that the claim largest and other uncited material keeps reappearing",0.00021415948867797852,0.00021415948867797852,0,0,0,1,"Failed"
"Yes its a bad article in a lot of ways agree with you there needs work I am not willing to do either  I do hope someone does though as it is a topic that warrents a good article","Yes its a bad article in a lot of ways agree with you there needs work I am not willing to do either  I do hope someone does though as it is a topic that warrents a good article",0.0009315609931945801,0.0009315609931945801,0,0,0,1,"Failed"
"Have you ever thought about editing in a word processor or notepad and then copypaste to an article Instead of having five edits for one sentence","Have you ever thought about editing in a word processor or notepad and then copypaste to an article Instead of having five edits for one sentence",0.00028461217880249023,0.00028461217880249023,0,0,0,1,"Failed"
"Avoiding copyright problems <SPLIT> Hello and welcome  While we appreciate your contributing to Wikipedia there are certain things you must keep in mind about using information from your sources to avoid copyright or plagiarism issues here <SPLIT><SPLIT> You can only copytranslate a small amount of a source and you must mark what you take as a direct quotation with double quotation marks  and a cited source You can read about this at WikipediaNonfree content in the sections on text See also WikipediaReferencing for beginners for how to cite sources here <SPLIT> Aside from limited quotation you must put all information in your own words and structure in proper paraphrase Following the sources words too closely can create copyright problems so it is not permitted here see WikipediaClose paraphrasing There is a college level introduction to paraphrase with examples hosted by the Online Writing Lab of Purdue Even when using your own words you are still however asked to cite your sources to verify information and to demonstrate that the content is not original research  <SPLIT> Our primary policy on using copyrighted content is WikipediaCopyrights You may also want to review WikipediaCopypaste  <SPLIT> In very rare cases that is for sources that are public domain or compatibly licensed it may be possible to include greater portions of a source text However please seek help at the help desk before adding such content to the article 999 of sources may not be added in this way so it is necessary to seek confirmation first If you do confirm that a source is public domain or compatibly licensed you will still need to provide full attribution see WikipediaPlagiarism for the steps you need to follow <SPLIT> Also note that Wikipedia articles may not be copied without attribution If you want to copy from another Wikipedia project or article you can but please follow the steps in WikipediaCopying within Wikipedia <SPLIT><SPLIT> Its very important that contributors understand and follow these practices as policy requires that people who persistently do not must be blocked from editing If you have any questions about this you are welcome to visit me at my talk page  Thank you","Avoiding copyright problems <SPLIT> Hello and welcome  While we appreciate your contributing to Wikipedia there are certain things you must keep in mind about using information from your sources to avoid copyright or plagiarism issues here <SPLIT><SPLIT> You can only copytranslate a small amount of a source and you must mark what you take as a direct quotation with double quotation marks  and a cited source You can read about this at WikipediaNonfree content in the sections on text See also WikipediaReferencing for beginners for how to cite sources here <SPLIT> Aside from limited quotation you must put all information in your own words and structure in proper paraphrase Following the sources words too closely can create copyright problems so it is not permitted here see WikipediaClose paraphrasing There is a college level introduction to paraphrase with examples hosted by the Online Writing Lab of Purdue Even when using your own words you are still however asked to cite your sources to verify information and to demonstrate that the content is not original research  <SPLIT> Our primary policy on using copyrighted content is WikipediaCopyrights You may also want to review WikipediaCopypaste  <SPLIT> In very rare cases that is for sources that are public domain or compatibly licensed it may be possible to include greater portions of a source text However please seek help at the help desk before adding such content to the article 999 of sources may not be added in this way so it is necessary to seek confirmation first If you do confirm that a source is public domain or compatibly licensed you will still need to provide full attribution see WikipediaPlagiarism for the steps you need to follow <SPLIT> Also note that Wikipedia articles may not be copied without attribution If you want to copy from another Wikipedia project or article you can but please follow the steps in WikipediaCopying within Wikipedia <SPLIT><SPLIT> Its very important that contributors understand and follow these practices as policy requires that people who persistently do not must be blocked from editing If you have any questions about this you are welcome to visit me at my talk page  Thank you",0.00023728609085083008,0.00023728609085083008,0,0,0,1,"Failed"
"Not necessarily even members of different animal genera not to mention families can interbreed","Not necessarily even members of different animal genera not to mention families can interbreed",0.0005095005035400391,0.0005095005035400391,0,0,0,1,"Failed"
"Wikistats currently defective  <SPLIT> Hi there seems to be a problem with the most recent wikistats with secondary tools like statsgrokse exhibiting sharp drops in access numbers pretty much across the board Example enWP main page June 10th 45M hits 11th 28M 12th 905k Similiar for deWP  <SPLIT><SPLIT> At the same time the size of the generated pagecount files dropped below their usual 50 MB starting with pagecounts20100610190000gz 421M slowly dwindling away to currently 1520 MB Could you please take a look at this Regards","Wikistats currently defective  <SPLIT> Hi there seems to be a problem with the most recent wikistats with secondary tools like statsgrokse exhibiting sharp drops in access numbers pretty much across the board Example enWP main page June 10th 45M hits 11th 28M 12th 905k Similiar for deWP  <SPLIT><SPLIT> At the same time the size of the generated pagecount files dropped below their usual 50 MB starting with pagecounts20100610190000gz 421M slowly dwindling away to currently 1520 MB Could you please take a look at this Regards",0.0003561973571777344,0.0003561973571777344,0,0,0,1,"Failed"
"OK Ill do that in the next couple of days and get back to you","OK Ill do that in the next couple of days and get back to you",0.004343986511230469,0.004343986511230469,0,0,0,1,"Failed"
"Patrick OSullivan  <SPLIT><SPLIT> According to  it has an original trade of OSullivan to the Hurricanes and then a trade between the Hurricanes and the Oilers I dont know if this is a threeway trade but is it safe to exclude the Hurricanes from his list of teams in the infobox irregardless of whether he played a game for them or not I suspect so but Im asking you since I see you were the one who added the information","Patrick OSullivan  <SPLIT><SPLIT> According to  it has an original trade of OSullivan to the Hurricanes and then a trade between the Hurricanes and the Oilers I dont know if this is a threeway trade but is it safe to exclude the Hurricanes from his list of teams in the infobox irregardless of whether he played a game for them or not I suspect so but Im asking you since I see you were the one who added the information",0.00032579898834228516,0.00032579898834228516,0,0,0,1,"Failed"
"Hi  <SPLIT><SPLIT> Hi Jose Very excited for the year to come learning more about Genetics","Hi  <SPLIT><SPLIT> Hi Jose Very excited for the year to come learning more about Genetics",0.00019103288650512695,0.00019103288650512695,0,0,0,1,"Failed"
"All conversations are moved here within a few days","All conversations are moved here within a few days",0.00021463632583618164,0.00021463632583618164,0,0,0,1,"Failed"
"September 2009 UTC <SPLIT> I asked Blue if she wanted to work on AJ Styles now that you and me wont be doing it it seems Is that okay with you 1002 16","September 2009 UTC <SPLIT> I asked Blue if she wanted to work on AJ Styles now that you and me wont be doing it it seems Is that okay with you 1002 16",0.00022286176681518555,0.00022286176681518555,0,0,0,1,"Failed"
"Name of publishing company  <SPLIT><SPLIT> As of the 20090109 2346 revision FreeRangeFrog changed one reference from Bonefire Press to Bonfire Press This was incorrect there is in fact a Bonfire Press  but it is unlikely that it is related to anything Frank Maloney did The only references to Bonefire Press Ive been able to turn up are at the NationMaster Encyclopedia  and in a capsule biography of Ron Zimmerman  but these seem to point pretty conclusively to the same organization that Frank Maloney worked with For this reason I have changed the reference from Bonfire Press back to Bonefire Press","Name of publishing company  <SPLIT><SPLIT> As of the 20090109 2346 revision FreeRangeFrog changed one reference from Bonefire Press to Bonfire Press This was incorrect there is in fact a Bonfire Press  but it is unlikely that it is related to anything Frank Maloney did The only references to Bonefire Press Ive been able to turn up are at the NationMaster Encyclopedia  and in a capsule biography of Ron Zimmerman  but these seem to point pretty conclusively to the same organization that Frank Maloney worked with For this reason I have changed the reference from Bonfire Press back to Bonefire Press",0.0001965165138244629,0.0001965165138244629,0,0,0,1,"Failed"
"Semantics Irreligious vs Secular <SPLIT><SPLIT> Twothirds of the Soviet population however were irreligious The word irreligious may connote hostility as well as indifference As I suspect its usage here was not meant to convey that some part of the Soviet population may have acted with hostility towards religion I believe that the word secular may be more appropriate However if it is true that some part of the Soviet population demonstrated or at least avowed hostility towards religion or the religious I would concede that the use of irreligious may be justified with the condition that a citation is added Indeed the first two paragraphs need sources in general","Semantics Irreligious vs Secular <SPLIT><SPLIT> Twothirds of the Soviet population however were irreligious The word irreligious may connote hostility as well as indifference As I suspect its usage here was not meant to convey that some part of the Soviet population may have acted with hostility towards religion I believe that the word secular may be more appropriate However if it is true that some part of the Soviet population demonstrated or at least avowed hostility towards religion or the religious I would concede that the use of irreligious may be justified with the condition that a citation is added Indeed the first two paragraphs need sources in general",0.00027185678482055664,0.00027185678482055664,0,0,0,1,"Failed"
"Osioni Im a little confused by the paragraph from Bowman youve put into the article What does the Indianisation of the 10th Division mean Are we talking here about the dispersal of its units or the dilution of its Irish character Not the same things How can we condense this para and also get the facts right <SPLIT><SPLIT> In 1918 the 10th Division was further broken up split between the Middle East and Western Front Military historian Timothy Bowman points out that Following the German Spring Offensive the need for manpower on the Western Front saw the Indianisation of the 10th Irish Division serving in the Middle East Effectively meant that six Irish battalions were released for service on the Western Front It was perhaps felt as in the case of Irish regular battalions that the experience of the Service battalions of the 10th Irish Division should be spread through other formations A second practical problem for the 10th Division to be split up was malaria Obviously concentrating so many men with malaria in one division could have lead to that division being unfit for action on an almost permanent basis Lastly bereft of political allies and in a situation where the BEF generally was facing serious manpower problems  it is not surprising that the 10th Irish Division was broken up rather than other formations transferred from the Middle East to the Western Front 7","Osioni Im a little confused by the paragraph from Bowman youve put into the article What does the Indianisation of the 10th Division mean Are we talking here about the dispersal of its units or the dilution of its Irish character Not the same things How can we condense this para and also get the facts right <SPLIT><SPLIT> In 1918 the 10th Division was further broken up split between the Middle East and Western Front Military historian Timothy Bowman points out that Following the German Spring Offensive the need for manpower on the Western Front saw the Indianisation of the 10th Irish Division serving in the Middle East Effectively meant that six Irish battalions were released for service on the Western Front It was perhaps felt as in the case of Irish regular battalions that the experience of the Service battalions of the 10th Irish Division should be spread through other formations A second practical problem for the 10th Division to be split up was malaria Obviously concentrating so many men with malaria in one division could have lead to that division being unfit for action on an almost permanent basis Lastly bereft of political allies and in a situation where the BEF generally was facing serious manpower problems  it is not surprising that the 10th Irish Division was broken up rather than other formations transferred from the Middle East to the Western Front 7",0.0005806684494018555,0.0005806684494018555,0,0,0,1,"Failed"
"Good but too long and exhausting","Good but too long and exhausting",0.0004451870918273926,0.0004451870918273926,0,0,0,1,"Failed"
"Oh I was Sorry Im just cleaning it up","Oh I was Sorry Im just cleaning it up",0.007292211055755615,0.007292211055755615,0,0,0,1,"Failed"
"New york is a shit place to live and no one likes America anyway","New york is a shit place to live and no one likes America anyway",0.9365593194961548,0.9365593194961548,1,1,0,1,"Skipped"
"19 July 2011 UTC <SPLIT> Washing clothes and other domestic tasks are feminine They are feminine roles and not masculine roles They are viewed as emasculating Here is one example from reliable source Gender equality did not mean that soviet women were acting like men at home they had retained their feminine virtues and strengths Women were willing to cook clean and take care of children as they knew that they were better at these domestic tasks Pedagogy of democracy feminism and the Cold War in the US occupation of Japan by Mire Koikari  <SPLIT> A quick google search shows more sources backing up the idea that domestic work is considered feminine work I think we are going to have to go beyond just gut feelings about femininity to improve this article and using reliable sources deconstruct all the aspects of it though some of the aspects may seem negative to us If there is another way of approaching femininity other than the cultural associations and roles society gives women please explain more or provide a source explaining it because I genuinely dont see how  1653","19 July 2011 UTC <SPLIT> Washing clothes and other domestic tasks are feminine They are feminine roles and not masculine roles They are viewed as emasculating Here is one example from reliable source Gender equality did not mean that soviet women were acting like men at home they had retained their feminine virtues and strengths Women were willing to cook clean and take care of children as they knew that they were better at these domestic tasks Pedagogy of democracy feminism and the Cold War in the US occupation of Japan by Mire Koikari  <SPLIT> A quick google search shows more sources backing up the idea that domestic work is considered feminine work I think we are going to have to go beyond just gut feelings about femininity to improve this article and using reliable sources deconstruct all the aspects of it though some of the aspects may seem negative to us If there is another way of approaching femininity other than the cultural associations and roles society gives women please explain more or provide a source explaining it because I genuinely dont see how  1653",0.0008161664009094238,0.0008161664009094238,0,0,0,1,"Failed"
"what authoritarian regimes would it be supporting during the Clinton administration","what authoritarian regimes would it be supporting during the Clinton administration",0.0004856586456298828,0.0004856586456298828,0,0,0,1,"Failed"
"Thanks for the response  Do you happen to know the license template for ineligible  I could look it up but thought you might know  Regarding the election ones the layout mimics the seating arrangement for the floor of the house  The different colours represent the seating arrangement for each of the different parties  In the US there are two colours red and blue Canada has dark blue light blue red orange green and gray  I could not really even conceptualize how somone would lay it out differently  its basially a colour coded blue print  I wouldnt mind your further thoughts before changing the licensing on the election ones  Thanks","Thanks for the response  Do you happen to know the license template for ineligible  I could look it up but thought you might know  Regarding the election ones the layout mimics the seating arrangement for the floor of the house  The different colours represent the seating arrangement for each of the different parties  In the US there are two colours red and blue Canada has dark blue light blue red orange green and gray  I could not really even conceptualize how somone would lay it out differently  its basially a colour coded blue print  I wouldnt mind your further thoughts before changing the licensing on the election ones  Thanks",0.00021499395370483398,0.00021499395370483398,0,0,0,1,"Failed"
"fuck you  <SPLIT><SPLIT> your a cock why dont you suck big fat floppy cock like tiderolls","fuck you  <SPLIT><SPLIT> your a cock why dont you suck big fat floppy cock like tiderolls",0.0008379220962524414,0.0008379220962524414,1,1,1,1,"Failed"
"Oh DD  I respect you leaving the role because you think being an admin is degrading your character  That is the best reason to stop doing anything much as when  left the first time  Though its not so and your degree of character remains high of course  But the role corrupts  It takes a rare few such as  to resist the peer pressure for a while or whatever and even she has resigned  So I think youve made the right decision and you real world life will benefit from the extra time and emotions you have to spend on your workplay etc Just switch off your TV set and do something less boring instead  If you make edits make those you feel like making or enjoy  That way youll have more fun  Its just a hobby","Oh DD  I respect you leaving the role because you think being an admin is degrading your character  That is the best reason to stop doing anything much as when  left the first time  Though its not so and your degree of character remains high of course  But the role corrupts  It takes a rare few such as  to resist the peer pressure for a while or whatever and even she has resigned  So I think youve made the right decision and you real world life will benefit from the extra time and emotions you have to spend on your workplay etc Just switch off your TV set and do something less boring instead  If you make edits make those you feel like making or enjoy  That way youll have more fun  Its just a hobby",0.0075037479400634766,0.0075037479400634766,0,0,0,1,"Failed"
"Teen Witch <SPLIT> Today I added some content pertaining to Ashleys role in the upcoming remake of Teen Witch using these three sources 1 2 and 3 My additions were undone on the grounds that Ashley says in one of the interviews that the remake will not be her next film She clarifies that theyre still writing that So of course its not her next film Her next film will be something thats already been written but she makes it clear that shes still attached to the project I think that this information should be readded","Teen Witch <SPLIT> Today I added some content pertaining to Ashleys role in the upcoming remake of Teen Witch using these three sources 1 2 and 3 My additions were undone on the grounds that Ashley says in one of the interviews that the remake will not be her next film She clarifies that theyre still writing that So of course its not her next film Her next film will be something thats already been written but she makes it clear that shes still attached to the project I think that this information should be readded",0.00019603967666625977,0.00019603967666625977,0,0,0,1,"Failed"
"WTF are you on about","WTF are you on about",0.7339096069335938,0.7339096069335938,1,1,0,1,"Skipped"
"It will be interesting to see how your amateur opinion plays out  There will be serious discussions at Inconsistency Robustness 2014 next summer at Stanford","It will be interesting to see how your amateur opinion plays out  There will be serious discussions at Inconsistency Robustness 2014 next summer at Stanford",0.0002759099006652832,0.0002759099006652832,0,0,0,1,"Failed"
"Proper authorities is that a threat that you are going to call the police  Go ahead little boy  My goal is to remove the bullcrap joehazeton junk from the discussion  To bad your brain is so addled with the cult of wiki you cant see why Im doing this","Proper authorities is that a threat that you are going to call the police  Go ahead little boy  My goal is to remove the bullcrap joehazeton junk from the discussion  To bad your brain is so addled with the cult of wiki you cant see why Im doing this",0.5789554715156555,0.5789554715156555,1,1,0,1,"Skipped"
"It is done Ravenfan4ever is blocked indef","It is done Ravenfan4ever is blocked indef",0.0030007362365722656,0.0030007362365722656,0,0,0,1,"Failed"
"I would like to add that Ive been studying weather a long time The section on solar sun spot activity was given a very narrow window of solar light In an earth directed cme coronal mass ejection energy is captured by the earths magnetic field and directed toward earth The amount of energy is in the trillion of watts When I was young my father dabbled in ham radio Even then there was acknowledged that there was a connection between solar activity and the weather","I would like to add that Ive been studying weather a long time The section on solar sun spot activity was given a very narrow window of solar light In an earth directed cme coronal mass ejection energy is captured by the earths magnetic field and directed toward earth The amount of energy is in the trillion of watts When I was young my father dabbled in ham radio Even then there was acknowledged that there was a connection between solar activity and the weather",0.0002964138984680176,0.0002964138984680176,0,0,0,1,"Failed"
"Are you people on a group delusion I never editted any of the pages youre talking about Are you people on drugs <SPLIT><SPLIT> SkankBitch","Are you people on a group delusion I never editted any of the pages youre talking about Are you people on drugs <SPLIT><SPLIT> SkankBitch",0.3240104913711548,0.3240104913711548,1,1,1,1,"Failed"
"Prester John <SPLIT> There is an interesting discussion playing out at  If Im reading it right PJ has been evading your 3 month block by use of the sockpuppet  But I could be wrong","Prester John <SPLIT> There is an interesting discussion playing out at  If Im reading it right PJ has been evading your 3 month block by use of the sockpuppet  But I could be wrong",0.004816949367523193,0.004816949367523193,0,0,0,1,"Failed"
"Joytv <SPLIT> The reason I phrased my references to the temporary genericrebrand the way I did is because I can easily foresee a reader thinking Why werent they both rebranded at the same time Why was the one in Vancouver rebranded before Rogers even had a deal to sell the stations in the first place but the one in Winnipeg wasnt rebranded until after the sale was finalized","Joytv <SPLIT> The reason I phrased my references to the temporary genericrebrand the way I did is because I can easily foresee a reader thinking Why werent they both rebranded at the same time Why was the one in Vancouver rebranded before Rogers even had a deal to sell the stations in the first place but the one in Winnipeg wasnt rebranded until after the sale was finalized",0.00022453069686889648,0.00022453069686889648,0,0,0,1,"Failed"
"Regarding edits made during November 13 2006 UTC to  <SPLIT> Thank you for experimenting with  Wikipedia Your test worked and it has been reverted or removed Please use the sandbox for any other tests you may want to do Take a look at the welcome page to learn more about contributing to our encyclopedia If this is an IP address and it is shared by multiple users ignore this warning if you did not make any unconstructive edits","Regarding edits made during November 13 2006 UTC to  <SPLIT> Thank you for experimenting with  Wikipedia Your test worked and it has been reverted or removed Please use the sandbox for any other tests you may want to do Take a look at the welcome page to learn more about contributing to our encyclopedia If this is an IP address and it is shared by multiple users ignore this warning if you did not make any unconstructive edits",0.00024241209030151367,0.00024241209030151367,0,0,0,1,"Failed"
"Of course its the only solution If the mere FACT of the existence of something you dont like is enough to piss you off even though it doesnt affect you in any way shape or form then the problem is with YOU not the person who made the thing you hate","Of course its the only solution If the mere FACT of the existence of something you dont like is enough to piss you off even though it doesnt affect you in any way shape or form then the problem is with YOU not the person who made the thing you hate",0.1749904751777649,0.1749904751777649,0,0,0,1,"Failed"
"Hardouin what is your goal here Just trolling Why do you want to deny that a German person was German","Hardouin what is your goal here Just trolling Why do you want to deny that a German person was German",0.0065978169441223145,0.0065978169441223145,0,0,0,1,"Failed"
"You were told here <SPLIT><SPLIT> This request seems to be based on exactly the sort of misconception that Wikipediaofficial names seeks to address    <SPLIT><SPLIT> Ooh look And here too <SPLIT><SPLIT> You seem not to understand the WPATarticle naming policy with regard to official names See Wikipediaofficial names for an informal explanation I referred you to both of these before    <SPLIT><SPLIT> Heres the facts <SPLIT><SPLIT>  No one that means you has demonstrated that the article should be moved either by establishing that US Cellular Center is the name most commonly used or in any other way established by policy <SPLIT>  Youve been referred to official policy summaries on the matter and have yet to even attempt to explain how your motion for a move comports with them Now youre playing dumb and denying that you were ever referred to those policies <SPLIT>  There is no reason to believe that anyone will be confused by the name of the article We have a notice at the top of the article for the Iowa venue and the Asheville venue article lists the official name Its been three months since the thing was officially renamed Moving per WPOFFICIALNAMES is premature in the extreme in my opinion <SPLIT><SPLIT> That last bit bears repeating  we only have three months to go on as to what the common name of the venue now is It is entirely possible that in the future the official name will be the common name As of now however you have not demonstrated that nor have you seemingly made any attempt to <SPLIT><SPLIT> Im trying really hard not to be rude but I and I think Andrewa as well would appreciate some reciprocation in regard to you actually reading the things we refer you to and intelligently laying out how your vision for the article best comports with policy Evanh2008 Super Genius","You were told here <SPLIT><SPLIT> This request seems to be based on exactly the sort of misconception that Wikipediaofficial names seeks to address    <SPLIT><SPLIT> Ooh look And here too <SPLIT><SPLIT> You seem not to understand the WPATarticle naming policy with regard to official names See Wikipediaofficial names for an informal explanation I referred you to both of these before    <SPLIT><SPLIT> Heres the facts <SPLIT><SPLIT>  No one that means you has demonstrated that the article should be moved either by establishing that US Cellular Center is the name most commonly used or in any other way established by policy <SPLIT>  Youve been referred to official policy summaries on the matter and have yet to even attempt to explain how your motion for a move comports with them Now youre playing dumb and denying that you were ever referred to those policies <SPLIT>  There is no reason to believe that anyone will be confused by the name of the article We have a notice at the top of the article for the Iowa venue and the Asheville venue article lists the official name Its been three months since the thing was officially renamed Moving per WPOFFICIALNAMES is premature in the extreme in my opinion <SPLIT><SPLIT> That last bit bears repeating  we only have three months to go on as to what the common name of the venue now is It is entirely possible that in the future the official name will be the common name As of now however you have not demonstrated that nor have you seemingly made any attempt to <SPLIT><SPLIT> Im trying really hard not to be rude but I and I think Andrewa as well would appreciate some reciprocation in regard to you actually reading the things we refer you to and intelligently laying out how your vision for the article best comports with policy Evanh2008 Super Genius",0.025285780429840088,0.025285780429840088,0,0,0,1,"Failed"
"Where is Men in Science  <SPLIT><SPLIT> Im sorrywhy do women get their own page in science Is there an Africans in Science Is there a Asians in Science Seems a bit sexist to me Of course I assuming good faith here","Where is Men in Science  <SPLIT><SPLIT> Im sorrywhy do women get their own page in science Is there an Africans in Science Is there a Asians in Science Seems a bit sexist to me Of course I assuming good faith here",0.013839006423950195,0.013839006423950195,0,0,0,1,"Failed"
"Check this version  httpwwwyoutubecomwatchvuiQYfxVgnvU  <SPLIT> I cant find this one in the different versions that are listed","Check this version  httpwwwyoutubecomwatchvuiQYfxVgnvU  <SPLIT> I cant find this one in the different versions that are listed",0.00025349855422973633,0.00025349855422973633,0,0,0,1,"Failed"
"Thats fine Thanks","Thats fine Thanks",0.00027567148208618164,0.00027567148208618164,0,0,0,1,"Failed"
"I read the talk page and dont feel I can add anything to the discussion Im surprised the article hasnt been taken to the dispute resolution noticeboard by now especially since its been to ANI What I see is one editor trying to own the article and a second editor accusing the first of a COI Although discussion is proceeding at a snails pace the alternative full protection would slow things down further but may ultimately be more effective There seems to be too much heat and not enough light Good luck and all the best","I read the talk page and dont feel I can add anything to the discussion Im surprised the article hasnt been taken to the dispute resolution noticeboard by now especially since its been to ANI What I see is one editor trying to own the article and a second editor accusing the first of a COI Although discussion is proceeding at a snails pace the alternative full protection would slow things down further but may ultimately be more effective There seems to be too much heat and not enough light Good luck and all the best",0.00025326013565063477,0.00025326013565063477,0,0,0,1,"Failed"
"Silly histogram  <SPLIT><SPLIT> Why is the histogram by age of death silly","Silly histogram  <SPLIT><SPLIT> Why is the histogram by age of death silly",0.31627482175827026,0.31627482175827026,0,0,0,1,"Failed"
"so I know his racial background","so I know his racial background",0.004087507724761963,0.004087507724761963,0,0,0,1,"Failed"
"REDIRECT TalkDavid Webb anticensorship campaigner","REDIRECT TalkDavid Webb anticensorship campaigner",0.001038670539855957,0.001038670539855957,0,0,0,1,"Failed"
"That would be excellent Would you be willing to GFDL license it","That would be excellent Would you be willing to GFDL license it",0.0002587437629699707,0.0002587437629699707,0,0,0,1,"Failed"
"Tyler Barnett  <SPLIT> Would you be so kind as to please restore the article Tyler Barnett back onto my userspace   Tyler","Tyler Barnett  <SPLIT> Would you be so kind as to please restore the article Tyler Barnett back onto my userspace   Tyler",0.00027507543563842773,0.00027507543563842773,0,0,0,1,"Failed"
"UserXyxyxyxyxy  <SPLIT><SPLIT> Hi You recently removed the username Xyxyxyxyxy from WPUAA and I was just wondering why you did so <SPLIT><SPLIT> I thought that the username was a clear violation Could you tell me where I went wrong <SPLIT><SPLIT> Thanks","UserXyxyxyxyxy  <SPLIT><SPLIT> Hi You recently removed the username Xyxyxyxyxy from WPUAA and I was just wondering why you did so <SPLIT><SPLIT> I thought that the username was a clear violation Could you tell me where I went wrong <SPLIT><SPLIT> Thanks",0.0005102157592773438,0.0005102157592773438,0,0,0,1,"Failed"
"The problem isnt the type of name  The problem is that Asias definition is mostly about what its notits not Europe  This is how we arrive at the terms near east middle east and far eastall extremely Eurocentric and POV  Since wikipedia isnt a democracy I dont think it matters whos against me as long as Im on the side of reason","The problem isnt the type of name  The problem is that Asias definition is mostly about what its notits not Europe  This is how we arrive at the terms near east middle east and far eastall extremely Eurocentric and POV  Since wikipedia isnt a democracy I dont think it matters whos against me as long as Im on the side of reason",0.002810180187225342,0.002810180187225342,0,0,0,1,"Failed"
"Edit request from 671623345 23 February 2011  <SPLIT><SPLIT>  <SPLIT><SPLIT> Hes on the Knicks you DUMBAss","Edit request from 671623345 23 February 2011  <SPLIT><SPLIT>  <SPLIT><SPLIT> Hes on the Knicks you DUMBAss",0.9451777935028076,0.9451777935028076,1,1,0,1,"Skipped"
"It has been proposed that CTO representing Configure to Order be merged with Build to Order While related they are separate concepts  The term Build to Order can be used for anything that can be built and is similar to JIT Just In Time manufacturing CTO however is only applicable to the set of products where configuration is actually possible Thus CTO does or could require BTO but is a small subset of BTO With that said from an end users perspective they dont or should not actually care about the build part of the process they just want what they want Thus if something had 100 different configurations whether or not a particular configuration is actually built or simply shipped from stock is irrelevant to the end user","It has been proposed that CTO representing Configure to Order be merged with Build to Order While related they are separate concepts  The term Build to Order can be used for anything that can be built and is similar to JIT Just In Time manufacturing CTO however is only applicable to the set of products where configuration is actually possible Thus CTO does or could require BTO but is a small subset of BTO With that said from an end users perspective they dont or should not actually care about the build part of the process they just want what they want Thus if something had 100 different configurations whether or not a particular configuration is actually built or simply shipped from stock is irrelevant to the end user",0.00028902292251586914,0.00028902292251586914,0,0,0,1,"Failed"
"Well lucky for us that your status as a community pariah means that your opinion esp in this topic area is pretty much ignored  Due to the ongoing campaign of harassment against the subject harassment that is also occurring on this page and others by socks and SPAs the level of increased protection is quite justified","Well lucky for us that your status as a community pariah means that your opinion esp in this topic area is pretty much ignored  Due to the ongoing campaign of harassment against the subject harassment that is also occurring on this page and others by socks and SPAs the level of increased protection is quite justified",0.004500329494476318,0.004500329494476318,0,0,0,1,"Failed"
"cellpadding4 cellspacing4 aligncenter width100 stylebackground 0000FF border 5px groove 2222CC mozborderradius15px <SPLIT>  <SPLIT><SPLIT>  cellpadding10 cellspacing8 stylewidth 100 backgroundcolor000099 border 1px solid 008B8B mozborderradiustopleft 15px mozborderradiusbottomleft 15px mozborderradiustopright 15px mozborderradiusbottomright 15px verticalalign top <SPLIT>  <SPLIT>  <SPLIT><SPLIT>  <SPLIT> Before you post did you notice my  <SPLIT> Please sign your posts with  so I know who Im talking to <SPLIT> Be nice to me Im a volunteer too <SPLIT> Ill probably respond here unless you say otherwise or if Im just saying Youre welcome or something to that effect <SPLIT> Please do not put  on this page Id prefer it if you copied your reply here Thanks <SPLIT><SPLIT> Cordially","cellpadding4 cellspacing4 aligncenter width100 stylebackground 0000FF border 5px groove 2222CC mozborderradius15px <SPLIT>  <SPLIT><SPLIT>  cellpadding10 cellspacing8 stylewidth 100 backgroundcolor000099 border 1px solid 008B8B mozborderradiustopleft 15px mozborderradiusbottomleft 15px mozborderradiustopright 15px mozborderradiusbottomright 15px verticalalign top <SPLIT>  <SPLIT>  <SPLIT><SPLIT>  <SPLIT> Before you post did you notice my  <SPLIT> Please sign your posts with  so I know who Im talking to <SPLIT> Be nice to me Im a volunteer too <SPLIT> Ill probably respond here unless you say otherwise or if Im just saying Youre welcome or something to that effect <SPLIT> Please do not put  on this page Id prefer it if you copied your reply here Thanks <SPLIT><SPLIT> Cordially",0.0042084455490112305,0.0042084455490112305,0,0,0,1,"Failed"
"InniscroneEnniscrone  <SPLIT><SPLIT> Hi As someone who has edited the Inniscrone andor Enniscrone page recently you may be interested in this Regards","InniscroneEnniscrone  <SPLIT><SPLIT> Hi As someone who has edited the Inniscrone andor Enniscrone page recently you may be interested in this Regards",0.00017625093460083008,0.00017625093460083008,0,0,0,1,"Failed"
"Bullet <SPLIT> Funny thing when I wrote the Trend article I hesitated to put in bullets  Someone else came in later to add bullets to make it look like I thought it should   <SPLIT><SPLIT> In finance short selling is selling something that one does not yet own In futures short implies an obligation to deliver something before it is bought <SPLIT><SPLIT> The above sentence made by you is incorrect   See above response on this page  I am going to put the bullets back if you do not fix it","Bullet <SPLIT> Funny thing when I wrote the Trend article I hesitated to put in bullets  Someone else came in later to add bullets to make it look like I thought it should   <SPLIT><SPLIT> In finance short selling is selling something that one does not yet own In futures short implies an obligation to deliver something before it is bought <SPLIT><SPLIT> The above sentence made by you is incorrect   See above response on this page  I am going to put the bullets back if you do not fix it",0.0004723072052001953,0.0004723072052001953,0,0,0,1,"Failed"
"for use of those images","for use of those images",0.00021439790725708008,0.00021439790725708008,0,0,0,1,"Failed"
"Fixed records including anecdotal record in lead Anatomy section and Sport fishing section","Fixed records including anecdotal record in lead Anatomy section and Sport fishing section",0.00026673078536987305,0.00026673078536987305,0,0,0,1,"Failed"
"Navbox <SPLIT> name         India quick links <SPLIT> state       collapsed <SPLIT> selected     Naveenpf <SPLIT> titlestyle   colorblack backgroundcolorwhite <SPLIT> title          Links for Wikipedians interested in Indiarelated content   <SPLIT> style        width100 <SPLIT> groupstyle   padding035em 10em lineheight11embackgroundwhitecolorblackborder 1px solid CC0000 <SPLIT> list1style   padding035em 0 lineheight15embackgroundwhitecolorblackbordertop 1px solid CC0000 <SPLIT> liststyle    padding035em 0 lineheight15embackgroundwhitecolorblack <SPLIT> group1       WPIndia <SPLIT> group2       WikiProjects <SPLIT> group3       Newcomers <SPLIT><SPLIT> list1        Noticeboard  Discussion board  Article alerts  Deletion talks  Unreferenced BLPs India Portal  Collaborations of the month  India stubs  Category adoptions  Open tasks <SPLIT><SPLIT> list2        Navbox subgroups <SPLIT> groupstyle   width80em backgroundDCDCDC lineheight115emcolorblack textaligncenter fontweightnormal <SPLIT> liststyle    widthauto padding025em 0 lineheight14em  <SPLIT><SPLIT> group1       Region <SPLIT> list1        India  Regions  States  Districts  Cities <SPLIT><SPLIT> group2       Religion <SPLIT> list2        Hinduism  Buddhism  Jainism  Sikhism  Zoroastrianism  Islam  Christianity <SPLIT><SPLIT> group3       State <SPLIT> list3        Andhra Pradesh  Arunachal Pradesh  Assam  Bihar  Chhattisgarh  Goa  Gujarat  Haryana  Himachal Pradesh  Jammu and Kashmir  Jharkhand  Karnataka  Kerala  Madhya Pradesh  Maharashtra  Manipur  Meghalaya  Mizoram  Nagaland  Orissa  Punjab  Rajasthan  Sikkim  Tamil Nadu  Tripura  Uttar Pradesh  Uttarakhand  West Bengal <SPLIT><SPLIT> group4       UTs <SPLIT> list4        Andaman and Nicobar Islands  Chandigarh  Dadra and Nagar Haveli  Daman and Diu  Delhi  Lakshadweep  Puducherry <SPLIT><SPLIT> group5       Cities <SPLIT> list5        Chennai  Hyderabad  WikipediaWikiProject","Navbox <SPLIT> name         India quick links <SPLIT> state       collapsed <SPLIT> selected     Naveenpf <SPLIT> titlestyle   colorblack backgroundcolorwhite <SPLIT> title          Links for Wikipedians interested in Indiarelated content   <SPLIT> style        width100 <SPLIT> groupstyle   padding035em 10em lineheight11embackgroundwhitecolorblackborder 1px solid CC0000 <SPLIT> list1style   padding035em 0 lineheight15embackgroundwhitecolorblackbordertop 1px solid CC0000 <SPLIT> liststyle    padding035em 0 lineheight15embackgroundwhitecolorblack <SPLIT> group1       WPIndia <SPLIT> group2       WikiProjects <SPLIT> group3       Newcomers <SPLIT><SPLIT> list1        Noticeboard  Discussion board  Article alerts  Deletion talks  Unreferenced BLPs India Portal  Collaborations of the month  India stubs  Category adoptions  Open tasks <SPLIT><SPLIT> list2        Navbox subgroups <SPLIT> groupstyle   width80em backgroundDCDCDC lineheight115emcolorblack textaligncenter fontweightnormal <SPLIT> liststyle    widthauto padding025em 0 lineheight14em  <SPLIT><SPLIT> group1       Region <SPLIT> list1        India  Regions  States  Districts  Cities <SPLIT><SPLIT> group2       Religion <SPLIT> list2        Hinduism  Buddhism  Jainism  Sikhism  Zoroastrianism  Islam  Christianity <SPLIT><SPLIT> group3       State <SPLIT> list3        Andhra Pradesh  Arunachal Pradesh  Assam  Bihar  Chhattisgarh  Goa  Gujarat  Haryana  Himachal Pradesh  Jammu and Kashmir  Jharkhand  Karnataka  Kerala  Madhya Pradesh  Maharashtra  Manipur  Meghalaya  Mizoram  Nagaland  Orissa  Punjab  Rajasthan  Sikkim  Tamil Nadu  Tripura  Uttar Pradesh  Uttarakhand  West Bengal <SPLIT><SPLIT> group4       UTs <SPLIT> list4        Andaman and Nicobar Islands  Chandigarh  Dadra and Nagar Haveli  Daman and Diu  Delhi  Lakshadweep  Puducherry <SPLIT><SPLIT> group5       Cities <SPLIT> list5        Chennai  Hyderabad  WikipediaWikiProject",0.0022417306900024414,0.0022417306900024414,0,0,0,1,"Failed"
"httpenwikipediaorgwikiWikipediaVerifiability <SPLIT> Burdens on you dude Show us the article In English","httpenwikipediaorgwikiWikipediaVerifiability <SPLIT> Burdens on you dude Show us the article In English",0.016311049461364746,0.016311049461364746,0,0,0,1,"Failed"
"Thats irrelevant when you consider that this picture is not used to discuss the film it was taken from and is therefore not covered by fair use  The pictures used on this article have been removed countless times can anyone find a picture of her that is not from a movie like a PR photo or something","Thats irrelevant when you consider that this picture is not used to discuss the film it was taken from and is therefore not covered by fair use  The pictures used on this article have been removed countless times can anyone find a picture of her that is not from a movie like a PR photo or something",0.00027638673782348633,0.00027638673782348633,0,0,0,1,"Failed"
"Youve added vandalism edits to Dildo and KY Jelly Please stop","Youve added vandalism edits to Dildo and KY Jelly Please stop",0.0014038681983947754,0.0014038681983947754,0,0,0,1,"Failed"
"WDonner60 ikipedia arDonner60 ticles","WDonner60 ikipedia arDonner60 ticles",0.0028400421142578125,0.0028400421142578125,0,0,0,1,"Failed"
"The Dangerous Aces page  <SPLIT><SPLIT> Hello may I ask why the Dangerous Aces page was deleted  I took special care to ensure that it was purely informative and did not involve any advertising  <SPLIT><SPLIT> Moz","The Dangerous Aces page  <SPLIT><SPLIT> Hello may I ask why the Dangerous Aces page was deleted  I took special care to ensure that it was purely informative and did not involve any advertising  <SPLIT><SPLIT> Moz",0.00029772520065307617,0.00029772520065307617,0,0,0,1,"Failed"
"Specious Reference to Global Warming  <SPLIT><SPLIT> There are no studies that establishes a correlation between global temperatures and the N fowleri infection rates  This misleading conjecture belies the complex interactions of fresh water ecosystems and human immunology  The citation should be omitted unless or until there are supporting facts","Specious Reference to Global Warming  <SPLIT><SPLIT> There are no studies that establishes a correlation between global temperatures and the N fowleri infection rates  This misleading conjecture belies the complex interactions of fresh water ecosystems and human immunology  The citation should be omitted unless or until there are supporting facts",0.0002173781394958496,0.0002173781394958496,0,0,0,1,"Failed"
"16 February 2012 UTC <SPLIT><SPLIT> Please see my comment to you below under the heading American Englishcentric   2124","16 February 2012 UTC <SPLIT><SPLIT> Please see my comment to you below under the heading American Englishcentric   2124",0.00019758939743041992,0.00019758939743041992,0,0,0,1,"Failed"
"FUCK YOU ASSHOLE I DONT STOP INSULTING HARRY POTTER THAT MOTHERFUCKING BITCHASSHOLE FUCK HARRY POTTER FUCK ALL HARRY POTTER FANS DIE MOTHERFUCKER DIE","FUCK YOU ASSHOLE I DONT STOP INSULTING HARRY POTTER THAT MOTHERFUCKING BITCHASSHOLE FUCK HARRY POTTER FUCK ALL HARRY POTTER FANS DIE MOTHERFUCKER DIE",0.0008725523948669434,0.0008725523948669434,1,1,1,1,"Failed"
"contributionsthis user sucks peniscockuser sucks peniscockuser sucks peniscockuser sucks peniscockuser sucks peniscockuser sucks peniscockuser sucks peniscockuser sucks peniscockuser sucks peniscockuser sucks peniscockuser sucks peniscockuser sucks peniscockuser sucks peniscockuser sucks peniscockuser sucks peniscockuser sucks peniscockuser sucks peniscockuser sucks peniscockuser sucks peniscockuser sucks peniscockuser sucks peniscockuser sucks peniscockuser sucks peniscockuser sucks peniscockuser sucks peniscockuser sucks peniscockuser sucks peniscockuser sucks peniscockuser sucks peniscockuser sucks peniscockuser sucks peniscockuser sucks peniscockuser sucks peniscockuser sucks peniscockuser sucks peniscockuser sucks peniscockuser sucks peniscockuser sucks peniscockuser sucks peniscockuser sucks peniscockuser sucks peniscockuser sucks peniscockuser sucks peniscockuser sucks peniscockuser sucks peniscockuser sucks peniscockuser sucks peniscockuser sucks peniscockuser sucks peniscockuser sucks peniscockuser sucks peniscockuser sucks peniscockuser sucks peniscockuser sucks peniscockuser sucks peniscockuser sucks peniscockuser sucks peniscockuser sucks peniscockuser sucks peniscockuser sucks peniscockuser sucks peniscockuser sucks peniscockuser sucks peniscockuser sucks peniscockuser sucks peniscockuser sucks peniscockuser sucks peniscockuser sucks peniscockuser sucks peniscockuser sucks peniscockuser sucks peniscockuser sucks peniscockuser sucks peniscockuser sucks peniscockuser sucks peniscockuser sucks peniscockuser sucks peniscockuser sucks peniscockuser sucks peniscockuser sucks peniscockuser sucks peniscockuser sucks peniscockuser sucks peniscockuser sucks peniscockuser sucks peniscockuser sucks peniscockuser sucks peniscockuser sucks peniscockuser sucks peniscockuser sucks peniscockuser sucks peniscockuser sucks peniscockuser sucks peniscockuser sucks peniscockuser sucks peniscockuser sucks peniscockuser sucks peniscockuser sucks peniscockuser sucks peniscockuser sucks peniscockuser sucks peniscockuser sucks peniscockuser sucks peniscockuser sucks peniscockuser sucks peniscockuser sucks peniscockuser sucks peniscockuser sucks peniscockuser sucks peniscockuser sucks peniscockuser sucks peniscockuser sucks peniscockuser sucks peniscockuser sucks peniscockuser sucks peniscockuser sucks peniscockuser sucks peniscockuser sucks peniscockuser sucks peniscockuser sucks peniscockuser sucks peniscock","contributionsthis user sucks peniscockuser sucks peniscockuser sucks peniscockuser sucks peniscockuser sucks peniscockuser sucks peniscockuser sucks peniscockuser sucks peniscockuser sucks peniscockuser sucks peniscockuser sucks peniscockuser sucks peniscockuser sucks peniscockuser sucks peniscockuser sucks peniscockuser sucks peniscockuser sucks peniscockuser sucks peniscockuser sucks peniscockuser sucks peniscockuser sucks peniscockuser sucks peniscockuser sucks peniscockuser sucks peniscockuser sucks peniscockuser sucks peniscockuser sucks peniscockuser sucks peniscockuser sucks peniscockuser sucks peniscockuser sucks peniscockuser sucks peniscockuser sucks peniscockuser sucks peniscockuser sucks peniscockuser sucks peniscockuser sucks peniscockuser sucks peniscockuser sucks peniscockuser sucks peniscockuser sucks peniscockuser sucks peniscockuser sucks peniscockuser sucks peniscockuser sucks peniscockuser sucks peniscockuser sucks peniscockuser sucks peniscockuser sucks peniscockuser sucks peniscockuser sucks peniscockuser sucks peniscockuser sucks peniscockuser sucks peniscockuser sucks peniscockuser sucks peniscockuser sucks peniscockuser sucks peniscockuser sucks peniscockuser sucks peniscockuser sucks peniscockuser sucks peniscockuser sucks peniscockuser sucks peniscockuser sucks peniscockuser sucks peniscockuser sucks peniscockuser sucks peniscockuser sucks peniscockuser sucks peniscockuser sucks peniscockuser sucks peniscockuser sucks peniscockuser sucks peniscockuser sucks peniscockuser sucks peniscockuser sucks peniscockuser sucks peniscockuser sucks peniscockuser sucks peniscockuser sucks peniscockuser sucks peniscockuser sucks peniscockuser sucks peniscockuser sucks peniscockuser sucks peniscockuser sucks peniscockuser sucks peniscockuser sucks peniscockuser sucks peniscockuser sucks peniscockuser sucks peniscockuser sucks peniscockuser sucks peniscockuser sucks peniscockuser sucks peniscockuser sucks peniscockuser sucks peniscockuser sucks peniscockuser sucks peniscockuser sucks peniscockuser sucks peniscockuser sucks peniscockuser sucks peniscockuser sucks peniscockuser sucks peniscockuser sucks peniscockuser sucks peniscockuser sucks peniscockuser sucks peniscockuser sucks peniscockuser sucks peniscockuser sucks peniscockuser sucks peniscockuser sucks peniscockuser sucks peniscockuser sucks peniscockuser sucks peniscockuser sucks peniscockuser sucks peniscockuser sucks peniscock",0.0008522272109985352,0.0008522272109985352,1,1,1,1,"Failed"
"Actually hit the jackpot to make me want to jump in the pool again  clever bunnies who may use hotcat and put Java as a cat  for the Sun platform  and as a consequence the intermix between the java place and platform will bore me horribly one night trying to separate the bastards","Actually hit the jackpot to make me want to jump in the pool again  clever bunnies who may use hotcat and put Java as a cat  for the Sun platform  and as a consequence the intermix between the java place and platform will bore me horribly one night trying to separate the bastards",0.33434098958969116,0.33434098958969116,0,0,0,1,"Failed"
"Life sucks Tell me why","Life sucks Tell me why",0.9118797779083252,0.9118797779083252,1,1,0,1,"Skipped"
"RE Advice  <SPLIT><SPLIT> The best course to take is to keep pushing with tagging the articles and requesting the deletion of them You are correct on that  <SPLIT><SPLIT> As for the rude other subject causing conflict I will warn them for violations of some of Wikipedias basic rules of conduct  its not nice to be rude You can feel free to continue speaking up for yourself <SPLIT><SPLIT> Best regards","RE Advice  <SPLIT><SPLIT> The best course to take is to keep pushing with tagging the articles and requesting the deletion of them You are correct on that  <SPLIT><SPLIT> As for the rude other subject causing conflict I will warn them for violations of some of Wikipedias basic rules of conduct  its not nice to be rude You can feel free to continue speaking up for yourself <SPLIT><SPLIT> Best regards",0.0010379552841186523,0.0010379552841186523,0,0,0,1,"Failed"
"Please do not vandalize pages as you did with this edit to Red Lobster If you continue to do so you will be blocked from editing","Please do not vandalize pages as you did with this edit to Red Lobster If you continue to do so you will be blocked from editing",0.00021034479141235352,0.00021034479141235352,0,0,0,1,"Failed"
"Why edit Dashbot it can do it itself you fucking ball licking piece of shit","Why edit Dashbot it can do it itself you fucking ball licking piece of shit",0.0008105635643005371,0.0008105635643005371,1,1,1,1,"Failed"
"WCM please stop the WPDRAMA No one is accusing you of bad faith Your late behavior with regard to comments at noticeboards has been roughly as described by Cambalachero That is a fact not an accusation And I have to confess you inviting us over and over to take the matters to WPANI always reminds me of WPBAIT trust me it doesnt look good I know its not your case so please stop offering us the nuclear option we already know its there  <SPLIT><SPLIT> Personally I have no problem with going again to another board it is just that we are certainly doing no good to the project by disturbing other editors so much If we are going to WPNPOVN Im not sure if that is the right noticeboard for this case please write down the problem here before asking for help In my opinion it should limit itself to the question Is the word pirate applicable to David Jewett Does it constitute a violation of WPLABEL  <SPLIT> And the same question goes for the Heroina if you insist on maintaining the pirate frigate expression","WCM please stop the WPDRAMA No one is accusing you of bad faith Your late behavior with regard to comments at noticeboards has been roughly as described by Cambalachero That is a fact not an accusation And I have to confess you inviting us over and over to take the matters to WPANI always reminds me of WPBAIT trust me it doesnt look good I know its not your case so please stop offering us the nuclear option we already know its there  <SPLIT><SPLIT> Personally I have no problem with going again to another board it is just that we are certainly doing no good to the project by disturbing other editors so much If we are going to WPNPOVN Im not sure if that is the right noticeboard for this case please write down the problem here before asking for help In my opinion it should limit itself to the question Is the word pirate applicable to David Jewett Does it constitute a violation of WPLABEL  <SPLIT> And the same question goes for the Heroina if you insist on maintaining the pirate frigate expression",0.001919388771057129,0.001919388771057129,0,0,0,1,"Failed"
"Today I signed up in Sunshine Review Sunshine Review same Wikipedia too I going edit communticate etc I dont care Wikipedia Have a Great Day Typewriter 8972","Today I signed up in Sunshine Review Sunshine Review same Wikipedia too I going edit communticate etc I dont care Wikipedia Have a Great Day Typewriter 8972",0.0003947615623474121,0.0003947615623474121,0,0,0,1,"Failed"
"Society for the Reformation of Manners <SPLIT> This really is in your bailiwick I am sure","Society for the Reformation of Manners <SPLIT> This really is in your bailiwick I am sure",0.005300283432006836,0.005300283432006836,0,0,0,1,"Failed"
"If your IQ is zero then yes this is a research Im using my brain if you just copypaste the news then you are doing nothing","If your IQ is zero then yes this is a research Im using my brain if you just copypaste the news then you are doing nothing",0.2769193649291992,0.2769193649291992,0,0,0,1,"Failed"
"I also would like the page to include his son the other George Bush","I also would like the page to include his son the other George Bush",0.00028437376022338867,0.00028437376022338867,0,0,0,1,"Failed"
"Account Suspension  <SPLIT> Hi Jamie <SPLIT><SPLIT> Please contact me regarding the blocks that have been put on this shared account as I would like to clarify any misunderstandings Thanks MonicaFORA","Account Suspension  <SPLIT> Hi Jamie <SPLIT><SPLIT> Please contact me regarding the blocks that have been put on this shared account as I would like to clarify any misunderstandings Thanks MonicaFORA",0.0002506375312805176,0.0002506375312805176,0,0,0,1,"Failed"
"I think Ive sussed it and there is no obvious COI that I can find  I dont know why he went private but at the time he had no outstanding RFARs or RFCs and in his last 500 user talk edits had no interaction with you or Basboll","I think Ive sussed it and there is no obvious COI that I can find  I dont know why he went private but at the time he had no outstanding RFARs or RFCs and in his last 500 user talk edits had no interaction with you or Basboll",0.0016445517539978027,0.0016445517539978027,0,0,0,1,"Failed"
"Blast Another final edit","Blast Another final edit",0.0002995729446411133,0.0002995729446411133,0,0,0,1,"Failed"
"Thank you for experimenting with  Wikipedia Your test worked and it has been reverted or removed Please use the sandbox for any other tests you may want to do Take a look at the welcome page to learn more about contributing to our encyclopedia A link to the edit I have reverted can be found here link If you believe this edit should not have been reverted please contact me     Contact","Thank you for experimenting with  Wikipedia Your test worked and it has been reverted or removed Please use the sandbox for any other tests you may want to do Take a look at the welcome page to learn more about contributing to our encyclopedia A link to the edit I have reverted can be found here link If you believe this edit should not have been reverted please contact me     Contact",0.0001812577247619629,0.0001812577247619629,0,0,0,1,"Failed"
"Redirect Disco to Discovery <SPLIT> Somebody tries to mock the name Please comment for speedy deletion Thanks","Redirect Disco to Discovery <SPLIT> Somebody tries to mock the name Please comment for speedy deletion Thanks",0.0006299614906311035,0.0006299614906311035,0,0,0,1,"Failed"
"WPN and Lists  interpreting the RFC  <SPLIT><SPLIT> I know you mentioned that you were looking at the RFC trying to find some general principles that people agree upon if we should carve out a list exception to WPN I was wondering how it was coming along and how long it might take you to figure it out also is there anything I can do to help <SPLIT><SPLIT> As an aside when the RFC formally closes were gonna have someone do a more detailed analysis of the RFC So dont stress yourself out trying to capture every nuance If we only get a few general principles supported by a few numbers thats okay  <SPLIT><SPLIT> Thanks in advance","WPN and Lists  interpreting the RFC  <SPLIT><SPLIT> I know you mentioned that you were looking at the RFC trying to find some general principles that people agree upon if we should carve out a list exception to WPN I was wondering how it was coming along and how long it might take you to figure it out also is there anything I can do to help <SPLIT><SPLIT> As an aside when the RFC formally closes were gonna have someone do a more detailed analysis of the RFC So dont stress yourself out trying to capture every nuance If we only get a few general principles supported by a few numbers thats okay  <SPLIT><SPLIT> Thanks in advance",0.00026339292526245117,0.00026339292526245117,0,0,0,1,"Failed"
"stylebackground f8fcff width100 border 5px ridge 007FFF marginright 10px <SPLIT>  colspan3 stylepadding5px 4px 5px 7px   Hello Lexhobbs and welcome to Wikipedia Here are some pages that will help you to find your way around understand some of the most relevant policies and guidelines and develop your editing skills <SPLIT>  <SPLIT>  stylewidth33  <SPLIT>  stylebackground f8fcff width99 <SPLIT>  stylebackground ddcef2 paddingleft8px fontsize110  Basics <SPLIT>  <SPLIT>  stylefontsize90  <SPLIT><SPLIT>  Glossary of Wikipedia terminology <SPLIT>  The five pillars of Wikipedia <SPLIT>  Contributing to Wikipedia <SPLIT>  How to edit a page <SPLIT>  Learn from others <SPLIT>  Wikipedia Tutorial <SPLIT><SPLIT>  <SPLIT>  stylebackground cedff2 paddingleft8px fontsize110  QA <SPLIT>  <SPLIT>  stylefontsize90  <SPLIT><SPLIT>  Frequently Asked Questions <SPLIT>  Why was my page deleted <SPLIT>  Where to ask a question <SPLIT>  Department directory <SPLIT>  Copyright FAQ <SPLIT>   <SPLIT>  Village pump <SPLIT><SPLIT>  <SPLIT>  stylewidth33  <SPLIT>  stylebackground f8fcff width99 <SPLIT>  stylebackground ddcef2 paddingleft8px fontsize110  Community <SPLIT>  <SPLIT>  stylefontsize90  <SPLIT><SPLIT>  Administrators noticeboard <SPLIT>  How to use talk pages <SPLIT>  Resolving disputes <SPLIT>  Community Portal <SPLIT>  Maintenance <SPLIT>  WikiProjects <SPLIT>  Civility <SPLIT><SPLIT>  <SPLIT>  <SPLIT>  stylebackground cedff2 paddingleft8px fontsize110  Articles <SPLIT>  <SPLIT>  stylefontsize90  <SPLIT><SPLIT>  Cite your sources with footnotes <SPLIT>  How to develop an article <SPLIT>  Starting a new page <SPLIT>  Naming conventions <SPLIT>  Using categories <SPLIT>  Manual of Style <SPLIT><SPLIT>  <SPLIT>  stylewidth33  <SPLIT>  stylebackground f8fcff width99 <SPLIT>  stylebackground ddcef2 paddingleft8px fontsize110  Policies and Guidelines <SPLIT>  <SPLIT>  stylefontsize90  <SPLIT><SPLIT>  Notability and Verifiability <SPLIT>  Ownership of articles <SPLIT>  What Wikipedia is not <SPLIT>  User page guidelines <SPLIT>  Neutral Point of View <SPLIT>  No original research <SPLIT>  Copyright violations <SPLIT>  Deletion policy <SPLIT>  External links <SPLIT><SPLIT>  <SPLIT>  stylebackground cedff2 paddingleft8px fontsize110  Images <SPLIT>  <SPLIT>  stylefontsize90  <SPLIT><SPLIT>  Uploading images <SPLIT>  Image use policy <SPLIT>  Copyright tags <SPLIT>  Upload wizard <SPLIT><SPLIT>  <SPLIT>  <SPLIT>  colspan3 stylepadding5px 4px 5px 7px  A few other useful tips Please sign your name when you comment on talk pages not articles by using four tildes  which will show your name and the date When you edit a page even minor edits you should include a descriptive edit summary If you need help Drop by the Help Desk or the New Contributors Help page Another option is to join the adoptauser project You can also add helpme to your talk page followed by your questionand someone will come answer the question or point you to the proper page Happy Editing","stylebackground f8fcff width100 border 5px ridge 007FFF marginright 10px <SPLIT>  colspan3 stylepadding5px 4px 5px 7px   Hello Lexhobbs and welcome to Wikipedia Here are some pages that will help you to find your way around understand some of the most relevant policies and guidelines and develop your editing skills <SPLIT>  <SPLIT>  stylewidth33  <SPLIT>  stylebackground f8fcff width99 <SPLIT>  stylebackground ddcef2 paddingleft8px fontsize110  Basics <SPLIT>  <SPLIT>  stylefontsize90  <SPLIT><SPLIT>  Glossary of Wikipedia terminology <SPLIT>  The five pillars of Wikipedia <SPLIT>  Contributing to Wikipedia <SPLIT>  How to edit a page <SPLIT>  Learn from others <SPLIT>  Wikipedia Tutorial <SPLIT><SPLIT>  <SPLIT>  stylebackground cedff2 paddingleft8px fontsize110  QA <SPLIT>  <SPLIT>  stylefontsize90  <SPLIT><SPLIT>  Frequently Asked Questions <SPLIT>  Why was my page deleted <SPLIT>  Where to ask a question <SPLIT>  Department directory <SPLIT>  Copyright FAQ <SPLIT>   <SPLIT>  Village pump <SPLIT><SPLIT>  <SPLIT>  stylewidth33  <SPLIT>  stylebackground f8fcff width99 <SPLIT>  stylebackground ddcef2 paddingleft8px fontsize110  Community <SPLIT>  <SPLIT>  stylefontsize90  <SPLIT><SPLIT>  Administrators noticeboard <SPLIT>  How to use talk pages <SPLIT>  Resolving disputes <SPLIT>  Community Portal <SPLIT>  Maintenance <SPLIT>  WikiProjects <SPLIT>  Civility <SPLIT><SPLIT>  <SPLIT>  <SPLIT>  stylebackground cedff2 paddingleft8px fontsize110  Articles <SPLIT>  <SPLIT>  stylefontsize90  <SPLIT><SPLIT>  Cite your sources with footnotes <SPLIT>  How to develop an article <SPLIT>  Starting a new page <SPLIT>  Naming conventions <SPLIT>  Using categories <SPLIT>  Manual of Style <SPLIT><SPLIT>  <SPLIT>  stylewidth33  <SPLIT>  stylebackground f8fcff width99 <SPLIT>  stylebackground ddcef2 paddingleft8px fontsize110  Policies and Guidelines <SPLIT>  <SPLIT>  stylefontsize90  <SPLIT><SPLIT>  Notability and Verifiability <SPLIT>  Ownership of articles <SPLIT>  What Wikipedia is not <SPLIT>  User page guidelines <SPLIT>  Neutral Point of View <SPLIT>  No original research <SPLIT>  Copyright violations <SPLIT>  Deletion policy <SPLIT>  External links <SPLIT><SPLIT>  <SPLIT>  stylebackground cedff2 paddingleft8px fontsize110  Images <SPLIT>  <SPLIT>  stylefontsize90  <SPLIT><SPLIT>  Uploading images <SPLIT>  Image use policy <SPLIT>  Copyright tags <SPLIT>  Upload wizard <SPLIT><SPLIT>  <SPLIT>  <SPLIT>  colspan3 stylepadding5px 4px 5px 7px  A few other useful tips Please sign your name when you comment on talk pages not articles by using four tildes  which will show your name and the date When you edit a page even minor edits you should include a descriptive edit summary If you need help Drop by the Help Desk or the New Contributors Help page Another option is to join the adoptauser project You can also add helpme to your talk page followed by your questionand someone will come answer the question or point you to the proper page Happy Editing",0.0005850791931152344,0.0005850791931152344,0,0,0,1,"Failed"
"Shouryya Ray <SPLIT><SPLIT> Hello Renjivwiki  I noticed you recently added some information to the article on Shouryya Ray this information had already been discussed on the articles talk page and determined to be inaccurate or from unreliable sources  I have therefore reverted your edits  If you have some reliable sources showing the information to be correct feel free to add it back but be sure to include a reference to the source","Shouryya Ray <SPLIT><SPLIT> Hello Renjivwiki  I noticed you recently added some information to the article on Shouryya Ray this information had already been discussed on the articles talk page and determined to be inaccurate or from unreliable sources  I have therefore reverted your edits  If you have some reliable sources showing the information to be correct feel free to add it back but be sure to include a reference to the source",0.00017768144607543945,0.00017768144607543945,0,0,0,1,"Failed"
"Edited later I kinda forget why I linked the first one actually The second one is them performing it live in 2003 You can hear fairly often Zacky mess up since hes on lead besides the solo especially during dual leads The third one a 2006 interview has the following quote All the more technical stuff is usually left up to him I do a lot of the like more galloping muting stuff thats more my specialty because thats kinda where I came from with all the punk rock stuff that I always loved writing and stuff He showed me a lot about lead stuff and Ive showed him about stuff about a world that hes not really from","Edited later I kinda forget why I linked the first one actually The second one is them performing it live in 2003 You can hear fairly often Zacky mess up since hes on lead besides the solo especially during dual leads The third one a 2006 interview has the following quote All the more technical stuff is usually left up to him I do a lot of the like more galloping muting stuff thats more my specialty because thats kinda where I came from with all the punk rock stuff that I always loved writing and stuff He showed me a lot about lead stuff and Ive showed him about stuff about a world that hes not really from",0.0007427334785461426,0.0007427334785461426,0,0,0,1,"Failed"
"10 May 2007 UTC <SPLIT><SPLIT> Changed my mind Ive gone back to the article and cut out the detail along the lines you suggest Lets see how long it lasts   <SPLIT> Great  0729","10 May 2007 UTC <SPLIT><SPLIT> Changed my mind Ive gone back to the article and cut out the detail along the lines you suggest Lets see how long it lasts   <SPLIT> Great  0729",0.00022774934768676758,0.00022774934768676758,0,0,0,1,"Failed"
"LA Times  <SPLIT><SPLIT> The quote from LA Times <SPLIT><SPLIT> In Boston Andrei D Sakharov the Soviet nuclear physicist and Nobel Peace laureate said that he and his wife Yelena Bonner who is in Moscow had received information from Kirovabad that more than 138 Armenians had been killed and more than 200 wounded by Azerbaijani mobs Sakharov is on his first trip to the United States <SPLIT><SPLIT> But Gennady I Gerasimov the Soviet Foreign Ministrys chief spokesman said that while there had been serious Azerbaijani attacks on Armenians the death toll at Kirovabad stood at six There have been deaths there are victims but there has been no massacre as is being alleged Gerasimov said Gerasimov said he understood a fourth soldier had been killed in addition to the three who died in the initial clashes Tuesday <SPLIT><SPLIT> And later in his memoir Sakharov admitted that the figure of 130 dead was false and him making this claim was a serious mistake The quote from Sakharovs memoir is available in Kirovabad pogrom article Please read before inserting inaccurate figure of 130 derived from false info by Sakharov","LA Times  <SPLIT><SPLIT> The quote from LA Times <SPLIT><SPLIT> In Boston Andrei D Sakharov the Soviet nuclear physicist and Nobel Peace laureate said that he and his wife Yelena Bonner who is in Moscow had received information from Kirovabad that more than 138 Armenians had been killed and more than 200 wounded by Azerbaijani mobs Sakharov is on his first trip to the United States <SPLIT><SPLIT> But Gennady I Gerasimov the Soviet Foreign Ministrys chief spokesman said that while there had been serious Azerbaijani attacks on Armenians the death toll at Kirovabad stood at six There have been deaths there are victims but there has been no massacre as is being alleged Gerasimov said Gerasimov said he understood a fourth soldier had been killed in addition to the three who died in the initial clashes Tuesday <SPLIT><SPLIT> And later in his memoir Sakharov admitted that the figure of 130 dead was false and him making this claim was a serious mistake The quote from Sakharovs memoir is available in Kirovabad pogrom article Please read before inserting inaccurate figure of 130 derived from false info by Sakharov",0.0007308125495910645,0.0007308125495910645,0,0,0,1,"Failed"
"Hello I have deleted this redirect Given the nature of the redirect there will need to be a demonstration by reliable source that this is a real term used to describe the language","Hello I have deleted this redirect Given the nature of the redirect there will need to be a demonstration by reliable source that this is a real term used to describe the language",0.00024646520614624023,0.00024646520614624023,0,0,0,1,"Failed"
"Take a look at my edit history and remove the personal attack If Wrestling is a genuine sport a title shot is notable The short summary of title shots that was removed will be restored as notable to the athletes history  Continued insistence that this sourced content is not relevant to a storyline or official canon of some behind the scenes wrestling cabal is not historical and will be treated as such","Take a look at my edit history and remove the personal attack If Wrestling is a genuine sport a title shot is notable The short summary of title shots that was removed will be restored as notable to the athletes history  Continued insistence that this sourced content is not relevant to a storyline or official canon of some behind the scenes wrestling cabal is not historical and will be treated as such",0.00026363134384155273,0.00026363134384155273,0,0,0,1,"Failed"
"Edits for Feb 9  <SPLIT><SPLIT> Please stop If you continue to vandalize pages  you will be blocked from editing Wikipedia","Edits for Feb 9  <SPLIT><SPLIT> Please stop If you continue to vandalize pages  you will be blocked from editing Wikipedia",0.0002461075782775879,0.0002461075782775879,0,0,0,1,"Failed"
"UTC <SPLIT><SPLIT> I grew up and still live in the south and the only people who eat buffalo wings with ranch dressing are assholes  0945 5 January 2012","UTC <SPLIT><SPLIT> I grew up and still live in the south and the only people who eat buffalo wings with ranch dressing are assholes  0945 5 January 2012",0.30809909105300903,0.30809909105300903,1,1,1,1,"Failed"
"common terms eg three duplicate links to ice removing duplicate spaces adding missing brackets fixing incorrect use of capitals Ill take a look around to see how other editors describe varying trivial edits across multiple articles and consider an alternative","common terms eg three duplicate links to ice removing duplicate spaces adding missing brackets fixing incorrect use of capitals Ill take a look around to see how other editors describe varying trivial edits across multiple articles and consider an alternative",0.00025397539138793945,0.00025397539138793945,0,0,0,1,"Failed"
"Bacons Rebellion <SPLIT> Hello Dmcdevit Thanks for the request to do something about the above I have attempted to get it down to a reasonable length and have also learnt a lot about this event in so doing I have made a comment on the discussion page of the article giving my reason for the manner in which I tackled it I have a set of Colliers Encyclopaedia which gave me a much less detailed account of the Rebellion so could see the wood for the trees and no I didnt do anything illegal Id be glad of your comments on the result I wasnt sure about a picture though","Bacons Rebellion <SPLIT> Hello Dmcdevit Thanks for the request to do something about the above I have attempted to get it down to a reasonable length and have also learnt a lot about this event in so doing I have made a comment on the discussion page of the article giving my reason for the manner in which I tackled it I have a set of Colliers Encyclopaedia which gave me a much less detailed account of the Rebellion so could see the wood for the trees and no I didnt do anything illegal Id be glad of your comments on the result I wasnt sure about a picture though",0.0002472996711730957,0.0002472996711730957,0,0,0,1,"Failed"
"Sockpuppetry case <SPLIT>  alignleft <SPLIT>   <SPLIT>  <SPLIT> You have been accused of sockpuppetry Please refer to WikipediaSockpuppet investigationsCalhealth for evidence Please make sure you make yourself familiar with notes for the suspect before editing the evidence page","Sockpuppetry case <SPLIT>  alignleft <SPLIT>   <SPLIT>  <SPLIT> You have been accused of sockpuppetry Please refer to WikipediaSockpuppet investigationsCalhealth for evidence Please make sure you make yourself familiar with notes for the suspect before editing the evidence page",0.00039249658584594727,0.00039249658584594727,0,0,0,1,"Failed"
"I thought I just did Unfavorably and critically may not be as sexy as derided and icy but they are appropriate for an encyclopedia In case those are too boring another neutral but accurate term is negatively","I thought I just did Unfavorably and critically may not be as sexy as derided and icy but they are appropriate for an encyclopedia In case those are too boring another neutral but accurate term is negatively",0.0007081031799316406,0.0007081031799316406,0,0,0,1,"Failed"
"Please stop If you continue to vandalize pages you will be blocked from editing Wikipedia","Please stop If you continue to vandalize pages you will be blocked from editing Wikipedia",0.000269472599029541,0.000269472599029541,0,0,0,1,"Failed"
"Roger Federer career statistics  <SPLIT><SPLIT> Hello again go look at the bottom and tell me if you dont think that is OVERKILL","Roger Federer career statistics  <SPLIT><SPLIT> Hello again go look at the bottom and tell me if you dont think that is OVERKILL",0.0005786418914794922,0.0005786418914794922,0,0,0,1,"Failed"
"A cupcake for you  <SPLIT><SPLIT>  stylebackgroundcolor fdffe7 border 1px solid fceb92 <SPLIT> styleverticalalign middle padding 5px   <SPLIT> styleverticalalign middle padding 3px  You are improving fast","A cupcake for you  <SPLIT><SPLIT>  stylebackgroundcolor fdffe7 border 1px solid fceb92 <SPLIT> styleverticalalign middle padding 5px   <SPLIT> styleverticalalign middle padding 3px  You are improving fast",0.0015872716903686523,0.0015872716903686523,0,0,0,1,"Failed"
"Response to alleged Chemical Weapons use in Syria 2013 perhaps","Response to alleged Chemical Weapons use in Syria 2013 perhaps",0.00023096799850463867,0.00023096799850463867,0,0,0,1,"Failed"
"comments edited from above <SPLIT> Please reconsider <SPLIT> obviously completely inappropriate  <SPLIT> Long term abusebureaucratic bullshit aside <SPLIT> definition of long term abuselong term misconductlong term pattern of abuse  <SPLIT><SPLIT> Totally inappropriate responseinacceptable use of languagelongterm abusepersonal attackprecise statement of factnot supported by any evidence whatsoever   <SPLIT> try saying what he wrote to someone in a white collar workplace school university etc   <SPLIT> strong languagethan immortalising seriously false accusationsone of our top contributors the principle of immediate grounding through swearing of static electricity before it accumulates to a dangerous level BStoolbearing Randy   <SPLIT> It is comical and sad to see anyone arguing about the precise wording in a block summary regarding an editor with a long term history of deliberately insulting and abusive commentary Malleuss contributions at Rfa talk have provided ZERO improvements to the Rfa process and if anything have driven others to avoid the page so as they can avoid his behavior The reason he keeps getting blocked or nearly blocked is because his commentary warrants itit really is that simple  <SPLIT> for taking assertive action Its time more admins stood up for the rights of all rather than fawning over their idols Dont be discouraged when someone who thinks theyve got a bigger stick than you unblocks him Action is required to in the interest of all editors in good standing not just those who swear blind allegiance to great content writers","comments edited from above <SPLIT> Please reconsider <SPLIT> obviously completely inappropriate  <SPLIT> Long term abusebureaucratic bullshit aside <SPLIT> definition of long term abuselong term misconductlong term pattern of abuse  <SPLIT><SPLIT> Totally inappropriate responseinacceptable use of languagelongterm abusepersonal attackprecise statement of factnot supported by any evidence whatsoever   <SPLIT> try saying what he wrote to someone in a white collar workplace school university etc   <SPLIT> strong languagethan immortalising seriously false accusationsone of our top contributors the principle of immediate grounding through swearing of static electricity before it accumulates to a dangerous level BStoolbearing Randy   <SPLIT> It is comical and sad to see anyone arguing about the precise wording in a block summary regarding an editor with a long term history of deliberately insulting and abusive commentary Malleuss contributions at Rfa talk have provided ZERO improvements to the Rfa process and if anything have driven others to avoid the page so as they can avoid his behavior The reason he keeps getting blocked or nearly blocked is because his commentary warrants itit really is that simple  <SPLIT> for taking assertive action Its time more admins stood up for the rights of all rather than fawning over their idols Dont be discouraged when someone who thinks theyve got a bigger stick than you unblocks him Action is required to in the interest of all editors in good standing not just those who swear blind allegiance to great content writers",0.047735750675201416,0.047735750675201416,0,0,0,1,"Failed"
"reblock of fool requested  <SPLIT><SPLIT> this IP needs another block please res ipsa","reblock of fool requested  <SPLIT><SPLIT> this IP needs another block please res ipsa",0.18291795253753662,0.18291795253753662,0,0,0,1,"Failed"
"Just three days after the accident CTA have changed the way that they operate into OHare station That is one lasting effect for a start","Just three days after the accident CTA have changed the way that they operate into OHare station That is one lasting effect for a start",0.0002868771553039551,0.0002868771553039551,0,0,0,1,"Failed"
"Headline textBold text  <SPLIT> RYAN ROSS EATS BAIBIES <SPLIT> HE RAPED BOB <SPLIT> AND HIS BABY <SPLIT> WATCH OUT KIDS","Headline textBold text  <SPLIT> RYAN ROSS EATS BAIBIES <SPLIT> HE RAPED BOB <SPLIT> AND HIS BABY <SPLIT> WATCH OUT KIDS",0.7645919919013977,0.7645919919013977,1,1,0,1,"Skipped"
"Im very sorry and I was very stupid I shouldve read the basic copyvio rules I agree to not upload any more images to Wikipedia","Im very sorry and I was very stupid I shouldve read the basic copyvio rules I agree to not upload any more images to Wikipedia",0.8267131447792053,0.8267131447792053,0,0,1,1,"Skipped"
"REDIRECT TalkAntiSemite and Jew","REDIRECT TalkAntiSemite and Jew",0.03172820806503296,0.03172820806503296,0,0,0,1,"Failed"
"It is patently clear that you still do not grasp the reasoning why you are in error at best you dont understand it and at worst you are ignoring it Wikipedia is open to those that do not misrepresent unaccepted theories as fact   <SPLIT> You wrote that Theodore White used astrology to successfully predict the earthquake The source you used is a proponent of a fringe theory This is unsatisfactory We must not present astrology as a mainstream scholarly accepted theory for the same reason that the article on Earth does not suggest that the world might be flat An article on the earth where it is implied or stated that the earth might be a flat plane as some fringe theorists think would be colossally stupid We do not give undue significance to perspectives that dont deserve it","It is patently clear that you still do not grasp the reasoning why you are in error at best you dont understand it and at worst you are ignoring it Wikipedia is open to those that do not misrepresent unaccepted theories as fact   <SPLIT> You wrote that Theodore White used astrology to successfully predict the earthquake The source you used is a proponent of a fringe theory This is unsatisfactory We must not present astrology as a mainstream scholarly accepted theory for the same reason that the article on Earth does not suggest that the world might be flat An article on the earth where it is implied or stated that the earth might be a flat plane as some fringe theorists think would be colossally stupid We do not give undue significance to perspectives that dont deserve it",0.03012174367904663,0.03012174367904663,0,0,0,1,"Failed"
"It is not uncommon for a film to have a press screening or be screened at a film festival before its general public release For example Red was screened on September 29 2010 at Fantastic Fest","It is not uncommon for a film to have a press screening or be screened at a film festival before its general public release For example Red was screened on September 29 2010 at Fantastic Fest",0.00019305944442749023,0.00019305944442749023,0,0,0,1,"Failed"
"Stoica  <SPLIT><SPLIT> You might want to see my response to your request here I am new to wikipedia but carefully researched policy in regards Let me know if you need additional assistance Thanks","Stoica  <SPLIT><SPLIT> You might want to see my response to your request here I am new to wikipedia but carefully researched policy in regards Let me know if you need additional assistance Thanks",0.00019925832748413086,0.00019925832748413086,0,0,0,1,"Failed"
"8 March 2012 UTC <SPLIT> Agreed the sentence needs to be rephrased The statement that his actions are in keeping with Christianity is not supported by the source given for that sentence The statement is antiChristianity for no reason  1843","8 March 2012 UTC <SPLIT> Agreed the sentence needs to be rephrased The statement that his actions are in keeping with Christianity is not supported by the source given for that sentence The statement is antiChristianity for no reason  1843",0.0003057718276977539,0.0003057718276977539,0,0,0,1,"Failed"
"Biased article  <SPLIT><SPLIT> This whole article seems very proLinux to me Lets remember Linux is so bad that theyre having trouble giving it away for free with the majority of computer uses preferring to pay money for other OSes It was written by tens of thousands of different people all having their own idea over whats best making it the ultimate designed by committee piece of software It was also written by experts who wrote most of the time for themselves making it very difficult for nonexperts to make any headway Yet look through the entire article and see what has been said that is even remotely negative about Linux Theres very little there    <SPLIT><SPLIT> Wikipedia is not about presenting points of view its about providing info from reliable source I dont see you presenting any reliable source for inclusion only an irrelevant personal opinion As for so bad that theyre having trouble giving it away for free thats a misconception First of all there are million of users so I dont see it as a big problem second not everybody needs Linux and of course because Microsoft monopoly many programs are available only for Windows most of the people are interested in programs not in operating systems  however this plain fact doesnt have tell anything about how bad or how good an operating system is Oh by the way if you think you found a platform in the talk page let me disappoint you not many people read it usually only editors of the page and editors usually know a bit about operating systems Oh and by the way many people who use Linux can get Windows for free they still dont use it what does tell you But since you are the one doing the complain here what specific thing in the article is presented in too positive light Im curious","Biased article  <SPLIT><SPLIT> This whole article seems very proLinux to me Lets remember Linux is so bad that theyre having trouble giving it away for free with the majority of computer uses preferring to pay money for other OSes It was written by tens of thousands of different people all having their own idea over whats best making it the ultimate designed by committee piece of software It was also written by experts who wrote most of the time for themselves making it very difficult for nonexperts to make any headway Yet look through the entire article and see what has been said that is even remotely negative about Linux Theres very little there    <SPLIT><SPLIT> Wikipedia is not about presenting points of view its about providing info from reliable source I dont see you presenting any reliable source for inclusion only an irrelevant personal opinion As for so bad that theyre having trouble giving it away for free thats a misconception First of all there are million of users so I dont see it as a big problem second not everybody needs Linux and of course because Microsoft monopoly many programs are available only for Windows most of the people are interested in programs not in operating systems  however this plain fact doesnt have tell anything about how bad or how good an operating system is Oh by the way if you think you found a platform in the talk page let me disappoint you not many people read it usually only editors of the page and editors usually know a bit about operating systems Oh and by the way many people who use Linux can get Windows for free they still dont use it what does tell you But since you are the one doing the complain here what specific thing in the article is presented in too positive light Im curious",0.0032520294189453125,0.0032520294189453125,0,0,0,1,"Failed"
"In your latest unblock request you dont deny that your were vandalising via a sockpuppet account and you vaguely seem to be implying that you admit it However you stop short of actually saying that you did To be absolutely clear can you explicitly state whether you still claim that it was another person using your computer or whether it was in fact you","In your latest unblock request you dont deny that your were vandalising via a sockpuppet account and you vaguely seem to be implying that you admit it However you stop short of actually saying that you did To be absolutely clear can you explicitly state whether you still claim that it was another person using your computer or whether it was in fact you",0.004560112953186035,0.004560112953186035,0,0,0,1,"Failed"
"FYI Sarah777 is removing the phrase is one of the administrative counties of the Republic of Ireland and from al County articles Ive been restoring them    <SPLIT><SPLIT> There was an agreement for its removal i thought","FYI Sarah777 is removing the phrase is one of the administrative counties of the Republic of Ireland and from al County articles Ive been restoring them    <SPLIT><SPLIT> There was an agreement for its removal i thought",0.0002288222312927246,0.0002288222312927246,0,0,0,1,"Failed"
"I personally dont have any problem with the number of images but if were going to get rid of any I vote for grey humanvulva femisa in that order I think the Clitoris Inner Anatomy and Saravulva images are the most useful the humanvulva is the most useless the  and the grey is the most gross","I personally dont have any problem with the number of images but if were going to get rid of any I vote for grey humanvulva femisa in that order I think the Clitoris Inner Anatomy and Saravulva images are the most useful the humanvulva is the most useless the  and the grey is the most gross",0.006837129592895508,0.006837129592895508,0,0,0,1,"Failed"
"PNAS  <SPLIT><SPLIT> It would have been more helpful if you had read WPMEDRS fully before leaving a message on my talkpage PNAS is indeed a highquality journal and heavily cited in the scientific community but that doesnt make it an ideal source from the perspective of a general purpose encyclopedia Clearly the study in question does a lot in explaining that the effects of thyroid hormones may actually be mediated by autonomous nervous system activity But it is together with PMID 18182466 a very early study into this phenomenon It would need to be reproduced perhaps in different models before becoming suitable for inclusion into a general encyclopedia In such a case it would be much preferable to cite a secondary source eg a review or a textbook chapter that puts this interesting study in a wider perspective <SPLIT><SPLIT> I hope this clarifies matters Please have a look at WPMEDRS again and let me know if there are any outstanding issues","PNAS  <SPLIT><SPLIT> It would have been more helpful if you had read WPMEDRS fully before leaving a message on my talkpage PNAS is indeed a highquality journal and heavily cited in the scientific community but that doesnt make it an ideal source from the perspective of a general purpose encyclopedia Clearly the study in question does a lot in explaining that the effects of thyroid hormones may actually be mediated by autonomous nervous system activity But it is together with PMID 18182466 a very early study into this phenomenon It would need to be reproduced perhaps in different models before becoming suitable for inclusion into a general encyclopedia In such a case it would be much preferable to cite a secondary source eg a review or a textbook chapter that puts this interesting study in a wider perspective <SPLIT><SPLIT> I hope this clarifies matters Please have a look at WPMEDRS again and let me know if there are any outstanding issues",0.00019162893295288086,0.00019162893295288086,0,0,0,1,"Failed"
"What is the relevance of this article Why is this man relevant to the wikipedia Someone give me a fucking explanation","What is the relevance of this article Why is this man relevant to the wikipedia Someone give me a fucking explanation",0.9940415620803833,0.9940415620803833,1,1,0,1,"Skipped"
"WHAT IS WRONG WITH YOU YOU STUPID GOD DAMN FOOLS  I DID NOT COME HERE TO RESEARCH THE SCIENTIFIC BACKGROUND OF CHERENKOV EFFECT I CAME HERE TO OBSERVE ITS BEAUTY","WHAT IS WRONG WITH YOU YOU STUPID GOD DAMN FOOLS  I DID NOT COME HERE TO RESEARCH THE SCIENTIFIC BACKGROUND OF CHERENKOV EFFECT I CAME HERE TO OBSERVE ITS BEAUTY",0.03868836164474487,0.03868836164474487,1,1,1,1,"Failed"
"Hussite  <SPLIT><SPLIT> Hussites arent mentioned","Hussite  <SPLIT><SPLIT> Hussites arent mentioned",0.011234283447265625,0.011234283447265625,0,0,0,1,"Failed"
"Additionally as Shereth pointed out it was decided back in August of 2009 that it meet WPTHE and the The should be included but UserEustress moved it without discussion in 2011  It should be moved back","Additionally as Shereth pointed out it was decided back in August of 2009 that it meet WPTHE and the The should be included but UserEustress moved it without discussion in 2011  It should be moved back",0.00022524595260620117,0.00022524595260620117,0,0,0,1,"Failed"
"See the article American and British English differences to see why I did not make a spelling mistake and why you look pretty dumb right now","See the article American and British English differences to see why I did not make a spelling mistake and why you look pretty dumb right now",0.4380553364753723,0.4380553364753723,0,0,0,1,"Failed"
"What kind of evidence outside of the Bible would you like <SPLIT> Historical accounts from non believers <SPLIT> You wouldnt think thats an easy thing to find because as you know nonbelievers arent likely to write accounts of things they dont believe in theyre much more likely to ignore them or try to pretend they never happened  and yet weve already listed all the historical accounts by nonbelievers in the article we could possibly find and its still apparently not enough for you <SPLIT>  So what kind of evidence exactly were you hoping for","What kind of evidence outside of the Bible would you like <SPLIT> Historical accounts from non believers <SPLIT> You wouldnt think thats an easy thing to find because as you know nonbelievers arent likely to write accounts of things they dont believe in theyre much more likely to ignore them or try to pretend they never happened  and yet weve already listed all the historical accounts by nonbelievers in the article we could possibly find and its still apparently not enough for you <SPLIT>  So what kind of evidence exactly were you hoping for",0.0006947517395019531,0.0006947517395019531,0,0,0,1,"Failed"
"LET US DEVELOP OUR OWN POLITICAL SYSTEM THE ROTARY SYSTEM   <SPLIT><SPLIT>   This is a suggestion worth considering by all who have the interest of the whole of Ghana at heart This has been designed to be nonpartisan as possible and some of the reasons for any unusual proposition will be stated It is very important to note that this is only a sketch and your suggestions be it critical or appraisal will help develop this laymans idea   <SPLIT>    The system consists of the following bodies or arms of government  <SPLIT>          <SPLIT> 1 	 THE SUPREME COUNCIL OF STATE SCS   <SPLIT> 2 	 POLITICAL PARTIES  <SPLIT> 3 	 LOCAL GOVERNMENT   <SPLIT> 4 	 THE JUDICIARY and  <SPLIT> 5 	  THE MEDIA                     <SPLIT><SPLIT> 1 	 The SUPREME COUNCIL of STATE SCS will be made up of both elected and unelected citizens You can suggest which kind of people to constitute this body once you know my proposed function for it They will act as the board of governors and trustees on behalf of the people of Ghana The SCS will be responsible for drawing up and reviewing a long term Developmental Plan for Ghana They will also be responsible for setting achievable targets for a ruling political party This will be understood more under Political Parties in the next paragraph The SCS will also evaluate the ruling party to determine their performance hence their term of office This body will also be responsible for investigating corruption and abuse of office allegations against any political party in or out of power and possible legal action on behalf of the people of Ghana This body will not be fulltime It will meet only a few times in a year and should be completely independent from all the other bodies Its remuneration will be determined by the fully elected local government and not by the president or a political party In my opinion as a layman some of the expects who should be members of this very august body are as follows The head of the Institute of Economic Affairs Vice Chancellors The Audit Commissioner Auditor General Head of the Ghana Bar Association and at least one head from a Ghana based human rights organisation or The Commissioner for Human Rights and Administrative Justice The head of the TUC may be included In this case the president should not have exclusive right to appoint any of the above positions The elected members of the Supreme Council of State should be ten 10 one 1 from each of the ten 10 regions of the country as is currently done to the council of state These ten directly elected members would also be the MAYORS of their respective regions Please make suggestions as to the functions and memberships of this body and even its name These members will serve for as long as they are elected as mayors The experts should also serve for as long as they hold their various offices that propelled them to the SCS  <SPLIT><SPLIT>  <SPLIT> 2 	 The POLITICAL PARTIES will be formed to exclude the active members of the current mostly tribal and ethnic based parties How You help me here Any suggestions are welcome I suggest three 3 political parties which will take turns to run the affairs of the state They will act as contractors or temporary workers for the people of Ghana employed by the SCS our board of governors or trustees The parties choose their own leader in accordance to a set criteria or qualifications and vetted by the SCS The chosen leader will be our president when that party assumes office A party in power will have to work towards set targets instead of towards winning elections The targets are set by our board of governors the SCS at the start of a term of office The targets may include GDP employment export school enrolment inflation law and order human rights food production health care etc They will also propose laws legislation to be debated on by the directly elected local government office holders ie MCEs DCEs and the MAYORS regionally elected members of the SCS The parties will also have strong presence in all the regions A ruling party will appoint a member to each Metropolitan Municipal or District Assembly These political appointees will act as liaison officers between the Executive and the Local Assemblies This is not an executive position They will take part in debates and discussions but will have no vote They will be on the pay roll of the Ministry of Local Government and should not be paid more than the average pay of a headmaster of a local JSS <SPLIT>               Very importantly the length of term of office will be determined by the performance of a ruling party The performance will be measured against the set targets I propose a standard term length of FIVE 5 years This means that if a party in power meets the target set for it by the SCS at the start of its term they rule for 5 years before making way for the next party in line If at the end of a 5","LET US DEVELOP OUR OWN POLITICAL SYSTEM THE ROTARY SYSTEM   <SPLIT><SPLIT>   This is a suggestion worth considering by all who have the interest of the whole of Ghana at heart This has been designed to be nonpartisan as possible and some of the reasons for any unusual proposition will be stated It is very important to note that this is only a sketch and your suggestions be it critical or appraisal will help develop this laymans idea   <SPLIT>    The system consists of the following bodies or arms of government  <SPLIT>          <SPLIT> 1 	 THE SUPREME COUNCIL OF STATE SCS   <SPLIT> 2 	 POLITICAL PARTIES  <SPLIT> 3 	 LOCAL GOVERNMENT   <SPLIT> 4 	 THE JUDICIARY and  <SPLIT> 5 	  THE MEDIA                     <SPLIT><SPLIT> 1 	 The SUPREME COUNCIL of STATE SCS will be made up of both elected and unelected citizens You can suggest which kind of people to constitute this body once you know my proposed function for it They will act as the board of governors and trustees on behalf of the people of Ghana The SCS will be responsible for drawing up and reviewing a long term Developmental Plan for Ghana They will also be responsible for setting achievable targets for a ruling political party This will be understood more under Political Parties in the next paragraph The SCS will also evaluate the ruling party to determine their performance hence their term of office This body will also be responsible for investigating corruption and abuse of office allegations against any political party in or out of power and possible legal action on behalf of the people of Ghana This body will not be fulltime It will meet only a few times in a year and should be completely independent from all the other bodies Its remuneration will be determined by the fully elected local government and not by the president or a political party In my opinion as a layman some of the expects who should be members of this very august body are as follows The head of the Institute of Economic Affairs Vice Chancellors The Audit Commissioner Auditor General Head of the Ghana Bar Association and at least one head from a Ghana based human rights organisation or The Commissioner for Human Rights and Administrative Justice The head of the TUC may be included In this case the president should not have exclusive right to appoint any of the above positions The elected members of the Supreme Council of State should be ten 10 one 1 from each of the ten 10 regions of the country as is currently done to the council of state These ten directly elected members would also be the MAYORS of their respective regions Please make suggestions as to the functions and memberships of this body and even its name These members will serve for as long as they are elected as mayors The experts should also serve for as long as they hold their various offices that propelled them to the SCS  <SPLIT><SPLIT>  <SPLIT> 2 	 The POLITICAL PARTIES will be formed to exclude the active members of the current mostly tribal and ethnic based parties How You help me here Any suggestions are welcome I suggest three 3 political parties which will take turns to run the affairs of the state They will act as contractors or temporary workers for the people of Ghana employed by the SCS our board of governors or trustees The parties choose their own leader in accordance to a set criteria or qualifications and vetted by the SCS The chosen leader will be our president when that party assumes office A party in power will have to work towards set targets instead of towards winning elections The targets are set by our board of governors the SCS at the start of a term of office The targets may include GDP employment export school enrolment inflation law and order human rights food production health care etc They will also propose laws legislation to be debated on by the directly elected local government office holders ie MCEs DCEs and the MAYORS regionally elected members of the SCS The parties will also have strong presence in all the regions A ruling party will appoint a member to each Metropolitan Municipal or District Assembly These political appointees will act as liaison officers between the Executive and the Local Assemblies This is not an executive position They will take part in debates and discussions but will have no vote They will be on the pay roll of the Ministry of Local Government and should not be paid more than the average pay of a headmaster of a local JSS <SPLIT>               Very importantly the length of term of office will be determined by the performance of a ruling party The performance will be measured against the set targets I propose a standard term length of FIVE 5 years This means that if a party in power meets the target set for it by the SCS at the start of its term they rule for 5 years before making way for the next party in line If at the end of a 5",0.0003553628921508789,0.0003553628921508789,0,0,0,1,"Failed"
"No No dont go home yet I just got you this CGI IRC client Itll work right away","No No dont go home yet I just got you this CGI IRC client Itll work right away",0.0031796693801879883,0.0031796693801879883,0,0,0,1,"Failed"
"Son of a bitch <SPLIT><SPLIT> Hey you fucking neoNazi murkin son of a bitch FUck you Get the fuck out of this country or move to US of fucking A you motherfucker  <SPLIT><SPLIT> PS <SPLIT><SPLIT> Dont let the door hit your ass on the fucking way out you fucking bushite","Son of a bitch <SPLIT><SPLIT> Hey you fucking neoNazi murkin son of a bitch FUck you Get the fuck out of this country or move to US of fucking A you motherfucker  <SPLIT><SPLIT> PS <SPLIT><SPLIT> Dont let the door hit your ass on the fucking way out you fucking bushite",0.0008633732795715332,0.0008633732795715332,1,1,1,1,"Failed"
"In fact I am thinking use of AIHA may have already opened the door","In fact I am thinking use of AIHA may have already opened the door",0.000568091869354248,0.000568091869354248,0,0,0,1,"Failed"
"Jake please read the following <SPLIT><SPLIT> I have some good friends who are obstetricians outside the military and they look at a foreskin and almost see a 125 price tag on it Each one is that much money Heck if you do 10 a week thats over 1000 a week and they dont take that much time <SPLIT><SPLIT> Now read this <SPLIT><SPLIT>  DrThomas Wiswell <SPLIT> quoted in the Boston Globe <SPLIT> June 22 1987 <SPLIT><SPLIT> As you can see the quote is referenced <SPLIT><SPLIT> Heres another reference from the website <SPLIT><SPLIT> Christopher J Mansfield William J Hueston Mary Rudy Neonatal circumcision associated factors and length of hospital stay Journal of Family Practice Volume 41 Number 4 Page 370376 October 1995 <SPLIT><SPLIT> Yes there is at least one link that doesnt work However there is a way o verify the information say about which states have a Medicaid subsidy for circumcision So i dont think that Circumstitions is as bad as you have painted it","Jake please read the following <SPLIT><SPLIT> I have some good friends who are obstetricians outside the military and they look at a foreskin and almost see a 125 price tag on it Each one is that much money Heck if you do 10 a week thats over 1000 a week and they dont take that much time <SPLIT><SPLIT> Now read this <SPLIT><SPLIT>  DrThomas Wiswell <SPLIT> quoted in the Boston Globe <SPLIT> June 22 1987 <SPLIT><SPLIT> As you can see the quote is referenced <SPLIT><SPLIT> Heres another reference from the website <SPLIT><SPLIT> Christopher J Mansfield William J Hueston Mary Rudy Neonatal circumcision associated factors and length of hospital stay Journal of Family Practice Volume 41 Number 4 Page 370376 October 1995 <SPLIT><SPLIT> Yes there is at least one link that doesnt work However there is a way o verify the information say about which states have a Medicaid subsidy for circumcision So i dont think that Circumstitions is as bad as you have painted it",0.0009713172912597656,0.0009713172912597656,0,0,0,1,"Failed"
"Ryan is one of the biggest spas in the world he also looks like a rat","Ryan is one of the biggest spas in the world he also looks like a rat",0.7604956030845642,0.7604956030845642,1,1,0,1,"Skipped"
"Hey  <SPLIT><SPLIT>  stylebackgroundcolor fdffe7 border 1px solid fceb92 <SPLIT> rowspan2 styleverticalalign middle padding 5px   <SPLIT> stylefontsize xlarge padding 3px 3px 0 3px height 15em  Thanks <SPLIT>  <SPLIT> styleverticalalign middle padding 3px  Hey BRO STOP MESSING WITH US","Hey  <SPLIT><SPLIT>  stylebackgroundcolor fdffe7 border 1px solid fceb92 <SPLIT> rowspan2 styleverticalalign middle padding 5px   <SPLIT> stylefontsize xlarge padding 3px 3px 0 3px height 15em  Thanks <SPLIT>  <SPLIT> styleverticalalign middle padding 3px  Hey BRO STOP MESSING WITH US",0.07265734672546387,0.07265734672546387,0,0,0,1,"Failed"
"POV and Patrick Haseldine <SPLIT> I have removed a bad case of POI namely Conspiracy theoryConspiracy theorist Patrick Haseldine This is opinion I have changed it to fact which is he was a diplomate","POV and Patrick Haseldine <SPLIT> I have removed a bad case of POI namely Conspiracy theoryConspiracy theorist Patrick Haseldine This is opinion I have changed it to fact which is he was a diplomate",0.0022464394569396973,0.0022464394569396973,0,0,0,1,"Failed"
"Im asking you to stop acting the fool","Im asking you to stop acting the fool",0.42027032375335693,0.42027032375335693,1,1,1,1,"Failed"
"Speedy deletion of Vanessa Romanelli <SPLIT>  A tag has been placed on Vanessa Romanelli requesting that it be speedily deleted from Wikipedia This has been done under section A7 of the criteria for speedy deletion because the article appears to be about a person or group of people but it does not indicate how or why the subject is notable that is why an article about that subject should be included in an encyclopedia Under the criteria for speedy deletion articles that do not indicate the subjects importance or significance may be deleted at any time Please see the guidelines for what is generally accepted as notable as well as our subjectspecific notability guideline for biographies  <SPLIT><SPLIT> If you think that this notice was placed here in error you may contest the deletion by adding  to the top of the page just below the existing speedy deletion or db tag coupled with adding a note on the talk page explaining your position but be aware that once tagged for speedy deletion if the article meets the criterion it may be deleted without delay Please do not remove the speedy deletion tag yourself but dont hesitate to add information to the article that would would render it more in conformance with Wikipedias policies and guidelines","Speedy deletion of Vanessa Romanelli <SPLIT>  A tag has been placed on Vanessa Romanelli requesting that it be speedily deleted from Wikipedia This has been done under section A7 of the criteria for speedy deletion because the article appears to be about a person or group of people but it does not indicate how or why the subject is notable that is why an article about that subject should be included in an encyclopedia Under the criteria for speedy deletion articles that do not indicate the subjects importance or significance may be deleted at any time Please see the guidelines for what is generally accepted as notable as well as our subjectspecific notability guideline for biographies  <SPLIT><SPLIT> If you think that this notice was placed here in error you may contest the deletion by adding  to the top of the page just below the existing speedy deletion or db tag coupled with adding a note on the talk page explaining your position but be aware that once tagged for speedy deletion if the article meets the criterion it may be deleted without delay Please do not remove the speedy deletion tag yourself but dont hesitate to add information to the article that would would render it more in conformance with Wikipedias policies and guidelines",0.00020939111709594727,0.00020939111709594727,0,0,0,1,"Failed"
"I use twinkle but where is warn option i can see only more rollback buttons","I use twinkle but where is warn option i can see only more rollback buttons",0.0003591775894165039,0.0003591775894165039,0,0,0,1,"Failed"
"Thanks for linking all those templates I think I can find something in there to work just fine If I get the chance Ill look into your template ideas though I might need to get some help","Thanks for linking all those templates I think I can find something in there to work just fine If I get the chance Ill look into your template ideas though I might need to get some help",0.00019353628158569336,0.00019353628158569336,0,0,0,1,"Failed"
"I deleted the unsubstantiated section about TII having taken money from tobacco companies That section had two sources the book Merchants of Doubt and a pdf of an article titled Smoke and Mirrors The Tobacco Industrys Influence on the Phony Grassroots Campaign for Liability Limits  I have read and searched through Merchants of Doubt and there is zero mention in it about tobacco donations to TII  The Smoke and Mirrors article says The Independent Institute published a study opposing cigarette taxes while taking money from several major tobacco firms Their source for this is Americans for Nonsmokers Rights Tobacco Industry Front Groups October 11 1995  However there is no link to this source or way to find it online so there is no way of verifying it or finding out what it is based on so it is heresay  Wikipedia should certainly not post that TII took tobacco donations until a verifiable primary source can be found to back it up  Even if such a source does exist the relevance of posting about tobacco donations is dubious  Even if TII had taken donations from the tobacco industry in the 90s that is hardly notable in the context of a multimillion dollar organization that has taken donations from thousands of sources over the years","I deleted the unsubstantiated section about TII having taken money from tobacco companies That section had two sources the book Merchants of Doubt and a pdf of an article titled Smoke and Mirrors The Tobacco Industrys Influence on the Phony Grassroots Campaign for Liability Limits  I have read and searched through Merchants of Doubt and there is zero mention in it about tobacco donations to TII  The Smoke and Mirrors article says The Independent Institute published a study opposing cigarette taxes while taking money from several major tobacco firms Their source for this is Americans for Nonsmokers Rights Tobacco Industry Front Groups October 11 1995  However there is no link to this source or way to find it online so there is no way of verifying it or finding out what it is based on so it is heresay  Wikipedia should certainly not post that TII took tobacco donations until a verifiable primary source can be found to back it up  Even if such a source does exist the relevance of posting about tobacco donations is dubious  Even if TII had taken donations from the tobacco industry in the 90s that is hardly notable in the context of a multimillion dollar organization that has taken donations from thousands of sources over the years",0.0003216266632080078,0.0003216266632080078,0,0,0,1,"Failed"
"No do not put in that hes a pedophile","No do not put in that hes a pedophile",0.8615499138832092,0.8615499138832092,1,1,0,1,"Skipped"
"Hi  <SPLIT><SPLIT> Hey I have just discovered Wikipedia Your article on the Mandolon Concerto had impressed me because I am in the orquestra at my high school I decided to come along to congratulate the creator of that article and seeing that you are upset because a few petty other users decided to reject you over ancient history  I agree with Alf too dont let the bastards grind you down not to keep you down   especially as you are a gifted editor <SPLIT><SPLIT> They were stupid in my opinion I mean you speak three languages and contributed here hundreds of times without incident but look at virtually trivial things that should not discriminate you  After seeing that I decided not to become an editor on this site because I see it is entirely to stressful  I hope youll have a better time on the Portuguese or spanish sites people from those areas seem to be a bit more friendly any way  Bye  Danny Matthews","Hi  <SPLIT><SPLIT> Hey I have just discovered Wikipedia Your article on the Mandolon Concerto had impressed me because I am in the orquestra at my high school I decided to come along to congratulate the creator of that article and seeing that you are upset because a few petty other users decided to reject you over ancient history  I agree with Alf too dont let the bastards grind you down not to keep you down   especially as you are a gifted editor <SPLIT><SPLIT> They were stupid in my opinion I mean you speak three languages and contributed here hundreds of times without incident but look at virtually trivial things that should not discriminate you  After seeing that I decided not to become an editor on this site because I see it is entirely to stressful  I hope youll have a better time on the Portuguese or spanish sites people from those areas seem to be a bit more friendly any way  Bye  Danny Matthews",0.08927410840988159,0.08927410840988159,0,0,0,1,"Failed"
"Re3RR  <SPLIT><SPLIT> I have not violated 3RR and have explained myself on the talk page of the article I applaud your concern However I do not feel that such a serious warning was necessary Could you please kindly remove the warning from my page Thanks","Re3RR  <SPLIT><SPLIT> I have not violated 3RR and have explained myself on the talk page of the article I applaud your concern However I do not feel that such a serious warning was necessary Could you please kindly remove the warning from my page Thanks",0.00038737058639526367,0.00038737058639526367,0,0,0,1,"Failed"
"Which would suck Royally Mind you none of my restorations have actually passed Commons FPC","Which would suck Royally Mind you none of my restorations have actually passed Commons FPC",0.6162579655647278,0.6162579655647278,1,1,0,1,"Skipped"
"I would agree the article is too long winded and reads more as a game guide than an encyclopaedic article however the issue lies that there is information contained within that I certainly believe belongs in an encyclopaedia the EVE Online article is to large as it stands and continues to grow What I dont want to see is this page being summarised and added back to EVE Online what I would like to see is this page turned into a high quality article How to go about that I am not sure but I am certainly willing to discuss it","I would agree the article is too long winded and reads more as a game guide than an encyclopaedic article however the issue lies that there is information contained within that I certainly believe belongs in an encyclopaedia the EVE Online article is to large as it stands and continues to grow What I dont want to see is this page being summarised and added back to EVE Online what I would like to see is this page turned into a high quality article How to go about that I am not sure but I am certainly willing to discuss it",0.00020807981491088867,0.00020807981491088867,0,0,0,1,"Failed"
"Re AfD List of Night Buses <SPLIT> My remarks on the article by definition cant be pearls of wisdom I would never put my pearls in the path of swine","Re AfD List of Night Buses <SPLIT> My remarks on the article by definition cant be pearls of wisdom I would never put my pearls in the path of swine",0.033477962017059326,0.033477962017059326,0,0,0,1,"Failed"
"Storm I caution you not to go too far down that road and to remember that our role is not to judge what is true but to confirm what can be verified  The Catholic Church successfully suppressed any exposure of child abuse by priests for decades  If there has not been a successful lawsuit yet against the West Ridge Academy that does not prove that nothing untoward has occurred  What it does mean is that we must be very circumspect about what we add to Wikipedia","Storm I caution you not to go too far down that road and to remember that our role is not to judge what is true but to confirm what can be verified  The Catholic Church successfully suppressed any exposure of child abuse by priests for decades  If there has not been a successful lawsuit yet against the West Ridge Academy that does not prove that nothing untoward has occurred  What it does mean is that we must be very circumspect about what we add to Wikipedia",0.0006806850433349609,0.0006806850433349609,0,0,0,1,"Failed"
"Update <SPLIT><SPLIT> The BNF clearly went to a bit of effort to add a long piece on all of the wonderful things they do However I took issue with the following <SPLIT><SPLIT> 1 Repetitive It kept hammering home the same lines over and over which made it sound suspiciously like advertising <SPLIT> 2 Biased tone It was written as though it is completely plain and obvious to all rightthinking persons that the BNF are lovely and benevolent and everything they do is perfectly wonderful and they are impugnable champions of pure science and reason In short it read like an advertising piece It was not written in an appropriate fashion for an encyclopedia article  <SPLIT> 3 References There were none Not a one And it had even done away with the references that were in places in the previous version","Update <SPLIT><SPLIT> The BNF clearly went to a bit of effort to add a long piece on all of the wonderful things they do However I took issue with the following <SPLIT><SPLIT> 1 Repetitive It kept hammering home the same lines over and over which made it sound suspiciously like advertising <SPLIT> 2 Biased tone It was written as though it is completely plain and obvious to all rightthinking persons that the BNF are lovely and benevolent and everything they do is perfectly wonderful and they are impugnable champions of pure science and reason In short it read like an advertising piece It was not written in an appropriate fashion for an encyclopedia article  <SPLIT> 3 References There were none Not a one And it had even done away with the references that were in places in the previous version",0.00039499998092651367,0.00039499998092651367,0,0,0,1,"Failed"
"There is no set policy  Whites are Caucasians the two words are interchangeable  But hey whatever floats your boat","There is no set policy  Whites are Caucasians the two words are interchangeable  But hey whatever floats your boat",0.019586503505706787,0.019586503505706787,0,0,0,1,"Failed"
"Must be some vandalizer that escaped any notice I hate vandalizers They make everything ugly","Must be some vandalizer that escaped any notice I hate vandalizers They make everything ugly",0.7026450634002686,0.7026450634002686,1,1,0,1,"Skipped"
"I am using Fire Island wireless An isp avail at my beach house","I am using Fire Island wireless An isp avail at my beach house",0.0018305778503417969,0.0018305778503417969,0,0,0,1,"Failed"
"MfD nomination of  <SPLIT>  a page you substantially contributed to has been nominated for deletion Your opinions on the matter are welcome please participate in the discussion by adding your comments at WikipediaMiscellany for deletionUserBrownginger  and please be sure to sign your comments with four tildes   You are free to edit the content of  during the discussion but should not remove the miscellany for deletion template from the top of the page such a removal will not end the deletion discussion  Thank you","MfD nomination of  <SPLIT>  a page you substantially contributed to has been nominated for deletion Your opinions on the matter are welcome please participate in the discussion by adding your comments at WikipediaMiscellany for deletionUserBrownginger  and please be sure to sign your comments with four tildes   You are free to edit the content of  during the discussion but should not remove the miscellany for deletion template from the top of the page such a removal will not end the deletion discussion  Thank you",0.00018900632858276367,0.00018900632858276367,0,0,0,1,"Failed"
"24 March 2007 UTC <SPLIT><SPLIT>  I was referencing OWN as an example of poor behaviour not asserting that this was in actuality the improper modus operandi of those here opposed Though its certainly a likelihood Again the remove first discuss later approach is prejudicial  0111","24 March 2007 UTC <SPLIT><SPLIT>  I was referencing OWN as an example of poor behaviour not asserting that this was in actuality the improper modus operandi of those here opposed Though its certainly a likelihood Again the remove first discuss later approach is prejudicial  0111",0.0005887746810913086,0.0005887746810913086,0,0,0,1,"Failed"
"Milosovich would make an absolute foolliar of the prosecutors followed by a delay <SPLIT> I think that this sentence say it all The process was a farce","Milosovich would make an absolute foolliar of the prosecutors followed by a delay <SPLIT> I think that this sentence say it all The process was a farce",0.028293728828430176,0.028293728828430176,0,0,0,1,"Failed"
"If we go by your defination  <SPLIT><SPLIT> then osama bin laden is also a militant and not a terrorist   right  a terrorist is a terrorist  not a a millitant  <SPLIT><SPLIT> so you can go and read some more about it","If we go by your defination  <SPLIT><SPLIT> then osama bin laden is also a militant and not a terrorist   right  a terrorist is a terrorist  not a a millitant  <SPLIT><SPLIT> so you can go and read some more about it",0.02388662099838257,0.02388662099838257,0,0,0,1,"Failed"
"Please do not vandalize pages as you did with this edit to User talkGerald GMoney If you continue to do so you will be blocked from editing","Please do not vandalize pages as you did with this edit to User talkGerald GMoney If you continue to do so you will be blocked from editing",0.00026291608810424805,0.00026291608810424805,0,0,0,1,"Failed"
"So indeed would I  But I doubt if there is any settled English terminology especially since there are only eight of them some with very few Catholics and none located in an Englishspeaking country  Sources do speak about some individual ordinariate or other capitalizing its name but any that speak about them in the plural must be extremely rare","So indeed would I  But I doubt if there is any settled English terminology especially since there are only eight of them some with very few Catholics and none located in an Englishspeaking country  Sources do speak about some individual ordinariate or other capitalizing its name but any that speak about them in the plural must be extremely rare",0.00042873620986938477,0.00042873620986938477,0,0,0,1,"Failed"
"This page is horribly written and full of opinions and inaccurate facts It needs major attention","This page is horribly written and full of opinions and inaccurate facts It needs major attention",0.03258424997329712,0.03258424997329712,0,0,0,1,"Failed"
"ImageStewartcorporategifgif listed for deletion  <SPLIT><SPLIT>  An image or media file that you uploaded or altered ImageStewartcorporategifgif has been listed at WikipediaImages and media for deletion Please look there to see why this is you may have to search for the title of the image to find its entry if you are interested in it not being deleted Thank you","ImageStewartcorporategifgif listed for deletion  <SPLIT><SPLIT>  An image or media file that you uploaded or altered ImageStewartcorporategifgif has been listed at WikipediaImages and media for deletion Please look there to see why this is you may have to search for the title of the image to find its entry if you are interested in it not being deleted Thank you",0.00018447637557983398,0.00018447637557983398,0,0,0,1,"Failed"
"Norwegian Academy of Science Speedy <SPLIT> I saw that you speedied the Norwegian Academy of Science page  It appears that the author removed the mark I am still unclear as to what they were up to but it seems to be a legit organization which Wikipedia should probably have  I went ahead and redirected to Norwegian Academy of Science and Letters which I created as a short stub the official name seems to include and letters but did not restore the deletion mark  As a relative newcommer to Wikipedia I am not sure if protocol demands restoring it or if we can leave it be  I did mention it to the  the creating author who approves as well  But since you nominated it I wanted to check in with you  Many thanks","Norwegian Academy of Science Speedy <SPLIT> I saw that you speedied the Norwegian Academy of Science page  It appears that the author removed the mark I am still unclear as to what they were up to but it seems to be a legit organization which Wikipedia should probably have  I went ahead and redirected to Norwegian Academy of Science and Letters which I created as a short stub the official name seems to include and letters but did not restore the deletion mark  As a relative newcommer to Wikipedia I am not sure if protocol demands restoring it or if we can leave it be  I did mention it to the  the creating author who approves as well  But since you nominated it I wanted to check in with you  Many thanks",0.00020772218704223633,0.00020772218704223633,0,0,0,1,"Failed"
"GA Review <SPLIT><SPLIT> This review is transcluded from TalkRalph PattGA1 The edit link for this section can be used to add comments to the review <SPLIT><SPLIT> Reviewer      <SPLIT><SPLIT> Hello Over the next couple days I will go over Ralph Patt to determine if it meets the good article criteria During that time I will make minor copyedits and fixes to the page to help clean it up to pass this nomination After I am done I will reply here with an assessment and some recommendations Good luck","GA Review <SPLIT><SPLIT> This review is transcluded from TalkRalph PattGA1 The edit link for this section can be used to add comments to the review <SPLIT><SPLIT> Reviewer      <SPLIT><SPLIT> Hello Over the next couple days I will go over Ralph Patt to determine if it meets the good article criteria During that time I will make minor copyedits and fixes to the page to help clean it up to pass this nomination After I am done I will reply here with an assessment and some recommendations Good luck",0.00020056962966918945,0.00020056962966918945,0,0,0,1,"Failed"
"Id be surprised That source is three years old at the time of writing this and I havent heard anything since It would be quite hard to come up with a good sequel to a film like this <SPLIT><SPLIT> Scene with the Helicopters <SPLIT><SPLIT> I was going to mention the fact that when the three helicopters go down over Scotland the temperatures necessary to freeze it have no noticable effect on the soliders inside they only freeze when they try and get out I am aware that this might be considered original research which is why I havnet included it as of now but I think it is pretty obviously true no ice forms on them and I think if you were in conditions in which your entire chopper was being turned into ice some of it would get on you So what do you guys think","Id be surprised That source is three years old at the time of writing this and I havent heard anything since It would be quite hard to come up with a good sequel to a film like this <SPLIT><SPLIT> Scene with the Helicopters <SPLIT><SPLIT> I was going to mention the fact that when the three helicopters go down over Scotland the temperatures necessary to freeze it have no noticable effect on the soliders inside they only freeze when they try and get out I am aware that this might be considered original research which is why I havnet included it as of now but I think it is pretty obviously true no ice forms on them and I think if you were in conditions in which your entire chopper was being turned into ice some of it would get on you So what do you guys think",0.0020394325256347656,0.0020394325256347656,0,0,0,1,"Failed"
"Show structure Audience Humor Mocking social groups and only it in for the capitalism  <SPLIT><SPLIT> I have only seen 12 episodes of this show I do not know how people can consume this shit every single day or week as if it were they drinking milk from a bowl of a cereal that is rotting away  <SPLIT><SPLIT> I dont want to be an inconsiderate asshole but you cannot be serious Its all for the mockery of nerd and geeks Sure I will say that 510 of the stereotypical nerds and geeks are in fact what they  say in the show is true For example comic books computers video games they do not want to be tardy even 1 minute to a class and they ALWAYS want to right on every math assignment  if they miss one  they cry They have OCD Aspergers Autism or any disability CBS knows this even Viacom and Chuck Lorre shows this applies to Two and a Half Men They both have terrible shows and the worse plots out there for the cause for exploitation  <SPLIT><SPLIT> The audience is completely rigged if it was real for an audience which is terrible for what theyre doing The audience gets paid by all of these television producers corporations CBS Viacom and agencies know that comedy is easy to rig I would call that forced humor they get paid so much to laugh at everything they consider humor a commodity If it wasnt realit would be clearly evident that theyre using a laugh track However the fans ARE laughing and theyre not being paid at it and some of the people do not comprehend the jokes at all Which I find bullshit All of the references are to Halo Star Wars SpiderMan Sonic Star Trek basic physics and too much references to Einstein in the 12 episodes that I had watched  <SPLIT><SPLIT> Theyre mocking people who are a nerd woman dumb blonde blond people from NebraskaMidwest engineer its easy to do and they think they know everything physicists IndianAsian AspergersAutism OCD and etc If can remember theyre even mocking people who are better because Im a physicistscientist and if you are writer or a musician youre work is therefore shit The nerdgeek stereotype is easy to do on television just equal to that of the dumb blonde stereotype which I find disgusting and degrading to everyone who is the real nerdgeek Even someone who is a blonde watching this show I would be fucking pissed and if youre watching this youre taking this because theyre mocking you if you are a dumb blonde YOU NEED to stop watching this If someone said My nerd side is out of my because I watch The Big Bang Theory First off your nerdy side was never was shown in the first place anyway so it doesnt necessarily matter youre following the crowd  like the heard mentally Secondly how is this show forwardthinking It has toilet humor that is beyond the level that is on television these days Youre not going to be a physicist if you watch this show the same applies to Frasier with getting your job in psychiatrist or Scrubs in the healthcaremedic field sadly only realistic I think or even The King of Queens will not make you a postman etc Theyre honestly mocking people for capitalism which the majority of the people are too fucking stupid to research independent DIY shows that are intelligent the same applies to music compared to finding it on the radio and on TV <SPLIT><SPLIT> How could people think that Bazinga is hilarious I have never understood that All is zing a witty remark in a negative manner and a Star Trek reference with the Klingon insult Bazinga And yes I love Star Trek and that is just bullshit in which all of these television writers are assuming its a original catchphrase  its not  they had stole it from one of their shows Star Trek from the 1960s They can use that material because its the corporation that made it and not Gene Roddenberrys intellectual property Even if people at school in my town or on social networks such as Facebook believe that such as a terrible writer John Green for example Im not I think that if a simple catchphrase which makes a show is bullshit such as Hey there Jack with Duck Dynasty when I was in high school six months ago You can say the same thing about half of television so what I could never get myself to watch both of Duck Dynasty and The Big Shit Theory because theyre both one of the worst shows on television as of right now","Show structure Audience Humor Mocking social groups and only it in for the capitalism  <SPLIT><SPLIT> I have only seen 12 episodes of this show I do not know how people can consume this shit every single day or week as if it were they drinking milk from a bowl of a cereal that is rotting away  <SPLIT><SPLIT> I dont want to be an inconsiderate asshole but you cannot be serious Its all for the mockery of nerd and geeks Sure I will say that 510 of the stereotypical nerds and geeks are in fact what they  say in the show is true For example comic books computers video games they do not want to be tardy even 1 minute to a class and they ALWAYS want to right on every math assignment  if they miss one  they cry They have OCD Aspergers Autism or any disability CBS knows this even Viacom and Chuck Lorre shows this applies to Two and a Half Men They both have terrible shows and the worse plots out there for the cause for exploitation  <SPLIT><SPLIT> The audience is completely rigged if it was real for an audience which is terrible for what theyre doing The audience gets paid by all of these television producers corporations CBS Viacom and agencies know that comedy is easy to rig I would call that forced humor they get paid so much to laugh at everything they consider humor a commodity If it wasnt realit would be clearly evident that theyre using a laugh track However the fans ARE laughing and theyre not being paid at it and some of the people do not comprehend the jokes at all Which I find bullshit All of the references are to Halo Star Wars SpiderMan Sonic Star Trek basic physics and too much references to Einstein in the 12 episodes that I had watched  <SPLIT><SPLIT> Theyre mocking people who are a nerd woman dumb blonde blond people from NebraskaMidwest engineer its easy to do and they think they know everything physicists IndianAsian AspergersAutism OCD and etc If can remember theyre even mocking people who are better because Im a physicistscientist and if you are writer or a musician youre work is therefore shit The nerdgeek stereotype is easy to do on television just equal to that of the dumb blonde stereotype which I find disgusting and degrading to everyone who is the real nerdgeek Even someone who is a blonde watching this show I would be fucking pissed and if youre watching this youre taking this because theyre mocking you if you are a dumb blonde YOU NEED to stop watching this If someone said My nerd side is out of my because I watch The Big Bang Theory First off your nerdy side was never was shown in the first place anyway so it doesnt necessarily matter youre following the crowd  like the heard mentally Secondly how is this show forwardthinking It has toilet humor that is beyond the level that is on television these days Youre not going to be a physicist if you watch this show the same applies to Frasier with getting your job in psychiatrist or Scrubs in the healthcaremedic field sadly only realistic I think or even The King of Queens will not make you a postman etc Theyre honestly mocking people for capitalism which the majority of the people are too fucking stupid to research independent DIY shows that are intelligent the same applies to music compared to finding it on the radio and on TV <SPLIT><SPLIT> How could people think that Bazinga is hilarious I have never understood that All is zing a witty remark in a negative manner and a Star Trek reference with the Klingon insult Bazinga And yes I love Star Trek and that is just bullshit in which all of these television writers are assuming its a original catchphrase  its not  they had stole it from one of their shows Star Trek from the 1960s They can use that material because its the corporation that made it and not Gene Roddenberrys intellectual property Even if people at school in my town or on social networks such as Facebook believe that such as a terrible writer John Green for example Im not I think that if a simple catchphrase which makes a show is bullshit such as Hey there Jack with Duck Dynasty when I was in high school six months ago You can say the same thing about half of television so what I could never get myself to watch both of Duck Dynasty and The Big Shit Theory because theyre both one of the worst shows on television as of right now",0.5261008143424988,0.5261008143424988,1,1,0,1,"Skipped"
"I dont know what to say The whole point is that by understanding what the factors involved in sport performance are concentration can be on those factors instead of on medical conditions Sports science makes functional classification possible","I dont know what to say The whole point is that by understanding what the factors involved in sport performance are concentration can be on those factors instead of on medical conditions Sports science makes functional classification possible",0.00019413232803344727,0.00019413232803344727,0,0,0,1,"Failed"
"AI <SPLIT> DHP  <SPLIT> Dynamic itemset counting","AI <SPLIT> DHP  <SPLIT> Dynamic itemset counting",0.0003597736358642578,0.0003597736358642578,0,0,0,1,"Failed"
"Why in blue fuck does Raiden have high heels on","Why in blue fuck does Raiden have high heels on",0.0015827417373657227,0.0015827417373657227,1,1,1,1,"Failed"
"Support with some reservations  Yes I think the wording as it currently stands should be removed in accordance with the latest available evidence However I think it needs to be replaced with something such as <SPLIT> The latest evidence suggests that ecigarettes are effective for smoking cessation Further evidence is required in order to clarify their efficacy relative to traditional Nicotine Replacement Therapies","Support with some reservations  Yes I think the wording as it currently stands should be removed in accordance with the latest available evidence However I think it needs to be replaced with something such as <SPLIT> The latest evidence suggests that ecigarettes are effective for smoking cessation Further evidence is required in order to clarify their efficacy relative to traditional Nicotine Replacement Therapies",0.00024944543838500977,0.00024944543838500977,0,0,0,1,"Failed"
"Ok  Im going to set the upper limit at about 10 then  Nobody older than that would be as immature as you  And please note the silent b in doubt  Just like the silent b in dumbass  Which is what you are for continuing to make a fool out of yourself","Ok  Im going to set the upper limit at about 10 then  Nobody older than that would be as immature as you  And please note the silent b in doubt  Just like the silent b in dumbass  Which is what you are for continuing to make a fool out of yourself",0.41677772998809814,0.41677772998809814,1,1,1,1,"Failed"
"Whole Buddist community Vs each sect in Christianity  Ridiculous   <SPLIT><SPLIT> There may be many sects in Buddhism But the percentage of total Buddhists is compared with each sect in Christianity This is just to give the impression that Buddhists are majority while they are not You should really show the graph like Percentage of Buddhists Vs Percentage of Christians","Whole Buddist community Vs each sect in Christianity  Ridiculous   <SPLIT><SPLIT> There may be many sects in Buddhism But the percentage of total Buddhists is compared with each sect in Christianity This is just to give the impression that Buddhists are majority while they are not You should really show the graph like Percentage of Buddhists Vs Percentage of Christians",0.01083463430404663,0.01083463430404663,0,0,0,1,"Failed"
"the name sucks","the name sucks",0.002272665500640869,0.002272665500640869,1,1,1,1,"Failed"
"hey Jkelly  <SPLIT><SPLIT> Jkelly dont put that stupid mongoloid comment in your article Northern European are a pure race It is stupid thing to say they have mongoloid ancestry","hey Jkelly  <SPLIT><SPLIT> Jkelly dont put that stupid mongoloid comment in your article Northern European are a pure race It is stupid thing to say they have mongoloid ancestry",0.12526649236679077,0.12526649236679077,1,1,1,1,"Failed"
"Help with the translation of a latin inscription  <SPLIT><SPLIT> We Randywombat Nirgtstallion and I who are not linguist any of us have been debating latin at TalkEuropeanConstitutionLatininscription and I would like to have your help on this if you could do that","Help with the translation of a latin inscription  <SPLIT><SPLIT> We Randywombat Nirgtstallion and I who are not linguist any of us have been debating latin at TalkEuropeanConstitutionLatininscription and I would like to have your help on this if you could do that",0.0008063912391662598,0.0008063912391662598,0,0,0,1,"Failed"
"Producer credit  <SPLIT><SPLIT> Ive added citation requests for the claims that the songwriter produced his own song instead of the band which the record labels state  Without the citation the individual producer credits will be removed from the song listings","Producer credit  <SPLIT><SPLIT> Ive added citation requests for the claims that the songwriter produced his own song instead of the band which the record labels state  Without the citation the individual producer credits will be removed from the song listings",0.0002060532569885254,0.0002060532569885254,0,0,0,1,"Failed"
"Thanks will try to get it in Pune","Thanks will try to get it in Pune",0.00021511316299438477,0.00021511316299438477,0,0,0,1,"Failed"
"Ive made my changes which hopefully are an improvement I kind of envisage the article ending up in three main parts The Dispute The Regatta and The Aftermath which currently only includes the LVTrophy series","Ive made my changes which hopefully are an improvement I kind of envisage the article ending up in three main parts The Dispute The Regatta and The Aftermath which currently only includes the LVTrophy series",0.0002117753028869629,0.0002117753028869629,0,0,0,1,"Failed"
"Photos  <SPLIT><SPLIT> Are there any pictures of Nureongi Dogs  osm20","Photos  <SPLIT><SPLIT> Are there any pictures of Nureongi Dogs  osm20",0.0020834803581237793,0.0020834803581237793,0,0,0,1,"Failed"
"Matmos  <SPLIT><SPLIT> HeyI saw you added some portals to Matmos today Would you happen to have any good sources for the article Im looking for some leads czar","Matmos  <SPLIT><SPLIT> HeyI saw you added some portals to Matmos today Would you happen to have any good sources for the article Im looking for some leads czar",0.0024048686027526855,0.0024048686027526855,0,0,0,1,"Failed"
"I just carefully reread the three articles referenced here Not one of them even remotely indicates one of the other major parties involved has a pretty dicey history herself as was claimed above","I just carefully reread the three articles referenced here Not one of them even remotely indicates one of the other major parties involved has a pretty dicey history herself as was claimed above",0.00023108720779418945,0.00023108720779418945,0,0,0,1,"Failed"
"Regarding your edits to Tailed Beasts","Regarding your edits to Tailed Beasts",0.0012583136558532715,0.0012583136558532715,0,0,0,1,"Failed"
"yall need to quit bitching about every thing holy shit go fuck someone and catch a fucking disease","yall need to quit bitching about every thing holy shit go fuck someone and catch a fucking disease",0.0008394718170166016,0.0008394718170166016,1,1,1,1,"Failed"
"Green eyes would thus be inherent in these populations if blue and brown are present Hardly needs to be separately mentioned when the two source colours already are","Green eyes would thus be inherent in these populations if blue and brown are present Hardly needs to be separately mentioned when the two source colours already are",0.00026875734329223633,0.00026875734329223633,0,0,0,1,"Failed"
"Everything stated here is the FACT it is like 11  2 do you need a source for that too are you people that stupid hello there is no Asian male doctors in this show this is a simple fact why do you need a source for that","Everything stated here is the FACT it is like 11  2 do you need a source for that too are you people that stupid hello there is no Asian male doctors in this show this is a simple fact why do you need a source for that",0.5899916291236877,0.5899916291236877,0,0,1,1,"Skipped"
"Both are about the same festival Very interestingly Krishna Janmaashtami gives a South Indian version little feet drawn with flour paste afaik is done only in the South Likewise Gokulashtami Sreekrishna jayanyti incorrectly mentioned in the article as Sree jayanti are terms used in the South Janmashtami  gives a northern perspective and how it is celebrated there Sounds confusing","Both are about the same festival Very interestingly Krishna Janmaashtami gives a South Indian version little feet drawn with flour paste afaik is done only in the South Likewise Gokulashtami Sreekrishna jayanyti incorrectly mentioned in the article as Sree jayanti are terms used in the South Janmashtami  gives a northern perspective and how it is celebrated there Sounds confusing",0.0006929636001586914,0.0006929636001586914,0,0,0,1,"Failed"
"Inadequate references for Suanmeitang  <SPLIT><SPLIT> I have been reluctant to participate in DYK lately because I perceive a decline in the quality of submissions as well as an over emphasis on DYK collecting The article Suanmeitang is an example of the type of article DYK editors should screen out Not only is it a translation by one editor of unknown accuracy and unchecked by another Chinesespeaking editor but its references are woefully inaccurate and do not pass WPV and WPRS These type of articles will result in a degradation of Wikipedia There are plenty of bad articles without encouraging people to produce them in order to rack up DYK points I hope you look into this so that DYK does not decline further Perhaps few DKYs per day would be better than having inadequately screened articles on the main page Regards","Inadequate references for Suanmeitang  <SPLIT><SPLIT> I have been reluctant to participate in DYK lately because I perceive a decline in the quality of submissions as well as an over emphasis on DYK collecting The article Suanmeitang is an example of the type of article DYK editors should screen out Not only is it a translation by one editor of unknown accuracy and unchecked by another Chinesespeaking editor but its references are woefully inaccurate and do not pass WPV and WPRS These type of articles will result in a degradation of Wikipedia There are plenty of bad articles without encouraging people to produce them in order to rack up DYK points I hope you look into this so that DYK does not decline further Perhaps few DKYs per day would be better than having inadequately screened articles on the main page Regards",0.0005148649215698242,0.0005148649215698242,0,0,0,1,"Failed"
"Should this article have a little something on when why and how Jobcentre became Jobcentre Plus","Should this article have a little something on when why and how Jobcentre became Jobcentre Plus",0.00023108720779418945,0.00023108720779418945,0,0,0,1,"Failed"
"Suck a dick assholes","Suck a dick assholes",0.0008445978164672852,0.0008445978164672852,1,1,1,1,"Failed"
"African American  <SPLIT> His mother is white his father is black and hes an African American what kind of bias one sided BS is wikipedia running he is not African American if he is then I am Native American because I have 2 NA in my blood not to mention the Irish scottish english german dutch african american etc I have in my blood","African American  <SPLIT> His mother is white his father is black and hes an African American what kind of bias one sided BS is wikipedia running he is not African American if he is then I am Native American because I have 2 NA in my blood not to mention the Irish scottish english german dutch african american etc I have in my blood",0.17669939994812012,0.17669939994812012,0,0,0,1,"Failed"
"You made a logic fallacy  you mixed the era of the speakers and readers and the era of the object being described For example when we talk about the Roman Empire we cant let the Roman Empire be contemporary instead we have to find how contemporary people describe the Roman Empire For the same reason we cannot let the ROC be contemporary its duration is 19122012 not 19492012 instead we investigate how contemporary people describe it Do you agree with this","You made a logic fallacy  you mixed the era of the speakers and readers and the era of the object being described For example when we talk about the Roman Empire we cant let the Roman Empire be contemporary instead we have to find how contemporary people describe the Roman Empire For the same reason we cannot let the ROC be contemporary its duration is 19122012 not 19492012 instead we investigate how contemporary people describe it Do you agree with this",0.0010692477226257324,0.0010692477226257324,0,0,0,1,"Failed"
"Honoured to be compared to a crazy old Spanish dude  only on Wikpedia","Honoured to be compared to a crazy old Spanish dude  only on Wikpedia",0.35253000259399414,0.35253000259399414,0,0,0,1,"Failed"
"Idiotic statement  <SPLIT> Those Parisians who stayed in the city found that in most cases the Germans were extremely well mannered227 <SPLIT> Were these the nice Nazis","Idiotic statement  <SPLIT> Those Parisians who stayed in the city found that in most cases the Germans were extremely well mannered227 <SPLIT> Were these the nice Nazis",0.051473915576934814,0.051473915576934814,1,1,1,1,"Failed"
"I dont understand this at all Laodah You put invisible markup in text thinking that this will prevent someone from changing it Guess what Bbb just did No there is no policy I think that says you cant do exactly what you were doing but we do have policies against disruption We also have a guideline on editors with a conflict of interestyour use of the first person plural suggests that you do","I dont understand this at all Laodah You put invisible markup in text thinking that this will prevent someone from changing it Guess what Bbb just did No there is no policy I think that says you cant do exactly what you were doing but we do have policies against disruption We also have a guideline on editors with a conflict of interestyour use of the first person plural suggests that you do",0.0006579756736755371,0.0006579756736755371,0,0,0,1,"Failed"
"Please try to make constructive contributions to Wikipedia instead of vandalizing pages like Toaster","Please try to make constructive contributions to Wikipedia instead of vandalizing pages like Toaster",0.012408733367919922,0.012408733367919922,0,0,0,1,"Failed"
"Your Love is My Drug  <SPLIT><SPLIT> Are you happy to pass the article Im satsified that it meets all that was asked of it and the user has added end date of Pop Songs","Your Love is My Drug  <SPLIT><SPLIT> Are you happy to pass the article Im satsified that it meets all that was asked of it and the user has added end date of Pop Songs",0.0024805665016174316,0.0024805665016174316,0,0,0,1,"Failed"
"Enjoy arguing that point on the Cold War page I doubt you will however Furthermore the US Courts have already stated that the Authorization to use Force resolution serves the purpose of a declaration of war","Enjoy arguing that point on the Cold War page I doubt you will however Furthermore the US Courts have already stated that the Authorization to use Force resolution serves the purpose of a declaration of war",0.0003058910369873047,0.0003058910369873047,0,0,0,1,"Failed"
"London bombings  <SPLIT><SPLIT> Do they qualify as accidents when there was clearly a terrorist motive","London bombings  <SPLIT><SPLIT> Do they qualify as accidents when there was clearly a terrorist motive",0.0009813308715820312,0.0009813308715820312,0,0,0,1,"Failed"
"Imbed Images  <SPLIT><SPLIT> <SPLIT> How can I embed images when I post questions I am unsure how the Imbed Image icon works","Imbed Images  <SPLIT><SPLIT> <SPLIT> How can I embed images when I post questions I am unsure how the Imbed Image icon works",0.0002637505531311035,0.0002637505531311035,0,0,0,1,"Failed"
"Pronunciation in Wikipedia is indicated using the International Phonetic Alphabet IPA WikipediaManual of Style pronunciation","Pronunciation in Wikipedia is indicated using the International Phonetic Alphabet IPA WikipediaManual of Style pronunciation",0.00020045042037963867,0.00020045042037963867,0,0,0,1,"Failed"
"To  I added references to her personal publications Womens Seclusion in the East by Amina Begum Inayat Khan The Sufi magazine No 3 Vol I Sept 1915 and Poems from Thy Rosary of a Hundred Beads a collection of poems written by Sharda Pirani Ameena Begum OraRay Inayat Khan Caravanseari magazine Canada November 1988 pp 3134 I know about other her publications during 19301960 but now I dont have precise data","To  I added references to her personal publications Womens Seclusion in the East by Amina Begum Inayat Khan The Sufi magazine No 3 Vol I Sept 1915 and Poems from Thy Rosary of a Hundred Beads a collection of poems written by Sharda Pirani Ameena Begum OraRay Inayat Khan Caravanseari magazine Canada November 1988 pp 3134 I know about other her publications during 19301960 but now I dont have precise data",0.00024050474166870117,0.00024050474166870117,0,0,0,1,"Failed"
"Heh thanks I really wasnt sure how much Id want to stick around Im still not really but for the time being Im enjoying doing little edits again Clearing my massive watchlist has helped with that  no more temptation to look at silly arguments and things I dont really care about Merry Christmas for tomorrow","Heh thanks I really wasnt sure how much Id want to stick around Im still not really but for the time being Im enjoying doing little edits again Clearing my massive watchlist has helped with that  no more temptation to look at silly arguments and things I dont really care about Merry Christmas for tomorrow",0.001628100872039795,0.001628100872039795,0,0,0,1,"Failed"
"Sorry about the crossedout comment I overlooked that you were referring to  and not v or v <SPLIT> Given that I dont have major objections c2","Sorry about the crossedout comment I overlooked that you were referring to  and not v or v <SPLIT> Given that I dont have major objections c2",0.0002964138984680176,0.0002964138984680176,0,0,0,1,"Failed"
"THX1138ReferencesinotherfilmsTHX1138 Ref in other films","THX1138ReferencesinotherfilmsTHX1138 Ref in other films",0.0002905726432800293,0.0002905726432800293,0,0,0,1,"Failed"
"OK TDC your quote  so please dont give me this tired bullshit that we are somehow driving Wikipedia to a right wing bias  read what I wrote again  I told the other two what Im afraid of is Wikipedia being at either extreme  What I worry about is people coming here on one day and seeing your horseshit and the next day seeing horseshit of the opposite color and credibility is already a big problem at wikipedia  I also aint powwowing with anyone I wont joining their agenda to get rid of you at least not until I think that youre hopeless <SPLIT>  faced with dozens of editors slugging through community college in their parents basement  Geez youre a shitty asshole  Nice thing to say about people who didnt have the sense to choose the right balls to get shot out of   <SPLIT> there are virtually none to do likewise in the virtual playground that the militant left has hereLook at the validity of my argument look at the comments from the Castroites and then tell me who is POV pushing and being uncivil  TDC thats exactly the problem with you  you cant even tell why people get mad at you  What Im seeing happen consistently is that you make an extreme edit to an article and then you whine when a leftist reverts your entire edit  And boy you get offensive about it much more offensive than anyone else and youre always the initiator of the shitslinging   <SPLIT> I understand your shoot for the stars to get the moon argument sorry if I misquote you but youd probably get more results by making edits that you actually think will stick  And then you have to lash out like a twoyearold when your edits are reverted  whatdahelldidjaexpect  Stop taking the reverts so personally <SPLIT> I know that you think that the admins are against you for political reasons but youre flatout wrong  Youd get more support from the WikiGods if they hadnt first noticed you giving up the higher terrain by being the most insulting person you can be  Its amazing that this isnt obvious to you     <SPLIT> I give myself 100 chance of remaining here long  I do hope you that are here for a long time just hopefully with a completely different personality  I know fat chance <SPLIT> A graduate of SERE  normally Id be impressed but since you pulled this out of your wideopen asshole at a time when it had no relevance to the topic at hand unless theyre now teaching political debate after insecteating your comment only clarifies the kind of person you are  an infantile braggart  You see yourself as some kind of oneman wrongy persecuted rebelheropatriot but you actually just made yourself look like the bully in a kids afteroon special or about as credible as a gansta rapper who sells his ass on the street when his homies arent around  Youre just frontin like youre hard but your reactions to anyone disagreeing with you are like that of a thinskinned selfconcious 12 year old girl","OK TDC your quote  so please dont give me this tired bullshit that we are somehow driving Wikipedia to a right wing bias  read what I wrote again  I told the other two what Im afraid of is Wikipedia being at either extreme  What I worry about is people coming here on one day and seeing your horseshit and the next day seeing horseshit of the opposite color and credibility is already a big problem at wikipedia  I also aint powwowing with anyone I wont joining their agenda to get rid of you at least not until I think that youre hopeless <SPLIT>  faced with dozens of editors slugging through community college in their parents basement  Geez youre a shitty asshole  Nice thing to say about people who didnt have the sense to choose the right balls to get shot out of   <SPLIT> there are virtually none to do likewise in the virtual playground that the militant left has hereLook at the validity of my argument look at the comments from the Castroites and then tell me who is POV pushing and being uncivil  TDC thats exactly the problem with you  you cant even tell why people get mad at you  What Im seeing happen consistently is that you make an extreme edit to an article and then you whine when a leftist reverts your entire edit  And boy you get offensive about it much more offensive than anyone else and youre always the initiator of the shitslinging   <SPLIT> I understand your shoot for the stars to get the moon argument sorry if I misquote you but youd probably get more results by making edits that you actually think will stick  And then you have to lash out like a twoyearold when your edits are reverted  whatdahelldidjaexpect  Stop taking the reverts so personally <SPLIT> I know that you think that the admins are against you for political reasons but youre flatout wrong  Youd get more support from the WikiGods if they hadnt first noticed you giving up the higher terrain by being the most insulting person you can be  Its amazing that this isnt obvious to you     <SPLIT> I give myself 100 chance of remaining here long  I do hope you that are here for a long time just hopefully with a completely different personality  I know fat chance <SPLIT> A graduate of SERE  normally Id be impressed but since you pulled this out of your wideopen asshole at a time when it had no relevance to the topic at hand unless theyre now teaching political debate after insecteating your comment only clarifies the kind of person you are  an infantile braggart  You see yourself as some kind of oneman wrongy persecuted rebelheropatriot but you actually just made yourself look like the bully in a kids afteroon special or about as credible as a gansta rapper who sells his ass on the street when his homies arent around  Youre just frontin like youre hard but your reactions to anyone disagreeing with you are like that of a thinskinned selfconcious 12 year old girl",0.7056304216384888,0.7056304216384888,1,1,0,1,"Skipped"
"I think it is required because it conveys information My objection to simply using the term tarot without qualification is that it hides information from the reader even when the context of the article is clear It is also biased in a sentence such as He taught the basics of tarot This sentence is very POV What constitutes the basics of tarot  If you dont like the term occult tarot an improvement might be He taught what he believed to be the basics of tarot I am on the same page with you though on proper linking so that is no longer an issue","I think it is required because it conveys information My objection to simply using the term tarot without qualification is that it hides information from the reader even when the context of the article is clear It is also biased in a sentence such as He taught the basics of tarot This sentence is very POV What constitutes the basics of tarot  If you dont like the term occult tarot an improvement might be He taught what he believed to be the basics of tarot I am on the same page with you though on proper linking so that is no longer an issue",0.00037550926208496094,0.00037550926208496094,0,0,0,1,"Failed"
"OK Im ignoring the post now too","OK Im ignoring the post now too",0.004494786262512207,0.004494786262512207,0,0,0,1,"Failed"
"Ratings template  <SPLIT><SPLIT> Hi Hope youre FA nomination is going well Im making a request to remove the subjective label aspect from the album ratings template page favorablemixed etc with a support or against kind of vote If youre interested in this you can weigh in at the template talk page","Ratings template  <SPLIT><SPLIT> Hi Hope youre FA nomination is going well Im making a request to remove the subjective label aspect from the album ratings template page favorablemixed etc with a support or against kind of vote If youre interested in this you can weigh in at the template talk page",0.00022727251052856445,0.00022727251052856445,0,0,0,1,"Failed"
"Good summation  <SPLIT><SPLIT> Your close here shows the wisdom of Solomon  Thank you for a thoughtful explanation and way forward in what has been a very contentious issue and not just a oneword close  It is quite helpful","Good summation  <SPLIT><SPLIT> Your close here shows the wisdom of Solomon  Thank you for a thoughtful explanation and way forward in what has been a very contentious issue and not just a oneword close  It is quite helpful",0.0002072453498840332,0.0002072453498840332,0,0,0,1,"Failed"
"The history culture and climate sections were just expanded beyond beliefe by Gobal Geo Your welcome","The history culture and climate sections were just expanded beyond beliefe by Gobal Geo Your welcome",0.0002225041389465332,0.0002225041389465332,0,0,0,1,"Failed"
"Move request  <SPLIT><SPLIT>  <SPLIT><SPLIT> BulgarianGreco relations    Naming convention is country names in alphabetical order and endash between copuntry names I mistakenly moved the page to the current title copypaste error and there is an edited redirect in the way for this move","Move request  <SPLIT><SPLIT>  <SPLIT><SPLIT> BulgarianGreco relations    Naming convention is country names in alphabetical order and endash between copuntry names I mistakenly moved the page to the current title copypaste error and there is an edited redirect in the way for this move",0.0001900792121887207,0.0001900792121887207,0,0,0,1,"Failed"
"USER IS A COMPLETE BADASS NONVANDALIZER FROM THE FUTURE THAT ALWAYS GIVES CORRECT INFORMATION","USER IS A COMPLETE BADASS NONVANDALIZER FROM THE FUTURE THAT ALWAYS GIVES CORRECT INFORMATION",0.6869179010391235,0.6869179010391235,1,1,0,1,"Skipped"
"The arsehole Arsequiff again See  subject to WPBAN Apparently the farmers in Sarn like him when he walks round their fields No one else does But he saves the farmers considerable cost as they dont have to get their shitspreaders out And Narky Marky as he was known evidently left the provincial uni Keele under a cloud Or so we are told Whoops more Wisdens flying out of the pram I fear","The arsehole Arsequiff again See  subject to WPBAN Apparently the farmers in Sarn like him when he walks round their fields No one else does But he saves the farmers considerable cost as they dont have to get their shitspreaders out And Narky Marky as he was known evidently left the provincial uni Keele under a cloud Or so we are told Whoops more Wisdens flying out of the pram I fear",0.5330509543418884,0.5330509543418884,1,1,0,1,"Skipped"
"u mudfukers wake up to dis shit  illuminati  are tryin take ova but they carnt  its all about khuirtta crew  and islam is dominate the world  nare takbir","u mudfukers wake up to dis shit  illuminati  are tryin take ova but they carnt  its all about khuirtta crew  and islam is dominate the world  nare takbir",0.9860304594039917,0.9860304594039917,1,1,0,1,"Skipped"
"Edit request on 2 November 2012  <SPLIT><SPLIT>  <SPLIT><SPLIT> Please remove the years active from the infobox members list <SPLIT><SPLIT> from template infobox musical artist <SPLIT> currentmembers <SPLIT> This field is only relevant for active groups Current members of the group listed in order of joining with no other notation than names Separate multiple entries with  <SPLIT><SPLIT> Also Demi Lovatos name needs to be fixed in Tracklisting","Edit request on 2 November 2012  <SPLIT><SPLIT>  <SPLIT><SPLIT> Please remove the years active from the infobox members list <SPLIT><SPLIT> from template infobox musical artist <SPLIT> currentmembers <SPLIT> This field is only relevant for active groups Current members of the group listed in order of joining with no other notation than names Separate multiple entries with  <SPLIT><SPLIT> Also Demi Lovatos name needs to be fixed in Tracklisting",0.00018030405044555664,0.00018030405044555664,0,0,0,1,"Failed"
"YO YO i TO THE IZZO  <SPLIT><SPLIT> YO YO IZ THE IZZO TO TH E NIZZLE","YO YO i TO THE IZZO  <SPLIT><SPLIT> YO YO IZ THE IZZO TO TH E NIZZLE",0.6009827852249146,0.6009827852249146,1,1,0,1,"Skipped"
"Your most recent personal attacks go kiss Usama bin Ladens ass as well as misrepresenting other editors views has been reported here  You seemed to be doing well for a while sorry it came to this","Your most recent personal attacks go kiss Usama bin Ladens ass as well as misrepresenting other editors views has been reported here  You seemed to be doing well for a while sorry it came to this",0.42134058475494385,0.42134058475494385,0,0,0,1,"Failed"
"Hi Richard <SPLIT><SPLIT> as agreed I  have completed today my contribution by the part   The most important peculiarity of German Basic Law and would be grateful to know your oppnion about <SPLIT><SPLIT> Eugene","Hi Richard <SPLIT><SPLIT> as agreed I  have completed today my contribution by the part   The most important peculiarity of German Basic Law and would be grateful to know your oppnion about <SPLIT><SPLIT> Eugene",0.00019627809524536133,0.00019627809524536133,0,0,0,1,"Failed"
"Pit in Live Music  <SPLIT><SPLIT> At modern live music events the area between the stage and the crown barrier is referred to as the pit  is this the derivation","Pit in Live Music  <SPLIT><SPLIT> At modern live music events the area between the stage and the crown barrier is referred to as the pit  is this the derivation",0.00027173757553100586,0.00027173757553100586,0,0,0,1,"Failed"
"You make me horny <SPLIT><SPLIT>  <SPLIT> HOLD ME HUG ME KISS ME SEX ME <SPLIT><SPLIT>  <SPLIT>   YOUR MAN lol","You make me horny <SPLIT><SPLIT>  <SPLIT> HOLD ME HUG ME KISS ME SEX ME <SPLIT><SPLIT>  <SPLIT>   YOUR MAN lol",0.005797684192657471,0.005797684192657471,1,1,1,1,"Failed"
"If you honestly seriously consider CNN to be a reliable source then you are honestly seriously retarded","If you honestly seriously consider CNN to be a reliable source then you are honestly seriously retarded",0.18336760997772217,0.18336760997772217,1,1,1,1,"Failed"
"Go cry emo kid Nobody likes you","Go cry emo kid Nobody likes you",0.31597989797592163,0.31597989797592163,1,1,1,1,"Failed"
"It might not have been your intention but your recent edit removed content from  Please be careful not to remove content from Wikipedia without a valid reason which you should specify in the edit summary or on the articles talk page Take a look at our welcome page to learn more about contributing to this encyclopedia Thank you","It might not have been your intention but your recent edit removed content from  Please be careful not to remove content from Wikipedia without a valid reason which you should specify in the edit summary or on the articles talk page Take a look at our welcome page to learn more about contributing to this encyclopedia Thank you",0.00017303228378295898,0.00017303228378295898,0,0,0,1,"Failed"
"The article history really needs to go with the actual text that is going to be copiedmoved  If there is an overview article at some point it will effectively be a fresh article so there will be no point retaining the article history at the old article I think Eriks suggestion is the way to go","The article history really needs to go with the actual text that is going to be copiedmoved  If there is an overview article at some point it will effectively be a fresh article so there will be no point retaining the article history at the old article I think Eriks suggestion is the way to go",0.00017970800399780273,0.00017970800399780273,0,0,0,1,"Failed"
"If you knew me personally youd be well aware that Im anything but Christian I merely reverted your rather careless and idiotic behaviour    FAHD","If you knew me personally youd be well aware that Im anything but Christian I merely reverted your rather careless and idiotic behaviour    FAHD",0.23754960298538208,0.23754960298538208,1,1,1,1,"Failed"
"I have corrected this issue","I have corrected this issue",0.0002631545066833496,0.0002631545066833496,0,0,0,1,"Failed"
"The section about Charmed is seriously horrible but I cant figure out how to removeedit it","The section about Charmed is seriously horrible but I cant figure out how to removeedit it",0.015060126781463623,0.015060126781463623,0,0,0,1,"Failed"
"Re the speculation tag  <SPLIT><SPLIT>  <SPLIT> The Fourth Amendment to the US Constitution prohibits the search or seizure of a persons papers or effects without a courtordered warrant based on probable cause that the person in question is planning or is guilty of an actual crime and particularly describing what is to be seized However the US government has made strenuous efforts to prevent federal courts from ruling on whether the NSAs surveillance efforts comply with the Fourth Amendmentspeculation <SPLIT><SPLIT> I think I can turn up articles outlining the various cases brought against the NSA etc The one that springs to mind immediately is ClappervAmnestyInternational Ill get to it after I finish detailing the latest Snowden leak","Re the speculation tag  <SPLIT><SPLIT>  <SPLIT> The Fourth Amendment to the US Constitution prohibits the search or seizure of a persons papers or effects without a courtordered warrant based on probable cause that the person in question is planning or is guilty of an actual crime and particularly describing what is to be seized However the US government has made strenuous efforts to prevent federal courts from ruling on whether the NSAs surveillance efforts comply with the Fourth Amendmentspeculation <SPLIT><SPLIT> I think I can turn up articles outlining the various cases brought against the NSA etc The one that springs to mind immediately is ClappervAmnestyInternational Ill get to it after I finish detailing the latest Snowden leak",0.0003432035446166992,0.0003432035446166992,0,0,0,1,"Failed"
"It is presumed to satisfy the inclusion criteria for a standalone article  Significant coverage Reliable means Sources Independent of the subject Presumed as on the WikipediaNotability page","It is presumed to satisfy the inclusion criteria for a standalone article  Significant coverage Reliable means Sources Independent of the subject Presumed as on the WikipediaNotability page",0.00017946958541870117,0.00017946958541870117,0,0,0,1,"Failed"
"Rack rails  <SPLIT><SPLIT> Whats the difference between fixed rails and telco rails","Rack rails  <SPLIT><SPLIT> Whats the difference between fixed rails and telco rails",0.0007311701774597168,0.0007311701774597168,0,0,0,1,"Failed"
"I have to disagree with you all  I am a Type A personality am on medication to balance the aggressive behaviour  I do believe that if a group of characteristics in an identified coctail of behaviour can adversely affect your health stress induced heart attack manicdepression ovarian cysts to name those I am aware of then it warrants the term syndrome  Treatment could help a number of people to greatly improve their quality of life and their relationships with friends and family  Treatment does not necessarily medication but would include lifestyle changes selfdiscipline coaching andor diet  Regards Mrs Type A","I have to disagree with you all  I am a Type A personality am on medication to balance the aggressive behaviour  I do believe that if a group of characteristics in an identified coctail of behaviour can adversely affect your health stress induced heart attack manicdepression ovarian cysts to name those I am aware of then it warrants the term syndrome  Treatment could help a number of people to greatly improve their quality of life and their relationships with friends and family  Treatment does not necessarily medication but would include lifestyle changes selfdiscipline coaching andor diet  Regards Mrs Type A",0.004239022731781006,0.004239022731781006,0,0,0,1,"Failed"
"Made 2015 World Tour  <SPLIT><SPLIT> I created a page of Big Bang Made 2015 World Tour months but it got deleted first time because the lack on information the tour have also it was too early for it so I put it on the List of Big Bang concert tours for the past months the section of the tour has been growing and its become big to be in the list it needs a separate page so I asked on the talk page about it and there is no object about it so I created the page again and its deleted again I dont know what processes should I follow to have a chance to make the page again could you please help Thank you","Made 2015 World Tour  <SPLIT><SPLIT> I created a page of Big Bang Made 2015 World Tour months but it got deleted first time because the lack on information the tour have also it was too early for it so I put it on the List of Big Bang concert tours for the past months the section of the tour has been growing and its become big to be in the list it needs a separate page so I asked on the talk page about it and there is no object about it so I created the page again and its deleted again I dont know what processes should I follow to have a chance to make the page again could you please help Thank you",0.00018960237503051758,0.00018960237503051758,0,0,0,1,"Failed"
"Please do not vandalize pages as you did with this edit to Ice cream cake If you continue to do so you will be blocked from editing","Please do not vandalize pages as you did with this edit to Ice cream cake If you continue to do so you will be blocked from editing",0.00030052661895751953,0.00030052661895751953,0,0,0,1,"Failed"
"Your IP is about to be blocked","Your IP is about to be blocked",0.012761294841766357,0.012761294841766357,0,0,0,1,"Failed"
"Speedy deletion of Badd Habitz <SPLIT>  A tag has been placed on Badd Habitz requesting that it be speedily deleted from Wikipedia This has been done under section A7 of the criteria for speedy deletion because the article appears to be about a band but it does not indicate how or why the subject is notable that is why an article about that subject should be included in an encyclopedia Under the criteria for speedy deletion articles that do not indicate the subjects importance or significance may be deleted at any time Please see the guidelines for what is generally accepted as notable as well as our subjectspecific notability guideline for musical topics  <SPLIT><SPLIT> If you think that this notice was placed here in error you may contest the deletion by adding  to the top of the page just below the existing speedy deletion or db tag coupled with adding a note on the talk page explaining your position but be aware that once tagged for speedy deletion if the article meets the criterion it may be deleted without delay Please do not remove the speedy deletion tag yourself but dont hesitate to add information to the article that would would render it more in conformance with Wikipedias policies and guidelines","Speedy deletion of Badd Habitz <SPLIT>  A tag has been placed on Badd Habitz requesting that it be speedily deleted from Wikipedia This has been done under section A7 of the criteria for speedy deletion because the article appears to be about a band but it does not indicate how or why the subject is notable that is why an article about that subject should be included in an encyclopedia Under the criteria for speedy deletion articles that do not indicate the subjects importance or significance may be deleted at any time Please see the guidelines for what is generally accepted as notable as well as our subjectspecific notability guideline for musical topics  <SPLIT><SPLIT> If you think that this notice was placed here in error you may contest the deletion by adding  to the top of the page just below the existing speedy deletion or db tag coupled with adding a note on the talk page explaining your position but be aware that once tagged for speedy deletion if the article meets the criterion it may be deleted without delay Please do not remove the speedy deletion tag yourself but dont hesitate to add information to the article that would would render it more in conformance with Wikipedias policies and guidelines",0.00022786855697631836,0.00022786855697631836,0,0,0,1,"Failed"
"Thats just stupid how can i be blocked for stating a fact The source is there all you have to do is click on the website and you have updated sales Why would i inflate the sales if i were to do that i would do more than 14000 more Anyway its sorted now P","Thats just stupid how can i be blocked for stating a fact The source is there all you have to do is click on the website and you have updated sales Why would i inflate the sales if i were to do that i would do more than 14000 more Anyway its sorted now P",0.29042404890060425,0.29042404890060425,1,1,1,1,"Failed"
"You guys have got to be kidding <SPLIT> I thought that tongue piercings were purely for the use in sexual stimulation through oral sex and I firmly believe that this should be included in the article as this is the reason why most if not all people choose to get a tongue piercing any guy who hasnt had a girl swallow his dick with her tongue sticking out of which Ive been told helps them breathe for some reason or in some mysterious way that of which I just cannot understand or comprehend with a tongue ring through it is missing out And also girls seem to like it as well Im talking about licking them out although I have been told that they enjoy giving head also otherwise why else would they do it  I have also been told that this only applies to big dicksnot sure on those last two unreliable source of information  girl giving head at the time could have just been saying itbut when your told the same thing by a number of girls it could possibly add up to the truth <SPLIT><SPLIT> PS the whole thing about the girl sticking her tongue out while down on her knees giving headit reduces contact with those pretty little sharp and medievil looking teeth and also feels really really goodfor the person recieving","You guys have got to be kidding <SPLIT> I thought that tongue piercings were purely for the use in sexual stimulation through oral sex and I firmly believe that this should be included in the article as this is the reason why most if not all people choose to get a tongue piercing any guy who hasnt had a girl swallow his dick with her tongue sticking out of which Ive been told helps them breathe for some reason or in some mysterious way that of which I just cannot understand or comprehend with a tongue ring through it is missing out And also girls seem to like it as well Im talking about licking them out although I have been told that they enjoy giving head also otherwise why else would they do it  I have also been told that this only applies to big dicksnot sure on those last two unreliable source of information  girl giving head at the time could have just been saying itbut when your told the same thing by a number of girls it could possibly add up to the truth <SPLIT><SPLIT> PS the whole thing about the girl sticking her tongue out while down on her knees giving headit reduces contact with those pretty little sharp and medievil looking teeth and also feels really really goodfor the person recieving",0.3338754177093506,0.3338754177093506,0,0,0,1,"Failed"
"Its not a smear campaign The Catholic Encyclopedia certainly has its value for researching the catholic view of 1910 But using this article 10 times as a reference without telling our readers that this is a view from colonial times is a deception respectively camouflage","Its not a smear campaign The Catholic Encyclopedia certainly has its value for researching the catholic view of 1910 But using this article 10 times as a reference without telling our readers that this is a view from colonial times is a deception respectively camouflage",0.0006669163703918457,0.0006669163703918457,0,0,0,1,"Failed"
"classStart <SPLIT> listasAli Hamadi Ahmed Mulay <SPLIT> politicianworkgroupyes <SPLIT> politicianprioritylow","classStart <SPLIT> listasAli Hamadi Ahmed Mulay <SPLIT> politicianworkgroupyes <SPLIT> politicianprioritylow",0.0016068816184997559,0.0016068816184997559,0,0,0,1,"Failed"
"4 September 2014 UTC <SPLIT> I agree that raw tabulated data andor plots from another source would completely clear up the issue However I believe the WHO material is copyrightedunlike the CDC Id like to find out otherwsiehowever   2331","4 September 2014 UTC <SPLIT> I agree that raw tabulated data andor plots from another source would completely clear up the issue However I believe the WHO material is copyrightedunlike the CDC Id like to find out otherwsiehowever   2331",0.00016820430755615234,0.00016820430755615234,0,0,0,1,"Failed"
"Wanted PS gameS <SPLIT> Castlevania Symphony of the Night  <SPLIT> Final Fantasy 7 <SPLIT> Metal Gear Solid <SPLIT> GTA 123 <SPLIT> Mortal Kombat Trilogy <SPLIT> Resident Evil <SPLIT> Resident Evil 2 <SPLIT> Resident Evil 3 <SPLIT> Spiderman <SPLIT> Tenchu <SPLIT> Twisted Metal  <SPLIT> Twisted Metal 2 <SPLIT> Tony Hawk <SPLIT> CThe Contra Adventure <SPLIT> Chrono Trigger <SPLIT> Crusader No remorse <SPLIT> Rival Schools <SPLIT> Duke Nukem Land of the Babes <SPLIT> Duke Nukem Total Meltdown <SPLIT> Ehrgeiz  <SPLIT> Parasite Eve <SPLIT> Parasite Eve 2 <SPLIT> Primal Rage","Wanted PS gameS <SPLIT> Castlevania Symphony of the Night  <SPLIT> Final Fantasy 7 <SPLIT> Metal Gear Solid <SPLIT> GTA 123 <SPLIT> Mortal Kombat Trilogy <SPLIT> Resident Evil <SPLIT> Resident Evil 2 <SPLIT> Resident Evil 3 <SPLIT> Spiderman <SPLIT> Tenchu <SPLIT> Twisted Metal  <SPLIT> Twisted Metal 2 <SPLIT> Tony Hawk <SPLIT> CThe Contra Adventure <SPLIT> Chrono Trigger <SPLIT> Crusader No remorse <SPLIT> Rival Schools <SPLIT> Duke Nukem Land of the Babes <SPLIT> Duke Nukem Total Meltdown <SPLIT> Ehrgeiz  <SPLIT> Parasite Eve <SPLIT> Parasite Eve 2 <SPLIT> Primal Rage",0.002999246120452881,0.002999246120452881,0,0,0,1,"Failed"
"I am 90 sure this was also an initiative by Stoke Mandeville Hospital but I may have faulty memory","I am 90 sure this was also an initiative by Stoke Mandeville Hospital but I may have faulty memory",0.0007079839706420898,0.0007079839706420898,0,0,0,1,"Failed"
"I have forgotten to say that the Albanian word for the female vampires is DhampireshaDhampireshe  eg Luan m Luaneshae f  lion m lioness f or Mbret m Mbretreshae f  king m queen f or Prins m Prinseshae f  leader m leader f  prin alb  lead eng  fhren ger","I have forgotten to say that the Albanian word for the female vampires is DhampireshaDhampireshe  eg Luan m Luaneshae f  lion m lioness f or Mbret m Mbretreshae f  king m queen f or Prins m Prinseshae f  leader m leader f  prin alb  lead eng  fhren ger",0.014875471591949463,0.014875471591949463,0,0,0,1,"Failed"
"Oh Talk about bad timing  I had come here to respond to what you posted here Im drawing up a list of cases where mentorship remedies were passed but no mentors found and I will post a link here when that is done What is also needed is to get others interested in mentoring as well","Oh Talk about bad timing  I had come here to respond to what you posted here Im drawing up a list of cases where mentorship remedies were passed but no mentors found and I will post a link here when that is done What is also needed is to get others interested in mentoring as well",0.0005167722702026367,0.0005167722702026367,0,0,0,1,"Failed"
"by collaborating with","by collaborating with",0.0003243684768676758,0.0003243684768676758,0,0,0,1,"Failed"
"ludicrous overuse of eight sources to reference at most three facts","ludicrous overuse of eight sources to reference at most three facts",0.0076694488525390625,0.0076694488525390625,0,0,0,1,"Failed"
"Id sooner pound a rusty nail into my eyeball then tell people that Im called The Jewish Schindler no matter what Id accomplished but thats just me","Id sooner pound a rusty nail into my eyeball then tell people that Im called The Jewish Schindler no matter what Id accomplished but thats just me",0.23276793956756592,0.23276793956756592,0,0,0,1,"Failed"
"yeah yeah fuck you shut up and stick it bitch you cant do shit but cause me to reopen my page and do it again","yeah yeah fuck you shut up and stick it bitch you cant do shit but cause me to reopen my page and do it again",0.0008255839347839355,0.0008255839347839355,1,1,1,1,"Failed"
"Slogan change timing  <SPLIT><SPLIT> I first started seeing Smarties commercials when I moved to Canada in the early 1990s and I remember them still using the When you eat your Smarties do you eat the red ones last jingle  Maybe the timing was different in different markets","Slogan change timing  <SPLIT><SPLIT> I first started seeing Smarties commercials when I moved to Canada in the early 1990s and I remember them still using the When you eat your Smarties do you eat the red ones last jingle  Maybe the timing was different in different markets",0.001286149024963379,0.001286149024963379,0,0,0,1,"Failed"
"Isnt he  officially  the President of the CoS","Isnt he  officially  the President of the CoS",0.002332150936126709,0.002332150936126709,0,0,0,1,"Failed"
"Dont hate make wikilove <SPLIT><SPLIT> I was wondering if you could explain how someone with this maxim on their user talk page could come up with such statements as Boofghoo Ive published papers wheres my Geekipedia page Quit crying and stop hating your superior peers   How does this actually help anyone    Talk","Dont hate make wikilove <SPLIT><SPLIT> I was wondering if you could explain how someone with this maxim on their user talk page could come up with such statements as Boofghoo Ive published papers wheres my Geekipedia page Quit crying and stop hating your superior peers   How does this actually help anyone    Talk",0.13869667053222656,0.13869667053222656,0,0,0,1,"Failed"
"Nothing really stands out but maybe a hook comparing Augustines leisure with the Christan view of sloth","Nothing really stands out but maybe a hook comparing Augustines leisure with the Christan view of sloth",0.0006961822509765625,0.0006961822509765625,0,0,0,1,"Failed"
"Discussion inititated in 2004 2005 and through June 30 2006","Discussion inititated in 2004 2005 and through June 30 2006",0.0001767277717590332,0.0001767277717590332,0,0,0,1,"Failed"
"Tomas Taunton is a fat butterpig","Tomas Taunton is a fat butterpig",0.2472183108329773,0.2472183108329773,1,1,1,1,"Failed"
"Best to give it a rest perhaps Eric understands exactly what level of support he can count on and the recent finding of consensus to unblock at ANI in defiance of what people actually said shows that this level is very high Eric himself said as Ive said several times before Ill decide when its time to leave not the impotent   like  and he was 100 correct in his prediction You cant fight the Cabal","Best to give it a rest perhaps Eric understands exactly what level of support he can count on and the recent finding of consensus to unblock at ANI in defiance of what people actually said shows that this level is very high Eric himself said as Ive said several times before Ill decide when its time to leave not the impotent   like  and he was 100 correct in his prediction You cant fight the Cabal",0.025614798069000244,0.025614798069000244,0,0,0,1,"Failed"
"tarsier  <SPLIT><SPLIT> Tarsiers arent monkeys They are nonsimian primates","tarsier  <SPLIT><SPLIT> Tarsiers arent monkeys They are nonsimian primates",0.21752417087554932,0.21752417087554932,0,0,0,1,"Failed"
"Idiot editors  <SPLIT><SPLIT> I actually got a vandalism warning for putting the word fart knocker into the article  Why are some Wikipedia editors so clueless","Idiot editors  <SPLIT><SPLIT> I actually got a vandalism warning for putting the word fart knocker into the article  Why are some Wikipedia editors so clueless",0.06764888763427734,0.06764888763427734,1,1,1,1,"Failed"
"Youre confused about what actually constitutes a personal attack Generally a personal attack is when a person substitutes abusive remarks for evidence when examining another persons claims or comments Hence citing Sam Spades shabby public record of past misdeeds does not constitute a personal attack By definition then an actual example of personal attack would be the source of this conflict   <SPLIT><SPLIT> The  suffices to conclude in good faith that Sam intentionally abused and attacked a fellow editor in a manner prohibited by wikipedia policy and intentionally sidestepped policy to get away with it Both facts he admits  This is a matter of public record accessible to all <SPLIT><SPLIT> I am within both convention and policy to publicly demand SS make good on his moral debt created by his personal attack and owed myself as well of those he owes to others Failing repeatedly there my voiced concerns limited to the public record of Sams past misdeeds does not constitute a personal attack Indeed there is an overriding public interest in identifying and dealing with chronically abusive editors like Sam and I reserve the right to respond to every hypocritical post that misrepresents his history and character My goal in doing so is therapeutic and pedagogical Its therapeutic in that eventually Sam will learn from his misdeed because of my actions I am certain Sam will never send another wikipedia editor an email like  Its pedagogical in that it serves to inform other editors such as yourself who are unaware of Sams extensive history of abusing fellow editors As Ive said many times before Sam is only able to continue here abusing other editors because either morally bereft or wellmeaning but clueless editors defend or excuse his trollish actions they are troll enablers Dont be a troll enabler To learn the history of this conflict I suggest starting at the top of this page","Youre confused about what actually constitutes a personal attack Generally a personal attack is when a person substitutes abusive remarks for evidence when examining another persons claims or comments Hence citing Sam Spades shabby public record of past misdeeds does not constitute a personal attack By definition then an actual example of personal attack would be the source of this conflict   <SPLIT><SPLIT> The  suffices to conclude in good faith that Sam intentionally abused and attacked a fellow editor in a manner prohibited by wikipedia policy and intentionally sidestepped policy to get away with it Both facts he admits  This is a matter of public record accessible to all <SPLIT><SPLIT> I am within both convention and policy to publicly demand SS make good on his moral debt created by his personal attack and owed myself as well of those he owes to others Failing repeatedly there my voiced concerns limited to the public record of Sams past misdeeds does not constitute a personal attack Indeed there is an overriding public interest in identifying and dealing with chronically abusive editors like Sam and I reserve the right to respond to every hypocritical post that misrepresents his history and character My goal in doing so is therapeutic and pedagogical Its therapeutic in that eventually Sam will learn from his misdeed because of my actions I am certain Sam will never send another wikipedia editor an email like  Its pedagogical in that it serves to inform other editors such as yourself who are unaware of Sams extensive history of abusing fellow editors As Ive said many times before Sam is only able to continue here abusing other editors because either morally bereft or wellmeaning but clueless editors defend or excuse his trollish actions they are troll enablers Dont be a troll enabler To learn the history of this conflict I suggest starting at the top of this page",0.043847501277923584,0.043847501277923584,0,0,0,1,"Failed"
"For all his apparent fragility Harlan could hold his liquor amazingly well He didnt insist maybe to save them both the embarrassment but Jonny and the others obediently matched him glass by glass until Harlan finally drank them all under the table Then he sat there wearing a smug expression <SPLIT><SPLIT>  The useless basterd  he said with a huff of mock contempt  Never learns  <SPLIT><SPLIT>  Is he going to be alright <SPLIT><SPLIT>  Oh absolutely Dont worry Diane dear hell be good as new in the morning <SPLIT><SPLIT>  Doubt that  McKinney chuckled","For all his apparent fragility Harlan could hold his liquor amazingly well He didnt insist maybe to save them both the embarrassment but Jonny and the others obediently matched him glass by glass until Harlan finally drank them all under the table Then he sat there wearing a smug expression <SPLIT><SPLIT>  The useless basterd  he said with a huff of mock contempt  Never learns  <SPLIT><SPLIT>  Is he going to be alright <SPLIT><SPLIT>  Oh absolutely Dont worry Diane dear hell be good as new in the morning <SPLIT><SPLIT>  Doubt that  McKinney chuckled",0.07285946607589722,0.07285946607589722,0,0,0,1,"Failed"
"REDIRECT TalkSean Paul LockhartArchive 5","REDIRECT TalkSean Paul LockhartArchive 5",0.000280916690826416,0.000280916690826416,0,0,0,1,"Failed"
"Ruud Lubbers entry <SPLIT> Hi Cary What is happening with this page  I have posted twice on the Ruud Lubber disc page and referenced that in a posting on mikegodwins disc page as he was the one who made the changes This is the first time I have run into this even though I am quite familiar with BLP policy which I support Do let me know if I am not following the correct procedure In its present form the entry is not only  rather onesided it is not really very encyclopedic","Ruud Lubbers entry <SPLIT> Hi Cary What is happening with this page  I have posted twice on the Ruud Lubber disc page and referenced that in a posting on mikegodwins disc page as he was the one who made the changes This is the first time I have run into this even though I am quite familiar with BLP policy which I support Do let me know if I am not following the correct procedure In its present form the entry is not only  rather onesided it is not really very encyclopedic",0.0002861618995666504,0.0002861618995666504,0,0,0,1,"Failed"
"And now something else I just looked carefully through the two pages of SummersSmith with most stuff about this species to see if I missed anythingand I did SummersSmith mentions that Tchernov attributed predomesticus to the Yabrudian layers of OummQatafa in a contribution to a 1984 volume of Animals and Archaeology I dont know what SummersSmith means by thisif Tchernov found more fossils or dated them better or something else","And now something else I just looked carefully through the two pages of SummersSmith with most stuff about this species to see if I missed anythingand I did SummersSmith mentions that Tchernov attributed predomesticus to the Yabrudian layers of OummQatafa in a contribution to a 1984 volume of Animals and Archaeology I dont know what SummersSmith means by thisif Tchernov found more fossils or dated them better or something else",0.00021606683731079102,0.00021606683731079102,0,0,0,1,"Failed"
"I will rewrite this article 100 from experience and use no external information posted on any website If I see 1 more edit in a negative way by this community Both my wallet and my time will be closed to wikipedia forever","I will rewrite this article 100 from experience and use no external information posted on any website If I see 1 more edit in a negative way by this community Both my wallet and my time will be closed to wikipedia forever",0.0005254149436950684,0.0005254149436950684,0,0,0,1,"Failed"
"Thanks for your comments Please continue discussion at FiletalkWorldMapofYDNAHaplogroupspng","Thanks for your comments Please continue discussion at FiletalkWorldMapofYDNAHaplogroupspng",0.00022429227828979492,0.00022429227828979492,0,0,0,1,"Failed"
"The article does cite scientific sources so I dont think your characterization of the references as poor is completely fair The scientific consensus on crop circles includes scientists who have looked into this issue and while they may be few none have exactly endorsed any explanation other than human artifact ie hoax The article seems quite fair and NPOV to me in that it goes out of its way to describe without derision or mockery claims for other causes beyond people having fun Cf the Bigfoot article in which a few legitimate scientists have championed the claim that bigfoot is a real animal and their arguments are described in detail Since most of the alternative explanations for crop circles are so unlikely outre and outrageous the burden of proof is on anyone who wants to argue them If you have any sources which provide that kind of argument or evidence please add it to the article","The article does cite scientific sources so I dont think your characterization of the references as poor is completely fair The scientific consensus on crop circles includes scientists who have looked into this issue and while they may be few none have exactly endorsed any explanation other than human artifact ie hoax The article seems quite fair and NPOV to me in that it goes out of its way to describe without derision or mockery claims for other causes beyond people having fun Cf the Bigfoot article in which a few legitimate scientists have championed the claim that bigfoot is a real animal and their arguments are described in detail Since most of the alternative explanations for crop circles are so unlikely outre and outrageous the burden of proof is on anyone who wants to argue them If you have any sources which provide that kind of argument or evidence please add it to the article",0.0005217194557189941,0.0005217194557189941,0,0,0,1,"Failed"
"De Lorean DMC12  <SPLIT> Please see WikipediaFeatured article candidatesDe Lorean DMC12 and consider voting support based on my reply to your  objection Thanks and great work on the Apple Macintosh article","De Lorean DMC12  <SPLIT> Please see WikipediaFeatured article candidatesDe Lorean DMC12 and consider voting support based on my reply to your  objection Thanks and great work on the Apple Macintosh article",0.00018721818923950195,0.00018721818923950195,0,0,0,1,"Failed"
"Am I the only one who thinks this course is a pile of old cobblers","Am I the only one who thinks this course is a pile of old cobblers",0.2202574610710144,0.2202574610710144,0,0,0,1,"Failed"
"butts in  I leave out the stage name hangul and put the real name plus hangul in parentheses  And for people whose stage name  is just their given name I put their entire real name instead  And yeah stuff is getting reverted right left and center just like everything does all the time  Im going through removing all the stupid fanrun awards from articles just like I did about two weeks ago  Im at the point I think Wikipedia should just delete every kpop article and not allow them to be recreated D","butts in  I leave out the stage name hangul and put the real name plus hangul in parentheses  And for people whose stage name  is just their given name I put their entire real name instead  And yeah stuff is getting reverted right left and center just like everything does all the time  Im going through removing all the stupid fanrun awards from articles just like I did about two weeks ago  Im at the point I think Wikipedia should just delete every kpop article and not allow them to be recreated D",0.05847293138504028,0.05847293138504028,0,0,0,1,"Failed"
"Under Early Childhood it states His birth was registered with both the US authorities and the citys British Consulate with the child thus being awarded both American and British citizenship In fact registration of a birth has nothing to do with attribution of US nationality or for that matter British nationality given the facts of parentage and the birth of a parent in Britain A certification of birth is an entitlement under the UN Convention on the Rights of the Child and under New York and Federal law But many births in the past were never registered and some typically signed by midwives in border states have been questioned typically by the State Department upon application for a passport or prior to current passport rules on reentry from Mexico as fraudulent <SPLIT><SPLIT> It is questioned above in this Talk section whether Johnson actually renounced his US nationality when he said he had or would do And it is also stated that renunciation is contingent upon payment of tax Johnson did not it is not quickly done there is a long waiting list with the Consular Sections in London Edinburgh and Belfast but I suppose he will do The tax issue is more complex there is an exit tax quite onerous for covered expatriates  generally speaking those with assets over 2 million or an tax bill of 155000 as of 2013 There are also other tax implications relating to gifts and estates There is a concession for persons born to alien parents who renounce by age 1812 httpswwwlawcornelleduuscodetext26877  <SPLIT><SPLIT> It is quite possible to be a noncitizen  even to have been deported as an illegal alien  and still be liable for US tax perhaps indefinitely Indeed longterm greencard holders are also subject to the exit tax system","Under Early Childhood it states His birth was registered with both the US authorities and the citys British Consulate with the child thus being awarded both American and British citizenship In fact registration of a birth has nothing to do with attribution of US nationality or for that matter British nationality given the facts of parentage and the birth of a parent in Britain A certification of birth is an entitlement under the UN Convention on the Rights of the Child and under New York and Federal law But many births in the past were never registered and some typically signed by midwives in border states have been questioned typically by the State Department upon application for a passport or prior to current passport rules on reentry from Mexico as fraudulent <SPLIT><SPLIT> It is questioned above in this Talk section whether Johnson actually renounced his US nationality when he said he had or would do And it is also stated that renunciation is contingent upon payment of tax Johnson did not it is not quickly done there is a long waiting list with the Consular Sections in London Edinburgh and Belfast but I suppose he will do The tax issue is more complex there is an exit tax quite onerous for covered expatriates  generally speaking those with assets over 2 million or an tax bill of 155000 as of 2013 There are also other tax implications relating to gifts and estates There is a concession for persons born to alien parents who renounce by age 1812 httpswwwlawcornelleduuscodetext26877  <SPLIT><SPLIT> It is quite possible to be a noncitizen  even to have been deported as an illegal alien  and still be liable for US tax perhaps indefinitely Indeed longterm greencard holders are also subject to the exit tax system",0.00042694807052612305,0.00042694807052612305,0,0,0,1,"Failed"
"Dimension 10  <SPLIT><SPLIT> Dont beat yourself up about it WP needs nice people like you and cranky mean bastards like me until we manage to genetically engineer perfect super admins","Dimension 10  <SPLIT><SPLIT> Dont beat yourself up about it WP needs nice people like you and cranky mean bastards like me until we manage to genetically engineer perfect super admins",0.5836306214332581,0.5836306214332581,1,1,0,1,"Skipped"
"I agree Ive insert a request of review of the assesment in WPWikiProjectBiographyAssessmentRequestinganassessment","I agree Ive insert a request of review of the assesment in WPWikiProjectBiographyAssessmentRequestinganassessment",0.00018972158432006836,0.00018972158432006836,0,0,0,1,"Failed"
"I am unaware of Jon Lee Anderson referring to Che Detractors as useful idiots or anything similar  He is a reporter and scholar and does not revert to sophmorish partisan insults or extreme hyperbole Also yes it matters that he wrote the definitive 800 page biography  which is a far cry from a short 200 pg Cuban exile rant with very little sourcing  which is what Fontovas drivel is    TR","I am unaware of Jon Lee Anderson referring to Che Detractors as useful idiots or anything similar  He is a reporter and scholar and does not revert to sophmorish partisan insults or extreme hyperbole Also yes it matters that he wrote the definitive 800 page biography  which is a far cry from a short 200 pg Cuban exile rant with very little sourcing  which is what Fontovas drivel is    TR",0.02649688720703125,0.02649688720703125,0,0,0,1,"Failed"
"The removal is perfectly correct the theory is highly dubious and the passage was completley unsourced  I believe the references at the end of the passage are only accidentally attached through poor editing over the years  But even taking them at face value the first is to Tacitus who only says that the Chatti were scared of the Cherusci and the second is a now deadlink page of the Asatru Folk Assembly  In my opinion contributions from anyone who believes that organisation is capable of producing a reliable source should be deleted with extreme prejudice without bothering to read  But in the spirit of WPAGF I searced for archive copies of the page which told me only that the Cherusci no longer exist <SPLIT><SPLIT> And will contributors to this page please read WPINDENT you have turned the page into an unreadable wall of text","The removal is perfectly correct the theory is highly dubious and the passage was completley unsourced  I believe the references at the end of the passage are only accidentally attached through poor editing over the years  But even taking them at face value the first is to Tacitus who only says that the Chatti were scared of the Cherusci and the second is a now deadlink page of the Asatru Folk Assembly  In my opinion contributions from anyone who believes that organisation is capable of producing a reliable source should be deleted with extreme prejudice without bothering to read  But in the spirit of WPAGF I searced for archive copies of the page which told me only that the Cherusci no longer exist <SPLIT><SPLIT> And will contributors to this page please read WPINDENT you have turned the page into an unreadable wall of text",0.0008533000946044922,0.0008533000946044922,0,0,0,1,"Failed"
"Yeah I felt forced Thought the real ending where Jack goes after his fathers killer was kinda satisfying","Yeah I felt forced Thought the real ending where Jack goes after his fathers killer was kinda satisfying",0.010572850704193115,0.010572850704193115,0,0,0,1,"Failed"
"Thats already been stated  The name change will make little difference with Redirects anyway","Thats already been stated  The name change will make little difference with Redirects anyway",0.00022846460342407227,0.00022846460342407227,0,0,0,1,"Failed"
"GA Review <SPLIT><SPLIT> This review is transcluded from TalkAttention deficit hyperactivity disorderGA1 The edit link for this section can be used to add comments to the review <SPLIT><SPLIT> Reviewer      <SPLIT><SPLIT>  <SPLIT> Status  ON REVIEW <SPLIT><SPLIT> On review   <SPLIT><SPLIT> GA table <SPLIT>  classwikitable styletextalignleft <SPLIT>  valigntop <SPLIT>  width30  Rate    <SPLIT>  width300 Attribute <SPLIT>              Review Comment <SPLIT>  valigntop <SPLIT>  colspan3  1   <SPLIT><SPLIT>  <SPLIT><SPLIT>  <SPLIT>  valigntop <SPLIT>  colspan3  2   <SPLIT><SPLIT>  <SPLIT><SPLIT>  <SPLIT><SPLIT>  <SPLIT>  valigntop <SPLIT>  colspan3  3   <SPLIT><SPLIT>  <SPLIT><SPLIT>  <SPLIT><SPLIT>  <SPLIT><SPLIT>  <SPLIT>  valigntop <SPLIT>  colspan3  6   <SPLIT><SPLIT>  <SPLIT><SPLIT>  <SPLIT><SPLIT>  <SPLIT>  <SPLIT><SPLIT> General <SPLIT>  <SPLIT><SPLIT> MOS compliance <SPLIT>  <SPLIT><SPLIT> Lead <SPLIT>  <SPLIT><SPLIT> Signs and symptoms <SPLIT>  <SPLIT><SPLIT> Associated disorders <SPLIT>  <SPLIT><SPLIT> Cause <SPLIT>  <SPLIT><SPLIT> Genetics <SPLIT>  <SPLIT><SPLIT> Executive function <SPLIT>  <SPLIT><SPLIT> Evolution <SPLIT>  <SPLIT><SPLIT> Environmental <SPLIT>  <SPLIT><SPLIT> Social <SPLIT>  <SPLIT><SPLIT> Pathophysiology <SPLIT>  <SPLIT><SPLIT> Diagnosis <SPLIT>  <SPLIT><SPLIT> Classification <SPLIT>  <SPLIT><SPLIT> DSMIV <SPLIT>  <SPLIT><SPLIT> ICD10 <SPLIT>  <SPLIT><SPLIT> Other guidelines <SPLIT>  <SPLIT><SPLIT> Differential <SPLIT>  <SPLIT><SPLIT> Management <SPLIT>  <SPLIT><SPLIT> Psychosocial <SPLIT>  <SPLIT><SPLIT> Medication <SPLIT>  <SPLIT><SPLIT> Prognosis <SPLIT>  <SPLIT><SPLIT> Epidemiology <SPLIT>  <SPLIT><SPLIT> History <SPLIT>  <SPLIT><SPLIT> Society and culture <SPLIT>  <SPLIT><SPLIT> Legal status of medications <SPLIT>  <SPLIT><SPLIT> Controversies <SPLIT>  <SPLIT><SPLIT> S","GA Review <SPLIT><SPLIT> This review is transcluded from TalkAttention deficit hyperactivity disorderGA1 The edit link for this section can be used to add comments to the review <SPLIT><SPLIT> Reviewer      <SPLIT><SPLIT>  <SPLIT> Status  ON REVIEW <SPLIT><SPLIT> On review   <SPLIT><SPLIT> GA table <SPLIT>  classwikitable styletextalignleft <SPLIT>  valigntop <SPLIT>  width30  Rate    <SPLIT>  width300 Attribute <SPLIT>              Review Comment <SPLIT>  valigntop <SPLIT>  colspan3  1   <SPLIT><SPLIT>  <SPLIT><SPLIT>  <SPLIT>  valigntop <SPLIT>  colspan3  2   <SPLIT><SPLIT>  <SPLIT><SPLIT>  <SPLIT><SPLIT>  <SPLIT>  valigntop <SPLIT>  colspan3  3   <SPLIT><SPLIT>  <SPLIT><SPLIT>  <SPLIT><SPLIT>  <SPLIT><SPLIT>  <SPLIT>  valigntop <SPLIT>  colspan3  6   <SPLIT><SPLIT>  <SPLIT><SPLIT>  <SPLIT><SPLIT>  <SPLIT>  <SPLIT><SPLIT> General <SPLIT>  <SPLIT><SPLIT> MOS compliance <SPLIT>  <SPLIT><SPLIT> Lead <SPLIT>  <SPLIT><SPLIT> Signs and symptoms <SPLIT>  <SPLIT><SPLIT> Associated disorders <SPLIT>  <SPLIT><SPLIT> Cause <SPLIT>  <SPLIT><SPLIT> Genetics <SPLIT>  <SPLIT><SPLIT> Executive function <SPLIT>  <SPLIT><SPLIT> Evolution <SPLIT>  <SPLIT><SPLIT> Environmental <SPLIT>  <SPLIT><SPLIT> Social <SPLIT>  <SPLIT><SPLIT> Pathophysiology <SPLIT>  <SPLIT><SPLIT> Diagnosis <SPLIT>  <SPLIT><SPLIT> Classification <SPLIT>  <SPLIT><SPLIT> DSMIV <SPLIT>  <SPLIT><SPLIT> ICD10 <SPLIT>  <SPLIT><SPLIT> Other guidelines <SPLIT>  <SPLIT><SPLIT> Differential <SPLIT>  <SPLIT><SPLIT> Management <SPLIT>  <SPLIT><SPLIT> Psychosocial <SPLIT>  <SPLIT><SPLIT> Medication <SPLIT>  <SPLIT><SPLIT> Prognosis <SPLIT>  <SPLIT><SPLIT> Epidemiology <SPLIT>  <SPLIT><SPLIT> History <SPLIT>  <SPLIT><SPLIT> Society and culture <SPLIT>  <SPLIT><SPLIT> Legal status of medications <SPLIT>  <SPLIT><SPLIT> Controversies <SPLIT>  <SPLIT><SPLIT> S",0.0003154277801513672,0.0003154277801513672,0,0,0,1,"Failed"
"Per WPSELFPUB no secondary sources needed when the primary sources are talking about themselves As for WPUNDUE you cannot claim that when the weight is only 2 sentences","Per WPSELFPUB no secondary sources needed when the primary sources are talking about themselves As for WPUNDUE you cannot claim that when the weight is only 2 sentences",0.00036919116973876953,0.00036919116973876953,0,0,0,1,"Failed"
"CfD <SPLIT> If you got a minute can you take a look at WikipediaCategories for deletionLog2005 November 7CategorySoviet spies to CategoryAed Soviet spies This is a challenge to the sourcing of Venona project materials  direct related article series  Thank you","CfD <SPLIT> If you got a minute can you take a look at WikipediaCategories for deletionLog2005 November 7CategorySoviet spies to CategoryAed Soviet spies This is a challenge to the sourcing of Venona project materials  direct related article series  Thank you",0.00020879507064819336,0.00020879507064819336,0,0,0,1,"Failed"
"Nah fascism isnt quite a suiting term Theyre just tring to keep NPOV At least thats what I see","Nah fascism isnt quite a suiting term Theyre just tring to keep NPOV At least thats what I see",0.002387404441833496,0.002387404441833496,0,0,0,1,"Failed"
"FYI  <SPLIT><SPLIT> Hans Adler is not an administrator perhaps you meant editor","FYI  <SPLIT><SPLIT> Hans Adler is not an administrator perhaps you meant editor",0.0012555122375488281,0.0012555122375488281,0,0,0,1,"Failed"
"I agree with Scjessy that the presidential campaign section could stand to lose a whole lot of the niggling details of statebystate votes  A general summary that said Obama and Clinton have run a close race for the nomination with some voting trends following demographic lines would be fine cited appropriately of course  Maybe after that some general mention of the debates and overall areas of difference between the candidate positions  I suppose at this point the fact that Obama leads the nomination contest and is likely nominee would be reasonable again cited  Microscopic detail of this primary and that primary and this date and that date belongs in a child article rather than in this summarystyle biography","I agree with Scjessy that the presidential campaign section could stand to lose a whole lot of the niggling details of statebystate votes  A general summary that said Obama and Clinton have run a close race for the nomination with some voting trends following demographic lines would be fine cited appropriately of course  Maybe after that some general mention of the debates and overall areas of difference between the candidate positions  I suppose at this point the fact that Obama leads the nomination contest and is likely nominee would be reasonable again cited  Microscopic detail of this primary and that primary and this date and that date belongs in a child article rather than in this summarystyle biography",0.0003663301467895508,0.0003663301467895508,0,0,0,1,"Failed"
"Although I got a huge kick out of reading it Im afraid it fails WPEL on quite a few respects","Although I got a huge kick out of reading it Im afraid it fails WPEL on quite a few respects",0.0007741451263427734,0.0007741451263427734,0,0,0,1,"Failed"
"REDIRECT TalkCook County Democratic Party","REDIRECT TalkCook County Democratic Party",0.001009523868560791,0.001009523868560791,0,0,0,1,"Failed"
"Your map has numerous errors and I have told you them again and again You ignore that Direktor has said that the milanivan map is superior to yours You clearly do not want to fix the errors in your map On top of that you do not use the census as a source or to be precise you do not respect the census as you exclude nonserbbosniakcroats and you exclude places with no people Wait now you ask for a submunicipal grid in order for something to be valid  you do not have such a thing so your map by default is wrong The only way you improved your map a little was to look at the milanivan map and make yours more like it  <SPLIT> As for the canton data I simply erased some fraud bullshit that you wrote You at least fixed your fraud bullshit putting Muslims back to 43 as they were before you changed it","Your map has numerous errors and I have told you them again and again You ignore that Direktor has said that the milanivan map is superior to yours You clearly do not want to fix the errors in your map On top of that you do not use the census as a source or to be precise you do not respect the census as you exclude nonserbbosniakcroats and you exclude places with no people Wait now you ask for a submunicipal grid in order for something to be valid  you do not have such a thing so your map by default is wrong The only way you improved your map a little was to look at the milanivan map and make yours more like it  <SPLIT> As for the canton data I simply erased some fraud bullshit that you wrote You at least fixed your fraud bullshit putting Muslims back to 43 as they were before you changed it",0.3531695008277893,0.3531695008277893,0,0,0,1,"Failed"
"Longest Skating Rink  <SPLIT> This is a commonly known fact in Ottawa I know but is there any way we can source this","Longest Skating Rink  <SPLIT> This is a commonly known fact in Ottawa I know but is there any way we can source this",0.00018197298049926758,0.00018197298049926758,0,0,0,1,"Failed"
"Regarding 8211922653  <SPLIT><SPLIT> This IP is a confirmed open proxy please input the IP into this for proof  Would you be able to block it","Regarding 8211922653  <SPLIT><SPLIT> This IP is a confirmed open proxy please input the IP into this for proof  Would you be able to block it",0.0005241036415100098,0.0005241036415100098,0,0,0,1,"Failed"
"player owned <SPLIT> i always thougth pwned meant player owned thats not right","player owned <SPLIT> i always thougth pwned meant player owned thats not right",0.003899693489074707,0.003899693489074707,0,0,0,1,"Failed"
"Hi thanks for your edits Ive added some more information and well could you please Fix the wording again Thanking you in advance All the best wishes and kind regards as always","Hi thanks for your edits Ive added some more information and well could you please Fix the wording again Thanking you in advance All the best wishes and kind regards as always",0.00019997358322143555,0.00019997358322143555,0,0,0,1,"Failed"
"Morteza Mahjoubi is a significant figure in Persian traditional music and a founder of Persian piano music","Morteza Mahjoubi is a significant figure in Persian traditional music and a founder of Persian piano music",0.00031697750091552734,0.00031697750091552734,0,0,0,1,"Failed"
"Sourcing looks great nice job  the only potential issue I see is the Galaxies text up top Looks like that was made with a logo generator of some sort <SPLIT> As for the portal it does seem to fit a bit better  the problem is that you can never make a single image fit perfectly because people view the page at different resolutions Image sizes dont change with the browser What works for you wont work for me and vice versa Im working on a tiled version now though and will see how that goes   Contribs","Sourcing looks great nice job  the only potential issue I see is the Galaxies text up top Looks like that was made with a logo generator of some sort <SPLIT> As for the portal it does seem to fit a bit better  the problem is that you can never make a single image fit perfectly because people view the page at different resolutions Image sizes dont change with the browser What works for you wont work for me and vice versa Im working on a tiled version now though and will see how that goes   Contribs",0.0002563595771789551,0.0002563595771789551,0,0,0,1,"Failed"
"Crum I dont see how that makes one immediately cry out Sockpuppet  Sockpuppet  Sockpuppet","Crum I dont see how that makes one immediately cry out Sockpuppet  Sockpuppet  Sockpuppet",0.29136478900909424,0.29136478900909424,0,0,0,1,"Failed"
"I think the link that was previously here is of value It gives an insight into the way events like this are covered but also if you read it contains a lot of useful information about the campaign itself So Im going to bring it back","I think the link that was previously here is of value It gives an insight into the way events like this are covered but also if you read it contains a lot of useful information about the campaign itself So Im going to bring it back",0.00021392107009887695,0.00021392107009887695,0,0,0,1,"Failed"
"I went ahead and took out the length sign as well Its certainly not phonemic but add it back in if you feel its justified phonetically","I went ahead and took out the length sign as well Its certainly not phonemic but add it back in if you feel its justified phonetically",0.0002650618553161621,0.0002650618553161621,0,0,0,1,"Failed"
"Were going in circles I saw your opening comment already and Ive already explained why COMMONNAME appears to be against assassination which is how this article is different than yours  I could just as easily link to the 440 articles that start with murder of and ask you why this article is different its pointless  Even if every single other article on a political death used Assassination of it would still be irrelevant to this article WPOTHERSTUFF <SPLIT> Ill doublecheck and see if theres been a shift the past few days then open a RM if the sources continue to appear to prefer murder so strongly","Were going in circles I saw your opening comment already and Ive already explained why COMMONNAME appears to be against assassination which is how this article is different than yours  I could just as easily link to the 440 articles that start with murder of and ask you why this article is different its pointless  Even if every single other article on a political death used Assassination of it would still be irrelevant to this article WPOTHERSTUFF <SPLIT> Ill doublecheck and see if theres been a shift the past few days then open a RM if the sources continue to appear to prefer murder so strongly",0.0021176934242248535,0.0021176934242248535,0,0,0,1,"Failed"
"Haha yeah Silly goose Sounds good to me","Haha yeah Silly goose Sounds good to me",0.9299922585487366,0.9299922585487366,0,0,1,1,"Skipped"
"Cheese is not a lovely thing it smells like shit loves you can shove it up youre anus and fuck it hard hhmmmhmm i didldo made out of cheese im feeling fucking horny now","Cheese is not a lovely thing it smells like shit loves you can shove it up youre anus and fuck it hard hhmmmhmm i didldo made out of cheese im feeling fucking horny now",0.0009059906005859375,0.0009059906005859375,1,1,1,1,"Failed"
"Same coffee shop  <SPLIT><SPLIT> My memory of it is shaky and maybe the geography couldnt possibly work out AND its been a while since Ive seen Identitybut wasnt the coffee shop where Bourne and Nicky stopped in Ultimatum when Bourne asks Nicky why shes helping him the same as the one he stopped at with Marie in Identity where he made the catching the sightlines and looking for an exit speech If so that should obviously go in the References to Previous Films section But its probably not Anyone want to confirmdeny this","Same coffee shop  <SPLIT><SPLIT> My memory of it is shaky and maybe the geography couldnt possibly work out AND its been a while since Ive seen Identitybut wasnt the coffee shop where Bourne and Nicky stopped in Ultimatum when Bourne asks Nicky why shes helping him the same as the one he stopped at with Marie in Identity where he made the catching the sightlines and looking for an exit speech If so that should obviously go in the References to Previous Films section But its probably not Anyone want to confirmdeny this",0.0003249645233154297,0.0003249645233154297,0,0,0,1,"Failed"
"reply replaced in proper place","reply replaced in proper place",0.00028842687606811523,0.00028842687606811523,0,0,0,1,"Failed"
"Please stop the bad faith attacks are you saying you now have a copy of Jackson rather than relying on 3rd hand excerpts prepared by other editors  Do I take that as a refusal to selfrevert","Please stop the bad faith attacks are you saying you now have a copy of Jackson rather than relying on 3rd hand excerpts prepared by other editors  Do I take that as a refusal to selfrevert",0.0004131197929382324,0.0004131197929382324,0,0,0,1,"Failed"
"The sentence you quote above refers to the subject the article Barack Obama not William Ayers The manufactured controversy is an artifact of the election campaign which means the coverage of it is certainly relevant to the campaign article But it has no relevancy in the biography and it really hasnt had any effect on the public perception of Obama unlike Jeremiah Wright Incidentally Im not sure how you can equate ROFL with incivility I just thought the Google search was funny because it was so meaningless as I demonstrated","The sentence you quote above refers to the subject the article Barack Obama not William Ayers The manufactured controversy is an artifact of the election campaign which means the coverage of it is certainly relevant to the campaign article But it has no relevancy in the biography and it really hasnt had any effect on the public perception of Obama unlike Jeremiah Wright Incidentally Im not sure how you can equate ROFL with incivility I just thought the Google search was funny because it was so meaningless as I demonstrated",0.00033092498779296875,0.00033092498779296875,0,0,0,1,"Failed"
"Unconstructive  <SPLIT><SPLIT> Please stop making unconstructive edits to Wikipedia Wes Brown John OShea and Park JiSung have not left Manchester United Those are not the only unconstructive edits you have made but I have neither the time nor the inclination to go through your edit history and point out all the mistakes youve been making Dont get me wrong some of your edits have been helpful but they are far outweighed by the bad ones","Unconstructive  <SPLIT><SPLIT> Please stop making unconstructive edits to Wikipedia Wes Brown John OShea and Park JiSung have not left Manchester United Those are not the only unconstructive edits you have made but I have neither the time nor the inclination to go through your edit history and point out all the mistakes youve been making Dont get me wrong some of your edits have been helpful but they are far outweighed by the bad ones",0.0006990432739257812,0.0006990432739257812,0,0,0,1,"Failed"
"Thanks Ill bear that in mind cheers","Thanks Ill bear that in mind cheers",0.00034439563751220703,0.00034439563751220703,0,0,0,1,"Failed"
"We sufficiently inform people by using the term obscenity and making Wikipedia into the National Enquirer is less than wise   Sorry  but we could have FUCK in big red letters in several thousand articles but we have made the conscious choice in policy and guideline not to travel that path","We sufficiently inform people by using the term obscenity and making Wikipedia into the National Enquirer is less than wise   Sorry  but we could have FUCK in big red letters in several thousand articles but we have made the conscious choice in policy and guideline not to travel that path",0.6098388433456421,0.6098388433456421,1,1,0,1,"Skipped"
"m done You win who fucking cares Bye","m done You win who fucking cares Bye",0.9990861415863037,0.9990861415863037,1,1,0,1,"Skipped"
"An old friend returns  <SPLIT><SPLIT> Guess who is back Do you have a large stick or similar implement","An old friend returns  <SPLIT><SPLIT> Guess who is back Do you have a large stick or similar implement",0.01569122076034546,0.01569122076034546,0,0,0,1,"Failed"
"REDIRECT TalkGreat Synagogue Plze","REDIRECT TalkGreat Synagogue Plze",0.000564277172088623,0.000564277172088623,0,0,0,1,"Failed"
"Id have no concerns about moving that article into main space nice work  If you get a chance check out WPWBM for help in formatting references to an archive youll find it useful in your rescue work Please let me know if you need any assistance from me and know that your efforts are appreciated","Id have no concerns about moving that article into main space nice work  If you get a chance check out WPWBM for help in formatting references to an archive youll find it useful in your rescue work Please let me know if you need any assistance from me and know that your efforts are appreciated",0.00017082691192626953,0.00017082691192626953,0,0,0,1,"Failed"
"STOP THE NONSENSE <SPLIT> The mods here have semibanned me saying I am someone else which is nonsense with no proof of this ridiculous allegation This comes from the talk pages where editors were writing untruths and just plain bad writing As the points given by myself and others were sound the detractors as last resort started to character assassinate saying I have multiple identities was someone else etc The mods naively sucked this in  I see the Tyne and Wear article still has the untruths in that TW is the second biggest rapidtransit network in the country  this is pure nonsense and a lie Yet the mods said that they will investigate and have done NOTHING The one and only","STOP THE NONSENSE <SPLIT> The mods here have semibanned me saying I am someone else which is nonsense with no proof of this ridiculous allegation This comes from the talk pages where editors were writing untruths and just plain bad writing As the points given by myself and others were sound the detractors as last resort started to character assassinate saying I have multiple identities was someone else etc The mods naively sucked this in  I see the Tyne and Wear article still has the untruths in that TW is the second biggest rapidtransit network in the country  this is pure nonsense and a lie Yet the mods said that they will investigate and have done NOTHING The one and only",0.08102244138717651,0.08102244138717651,0,0,0,1,"Failed"
"Also even if you werent edit warring I would advise against adding this material again  Wikipedia has some rules many of which were linked above but because you dont appear to have checked them Ill summarize some important ones for you <SPLIT> Always cite a source for any new information  When adding this information to articles use reference tags like this containing the name of the source the author page number publisher or web address if applicable <SPLIT> Truth is not the criteria for inclusion verifiability is <SPLIT> We do not publish original thought nor original research  Were not a blog were not here to promote any ideology <SPLIT> Wikipedia is not a general discussion forum additions to talk pages should be about improving the article within the guidelines not voicing ones opinion on the subject matter <SPLIT> Reliable sources typically include articles from magazines or newspapers particularly scholarly journals or books by recognized authors basically books by respected publishers  Online versions of these are usually accepted provided theyre held to the same standards  User generated sources like Wikipedia are to be avoided  Selfpublished sources should be avoided except for information by and about the subject that is not selfserving for example citing a companys website to establish something like year of establishment <SPLIT> Articles are to be written from a neutral point of view  Wikipedia is not concerned with facts or opinions it just summarizes reliable sources  Real scholarship actually does not say what understanding of the world is true but only with what there is evidence for","Also even if you werent edit warring I would advise against adding this material again  Wikipedia has some rules many of which were linked above but because you dont appear to have checked them Ill summarize some important ones for you <SPLIT> Always cite a source for any new information  When adding this information to articles use reference tags like this containing the name of the source the author page number publisher or web address if applicable <SPLIT> Truth is not the criteria for inclusion verifiability is <SPLIT> We do not publish original thought nor original research  Were not a blog were not here to promote any ideology <SPLIT> Wikipedia is not a general discussion forum additions to talk pages should be about improving the article within the guidelines not voicing ones opinion on the subject matter <SPLIT> Reliable sources typically include articles from magazines or newspapers particularly scholarly journals or books by recognized authors basically books by respected publishers  Online versions of these are usually accepted provided theyre held to the same standards  User generated sources like Wikipedia are to be avoided  Selfpublished sources should be avoided except for information by and about the subject that is not selfserving for example citing a companys website to establish something like year of establishment <SPLIT> Articles are to be written from a neutral point of view  Wikipedia is not concerned with facts or opinions it just summarizes reliable sources  Real scholarship actually does not say what understanding of the world is true but only with what there is evidence for",0.0002619624137878418,0.0002619624137878418,0,0,0,1,"Failed"
"I am in agreement with what you are saying the problem for me at least having a somewhat broader and yet more distant view than most is that hand in hand with Doing it Right is the clear assumption that everything else is Doing it Wrong  It is quite impossible to separate the how and the why since the why is based on an assumption that DIR is the revealed word rather than just one splinter of the tree that works well in certain circumstances  Philosophically DIR is so defined by arguments as to what it is not rather than by what it is that funny as it sounds a good case can be made for much of DIR when applied to open water for example is a classic equipment solution to a skill problem  It is not clear to me how this can be handled in an encyclopedia situation except by saying that DIR exists is controversial for a number of reasons and here are some links to websites that describe it","I am in agreement with what you are saying the problem for me at least having a somewhat broader and yet more distant view than most is that hand in hand with Doing it Right is the clear assumption that everything else is Doing it Wrong  It is quite impossible to separate the how and the why since the why is based on an assumption that DIR is the revealed word rather than just one splinter of the tree that works well in certain circumstances  Philosophically DIR is so defined by arguments as to what it is not rather than by what it is that funny as it sounds a good case can be made for much of DIR when applied to open water for example is a classic equipment solution to a skill problem  It is not clear to me how this can be handled in an encyclopedia situation except by saying that DIR exists is controversial for a number of reasons and here are some links to websites that describe it",0.00036275386810302734,0.00036275386810302734,0,0,0,1,"Failed"
"FileCyberscorepng listed for deletion  <SPLIT> A file that you uploaded or altered FileCyberscorepng has been listed at WikipediaFiles for deletion Please see the discussion to see why this is you may have to search for the title of the image to find its entry if you are interested in it not being deleted Thank you","FileCyberscorepng listed for deletion  <SPLIT> A file that you uploaded or altered FileCyberscorepng has been listed at WikipediaFiles for deletion Please see the discussion to see why this is you may have to search for the title of the image to find its entry if you are interested in it not being deleted Thank you",0.00018018484115600586,0.00018018484115600586,0,0,0,1,"Failed"
"Thank you for your interest Could you provide additional guidance on what should be changed on the page I would like to work to make this page acceptable to Wikipedia  <SPLIT><SPLIT> I referenced the guideline httpenwikipediaorgwikiWPCORP when creating this page  <SPLIT> The page was previously reviewed see trail below <SPLIT><SPLIT> Pactiv is traded on the NYSE and referenced in a similar way in many independent media outlets including  <SPLIT> Wall Street Journal <SPLIT><SPLIT> Morningstar <SPLIT><SPLIT> Google Finance <SPLIT><SPLIT> MarketWatch <SPLIT><SPLIT>  <SPLIT> Your review and help is most appreciated","Thank you for your interest Could you provide additional guidance on what should be changed on the page I would like to work to make this page acceptable to Wikipedia  <SPLIT><SPLIT> I referenced the guideline httpenwikipediaorgwikiWPCORP when creating this page  <SPLIT> The page was previously reviewed see trail below <SPLIT><SPLIT> Pactiv is traded on the NYSE and referenced in a similar way in many independent media outlets including  <SPLIT> Wall Street Journal <SPLIT><SPLIT> Morningstar <SPLIT><SPLIT> Google Finance <SPLIT><SPLIT> MarketWatch <SPLIT><SPLIT>  <SPLIT> Your review and help is most appreciated",0.0001818537712097168,0.0001818537712097168,0,0,0,1,"Failed"
"Translation of Malay book titles  <SPLIT><SPLIT> Can anyone help provide English translations of the following book titles which are referred to in the article <SPLIT><SPLIT> Membacha Musik appears in the Works section <SPLIT> Mengenang Pak Zubir appears in the Further reading section <SPLIT><SPLIT> Cheers","Translation of Malay book titles  <SPLIT><SPLIT> Can anyone help provide English translations of the following book titles which are referred to in the article <SPLIT><SPLIT> Membacha Musik appears in the Works section <SPLIT> Mengenang Pak Zubir appears in the Further reading section <SPLIT><SPLIT> Cheers",0.0001792311668395996,0.0001792311668395996,0,0,0,1,"Failed"
"Q Why should unpaid volunteers help deal with the flood of nonneutral nonencyclopedic advocacy that advocates are being paid to overwhelm them with  <SPLIT><SPLIT> The market for shills knows no lower bound in terms of the willingness of organisations to hire poor quality advocates  On wikipedia I give skills to colleagues who volunteer on a voluntary basisthis is my main motivation to engage here  Paid editors who do not comprehend basic elements of scholarly and professional literacy such as plagiarism are not only seeking to change the content of the encyclopaedia they are seeking education from the community  And I am not willing to volunteer expert skills skills I have to exert under direction IRL in order for some wage slave or petits bourgeois contractor to get paid  Im happy to help skill up volunteers of the most irreconcileable interests views and politics  Im willing to teach a volunteer why he can cite one music magazine  Im willing to teach a volunteer how not to plagiarise by close paraphrase a notable neocon opinion  But I volunteer for that very feeling of not working under the direction of management but along side other free volunteers   <SPLIT><SPLIT> I dont maintain an understanding of our reliable sources policy to teach paid shills who cant be bothered reading core policy documents what they should have read themselves  Nor do I maintain a capacity for spotting plagiarism such that I can teach a paid shill the core of proper attribution and reexpression  Volunteers get forgiven a multitude of sins because they come here to give me something I cant give myself working along side other free people on an encyclopaedia  Shillery in particular shills who lack the capacity to author or edit encyclopaedic content come here to steal my gift and get paid  Unlike commercialisers of our eventual content shills intrude on my immediate experience of editing  And shills have no capacity to claim the collegiality I give freelythey bring nothing collegial to the encyclopaedia  <SPLIT><SPLIT> So I am very interested in this FAQ question and its unanswered status  I dont believe we should answer it because I dont believe we should accept the fundamentally noncollegial and unencyclopaedic nature of the shills involvement in our community of encyclopaedists","Q Why should unpaid volunteers help deal with the flood of nonneutral nonencyclopedic advocacy that advocates are being paid to overwhelm them with  <SPLIT><SPLIT> The market for shills knows no lower bound in terms of the willingness of organisations to hire poor quality advocates  On wikipedia I give skills to colleagues who volunteer on a voluntary basisthis is my main motivation to engage here  Paid editors who do not comprehend basic elements of scholarly and professional literacy such as plagiarism are not only seeking to change the content of the encyclopaedia they are seeking education from the community  And I am not willing to volunteer expert skills skills I have to exert under direction IRL in order for some wage slave or petits bourgeois contractor to get paid  Im happy to help skill up volunteers of the most irreconcileable interests views and politics  Im willing to teach a volunteer why he can cite one music magazine  Im willing to teach a volunteer how not to plagiarise by close paraphrase a notable neocon opinion  But I volunteer for that very feeling of not working under the direction of management but along side other free volunteers   <SPLIT><SPLIT> I dont maintain an understanding of our reliable sources policy to teach paid shills who cant be bothered reading core policy documents what they should have read themselves  Nor do I maintain a capacity for spotting plagiarism such that I can teach a paid shill the core of proper attribution and reexpression  Volunteers get forgiven a multitude of sins because they come here to give me something I cant give myself working along side other free people on an encyclopaedia  Shillery in particular shills who lack the capacity to author or edit encyclopaedic content come here to steal my gift and get paid  Unlike commercialisers of our eventual content shills intrude on my immediate experience of editing  And shills have no capacity to claim the collegiality I give freelythey bring nothing collegial to the encyclopaedia  <SPLIT><SPLIT> So I am very interested in this FAQ question and its unanswered status  I dont believe we should answer it because I dont believe we should accept the fundamentally noncollegial and unencyclopaedic nature of the shills involvement in our community of encyclopaedists",0.0027285218238830566,0.0027285218238830566,0,0,0,1,"Failed"
"No problem  It appears the origin of the confusion is that Commons user Danielcland is listed as the uploaded the graphics file while  is listed as its creator  This is really strange since the file was first inserted into the Septins article on 11 December 2006 while the upload date is listed as 29 April 2008  What may have happened is that the file was moved from enwikipedia to Commons obscuring both the creation date and creator  Furthermore  may be the same person as   I will ask  to clarify this on the FileS cerevisiae septinsjpg Cheers","No problem  It appears the origin of the confusion is that Commons user Danielcland is listed as the uploaded the graphics file while  is listed as its creator  This is really strange since the file was first inserted into the Septins article on 11 December 2006 while the upload date is listed as 29 April 2008  What may have happened is that the file was moved from enwikipedia to Commons obscuring both the creation date and creator  Furthermore  may be the same person as   I will ask  to clarify this on the FileS cerevisiae septinsjpg Cheers",0.00023633241653442383,0.00023633241653442383,0,0,0,1,"Failed"
"exuse me  <SPLIT><SPLIT> i was not attacking someones page i was merely makeing it better done bye hope you die","exuse me  <SPLIT><SPLIT> i was not attacking someones page i was merely makeing it better done bye hope you die",0.8778870105743408,0.8778870105743408,1,1,0,1,"Skipped"
"Rudds a cunt i hope some terrorist kills thatr fuckin commo fuck","Rudds a cunt i hope some terrorist kills thatr fuckin commo fuck",0.000857234001159668,0.000857234001159668,1,1,1,1,"Failed"
"The cleaved product leaves the active site then water comes in to complete hydrolysis of the acyl enzyme intermediate  Not sure what problem you are refering to  looks like a pretty standard depiction of the reaction mechanism to me","The cleaved product leaves the active site then water comes in to complete hydrolysis of the acyl enzyme intermediate  Not sure what problem you are refering to  looks like a pretty standard depiction of the reaction mechanism to me",0.00028783082962036133,0.00028783082962036133,0,0,0,1,"Failed"
"Dennis Kincaid Dennis Charles Alexander Kincaid 19051016 19370610 <SPLIT>   <SPLIT>   <SPLIT> So that you should not in any way feel underworked the Bourbons led to this missing subject too via his father Charles Augustus Kincaid whose article is fairly pitiful  I dont think that theres enough source material on the grandfather William 1832 1910 though unless  has more","Dennis Kincaid Dennis Charles Alexander Kincaid 19051016 19370610 <SPLIT>   <SPLIT>   <SPLIT> So that you should not in any way feel underworked the Bourbons led to this missing subject too via his father Charles Augustus Kincaid whose article is fairly pitiful  I dont think that theres enough source material on the grandfather William 1832 1910 though unless  has more",0.00171661376953125,0.00171661376953125,0,0,0,1,"Failed"
"edit  <SPLIT><SPLIT> I did not edit anything","edit  <SPLIT><SPLIT> I did not edit anything",0.0001925826072692871,0.0001925826072692871,0,0,0,1,"Failed"
"also in singapore i fuck sex slaves and we have TOO many people with aids","also in singapore i fuck sex slaves and we have TOO many people with aids",0.0008330345153808594,0.0008330345153808594,1,1,1,1,"Failed"
"Andrew  <SPLIT><SPLIT> AndrEw cut the man bun already Andrew is probably sucking either las or iziahs finger the have short stubby fingers As U read this Andrew sucks I hate him","Andrew  <SPLIT><SPLIT> AndrEw cut the man bun already Andrew is probably sucking either las or iziahs finger the have short stubby fingers As U read this Andrew sucks I hate him",0.04046696424484253,0.04046696424484253,1,1,1,1,"Failed"
"I wouldnt  I think the article looks good how it is especially after the cleanup by Masem","I wouldnt  I think the article looks good how it is especially after the cleanup by Masem",0.00019592046737670898,0.00019592046737670898,0,0,0,1,"Failed"
"Signshare <SPLIT> What I said was directed at Cant Sleep Clown eats me not you so why are you placing your nose and two cents where it is not needed wanted or asked for Signshare January 21 2008","Signshare <SPLIT> What I said was directed at Cant Sleep Clown eats me not you so why are you placing your nose and two cents where it is not needed wanted or asked for Signshare January 21 2008",0.08669239282608032,0.08669239282608032,0,0,0,1,"Failed"
"Skystream Markets  <SPLIT><SPLIT> Hello I am new to Wikipedia and although I am getting an idea of the guidelines Im still not quite sure what to do to avoid infringing on the the way things are done  What we are is a small startup company that designs trading software for the environmental markets  In this case RECs  There are about 3 articles I think on the subject <SPLIT><SPLIT> I am trying to put up an article that <SPLIT> 1describes the company and what it does <SPLIT> 2describes what a REC is <SPLIT> 3fills in other information about the future development of the environmental markets <SPLIT><SPLIT> So far Ive managed to run afoul of the system twice so I am trying figure out  <SPLIT><SPLIT> awhat Im doing wrong <SPLIT> bif its even possible for a new and small company to put up a general info page <SPLIT> c4 or 5 simple guidlines to follow <SPLIT><SPLIT> like   <SPLIT> 1Start off as a regular user <SPLIT> 2No explicit mentions of services <SPLIT> 3etc etc  <SPLIT><SPLIT> Please do let me know  I actually dont know enough about how Wikipedia works to even think about trying to game the system <SPLIT><SPLIT> yours <SPLIT><SPLIT> ross von burg <SPLIT> vonrossfifthseasonnet  <SPLIT> user skystreammarkets","Skystream Markets  <SPLIT><SPLIT> Hello I am new to Wikipedia and although I am getting an idea of the guidelines Im still not quite sure what to do to avoid infringing on the the way things are done  What we are is a small startup company that designs trading software for the environmental markets  In this case RECs  There are about 3 articles I think on the subject <SPLIT><SPLIT> I am trying to put up an article that <SPLIT> 1describes the company and what it does <SPLIT> 2describes what a REC is <SPLIT> 3fills in other information about the future development of the environmental markets <SPLIT><SPLIT> So far Ive managed to run afoul of the system twice so I am trying figure out  <SPLIT><SPLIT> awhat Im doing wrong <SPLIT> bif its even possible for a new and small company to put up a general info page <SPLIT> c4 or 5 simple guidlines to follow <SPLIT><SPLIT> like   <SPLIT> 1Start off as a regular user <SPLIT> 2No explicit mentions of services <SPLIT> 3etc etc  <SPLIT><SPLIT> Please do let me know  I actually dont know enough about how Wikipedia works to even think about trying to game the system <SPLIT><SPLIT> yours <SPLIT><SPLIT> ross von burg <SPLIT> vonrossfifthseasonnet  <SPLIT> user skystreammarkets",0.0003274679183959961,0.0003274679183959961,0,0,0,1,"Failed"
"Please do not vandalize pages as you did with this edit to Ben Savage If you continue to do so you will be blocked from editing","Please do not vandalize pages as you did with this edit to Ben Savage If you continue to do so you will be blocked from editing",0.00023096799850463867,0.00023096799850463867,0,0,0,1,"Failed"
"Yeah name one Note no one would claim that Wayne Shorter was a better soloist than Coltrane","Yeah name one Note no one would claim that Wayne Shorter was a better soloist than Coltrane",0.000546872615814209,0.000546872615814209,0,0,0,1,"Failed"
"Bitter liberals continue to be bitter liberals Jessica Simpson Whats next attacking a little girl for waving a flag or using God in the pledge","Bitter liberals continue to be bitter liberals Jessica Simpson Whats next attacking a little girl for waving a flag or using God in the pledge",0.07140582799911499,0.07140582799911499,0,0,0,1,"Failed"
"Userpage vandalism <SPLIT> Glad to help  would have been better if the vandalism was witty though","Userpage vandalism <SPLIT> Glad to help  would have been better if the vandalism was witty though",0.0009157657623291016,0.0009157657623291016,0,0,0,1,"Failed"
"Sorry  <SPLIT><SPLIT> Oops I shouldnt edit when Ive had too little sleep Sorry Thinking it over most if not all of those video rpgs are going to fantasy anyway so I guess theres no need for a fantasy video rpg category If more video rpgs are released in other genres that may change","Sorry  <SPLIT><SPLIT> Oops I shouldnt edit when Ive had too little sleep Sorry Thinking it over most if not all of those video rpgs are going to fantasy anyway so I guess theres no need for a fantasy video rpg category If more video rpgs are released in other genres that may change",0.0003154277801513672,0.0003154277801513672,0,0,0,1,"Failed"
"Oh by the way I think everyone has realised your circular arguments I hope you are able to entertain yourself as I will certainly not be giving any consideration to the above points We have covered them in exeptional detail Which is why I mentioned I think you are either possibly psychotic or a paid prozionist pusher Definatley one or the other","Oh by the way I think everyone has realised your circular arguments I hope you are able to entertain yourself as I will certainly not be giving any consideration to the above points We have covered them in exeptional detail Which is why I mentioned I think you are either possibly psychotic or a paid prozionist pusher Definatley one or the other",0.10926967859268188,0.10926967859268188,0,0,0,1,"Failed"
"Censorship v Accusations of Censorship  <SPLIT><SPLIT> Ive put the title back to Accusations of Censorship The first title is both not NPOV and is not supported by the sources","Censorship v Accusations of Censorship  <SPLIT><SPLIT> Ive put the title back to Accusations of Censorship The first title is both not NPOV and is not supported by the sources",0.0002276301383972168,0.0002276301383972168,0,0,0,1,"Failed"
"Ive reverted back to my last edit in June due to copyright and POV problems with a few changes","Ive reverted back to my last edit in June due to copyright and POV problems with a few changes",0.000406801700592041,0.000406801700592041,0,0,0,1,"Failed"
"Need more info <SPLIT> I still dont know who are the two new GOCs at Lahore 10 and 11 Divs at Pano Akil 16 Div Commandant Infantry School Quetta the new DG Planning at COAS Secretariat after Maj Gen Waheed Arshad and DG Infantry at the GHQ If someone has info please share Thanks","Need more info <SPLIT> I still dont know who are the two new GOCs at Lahore 10 and 11 Divs at Pano Akil 16 Div Commandant Infantry School Quetta the new DG Planning at COAS Secretariat after Maj Gen Waheed Arshad and DG Infantry at the GHQ If someone has info please share Thanks",0.00016987323760986328,0.00016987323760986328,0,0,0,1,"Failed"
"Im responding to some of this here rather than at my own talk page And heres a ping for   <SPLIT><SPLIT> We could use any of those references where people write about his work and publications Please give the following information for each one author name or names journal title in the original language volume number issue number if you have it date at least year article title and pages the article is on The URL of an online version  or an online abstract which is all there is for some journals  is helpful but not necessary so yes please give the Google URL if you have it and in case you are working with a college library if you have a jstor or doi number include it please You can list these here on the article talk page or put them in the article as references To do the latter type the information between a  tag and a  tag at the end of the sentence or sentence section that the reference supports The article is using citation templates dont worry someone else can convert the raw data into that format and possibly find an online version if you could not If thats too complicated just list that information here for each one <SPLIT><SPLIT> Dont ask people for letters since we are an encyclopedia private communications are a type of reference we avoid But yes newspaper articles would be useful The same kind of full information please including the accurate title in the original language Since newspaper articles are unlikely to be online it would be very helpful if you would type out relevant short quotations from these Adding a translation is helpful but the original wording enables multilingual Wikipedians to search further and to tweak the translation for accuracy  In the same vein yes please could you add the original wording for the quotations you previously translated that are in the article Here would be fine  <SPLIT><SPLIT> Im not sure about the letter from the queen Perhaps Bazj or someone else has a thought <SPLIT><SPLIT> Yes the list of his published papers was removed and replaced by a link to an online list However one of the weak points of the article at present is that the introduction lists scientific contributions he made and the article doesnt at present substantiate those Im hoping the citations you mention will enable us to fill that gap and that may lead us to list a few of his papers that those sources say were particularly significant in the field That is the preferred way to deal with a prolifically published academic here to list only selected works that have been mentioned in reliable sources as particularly important but to link to a complete bibliography <SPLIT><SPLIT> I think that covers most of it Ive responded about images on my talk page Have I left anything out","Im responding to some of this here rather than at my own talk page And heres a ping for   <SPLIT><SPLIT> We could use any of those references where people write about his work and publications Please give the following information for each one author name or names journal title in the original language volume number issue number if you have it date at least year article title and pages the article is on The URL of an online version  or an online abstract which is all there is for some journals  is helpful but not necessary so yes please give the Google URL if you have it and in case you are working with a college library if you have a jstor or doi number include it please You can list these here on the article talk page or put them in the article as references To do the latter type the information between a  tag and a  tag at the end of the sentence or sentence section that the reference supports The article is using citation templates dont worry someone else can convert the raw data into that format and possibly find an online version if you could not If thats too complicated just list that information here for each one <SPLIT><SPLIT> Dont ask people for letters since we are an encyclopedia private communications are a type of reference we avoid But yes newspaper articles would be useful The same kind of full information please including the accurate title in the original language Since newspaper articles are unlikely to be online it would be very helpful if you would type out relevant short quotations from these Adding a translation is helpful but the original wording enables multilingual Wikipedians to search further and to tweak the translation for accuracy  In the same vein yes please could you add the original wording for the quotations you previously translated that are in the article Here would be fine  <SPLIT><SPLIT> Im not sure about the letter from the queen Perhaps Bazj or someone else has a thought <SPLIT><SPLIT> Yes the list of his published papers was removed and replaced by a link to an online list However one of the weak points of the article at present is that the introduction lists scientific contributions he made and the article doesnt at present substantiate those Im hoping the citations you mention will enable us to fill that gap and that may lead us to list a few of his papers that those sources say were particularly significant in the field That is the preferred way to deal with a prolifically published academic here to list only selected works that have been mentioned in reliable sources as particularly important but to link to a complete bibliography <SPLIT><SPLIT> I think that covers most of it Ive responded about images on my talk page Have I left anything out",0.0002853274345397949,0.0002853274345397949,0,0,0,1,"Failed"
"L Z Sova  <SPLIT><SPLIT> Your recent edits to the article about L Z Sova rely heavily on articles in Dr Sovas personal archives Personal archives of L Z Aksenova Sova  PALAS  This is troublesome for two reasons <SPLIT>  Other editors do not have access to Dr Sovas personal archives and so cannot verify this information  Sources must be publicly available either at publicly accessible libraries or websites etc  Items held in a persons personal archives are not admissible as citations <SPLIT>  Your ability to access these items indicates a personal relationship with Dr Sova that constitutes a conflict of interest  Perhaps you are not the best person to be writing her article at Wikipedia and that task should be left to others <SPLIT> Please review the relevant policies before continuing to edit this article","L Z Sova  <SPLIT><SPLIT> Your recent edits to the article about L Z Sova rely heavily on articles in Dr Sovas personal archives Personal archives of L Z Aksenova Sova  PALAS  This is troublesome for two reasons <SPLIT>  Other editors do not have access to Dr Sovas personal archives and so cannot verify this information  Sources must be publicly available either at publicly accessible libraries or websites etc  Items held in a persons personal archives are not admissible as citations <SPLIT>  Your ability to access these items indicates a personal relationship with Dr Sova that constitutes a conflict of interest  Perhaps you are not the best person to be writing her article at Wikipedia and that task should be left to others <SPLIT> Please review the relevant policies before continuing to edit this article",0.00024110078811645508,0.00024110078811645508,0,0,0,1,"Failed"
"July 2008 UTC <SPLIT>  Why do we assume that giving health care to illegal aliens is negative or a bad thing Im not sure that our value judgements although ok on a talk page should creep into our article editing  1432 24","July 2008 UTC <SPLIT>  Why do we assume that giving health care to illegal aliens is negative or a bad thing Im not sure that our value judgements although ok on a talk page should creep into our article editing  1432 24",0.0002873539924621582,0.0002873539924621582,0,0,0,1,"Failed"
"And by the way why is the very first external link to a page that tries to justify the Inquisition because it was the morality of the time I find that extremely offensive <SPLIT><SPLIT> Particularly one of the socalled Myths caught my attention <SPLIT> Myth The hideous procedures of the Inquisition were unjust cruel inhumane and barbaric The Inquisition roasted their victims feet over fire bricked them up into walls to languish for all eternity smashed their joints with hammers and flayed them on wheels <SPLIT><SPLIT> Reality Despite the compelling Gothic fictions the evidence leads us to a wholly different conclusion The procedures of the Inquisition are well known through a whole series of papal bulls and other authoritative documents but mainly through such formularies and manuals as were prepared by St Raymond Peaforte c11801275 the great Spanish canonist and Bernard Gui 12611331 one of the most celebrated inquisitors of the early 14th Century The Inquisitors were certainly interrogators but they were theological experts who followed the rules and instructiones meticulously and were dismissed and punished when they showed too little regard for justice When for example in 1223 Robert of Bourger gleefully announced his aim to burn heretics not to convert them he was immediately suspended and imprisoned for life by Gregory IX16  <SPLIT><SPLIT> The inquisitorial procedures were surprisingly just and even lenient In contrast with other tribunals throughout Europe at the time they appear as almost enlightened  <SPLIT><SPLIT> I mean seriously This is just blatant lying The people were burnt alive at stakes And if you ever visit certain museums all over Europe youll find examples of the wonderful torture devices that were used such as Catherine Wheels racks and whatnot <SPLIT><SPLIT> I mean adding such ridiculous link as the first one or just adding it is an insult to the readers And its a lie Go grab a History book","And by the way why is the very first external link to a page that tries to justify the Inquisition because it was the morality of the time I find that extremely offensive <SPLIT><SPLIT> Particularly one of the socalled Myths caught my attention <SPLIT> Myth The hideous procedures of the Inquisition were unjust cruel inhumane and barbaric The Inquisition roasted their victims feet over fire bricked them up into walls to languish for all eternity smashed their joints with hammers and flayed them on wheels <SPLIT><SPLIT> Reality Despite the compelling Gothic fictions the evidence leads us to a wholly different conclusion The procedures of the Inquisition are well known through a whole series of papal bulls and other authoritative documents but mainly through such formularies and manuals as were prepared by St Raymond Peaforte c11801275 the great Spanish canonist and Bernard Gui 12611331 one of the most celebrated inquisitors of the early 14th Century The Inquisitors were certainly interrogators but they were theological experts who followed the rules and instructiones meticulously and were dismissed and punished when they showed too little regard for justice When for example in 1223 Robert of Bourger gleefully announced his aim to burn heretics not to convert them he was immediately suspended and imprisoned for life by Gregory IX16  <SPLIT><SPLIT> The inquisitorial procedures were surprisingly just and even lenient In contrast with other tribunals throughout Europe at the time they appear as almost enlightened  <SPLIT><SPLIT> I mean seriously This is just blatant lying The people were burnt alive at stakes And if you ever visit certain museums all over Europe youll find examples of the wonderful torture devices that were used such as Catherine Wheels racks and whatnot <SPLIT><SPLIT> I mean adding such ridiculous link as the first one or just adding it is an insult to the readers And its a lie Go grab a History book",0.006493330001831055,0.006493330001831055,0,0,0,1,"Failed"
"Thanks for your thoughtful reply WebHamster I dont appreciate your characterization of others good faith arguments as spouted bullshit and youre appropriately blocked for that kind of crap now but Ill go ahead and respond to the substance of what you said  Lets be realistic here the likelihood of someone visiting this page without some clue as to what it is is highly unlikely Actually its 100 Its certain that it will happen  indeed that it happens regularly I looked at some stats regarding our random article button and it gets hit often enough that any particular article pops up when that link is clicked roughly once every 24 hours Even ignoring that its not any kind of stretch to think that some joker will get some nave noob to click on a link that takes them to that page If you think that wont happen then I cant think youve been on the Internet much Ever been Rick rolled  Censorship involves group A deciding what group B can see What group B can see According to every suggestion so far made group B will still be able to see it If I dont control what someone else can see then I dont censor Nobodys even suggesting making it difficult to fine One click I see no censorship here not according to any reasonable definition","Thanks for your thoughtful reply WebHamster I dont appreciate your characterization of others good faith arguments as spouted bullshit and youre appropriately blocked for that kind of crap now but Ill go ahead and respond to the substance of what you said  Lets be realistic here the likelihood of someone visiting this page without some clue as to what it is is highly unlikely Actually its 100 Its certain that it will happen  indeed that it happens regularly I looked at some stats regarding our random article button and it gets hit often enough that any particular article pops up when that link is clicked roughly once every 24 hours Even ignoring that its not any kind of stretch to think that some joker will get some nave noob to click on a link that takes them to that page If you think that wont happen then I cant think youve been on the Internet much Ever been Rick rolled  Censorship involves group A deciding what group B can see What group B can see According to every suggestion so far made group B will still be able to see it If I dont control what someone else can see then I dont censor Nobodys even suggesting making it difficult to fine One click I see no censorship here not according to any reasonable definition",0.12669479846954346,0.12669479846954346,0,0,0,1,"Failed"
"Corinne you are too smart","Corinne you are too smart",0.0020577311515808105,0.0020577311515808105,0,0,0,1,"Failed"
"findsourcesnoticeMass surveillance United States","findsourcesnoticeMass surveillance United States",0.0013101696968078613,0.0013101696968078613,0,0,0,1,"Failed"
"FUCK USA AND JORGE BUSH  <SPLIT><SPLIT> Merde  shit","FUCK USA AND JORGE BUSH  <SPLIT><SPLIT> Merde  shit",0.0008158087730407715,0.0008158087730407715,1,1,1,1,"Failed"
"Ive reverted or edited several instances of your insertions of Islam in the See also sections of various articles Ive done this mainly because the edits seemed to be poorly thought through in one case it introduced a new see also section where one was already in place and in my view has a poor connection to the subject matter at hand For instance in the article about Anders Gravers Pedersen do you really believe that a see also section with only one entry Islam is appropriate","Ive reverted or edited several instances of your insertions of Islam in the See also sections of various articles Ive done this mainly because the edits seemed to be poorly thought through in one case it introduced a new see also section where one was already in place and in my view has a poor connection to the subject matter at hand For instance in the article about Anders Gravers Pedersen do you really believe that a see also section with only one entry Islam is appropriate",0.0002225041389465332,0.0002225041389465332,0,0,0,1,"Failed"
"The fact that Lucy Lawlesss character has garned a lot of attention from the media shes a wellknown actress and she seems to have a large role in season 3 being signed on for at least ten episodes I think she at least warrants her own article","The fact that Lucy Lawlesss character has garned a lot of attention from the media shes a wellknown actress and she seems to have a large role in season 3 being signed on for at least ten episodes I think she at least warrants her own article",0.0006843805313110352,0.0006843805313110352,0,0,0,1,"Failed"
"Dont be silly  You are making the claim so its up to you to prove it  No reputable source that I know of believes the Phoenicians colonized America","Dont be silly  You are making the claim so its up to you to prove it  No reputable source that I know of believes the Phoenicians colonized America",0.9150570631027222,0.9150570631027222,0,0,1,1,"Skipped"
"Thanks for everyones feedback  All the articles that were listed in the Further reading section have now been included in the body of the article as proposed and the section deleted","Thanks for everyones feedback  All the articles that were listed in the Further reading section have now been included in the body of the article as proposed and the section deleted",0.00019162893295288086,0.00019162893295288086,0,0,0,1,"Failed"
"Re your desire to delete the article at Wikipedia talkArticles for creationJnos Nyri  <SPLIT><SPLIT> Re Wikipedia talkArticles for creationJnos Nyri  <SPLIT><SPLIT> Thank you for your comments Please help me to bring the article into the requisite guidelines I dont understand why it would be deleted There are some citation style issues with which other Wikipedia editors have been helpful Can you help us to fix those issues I am also puzzled why the article has not yet been accepted in terms of importance etc There were copyright issues which have all been resolved Obviously this is not my fulltime job so as an outsider I want to make sure all your recommendtions are followed and adopted properly Please do not delete the articel It exists is French and possibly Hungarian although the texts are not exact translation they all refer to the same biographical data which has been verified with sources as diverse as the Times of London Wall Street Journal multiple publications and websites Thank you","Re your desire to delete the article at Wikipedia talkArticles for creationJnos Nyri  <SPLIT><SPLIT> Re Wikipedia talkArticles for creationJnos Nyri  <SPLIT><SPLIT> Thank you for your comments Please help me to bring the article into the requisite guidelines I dont understand why it would be deleted There are some citation style issues with which other Wikipedia editors have been helpful Can you help us to fix those issues I am also puzzled why the article has not yet been accepted in terms of importance etc There were copyright issues which have all been resolved Obviously this is not my fulltime job so as an outsider I want to make sure all your recommendtions are followed and adopted properly Please do not delete the articel It exists is French and possibly Hungarian although the texts are not exact translation they all refer to the same biographical data which has been verified with sources as diverse as the Times of London Wall Street Journal multiple publications and websites Thank you",0.00026875734329223633,0.00026875734329223633,0,0,0,1,"Failed"
"I have copied all of these articles from Encarta Encyclopedia You guys will be sued for copying illegally from Encarta without its source Ha ha","I have copied all of these articles from Encarta Encyclopedia You guys will be sued for copying illegally from Encarta without its source Ha ha",0.004246354103088379,0.004246354103088379,0,0,0,1,"Failed"
"Ive talked with the user who added cleanup tags and improved the article a bit adding more links and changing the language so it reads more fluently The Selected Works section still needs work which Ill try and do when I can","Ive talked with the user who added cleanup tags and improved the article a bit adding more links and changing the language so it reads more fluently The Selected Works section still needs work which Ill try and do when I can",0.00023180246353149414,0.00023180246353149414,0,0,0,1,"Failed"
"I agree thats why the section is marked as for 2  see Farenheit 911 for similarities","I agree thats why the section is marked as for 2  see Farenheit 911 for similarities",0.00017178058624267578,0.00017178058624267578,0,0,0,1,"Failed"
"I think we can identify that as an opinion piece and a singularly perverse and worthless one Goldstones aim was to persuade Israel there are enough allegations to make it worth investigating them hence its full of unsubstantiated claims Everyone understands that <SPLIT> But Norwitzs letter is aimed at preempting investigations It repeatedly calls the claims false based on by the look of it no possibility of him knowing either way eg To cite just one example at 642 you state On 5 February 2003 for instance Israeli snipers shot and killed two staff nurses who were on duty inside the hospital These unsubstantiated and often false allegations reflect a bias and a flagrant disregard for the basic principles of due process and all norms of fairness and justice The contents of this letter would shame any reputable commentator","I think we can identify that as an opinion piece and a singularly perverse and worthless one Goldstones aim was to persuade Israel there are enough allegations to make it worth investigating them hence its full of unsubstantiated claims Everyone understands that <SPLIT> But Norwitzs letter is aimed at preempting investigations It repeatedly calls the claims false based on by the look of it no possibility of him knowing either way eg To cite just one example at 642 you state On 5 February 2003 for instance Israeli snipers shot and killed two staff nurses who were on duty inside the hospital These unsubstantiated and often false allegations reflect a bias and a flagrant disregard for the basic principles of due process and all norms of fairness and justice The contents of this letter would shame any reputable commentator",0.015066325664520264,0.015066325664520264,0,0,0,1,"Failed"
"Please do not vandalize pages as you did with this edit to TalkNew Albany Indiana If you continue to do so you will be blocked from editing","Please do not vandalize pages as you did with this edit to TalkNew Albany Indiana If you continue to do so you will be blocked from editing",0.00020629167556762695,0.00020629167556762695,0,0,0,1,"Failed"
"September 2013 UTC <SPLIT> Thanks for your additions to the Wieck brothers    I have been quite busy with my new source  I keep finding deleted game designer articles some of which I now have good info for  I restored Brennan Taylor and Justin D Jacobson  do you have any more sources for them or for Lee Hammock and Wilf K Backhaus    1801 18","September 2013 UTC <SPLIT> Thanks for your additions to the Wieck brothers    I have been quite busy with my new source  I keep finding deleted game designer articles some of which I now have good info for  I restored Brennan Taylor and Justin D Jacobson  do you have any more sources for them or for Lee Hammock and Wilf K Backhaus    1801 18",0.00025647878646850586,0.00025647878646850586,0,0,0,1,"Failed"
"Deletion of SA campaign article  <SPLIT><SPLIT> the final vote was 4 keep 6 delete and 3 merge it was deleted without merging what a fucking disgrace why did i even bother helping to improve this articel who are these people and how do they defend their conduct what is the point of wikipedia did you know they deleted any trace of the article we both put work into so it cant be merged  even though a majority of voters wanted the content preserved this is fucked","Deletion of SA campaign article  <SPLIT><SPLIT> the final vote was 4 keep 6 delete and 3 merge it was deleted without merging what a fucking disgrace why did i even bother helping to improve this articel who are these people and how do they defend their conduct what is the point of wikipedia did you know they deleted any trace of the article we both put work into so it cant be merged  even though a majority of voters wanted the content preserved this is fucked",0.23862409591674805,0.23862409591674805,1,1,1,1,"Failed"
"English usage does seem inconsistent Hypernasality or Hypernasal resonance crop up on pubmed I put the former in the infobox If noone objects Id switch the cites to use the usual diberri format for medical articles","English usage does seem inconsistent Hypernasality or Hypernasal resonance crop up on pubmed I put the former in the infobox If noone objects Id switch the cites to use the usual diberri format for medical articles",0.00020831823348999023,0.00020831823348999023,0,0,0,1,"Failed"
"George Bush is a coke head","George Bush is a coke head",0.5937780141830444,0.5937780141830444,1,1,0,1,"Skipped"
"I have added a fair use rationale to the image now so theres no need to act upon this warning Thanks for your time","I have added a fair use rationale to the image now so theres no need to act upon this warning Thanks for your time",0.00043827295303344727,0.00043827295303344727,0,0,0,1,"Failed"
"Infobox  <SPLIT><SPLIT> The addition of the infobox id duplicative and necessary page clutter It is not justified it is just there for the sake off it Please do not add this rubbish","Infobox  <SPLIT><SPLIT> The addition of the infobox id duplicative and necessary page clutter It is not justified it is just there for the sake off it Please do not add this rubbish",0.8611376881599426,0.8611376881599426,0,0,1,1,"Skipped"
"Who are you talking to Anyway my vagina and I agree that we can compromise on having both links","Who are you talking to Anyway my vagina and I agree that we can compromise on having both links",0.4694286584854126,0.4694286584854126,1,1,1,1,"Failed"
"I see this statement has been readded  Since that major change has not been supported by consensus on the talk page I recommend Collect to selfrevert to avoid sanctions for violation of the edit restrictions","I see this statement has been readded  Since that major change has not been supported by consensus on the talk page I recommend Collect to selfrevert to avoid sanctions for violation of the edit restrictions",0.00020653009414672852,0.00020653009414672852,0,0,0,1,"Failed"
"The expertise level of these target audiences may be lower than originally envisioned but I believe a that Pinter is notable for people other than literature majors and b that the details covered in the present article are within the understanding of the two target audiences given above   <SPLIT><SPLIT> If we can agree on this then the following initial comments pertain  I believe that the shortcomings mentioned below can be fixed and I look forward to the articles progression to GA and thence to FA  <SPLIT><SPLIT> The criteria for a GA are that the article be 1 wellwritten 2 factually accurate and verifiable 3 sufficiently broad 4 neutral point of view 5 stable and 6 have images  The article clearly passes on 3 and criteria 5 and 6 are less important to me  I find minor lapses on 2 and 4 that will be given below   <SPLIT><SPLIT>  However I do not believe that the present article is wellwritten for our target audience  I sincerely doubt whether several intelligent people of my acquaintance would be sufficiently interested in Pinter to parse certain unnecessarily arcane passages   More specifically I find that  <SPLIT><SPLIT>  The article has poor flow the sections are not as tightly connected as they could be  <SPLIT>  Many sentences are overly long or overly complex in their construction   <SPLIT>  There are too many parentheticals of ancillary details that do not advance the article materially   <SPLIT>  Key facts are sometimes put at the end of a complicated construction instead of near the beginning for easier comprehension by nonacademics <SPLIT>  Some phrases are too  hagiographic and unencyclopedic thus they fail the WPWORDS criterion specifically WPPEACOCK and WPWEASEL","The expertise level of these target audiences may be lower than originally envisioned but I believe a that Pinter is notable for people other than literature majors and b that the details covered in the present article are within the understanding of the two target audiences given above   <SPLIT><SPLIT> If we can agree on this then the following initial comments pertain  I believe that the shortcomings mentioned below can be fixed and I look forward to the articles progression to GA and thence to FA  <SPLIT><SPLIT> The criteria for a GA are that the article be 1 wellwritten 2 factually accurate and verifiable 3 sufficiently broad 4 neutral point of view 5 stable and 6 have images  The article clearly passes on 3 and criteria 5 and 6 are less important to me  I find minor lapses on 2 and 4 that will be given below   <SPLIT><SPLIT>  However I do not believe that the present article is wellwritten for our target audience  I sincerely doubt whether several intelligent people of my acquaintance would be sufficiently interested in Pinter to parse certain unnecessarily arcane passages   More specifically I find that  <SPLIT><SPLIT>  The article has poor flow the sections are not as tightly connected as they could be  <SPLIT>  Many sentences are overly long or overly complex in their construction   <SPLIT>  There are too many parentheticals of ancillary details that do not advance the article materially   <SPLIT>  Key facts are sometimes put at the end of a complicated construction instead of near the beginning for easier comprehension by nonacademics <SPLIT>  Some phrases are too  hagiographic and unencyclopedic thus they fail the WPWORDS criterion specifically WPPEACOCK and WPWEASEL",0.00023561716079711914,0.00023561716079711914,0,0,0,1,"Failed"
"OK trimmed a little fat there","OK trimmed a little fat there",0.5114283561706543,0.5114283561706543,1,1,0,1,"Skipped"
"April Fools <SPLIT> Wow thats good I didnt even see that Best","April Fools <SPLIT> Wow thats good I didnt even see that Best",0.0005875825881958008,0.0005875825881958008,0,0,0,1,"Failed"
"Protecting pages  <SPLIT><SPLIT> Hello Vip protector  I am not quite sure what your are trying to do but pages can only be protected from editing by a WPAdministrator  The proper place to request protection is at WikipediaRequests for page protection  Please read the Protection policy as well","Protecting pages  <SPLIT><SPLIT> Hello Vip protector  I am not quite sure what your are trying to do but pages can only be protected from editing by a WPAdministrator  The proper place to request protection is at WikipediaRequests for page protection  Please read the Protection policy as well",0.00024121999740600586,0.00024121999740600586,0,0,0,1,"Failed"
"Seriously You said you would stop with your inappropriate and slanted diffs But you continue grinding that axe","Seriously You said you would stop with your inappropriate and slanted diffs But you continue grinding that axe",0.3808366060256958,0.3808366060256958,0,0,0,1,"Failed"
"How about putting them in but taking out at least two you feel arent as worthy","How about putting them in but taking out at least two you feel arent as worthy",0.004473984241485596,0.004473984241485596,0,0,0,1,"Failed"
"List of colleges <SPLIT> Maintaining two lists of colleges separately by accreditation seems unproductive  Should we maybe just maintain a list of colleges and then refer to the accreditation lists  Just casually glancing at the list today I noticed about a dozen colleges off the top of my head that are missing and a hurried review of the icuf site showed that several had changed categories  I propose we just use a single list  If that is agreeable I will make a more concerted effort to add more schools","List of colleges <SPLIT> Maintaining two lists of colleges separately by accreditation seems unproductive  Should we maybe just maintain a list of colleges and then refer to the accreditation lists  Just casually glancing at the list today I noticed about a dozen colleges off the top of my head that are missing and a hurried review of the icuf site showed that several had changed categories  I propose we just use a single list  If that is agreeable I will make a more concerted effort to add more schools",0.00024312734603881836,0.00024312734603881836,0,0,0,1,"Failed"
"Trying to standardize ancient cities <SPLIT> I was in the process of adding a map with each site when you brought back the satellite map The info box along with a professionallooking map really enhances every article dealing with Ancient Greek cities in Asia Minor as other examples that I provided I havent removed a single picture in my revisions except for that one because a Wiki map in unison with a large photo in an infobox gives you everything you want to know at a glance I understand it was your photo but I am trying to improve all of the articles so dont take it personally","Trying to standardize ancient cities <SPLIT> I was in the process of adding a map with each site when you brought back the satellite map The info box along with a professionallooking map really enhances every article dealing with Ancient Greek cities in Asia Minor as other examples that I provided I havent removed a single picture in my revisions except for that one because a Wiki map in unison with a large photo in an infobox gives you everything you want to know at a glance I understand it was your photo but I am trying to improve all of the articles so dont take it personally",0.00023728609085083008,0.00023728609085083008,0,0,0,1,"Failed"
"Your Removal of Information on Punjabis <SPLIT><SPLIT> Hello as mentioned above your unsourced edits to Punjabis were removed Your removed pertinent and factual information from the page See wikipedias policy on POV pushing Repeating this action will have you reported and may have you blocked You are most welcome to discuss your issues in the TalkPage for Punjabis Removing information from Punjabis that is historical fact or presentday fact just because it does not suite your personal PointofView is not fair to users of wikipedia Especially since that factual information is not disrespecting anyone discriminating against anyone and merely stating facts Thank You","Your Removal of Information on Punjabis <SPLIT><SPLIT> Hello as mentioned above your unsourced edits to Punjabis were removed Your removed pertinent and factual information from the page See wikipedias policy on POV pushing Repeating this action will have you reported and may have you blocked You are most welcome to discuss your issues in the TalkPage for Punjabis Removing information from Punjabis that is historical fact or presentday fact just because it does not suite your personal PointofView is not fair to users of wikipedia Especially since that factual information is not disrespecting anyone discriminating against anyone and merely stating facts Thank You",0.000399172306060791,0.000399172306060791,0,0,0,1,"Failed"
"Why Should it interest me I dont know any John Broughton","Why Should it interest me I dont know any John Broughton",0.0005935430526733398,0.0005935430526733398,0,0,0,1,"Failed"
"Keating <SPLIT><SPLIT> Hi Robert <SPLIT> Thank you for your expansion of the Keating article especially the detailed song summary  You attention to detail is brilliant I have made a couple of small alterations 1 describing Its Time as Blueeyed soul rather than bossa nova and 2 including a reference to Barry White in the I Wanna Do You Slowly summary I hope you dont mind Feel free to revert if you disagree  <SPLIT> <SPLIT><SPLIT> Hmmm  Im not sure about exactly how youd classify Its time maybe Ill have to ask a musician friend  I would definitely agree with the Barry White reference with I wanna  Thanks for giving the article further attention","Keating <SPLIT><SPLIT> Hi Robert <SPLIT> Thank you for your expansion of the Keating article especially the detailed song summary  You attention to detail is brilliant I have made a couple of small alterations 1 describing Its Time as Blueeyed soul rather than bossa nova and 2 including a reference to Barry White in the I Wanna Do You Slowly summary I hope you dont mind Feel free to revert if you disagree  <SPLIT> <SPLIT><SPLIT> Hmmm  Im not sure about exactly how youd classify Its time maybe Ill have to ask a musician friend  I would definitely agree with the Barry White reference with I wanna  Thanks for giving the article further attention",0.00020247697830200195,0.00020247697830200195,0,0,0,1,"Failed"
"Yes I am also checking your other DYK nom See you in about 24 hours      Log","Yes I am also checking your other DYK nom See you in about 24 hours      Log",0.0009875297546386719,0.0009875297546386719,0,0,0,1,"Failed"
"You probably arent watching my talk page so","You probably arent watching my talk page so",0.005826413631439209,0.005826413631439209,0,0,0,1,"Failed"
"Its the same signature How can you leave this message here and then call me a bitch on my talk page I dont have access to the tow here and youll be fucking sorry when my computer is in the shop for a month and I have to resort to fucking skywriting which I wont do because youre comment sucked So long","Its the same signature How can you leave this message here and then call me a bitch on my talk page I dont have access to the tow here and youll be fucking sorry when my computer is in the shop for a month and I have to resort to fucking skywriting which I wont do because youre comment sucked So long",0.9980258941650391,0.9980258941650391,1,1,0,1,"Skipped"
"Niuean Scouting <SPLIT> Can someone render Be Prepared the Scout Motto into Niuean Thanks","Niuean Scouting <SPLIT> Can someone render Be Prepared the Scout Motto into Niuean Thanks",0.00019341707229614258,0.00019341707229614258,0,0,0,1,"Failed"
"Welcome to Wikipedia We welcome your help to create new content but your recent additions such as Earl of Shippon are considered nonsense Please refrain from creating nonsense articles If you want to test things out edit the sandbox instead Take a look at the welcome page if you would like to learn more about contributing to our encyclopedia","Welcome to Wikipedia We welcome your help to create new content but your recent additions such as Earl of Shippon are considered nonsense Please refrain from creating nonsense articles If you want to test things out edit the sandbox instead Take a look at the welcome page if you would like to learn more about contributing to our encyclopedia",0.00037086009979248047,0.00037086009979248047,0,0,0,1,"Failed"
"No because there are no RS attesting to the validity of data correlating brain size to race  While many sources may opine that significance exists per various data sets none are reliablethat is since no editorial board of any peerreviewed science journal has yet taken such sources seriously enough to publish or engage them in published dialogue neither should Wiki","No because there are no RS attesting to the validity of data correlating brain size to race  While many sources may opine that significance exists per various data sets none are reliablethat is since no editorial board of any peerreviewed science journal has yet taken such sources seriously enough to publish or engage them in published dialogue neither should Wiki",0.0004417300224304199,0.0004417300224304199,0,0,0,1,"Failed"
"does magnus commit suicide or does he just bleed out from the wound the metal mask assassin gave him impaled him on a spike","does magnus commit suicide or does he just bleed out from the wound the metal mask assassin gave him impaled him on a spike",0.32919150590896606,0.32919150590896606,0,0,0,1,"Failed"
"HE IS BRAINWASHING YOU PEOPLE","HE IS BRAINWASHING YOU PEOPLE",0.5180472135543823,0.5180472135543823,1,1,0,1,"Skipped"
"Future  <SPLIT>  This arcticle in English Wikipedia is very small Other languages have bigger articles on this topic Could you help to expand this article please    <SPLIT><SPLIT> Yeah Ill take a look at it   <SPLIT><SPLIT> Incidently I hope I havent offended you in reverting some of your edits I just found them either unnecessary or original researchunsourced","Future  <SPLIT>  This arcticle in English Wikipedia is very small Other languages have bigger articles on this topic Could you help to expand this article please    <SPLIT><SPLIT> Yeah Ill take a look at it   <SPLIT><SPLIT> Incidently I hope I havent offended you in reverting some of your edits I just found them either unnecessary or original researchunsourced",0.00033354759216308594,0.00033354759216308594,0,0,0,1,"Failed"
"Mediation Case Closed On behalf of MedCab","Mediation Case Closed On behalf of MedCab",0.0003573894500732422,0.0003573894500732422,0,0,0,1,"Failed"
"Yeah I completely forgot Ill get to it today Also I really cant believe the IP is still not getting the problem","Yeah I completely forgot Ill get to it today Also I really cant believe the IP is still not getting the problem",0.0009685754776000977,0.0009685754776000977,0,0,0,1,"Failed"
"My Defamation on the Diyab Article   <SPLIT><SPLIT> Alright I understand I wonder however if you also screen for the painful bias presented all throughout the Diyab article This piece makes love to Diyab instead of presenting an objective account of her It is disgusting particularly because this lovemaking is in flagrant contradiction with the womans actual merits  which are almost nonexistent Just recently she made a complete fool of herself on the BBC one by announcing that all Syrians are better of in their wartorn nation instead of seeking a better chance at life  she also contradicts herself too many times and is a disgrace to all people of the Levant Of course denying innocent people the support they need does not apply to her because she is educated  unlike the barbarians that are going to flood into England I am not Syrian nor am in any way affected by the topic she was addressing but to laud someone like this even on a wiki page is not right <SPLIT><SPLIT> Nadithreigns","My Defamation on the Diyab Article   <SPLIT><SPLIT> Alright I understand I wonder however if you also screen for the painful bias presented all throughout the Diyab article This piece makes love to Diyab instead of presenting an objective account of her It is disgusting particularly because this lovemaking is in flagrant contradiction with the womans actual merits  which are almost nonexistent Just recently she made a complete fool of herself on the BBC one by announcing that all Syrians are better of in their wartorn nation instead of seeking a better chance at life  she also contradicts herself too many times and is a disgrace to all people of the Levant Of course denying innocent people the support they need does not apply to her because she is educated  unlike the barbarians that are going to flood into England I am not Syrian nor am in any way affected by the topic she was addressing but to laud someone like this even on a wiki page is not right <SPLIT><SPLIT> Nadithreigns",0.016670942306518555,0.016670942306518555,0,0,0,1,"Failed"
"Sternes secretive squiggle  <SPLIT><SPLIT> A favor if you have any ideas At the beginning of La Peau de chagrin Balzac inserts this image which he attributes to SterneTristram Shandy ch cccxxii Apparently in the Sterne novel Corporal Trim traces the image or one similar in the air to illustrate the freedom an unmarried man enjoys I cant find it anywhere in my copy of Sternes novel and a Google book search for Corporal Trim hasnt been any help I did find the image online in a discussion of Sterne and some of my Balzac criticism books refer to it being in Sterne  but I cant seem to find it in the original text Any thoughts","Sternes secretive squiggle  <SPLIT><SPLIT> A favor if you have any ideas At the beginning of La Peau de chagrin Balzac inserts this image which he attributes to SterneTristram Shandy ch cccxxii Apparently in the Sterne novel Corporal Trim traces the image or one similar in the air to illustrate the freedom an unmarried man enjoys I cant find it anywhere in my copy of Sternes novel and a Google book search for Corporal Trim hasnt been any help I did find the image online in a discussion of Sterne and some of my Balzac criticism books refer to it being in Sterne  but I cant seem to find it in the original text Any thoughts",0.0008659958839416504,0.0008659958839416504,0,0,0,1,"Failed"
"Headline2 I dont believe you Paul Ryan levels blistering attack against IRS boss over lost emails explanation <SPLIT>  httpwwwfoxnewscompolitics20140620irsbossfacescoverupclaimsaheadhillhearingonmissingemailsintcmppopulardiscussions <SPLIT> QUOTE WASHINGTON   A congressional hearing Friday into how the Internal Revenue Service lost thousands of emails from an exofficial accused of targeting conservative groups turned into an angry shouting match with Republicans accusing the IRS commissioner of lying to Americans This is unbelievable Rep Paul Ryan RWis angrily told IRS Commissioner John Koskinen Thats your problem Nobody believes you Koskinen responded I have a long career Thats the first time anyones said I dont believe you I dont believe you Ryan shot back again      PSFYI for future editing","Headline2 I dont believe you Paul Ryan levels blistering attack against IRS boss over lost emails explanation <SPLIT>  httpwwwfoxnewscompolitics20140620irsbossfacescoverupclaimsaheadhillhearingonmissingemailsintcmppopulardiscussions <SPLIT> QUOTE WASHINGTON   A congressional hearing Friday into how the Internal Revenue Service lost thousands of emails from an exofficial accused of targeting conservative groups turned into an angry shouting match with Republicans accusing the IRS commissioner of lying to Americans This is unbelievable Rep Paul Ryan RWis angrily told IRS Commissioner John Koskinen Thats your problem Nobody believes you Koskinen responded I have a long career Thats the first time anyones said I dont believe you I dont believe you Ryan shot back again      PSFYI for future editing",0.017746388912200928,0.017746388912200928,0,0,0,1,"Failed"
"Mac OS X  <SPLIT><SPLIT> Theres no mention of setting environment variables on Mac OS X  While it can be done for the shell unlike Unix or Linux the shell variables are not exported when running a GUI application in which case it needs to be set via environmentplist as described in httpdeveloperapplecomlibrarymacqaqa1067indexhtml  Im tempted to write this myself but I havent written a long block in such a highprofile Wikipedia page","Mac OS X  <SPLIT><SPLIT> Theres no mention of setting environment variables on Mac OS X  While it can be done for the shell unlike Unix or Linux the shell variables are not exported when running a GUI application in which case it needs to be set via environmentplist as described in httpdeveloperapplecomlibrarymacqaqa1067indexhtml  Im tempted to write this myself but I havent written a long block in such a highprofile Wikipedia page",0.0002726912498474121,0.0002726912498474121,0,0,0,1,"Failed"
"Stop that you fiend  <SPLIT><SPLIT> I bet if you ask every person in the world if they think sierra leone is shit at least 50 would agree making it true So what is your basis for calling my edit vandalism","Stop that you fiend  <SPLIT><SPLIT> I bet if you ask every person in the world if they think sierra leone is shit at least 50 would agree making it true So what is your basis for calling my edit vandalism",0.26981472969055176,0.26981472969055176,1,1,1,1,"Failed"
"Ah ok my bad for not wording it better","Ah ok my bad for not wording it better",0.001004636287689209,0.001004636287689209,0,0,0,1,"Failed"
"I think logos are worse when they are connected to forprofit ventures including professional sports teams because brandbuilding has become such a marketing mantra However logos are probably objectionable in general the very purpose of a logo is to promote something","I think logos are worse when they are connected to forprofit ventures including professional sports teams because brandbuilding has become such a marketing mantra However logos are probably objectionable in general the very purpose of a logo is to promote something",0.0005196928977966309,0.0005196928977966309,0,0,0,1,"Failed"
"If you do not laugh your ass off you quite possibly may not be a human being","If you do not laugh your ass off you quite possibly may not be a human being",0.9324337840080261,0.9324337840080261,1,1,0,1,"Skipped"
"Quick question  <SPLIT><SPLIT> Could someone please explain to me why aspirin is used in the stack in place of other NSAIDSCOX inhibitors such as Ibuprofen and acetominophen  I realize that aspirin is an irreversible inhibitor of COX and would mostly like work longer because more enzymes would have to be made to reverse its effects but by the logic presented in the article couldnt other reversible inhibitors contribute the same effect  Would a regimen of aspiring staggered out with tylenol and ibuprofen increase the thermogenic effect It is nearly impossible to find good information online because everyone has their own anecdotal evidence with NO FACTS to ever back it up  wamerocity","Quick question  <SPLIT><SPLIT> Could someone please explain to me why aspirin is used in the stack in place of other NSAIDSCOX inhibitors such as Ibuprofen and acetominophen  I realize that aspirin is an irreversible inhibitor of COX and would mostly like work longer because more enzymes would have to be made to reverse its effects but by the logic presented in the article couldnt other reversible inhibitors contribute the same effect  Would a regimen of aspiring staggered out with tylenol and ibuprofen increase the thermogenic effect It is nearly impossible to find good information online because everyone has their own anecdotal evidence with NO FACTS to ever back it up  wamerocity",0.002318143844604492,0.002318143844604492,0,0,0,1,"Failed"
"If I want to write this <SPLIT><SPLIT> Where do you get off you sick little twist Sexual Im not sexual with them Im not abusive with them how dare you write that in your paper without knowing nothing about me bitings not sex its biting Im not sick like that Maybe I should come bite you would you like that scotty I bet you would like that I am right You write about me like Im sick Youre the sick one you know that Is that why you like me scotty Is that why I could come bite you you tell me how sexual it is You humiliate me like that You mortify me like that in front of my father My fathers father Listen to me smack daddy crack daddy little baby whack daddy heres whats happening You aint never going to find them anymore You aint never gonna see them no more Im sending you something right now You take a good look at this guy because you aint ver going to see him no more <SPLIT><SPLIT> On my talk page Im allowed to write it on my talk page  Leave it alone  Youre vandalizing my talk page","If I want to write this <SPLIT><SPLIT> Where do you get off you sick little twist Sexual Im not sexual with them Im not abusive with them how dare you write that in your paper without knowing nothing about me bitings not sex its biting Im not sick like that Maybe I should come bite you would you like that scotty I bet you would like that I am right You write about me like Im sick Youre the sick one you know that Is that why you like me scotty Is that why I could come bite you you tell me how sexual it is You humiliate me like that You mortify me like that in front of my father My fathers father Listen to me smack daddy crack daddy little baby whack daddy heres whats happening You aint never going to find them anymore You aint never gonna see them no more Im sending you something right now You take a good look at this guy because you aint ver going to see him no more <SPLIT><SPLIT> On my talk page Im allowed to write it on my talk page  Leave it alone  Youre vandalizing my talk page",0.06277889013290405,0.06277889013290405,1,1,1,1,"Failed"
"Well if I placed what I have done so far the main article would see an increase of 90000 bytes so Im guessing thats well above the article size allowed So what Ill do next Ill check over my work to see if nothing will be a problem and create a new article for those The plots and summarys are to be between 500700 bytes per im guessing if so then the work that I have done is ok since they are below that mark didnt want to overly detailed the information Thanks","Well if I placed what I have done so far the main article would see an increase of 90000 bytes so Im guessing thats well above the article size allowed So what Ill do next Ill check over my work to see if nothing will be a problem and create a new article for those The plots and summarys are to be between 500700 bytes per im guessing if so then the work that I have done is ok since they are below that mark didnt want to overly detailed the information Thanks",0.00026410818099975586,0.00026410818099975586,0,0,0,1,"Failed"
"have sex with ASians","have sex with ASians",0.002490520477294922,0.002490520477294922,1,1,1,1,"Failed"
"Help  <SPLIT><SPLIT> Please members of wiki help me My title for the book Radiance has not gone so right  I want to change it Please i request that someone can edit it then go to Riley Bloom Series and there open the link Radiance Its really a mess","Help  <SPLIT><SPLIT> Please members of wiki help me My title for the book Radiance has not gone so right  I want to change it Please i request that someone can edit it then go to Riley Bloom Series and there open the link Radiance Its really a mess",0.0004589557647705078,0.0004589557647705078,0,0,0,1,"Failed"
"Theres some serious overreaching at this point NFCC abides by Wikipedias spirit of creating as much free content as possible and only using nonfree content where it is absolutely deemed necessary NFCC was constructed with this in mind not by scientific research that plays no role in these discussions or Wikipedia in general The event is notable but this specific screenshot is not Damiensrf is right NFCC8 is the most commonly misinterpreted point of the criteria","Theres some serious overreaching at this point NFCC abides by Wikipedias spirit of creating as much free content as possible and only using nonfree content where it is absolutely deemed necessary NFCC was constructed with this in mind not by scientific research that plays no role in these discussions or Wikipedia in general The event is notable but this specific screenshot is not Damiensrf is right NFCC8 is the most commonly misinterpreted point of the criteria",0.00032651424407958984,0.00032651424407958984,0,0,0,1,"Failed"
"I did it I did not deny it I did it It was stupid silly and childish I knew the policies or thought I did and Im clear on them now I will refrain from further IP edits Promise","I did it I did not deny it I did it It was stupid silly and childish I knew the policies or thought I did and Im clear on them now I will refrain from further IP edits Promise",0.903829038143158,0.903829038143158,0,0,1,1,"Skipped"
"Im honored that you would approach me in this manner to seek advice about making the website seem less Islamophobic  Thanks for that  However I dont know how much I could help you because the very premise of the site seems to stem from an anger towards Islam  <SPLIT> The first problem is that you have a disingenuous disclaimer Welcome to WikiIslamorg which anyone can edit Here you can safely state the facts about Islam without fear of censorship NPOV or political correctness  Yet as you write yourself Anyway WikiIslam functions more as a collaborative wiki for people writing against Islam  we have enough proIslam websites  I have no problem with a website that has a specific agenda or and ideological inclination and if you think there are too many proIslam sites then you are more than welcome to add your own flavor to the world wide web but why not be honest about it  Why couch the site in ideas about freedom from censorship   <SPLIT> This leads to a second problem in regards to the claims made by WikiIslam  Can anyone really edit it  If a proIslamic editor started filling up your pages with quotes and information that was favorable to Islam but not false would it be left on the site  Would your site dedicated to letting people write about the negative aspects of Islam tolerate the diffusion of its agenda with that kind of information  Does it have to  No it doesnt but be honest and see 1 <SPLIT> Actually this is really all one big point  If you honestly claimed to be a site dedicated to expose those things that are negative about Islam and only that then I would perhaps disagree with some of your claims and I would most probably have a low opinion of your agenda but I wouldnt think what you were doing was so disgraceful because after all we are all welcome to our opinions in a free society   <SPLIT> So really where I would start is with the masquarade which is insulting and just makes those who disagree with you even angrier  Dont lie or pretend to be simply freely telling the truth about Islam when you are only telling one very specific side of the story  Thats my one point diffused accross four for some odd reason","Im honored that you would approach me in this manner to seek advice about making the website seem less Islamophobic  Thanks for that  However I dont know how much I could help you because the very premise of the site seems to stem from an anger towards Islam  <SPLIT> The first problem is that you have a disingenuous disclaimer Welcome to WikiIslamorg which anyone can edit Here you can safely state the facts about Islam without fear of censorship NPOV or political correctness  Yet as you write yourself Anyway WikiIslam functions more as a collaborative wiki for people writing against Islam  we have enough proIslam websites  I have no problem with a website that has a specific agenda or and ideological inclination and if you think there are too many proIslam sites then you are more than welcome to add your own flavor to the world wide web but why not be honest about it  Why couch the site in ideas about freedom from censorship   <SPLIT> This leads to a second problem in regards to the claims made by WikiIslam  Can anyone really edit it  If a proIslamic editor started filling up your pages with quotes and information that was favorable to Islam but not false would it be left on the site  Would your site dedicated to letting people write about the negative aspects of Islam tolerate the diffusion of its agenda with that kind of information  Does it have to  No it doesnt but be honest and see 1 <SPLIT> Actually this is really all one big point  If you honestly claimed to be a site dedicated to expose those things that are negative about Islam and only that then I would perhaps disagree with some of your claims and I would most probably have a low opinion of your agenda but I wouldnt think what you were doing was so disgraceful because after all we are all welcome to our opinions in a free society   <SPLIT> So really where I would start is with the masquarade which is insulting and just makes those who disagree with you even angrier  Dont lie or pretend to be simply freely telling the truth about Islam when you are only telling one very specific side of the story  Thats my one point diffused accross four for some odd reason",0.0064650774002075195,0.0064650774002075195,0,0,0,1,"Failed"
"hi Im going to kill you ugly man or heshe","hi Im going to kill you ugly man or heshe",0.010399460792541504,0.010399460792541504,1,1,1,1,"Failed"
"Not done Not sure what significant distinction there is between the two with the except that street art sounds nicer The uploader of the image described it as Eminem graffiti in Shanghai China so unless you can find a reliable source that describes this particular piece as street art disagree with this change","Not done Not sure what significant distinction there is between the two with the except that street art sounds nicer The uploader of the image described it as Eminem graffiti in Shanghai China so unless you can find a reliable source that describes this particular piece as street art disagree with this change",0.00022608041763305664,0.00022608041763305664,0,0,0,1,"Failed"
"Comment  I dont have issue with chronicling Joes every changing work  However we should be careful to give his current role its due weight  To say he became a correspondent gives his current gig a greater sense of permanence and meaning  Its not a permanent position as far as we can tell  I would think a more neutral phrasing would be along the line of In January 2009 Pajamas Media hired Wurzelbacher to comment on the 20082009 Gaza conflict from Israel  I would add that Joes comments that journalists should be anywhere around war suggests that he does not identify himself with journalist in the area","Comment  I dont have issue with chronicling Joes every changing work  However we should be careful to give his current role its due weight  To say he became a correspondent gives his current gig a greater sense of permanence and meaning  Its not a permanent position as far as we can tell  I would think a more neutral phrasing would be along the line of In January 2009 Pajamas Media hired Wurzelbacher to comment on the 20082009 Gaza conflict from Israel  I would add that Joes comments that journalists should be anywhere around war suggests that he does not identify himself with journalist in the area",0.0004583597183227539,0.0004583597183227539,0,0,0,1,"Failed"
"First off I am Scots not Scotts and second whats the meaning of the message all about","First off I am Scots not Scotts and second whats the meaning of the message all about",0.0009920001029968262,0.0009920001029968262,0,0,0,1,"Failed"
"but we get all sorts of speculation and OR and crap on here daily","but we get all sorts of speculation and OR and crap on here daily",0.6551986336708069,0.6551986336708069,1,1,0,1,"Skipped"
"Thanks PhantomSteve <SPLIT> Thanks for taking out time to read and comments on talk page of article noworknopayI have attempted to improve the article as suggested by youAdded few international instances which I could find on Google search It appears that the practice is prevalent in most of the countries however I am yet to find instnces in the US and the UK pls give further suggestions regards","Thanks PhantomSteve <SPLIT> Thanks for taking out time to read and comments on talk page of article noworknopayI have attempted to improve the article as suggested by youAdded few international instances which I could find on Google search It appears that the practice is prevalent in most of the countries however I am yet to find instnces in the US and the UK pls give further suggestions regards",0.0002028346061706543,0.0002028346061706543,0,0,0,1,"Failed"
"My personal view is that it is not a slur it is simply a technical term or category However it should be noted that some people for whatever reasons such as those highlighted above do think it is a slur and I do not think it is encyclopedic to ignore or dismiss this belief based on who has the most privilege Therefore it should be noted down that its use is controversial amongst certain people Whether it is a slur or not I do not think it is for us to decide","My personal view is that it is not a slur it is simply a technical term or category However it should be noted that some people for whatever reasons such as those highlighted above do think it is a slur and I do not think it is encyclopedic to ignore or dismiss this belief based on who has the most privilege Therefore it should be noted down that its use is controversial amongst certain people Whether it is a slur or not I do not think it is for us to decide",0.00043660402297973633,0.00043660402297973633,0,0,0,1,"Failed"
"Why dont you put those reliable sources in those wikipedia articles then","Why dont you put those reliable sources in those wikipedia articles then",0.00046825408935546875,0.00046825408935546875,0,0,0,1,"Failed"
"I have two semiautomatic pistols and i am in a gang called the DAMN NIGS OF THA WESt","I have two semiautomatic pistols and i am in a gang called the DAMN NIGS OF THA WESt",0.6096420884132385,0.6096420884132385,0,0,1,1,"Skipped"
"Hi Kane youre welcome Its largely a splitout from either the main NM article or her Discography article so I assume it is fine You got your MainNicki Minaj videography under the Filmography heading in the NM article and a wikilink back to the main article in first line of the Videography article I like your lead its short and give a quick overview of her output up until now I put a wl to the discography in but if you ask me I wouldnt link more After all its a subpage for those looking for details about the artist I just ran Reflinks on the V article have a look and see if everything is still fine","Hi Kane youre welcome Its largely a splitout from either the main NM article or her Discography article so I assume it is fine You got your MainNicki Minaj videography under the Filmography heading in the NM article and a wikilink back to the main article in first line of the Videography article I like your lead its short and give a quick overview of her output up until now I put a wl to the discography in but if you ask me I wouldnt link more After all its a subpage for those looking for details about the artist I just ran Reflinks on the V article have a look and see if everything is still fine",0.0003688335418701172,0.0003688335418701172,0,0,0,1,"Failed"
"Lets start by removing all the unsourced material I got rid of some of it but there is probably still a lot more to clean up","Lets start by removing all the unsourced material I got rid of some of it but there is probably still a lot more to clean up",0.004310429096221924,0.004310429096221924,0,0,0,1,"Failed"
"India locator map  <SPLIT><SPLIT> Hi Im working on a high resolution SVG image of India I dont know how long it will take but if we can get it up soon we could have locator maps for each and every city that has a geographical coordinate listed Since SVG images are XML based all that is needed to be done is to run a script that adds a dot on a new layer according to the coordinates specified Is it difficult to program such a script Regards","India locator map  <SPLIT><SPLIT> Hi Im working on a high resolution SVG image of India I dont know how long it will take but if we can get it up soon we could have locator maps for each and every city that has a geographical coordinate listed Since SVG images are XML based all that is needed to be done is to run a script that adds a dot on a new layer according to the coordinates specified Is it difficult to program such a script Regards",0.00020009279251098633,0.00020009279251098633,0,0,0,1,"Failed"
"Luther also showed quite an affinity for classical literature Roman Greek and Christian Early on he also expressed an appreciation of intellectual freedom While you have a right to your opinion I see Luther quite a bit differently than doctrinare intolerant and provincial Probably the quickest way to demonstrate this is to refer you to Luthers words themselves especially Freedom of a Christian to the Christian Nobility of the German Nation and A Prelude on the Babylonian Captivity of the Church I also can recommend to you several books on the subject of Luther and Humanism if youd like","Luther also showed quite an affinity for classical literature Roman Greek and Christian Early on he also expressed an appreciation of intellectual freedom While you have a right to your opinion I see Luther quite a bit differently than doctrinare intolerant and provincial Probably the quickest way to demonstrate this is to refer you to Luthers words themselves especially Freedom of a Christian to the Christian Nobility of the German Nation and A Prelude on the Babylonian Captivity of the Church I also can recommend to you several books on the subject of Luther and Humanism if youd like",0.00029355287551879883,0.00029355287551879883,0,0,0,1,"Failed"
"Also if you check the Remember me box then you will stay logged in for like a month at a time","Also if you check the Remember me box then you will stay logged in for like a month at a time",0.0003777742385864258,0.0003777742385864258,0,0,0,1,"Failed"
"What the heck did you change Heckenkamp to Miller for","What the heck did you change Heckenkamp to Miller for",0.07761251926422119,0.07761251926422119,0,0,0,1,"Failed"
"HEY  FUCK YOU <SPLIT><SPLIT> YOU ARE A FUCKING BITCH WHORE SLUT AND CUNT  <SPLIT><SPLIT> AM I BEING PUNISH","HEY  FUCK YOU <SPLIT><SPLIT> YOU ARE A FUCKING BITCH WHORE SLUT AND CUNT  <SPLIT><SPLIT> AM I BEING PUNISH",0.0008706450462341309,0.0008706450462341309,1,1,1,1,"Failed"
"LOL  I had no idea but I found myself in the middle of this brawl a few weeks later than everyone else so I never saw what started it the funny thing is had he actually just come out and said that he might have actually been able to persuade some of us fucking Jews that he was correct  Instead there are now many of us who simply cannot and will not even try to take seriously anything at all that he or any of his sock puppets have to say here","LOL  I had no idea but I found myself in the middle of this brawl a few weeks later than everyone else so I never saw what started it the funny thing is had he actually just come out and said that he might have actually been able to persuade some of us fucking Jews that he was correct  Instead there are now many of us who simply cannot and will not even try to take seriously anything at all that he or any of his sock puppets have to say here",0.5773954391479492,0.5773954391479492,0,0,1,1,"Skipped"
"Intro   <SPLIT><SPLIT> When and why did this article article get its new intro section 0 500 versions back it was IMHO much preferable The concept of Newtonion black holes should be discussed in the history section only","Intro   <SPLIT><SPLIT> When and why did this article article get its new intro section 0 500 versions back it was IMHO much preferable The concept of Newtonion black holes should be discussed in the history section only",0.0002601742744445801,0.0002601742744445801,0,0,0,1,"Failed"
"LOL I really didnt realize all the subtext with these naming conventions I cant believe how I missed Flow for now what seems like an apparent euphemism The nomenclatures do seem to be getting worse We should totally have a page about this on Meta","LOL I really didnt realize all the subtext with these naming conventions I cant believe how I missed Flow for now what seems like an apparent euphemism The nomenclatures do seem to be getting worse We should totally have a page about this on Meta",0.0005092620849609375,0.0005092620849609375,0,0,0,1,"Failed"
"Yes but big juicy opinions about sexual fetishism do need a citation otherwise its still just original research","Yes but big juicy opinions about sexual fetishism do need a citation otherwise its still just original research",0.021942555904388428,0.021942555904388428,0,0,0,1,"Failed"
"Yes Scray I agree with you The magic word here is should We are not living in an ideal world I wasnt born with an idea about cs I have tried it a few years ago Prior to it my opinion was the same as yours Zads Vsmiths Alexrbns Doc Jamess and other editors who didnt try it I remember vividly that in the past I used to think that all alt med is crap quack and it was including cs If at that time I would edit an article about cs I would act in the same way as the above mentioned editors That is why I find it easy for myself to understand their motives None of them spent any time adding information from PUBMED positive articles about cs but they have invested their time in finding sources that discredit cs Due to my observation almost all people who actually try cs change their opinion about it That is why Im of opinion that if the above mentioned editors will try it they are highly likely get a shift in their worldview regarding it They will find it difficult to write has no effect for any condition if they observed an actual effect on one of their conditions","Yes Scray I agree with you The magic word here is should We are not living in an ideal world I wasnt born with an idea about cs I have tried it a few years ago Prior to it my opinion was the same as yours Zads Vsmiths Alexrbns Doc Jamess and other editors who didnt try it I remember vividly that in the past I used to think that all alt med is crap quack and it was including cs If at that time I would edit an article about cs I would act in the same way as the above mentioned editors That is why I find it easy for myself to understand their motives None of them spent any time adding information from PUBMED positive articles about cs but they have invested their time in finding sources that discredit cs Due to my observation almost all people who actually try cs change their opinion about it That is why Im of opinion that if the above mentioned editors will try it they are highly likely get a shift in their worldview regarding it They will find it difficult to write has no effect for any condition if they observed an actual effect on one of their conditions",0.007025480270385742,0.007025480270385742,0,0,0,1,"Failed"
"Source says And Musa alAlami surmised that the mufti would agree to partition if he were promised that he would rule the Arab state  The key word here is surmised which indicates that Alami was making a conjecture not reporting something he knew  Ykantors misreporting of this which NMMNG somehow failed to notice is shameful Looking at Cohens source a book of Khalaf that seems quite good we find that this is an assertion made by Alami in a secret meeting with a British representative in which Alami made clear that he detested Husseini  Khalaf remarks Although the Mufti most certainly had the ambition to be the supreme leader of the the Arabs of Palestine there is neither evidence nor indications to substantiate Alamis claim that the Mufti would have under any circumstances accepted partition I dont think any of this belongs here there are enough facts to fill out this page without adding conjectures made by political opponents","Source says And Musa alAlami surmised that the mufti would agree to partition if he were promised that he would rule the Arab state  The key word here is surmised which indicates that Alami was making a conjecture not reporting something he knew  Ykantors misreporting of this which NMMNG somehow failed to notice is shameful Looking at Cohens source a book of Khalaf that seems quite good we find that this is an assertion made by Alami in a secret meeting with a British representative in which Alami made clear that he detested Husseini  Khalaf remarks Although the Mufti most certainly had the ambition to be the supreme leader of the the Arabs of Palestine there is neither evidence nor indications to substantiate Alamis claim that the Mufti would have under any circumstances accepted partition I dont think any of this belongs here there are enough facts to fill out this page without adding conjectures made by political opponents",0.0018296241760253906,0.0018296241760253906,0,0,0,1,"Failed"
"FileFunny day bright versionjpg listed for deletion  <SPLIT> A file that you uploaded or altered FileFunny day bright versionjpg has been listed at WikipediaFiles for deletion Please see the discussion to see why this is you may have to search for the title of the image to find its entry if you are interested in it not being deleted Thank you","FileFunny day bright versionjpg listed for deletion  <SPLIT> A file that you uploaded or altered FileFunny day bright versionjpg has been listed at WikipediaFiles for deletion Please see the discussion to see why this is you may have to search for the title of the image to find its entry if you are interested in it not being deleted Thank you",0.00046575069427490234,0.00046575069427490234,0,0,0,1,"Failed"
"Move 3  <SPLIT><SPLIT>  <SPLIT> And then redirect Lovin You to disambig page Loving You Is this Minnie Riperton song a primary meaning any more","Move 3  <SPLIT><SPLIT>  <SPLIT> And then redirect Lovin You to disambig page Loving You Is this Minnie Riperton song a primary meaning any more",0.004598140716552734,0.004598140716552734,0,0,0,1,"Failed"
"Its been fun for the most part Ive actually walked away out of frustration a few times  I walked off for almost two years at one point  The administrative staff has become much better run and more cohesive we work together really well and there are bots in place to prevent the really bad vandalism so things are easier now than ever even though there are still some chronic vandals who simply wont give up","Its been fun for the most part Ive actually walked away out of frustration a few times  I walked off for almost two years at one point  The administrative staff has become much better run and more cohesive we work together really well and there are bots in place to prevent the really bad vandalism so things are easier now than ever even though there are still some chronic vandals who simply wont give up",0.00515294075012207,0.00515294075012207,0,0,0,1,"Failed"
"Are you serious  Dont you find the following even a little crazy Once something is corrupted it is tainted for good Corruption will spread unless one burns it out We must burn the corruption There is no improvement for all it can be is corruption lest we burn it Its birth determined what it would be and it can never be anything but that We are just editing an open encyclopedia after all","Are you serious  Dont you find the following even a little crazy Once something is corrupted it is tainted for good Corruption will spread unless one burns it out We must burn the corruption There is no improvement for all it can be is corruption lest we burn it Its birth determined what it would be and it can never be anything but that We are just editing an open encyclopedia after all",0.02830284833908081,0.02830284833908081,0,0,0,1,"Failed"
"Welcome <SPLIT><SPLIT> Hello  and welcome to Wikipedia Thank you for  I hope you like the place and decide to stay Here are some pages that you might find helpful <SPLIT> The five pillars of Wikipedia <SPLIT> Tutorial <SPLIT> How to edit a page <SPLIT> How to write a great article <SPLIT> Manual of Style <SPLIT> I hope you enjoy editing here and being a Wikipedian Please sign your messages on discussion pages using four tildes  this will automatically insert your username and the date If you need help check out WikipediaQuestions ask me on  or ask your question and then place helpme before the question on your talk page Again welcome    <SPLIT><SPLIT> Unblocking","Welcome <SPLIT><SPLIT> Hello  and welcome to Wikipedia Thank you for  I hope you like the place and decide to stay Here are some pages that you might find helpful <SPLIT> The five pillars of Wikipedia <SPLIT> Tutorial <SPLIT> How to edit a page <SPLIT> How to write a great article <SPLIT> Manual of Style <SPLIT> I hope you enjoy editing here and being a Wikipedian Please sign your messages on discussion pages using four tildes  this will automatically insert your username and the date If you need help check out WikipediaQuestions ask me on  or ask your question and then place helpme before the question on your talk page Again welcome    <SPLIT><SPLIT> Unblocking",0.00022214651107788086,0.00022214651107788086,0,0,0,1,"Failed"
"The statement at the lead of the article The bedrock in the center of Greenland has been pressed below sea level by the weight of the ice sheet so that if the ice were to melt much of central Greenland would be under water seems very suspect to me During the time it would take to remove that amount of ice there would be so much isostatic rebound that it would be unlikely that the bedrock would be below sea level Is there a citation that actually says this","The statement at the lead of the article The bedrock in the center of Greenland has been pressed below sea level by the weight of the ice sheet so that if the ice were to melt much of central Greenland would be under water seems very suspect to me During the time it would take to remove that amount of ice there would be so much isostatic rebound that it would be unlikely that the bedrock would be below sea level Is there a citation that actually says this",0.00021332502365112305,0.00021332502365112305,0,0,0,1,"Failed"
"Quoting a source that says f  <SPLIT><SPLIT> Hi mate got a minute Before I get meself into too much trouble I wanted you to sanity check something is my edit here the right thing to do Its a revert my second and I think Im right here Ive posted on the talkpage but that doesnt make me right obviously Anyhoo am I right Does it matter Incidentally I am not asking you to pile in and start reverting  if it looks like theres an edit war shaping up Ill protect it on The Wrong Fucking Version and argue the toss on the talkpage","Quoting a source that says f  <SPLIT><SPLIT> Hi mate got a minute Before I get meself into too much trouble I wanted you to sanity check something is my edit here the right thing to do Its a revert my second and I think Im right here Ive posted on the talkpage but that doesnt make me right obviously Anyhoo am I right Does it matter Incidentally I am not asking you to pile in and start reverting  if it looks like theres an edit war shaping up Ill protect it on The Wrong Fucking Version and argue the toss on the talkpage",0.37095344066619873,0.37095344066619873,0,0,0,1,"Failed"
"Support calling it what the reliable sources call it Climategate Right now were calling it some neologistic hackneyed thing that someone somehow thought sounded neutral The current name is like calling World War II something like Global Conflagration of various nations with grievances against one another Its absolute madness As a poorer alternative I support Cla68s proposal","Support calling it what the reliable sources call it Climategate Right now were calling it some neologistic hackneyed thing that someone somehow thought sounded neutral The current name is like calling World War II something like Global Conflagration of various nations with grievances against one another Its absolute madness As a poorer alternative I support Cla68s proposal",0.006041169166564941,0.006041169166564941,0,0,0,1,"Failed"
"OK I wonder is there away that we could clear up the whole thing about is Cassian an RCC saint or not Some say Cassian is a Roman Catholic saint while others ie Olson Colomba Stewart etc etc say that Cassian is not considered a saint And have that in the passage Please forgive the addendums In the East Augustianism and Pelagiansim are considered monergism in that Pelagius taught one energy man was to soteriology and Augustine as one energy God as the way to salvation As for Esoglous position it is not what the sources say in an overwhelming voice at all even close Cassian is condemned as is his teachings by the Western established Roman Catholic church If I start to speak of what is in Cassians Confessions I will be told I am teachings something that is condemned by the Roman Catholic church and I have posted the sources saying that","OK I wonder is there away that we could clear up the whole thing about is Cassian an RCC saint or not Some say Cassian is a Roman Catholic saint while others ie Olson Colomba Stewart etc etc say that Cassian is not considered a saint And have that in the passage Please forgive the addendums In the East Augustianism and Pelagiansim are considered monergism in that Pelagius taught one energy man was to soteriology and Augustine as one energy God as the way to salvation As for Esoglous position it is not what the sources say in an overwhelming voice at all even close Cassian is condemned as is his teachings by the Western established Roman Catholic church If I start to speak of what is in Cassians Confessions I will be told I am teachings something that is condemned by the Roman Catholic church and I have posted the sources saying that",0.00034415721893310547,0.00034415721893310547,0,0,0,1,"Failed"
"Guesstimate is not a word and should not be usedEVER  For those people who do use it all I have to say is youre an ass","Guesstimate is not a word and should not be usedEVER  For those people who do use it all I have to say is youre an ass",0.04938006401062012,0.04938006401062012,1,1,1,1,"Failed"
"Welcome <SPLIT><SPLIT> Hello  and welcome to Wikipedia Thank you for your contributions I hope you like the place and decide to stay Here are a few good links for newcomers <SPLIT> The five pillars of Wikipedia <SPLIT> How to edit a page <SPLIT> Help pages <SPLIT> Tutorial <SPLIT> How to write a great article <SPLIT> Manual of Style <SPLIT> I hope you enjoy editing here and being a Wikipedian Please sign your name on talk pages using four tildes  this will automatically produce your name and the date If you need help check out WikipediaQuestions ask me on my talk page or place helpme on your talk page and someone will show up shortly to answer your questions Again welcome   <SPLIT> UTC <SPLIT><SPLIT>  May 10 2006  <SPLIT> Please refrain from removing content from Wikipedia as you did to Delta Goodrem It is considered vandalism If you want to experiment please use the sandbox Thank you    2308 10 May 2006 <SPLIT><SPLIT>  May 17 2006  <SPLIT> Please stop If you continue to vandalize pages as you did to Delta Goodrem you will be blocked from editing Wikipedia and removing the vandalism warnings will just make it worse   2222 17 May 2006","Welcome <SPLIT><SPLIT> Hello  and welcome to Wikipedia Thank you for your contributions I hope you like the place and decide to stay Here are a few good links for newcomers <SPLIT> The five pillars of Wikipedia <SPLIT> How to edit a page <SPLIT> Help pages <SPLIT> Tutorial <SPLIT> How to write a great article <SPLIT> Manual of Style <SPLIT> I hope you enjoy editing here and being a Wikipedian Please sign your name on talk pages using four tildes  this will automatically produce your name and the date If you need help check out WikipediaQuestions ask me on my talk page or place helpme on your talk page and someone will show up shortly to answer your questions Again welcome   <SPLIT> UTC <SPLIT><SPLIT>  May 10 2006  <SPLIT> Please refrain from removing content from Wikipedia as you did to Delta Goodrem It is considered vandalism If you want to experiment please use the sandbox Thank you    2308 10 May 2006 <SPLIT><SPLIT>  May 17 2006  <SPLIT> Please stop If you continue to vandalize pages as you did to Delta Goodrem you will be blocked from editing Wikipedia and removing the vandalism warnings will just make it worse   2222 17 May 2006",0.00034749507904052734,0.00034749507904052734,0,0,0,1,"Failed"
"Furthermore look at the biased wording Wyss uses in the said paragraph","Furthermore look at the biased wording Wyss uses in the said paragraph",0.0003521442413330078,0.0003521442413330078,0,0,0,1,"Failed"
"Get Stupid interlude  <SPLIT><SPLIT> You should edit this part in the Controversy section  The image of John McCain was removed following the results of the presidential election","Get Stupid interlude  <SPLIT><SPLIT> You should edit this part in the Controversy section  The image of John McCain was removed following the results of the presidential election",0.4260658621788025,0.4260658621788025,0,0,0,1,"Failed"
"REDIRECT TalkAll Fall Down comics","REDIRECT TalkAll Fall Down comics",0.007240176200866699,0.007240176200866699,0,0,0,1,"Failed"
"As for the references hmm my consideration was that this here is controversial so there should be stricter rules for referencing as elsewhere Thats why I asked anybody to provide references and I myself have tried to backup all claims Good solution with ENEL  Unbelievable third biggest energy supplier in the world and article gets deleted  <SPLIT> If I ask you to wait it doesnt mean I dont trust you What you are suggesting is more or less breaking up the whole article and there is some stuff I would prefer to do myself and I know it will consume a lot of time","As for the references hmm my consideration was that this here is controversial so there should be stricter rules for referencing as elsewhere Thats why I asked anybody to provide references and I myself have tried to backup all claims Good solution with ENEL  Unbelievable third biggest energy supplier in the world and article gets deleted  <SPLIT> If I ask you to wait it doesnt mean I dont trust you What you are suggesting is more or less breaking up the whole article and there is some stuff I would prefer to do myself and I know it will consume a lot of time",0.00033354759216308594,0.00033354759216308594,0,0,0,1,"Failed"
"This account got spammed by a hacker and i will no longer use this account also this site really sucks as hell","This account got spammed by a hacker and i will no longer use this account also this site really sucks as hell",0.8189793229103088,0.8189793229103088,1,1,0,1,"Skipped"
"Continuing to vandalize articles and talk pages may lead to you being blocked from using wikipedia","Continuing to vandalize articles and talk pages may lead to you being blocked from using wikipedia",0.0007331967353820801,0.0007331967353820801,0,0,0,1,"Failed"
"Youre narrow reading of the sources is incorrect  Both the APA statement and the Sternberg paper are exactly dealing with the issue group differences in intelligence  You appear to be arguing that because Jews are not mentioned as a specific group in the context of a single paragraph that the general conclusions about group differences and genetics does not apply  Similarly the remove Vogel source which is explicit on the matter should be restored","Youre narrow reading of the sources is incorrect  Both the APA statement and the Sternberg paper are exactly dealing with the issue group differences in intelligence  You appear to be arguing that because Jews are not mentioned as a specific group in the context of a single paragraph that the general conclusions about group differences and genetics does not apply  Similarly the remove Vogel source which is explicit on the matter should be restored",0.0008533000946044922,0.0008533000946044922,0,0,0,1,"Failed"
"Again you are personalizing a discussion please do not do that Your idea to explain why selection occurs is good but this can be expressed much more simply","Again you are personalizing a discussion please do not do that Your idea to explain why selection occurs is good but this can be expressed much more simply",0.00027674436569213867,0.00027674436569213867,0,0,0,1,"Failed"
"Thats so true it would serve them jolly well right if we sailed off into the sunset together on my beautiful yacht However duty before pleasure and duty demands that we stay and stay and stay and every day people will know that we are staying","Thats so true it would serve them jolly well right if we sailed off into the sunset together on my beautiful yacht However duty before pleasure and duty demands that we stay and stay and stay and every day people will know that we are staying",0.0008618831634521484,0.0008618831634521484,0,0,0,1,"Failed"
"Representation  <SPLIT><SPLIT> A few sources addressing the literalist position I have looked for any good sources supporting the literalist view  that the GovernorGeneral represents the Queen and thats all there is to it  but cant find anything beyond the trivial I shall tidy it up a bit and add some views on appointment in due course","Representation  <SPLIT><SPLIT> A few sources addressing the literalist position I have looked for any good sources supporting the literalist view  that the GovernorGeneral represents the Queen and thats all there is to it  but cant find anything beyond the trivial I shall tidy it up a bit and add some views on appointment in due course",0.0001881718635559082,0.0001881718635559082,0,0,0,1,"Failed"
"Image copyright problem with ImageXB022CBYeRdFinlandjpg <SPLIT><SPLIT>  <SPLIT> Thank you for uploading ImageXB022CBYeRdFinlandjpg However it currently is missing information on its copyright status Wikipedia takes copyright very seriously It may be deleted soon unless we can determine the license and the source of the image If you know this information then you can add a copyright tag to the image description page <SPLIT><SPLIT> If you have any questions please feel free to ask them at the media copyright questions page Thanks again for your cooperation","Image copyright problem with ImageXB022CBYeRdFinlandjpg <SPLIT><SPLIT>  <SPLIT> Thank you for uploading ImageXB022CBYeRdFinlandjpg However it currently is missing information on its copyright status Wikipedia takes copyright very seriously It may be deleted soon unless we can determine the license and the source of the image If you know this information then you can add a copyright tag to the image description page <SPLIT><SPLIT> If you have any questions please feel free to ask them at the media copyright questions page Thanks again for your cooperation",0.00018662214279174805,0.00018662214279174805,0,0,0,1,"Failed"
"Ah youre very right I wasnt paying attention to the year when I wrote the article Thanks for fixing this","Ah youre very right I wasnt paying attention to the year when I wrote the article Thanks for fixing this",0.0005248188972473145,0.0005248188972473145,0,0,0,1,"Failed"
"Ive removed that ridiculous comment and placed it here for reference <SPLIT> There is no recession or economic crisis This is just a down point in the econ it happens deal with it  This is one of the most bullshit pages in all of wikipedia  Preceding unsigned comment added by","Ive removed that ridiculous comment and placed it here for reference <SPLIT> There is no recession or economic crisis This is just a down point in the econ it happens deal with it  This is one of the most bullshit pages in all of wikipedia  Preceding unsigned comment added by",0.5597148537635803,0.5597148537635803,1,1,0,1,"Skipped"
"im in the band and most of this is not true <SPLIT> could somebody please do their research before writing complete bullshit","im in the band and most of this is not true <SPLIT> could somebody please do their research before writing complete bullshit",0.1189272403717041,0.1189272403717041,1,1,1,1,"Failed"
"Wait there have been edits since my merger and that seems unnecessarily bureaucratic It might be a little odd but what I I take the redirect to AfD rather than RfD and explain the situation of","Wait there have been edits since my merger and that seems unnecessarily bureaucratic It might be a little odd but what I I take the redirect to AfD rather than RfD and explain the situation of",0.000295102596282959,0.000295102596282959,0,0,0,1,"Failed"
"Dont Undo Kims age  <SPLIT><SPLIT> httpswwwyoutubecomwatchvP8ATKtR23wE <SPLIT> her mother confirms her age <SPLIT> at the 155 mark <SPLIT> She is 39","Dont Undo Kims age  <SPLIT><SPLIT> httpswwwyoutubecomwatchvP8ATKtR23wE <SPLIT> her mother confirms her age <SPLIT> at the 155 mark <SPLIT> She is 39",0.026360511779785156,0.026360511779785156,0,0,0,1,"Failed"
"Just so that were clear I had absolutely NO intention of promoting the idea that anarchism is solely a socialist tradition and in the interest of full disclosure while I am an anarchist I do not consider myself a socialist for a variety of reasons I merely intended to trace the connection of the term libertarian as anarchists utilize it Further while anarchists have used libertarian socialism as a synonym for anarchism it would be more accurate to place certain variants of anarchist thought in the umbrella of Libertarian socialism That is syndicalist communist and collectivist anarchists of the classical era are libertarian socialists as are nonanarchist council communists who are of the Marxist tradition Individualists anarchists are best not placed under the banner of libertarian socialism for a variety of reasons Similarly anarchists without adjectives such as myself would also best not be placed under such a category I recommend that the use of libertarian socialist as a historical synonym be acknowledged but that it also be explained that nonanarchists are also libertarian socialists The libertarian socialism article has more information and possible sources for citation Anarchists cannot claim sole domain over it","Just so that were clear I had absolutely NO intention of promoting the idea that anarchism is solely a socialist tradition and in the interest of full disclosure while I am an anarchist I do not consider myself a socialist for a variety of reasons I merely intended to trace the connection of the term libertarian as anarchists utilize it Further while anarchists have used libertarian socialism as a synonym for anarchism it would be more accurate to place certain variants of anarchist thought in the umbrella of Libertarian socialism That is syndicalist communist and collectivist anarchists of the classical era are libertarian socialists as are nonanarchist council communists who are of the Marxist tradition Individualists anarchists are best not placed under the banner of libertarian socialism for a variety of reasons Similarly anarchists without adjectives such as myself would also best not be placed under such a category I recommend that the use of libertarian socialist as a historical synonym be acknowledged but that it also be explained that nonanarchists are also libertarian socialists The libertarian socialism article has more information and possible sources for citation Anarchists cannot claim sole domain over it",0.0006583333015441895,0.0006583333015441895,0,0,0,1,"Failed"
"the gay kid","the gay kid",0.8889726400375366,0.8889726400375366,1,1,0,1,"Skipped"
"Discussion of source quality  <SPLIT> I wanted to start a new section to discuss the quality of sources cited  PeterEastern was right to comment that the CBS article I added to the intro was not a primary or secondary source but instead a tertiary source where a reporter is telling us what others have researched on the subject  In reviewing the sources I dont know that we have a large range of really high quality sources  Many appear to be news articles or other sources with no citations  For example I dont think Guy Spans work on the subject should be given more weight than Slaters  Snells work on the subject has been discredited by other researchers who have shown factual errors in Snells version of events  Thus according to Wiki guidelines his work should be viewed as unreliable and only cited to show that he said X vs that X actually happened   <SPLIT> Thoughts comments","Discussion of source quality  <SPLIT> I wanted to start a new section to discuss the quality of sources cited  PeterEastern was right to comment that the CBS article I added to the intro was not a primary or secondary source but instead a tertiary source where a reporter is telling us what others have researched on the subject  In reviewing the sources I dont know that we have a large range of really high quality sources  Many appear to be news articles or other sources with no citations  For example I dont think Guy Spans work on the subject should be given more weight than Slaters  Snells work on the subject has been discredited by other researchers who have shown factual errors in Snells version of events  Thus according to Wiki guidelines his work should be viewed as unreliable and only cited to show that he said X vs that X actually happened   <SPLIT> Thoughts comments",0.00021892786026000977,0.00021892786026000977,0,0,0,1,"Failed"
"Welcome <SPLIT><SPLIT> Hello  and welcome to Wikipedia Thank you for  I hope you like the place and decide to stay Here are some pages that you might find helpful <SPLIT>  Introduction <SPLIT>  The five pillars of Wikipedia <SPLIT>  How to edit a page <SPLIT>  Help pages <SPLIT>  How to write a great article <SPLIT>  Simplified Manual of Style <SPLIT> I hope you enjoy editing here and being a Wikipedian Please sign your name on talk pages using four tildes  which will automatically produce your name and the date  <SPLIT><SPLIT> If you need help check out WikipediaQuestions ask me on  or place helpme on your talk page and ask your question there Again welcome","Welcome <SPLIT><SPLIT> Hello  and welcome to Wikipedia Thank you for  I hope you like the place and decide to stay Here are some pages that you might find helpful <SPLIT>  Introduction <SPLIT>  The five pillars of Wikipedia <SPLIT>  How to edit a page <SPLIT>  Help pages <SPLIT>  How to write a great article <SPLIT>  Simplified Manual of Style <SPLIT> I hope you enjoy editing here and being a Wikipedian Please sign your name on talk pages using four tildes  which will automatically produce your name and the date  <SPLIT><SPLIT> If you need help check out WikipediaQuestions ask me on  or place helpme on your talk page and ask your question there Again welcome",0.00020426511764526367,0.00020426511764526367,0,0,0,1,"Failed"
"Id put it in a subpage if I could edit one but I cant As an injustice certainly was done and as the way I was treated certainly was unreasonable I need the space and the time to prepare a case  as a","Id put it in a subpage if I could edit one but I cant As an injustice certainly was done and as the way I was treated certainly was unreasonable I need the space and the time to prepare a case  as a",0.0002440810203552246,0.0002440810203552246,0,0,0,1,"Failed"
"Hello  I would be delighted to support an update to the article In the main its content is still relevant because the diagnostic and therapeutic pathway of coeliac disease remains effectively the same but the immunological understanding has progressed immensely Being a Bear Of Very Little Brain I have struggled to understand the immunology in particular and this has put me off keeping this section updated Let me know if I can help in any way <SPLIT> As Doc James says the secret to every good article is a fabulous bunch of sources Theres no shortage of recent reviews on CD","Hello  I would be delighted to support an update to the article In the main its content is still relevant because the diagnostic and therapeutic pathway of coeliac disease remains effectively the same but the immunological understanding has progressed immensely Being a Bear Of Very Little Brain I have struggled to understand the immunology in particular and this has put me off keeping this section updated Let me know if I can help in any way <SPLIT> As Doc James says the secret to every good article is a fabulous bunch of sources Theres no shortage of recent reviews on CD",0.0006355643272399902,0.0006355643272399902,0,0,0,1,"Failed"
"Have you even played this game","Have you even played this game",0.007043004035949707,0.007043004035949707,0,0,0,1,"Failed"
"Although I agree with  this has been the only quick reference for me to get the exact date of the new episodes","Although I agree with  this has been the only quick reference for me to get the exact date of the new episodes",0.0001646280288696289,0.0001646280288696289,0,0,0,1,"Failed"
"I dont think Strong Man just sits on his ass and eats popcorn whenever New Japan doesnt book him He probably works somewhere on the indy circuit but for promotions so small that even Cagematch doesnt care about them","I dont think Strong Man just sits on his ass and eats popcorn whenever New Japan doesnt book him He probably works somewhere on the indy circuit but for promotions so small that even Cagematch doesnt care about them",0.5819236040115356,0.5819236040115356,1,1,0,1,"Skipped"
"Thanks for the info  Ill update the article  pic data accordingly","Thanks for the info  Ill update the article  pic data accordingly",0.0001818537712097168,0.0001818537712097168,0,0,0,1,"Failed"
"Teenage Dream dropdown template in the infobox  <SPLIT><SPLIT> who made it Contact me on my talk page pleaseee","Teenage Dream dropdown template in the infobox  <SPLIT><SPLIT> who made it Contact me on my talk page pleaseee",0.0005837678909301758,0.0005837678909301758,0,0,0,1,"Failed"
"I fixed the refs bolded the header and condensed and cleaned up the section in particular I figure its better to remove some of the minutiae so that it reads better","I fixed the refs bolded the header and condensed and cleaned up the section in particular I figure its better to remove some of the minutiae so that it reads better",0.0002442002296447754,0.0002442002296447754,0,0,0,1,"Failed"
"84th Academy Awards  <SPLIT><SPLIT> You forgot to semiprotect the 84th Academy Awards article  work","84th Academy Awards  <SPLIT><SPLIT> You forgot to semiprotect the 84th Academy Awards article  work",0.00023680925369262695,0.00023680925369262695,0,0,0,1,"Failed"
"Are you on amphetamines Phicks","Are you on amphetamines Phicks",0.4267580509185791,0.4267580509185791,0,0,0,1,"Failed"
"The real reason detainees should be left in Gitmo  <SPLIT><SPLIT> About 30 detainees left in Gitmo are the cause of 911 and leaders of various mischievous acts These leaders are so dangerus that nobody on Earth will take them and when Congress realizes that they are to be released in a neighborhood near you Well its a crazy situation Teh antiGitmo can say bullshit all day long but it ends up whose going to take these gifted extremely talentednot dumb evildoers to America If congress terrorists them in America and a skyscraper falls or chemical bombs enter a stadium of some kind Its bad enough that they sneak in with the illegal immigrates Dont we have like 40 million illegals in USA already complete with 12 sanctuary cities that alienate the ICE Police The Democrats want them to kill Americansmore gloom and doom to speak ofdemocrats love that kind of stuff  The same party that complains about energy expenses but wont build nuclear power plants like the Chinese do And the Chinese are left on the political scale too 17 billion people cost big time power resourceswhoops I did it again","The real reason detainees should be left in Gitmo  <SPLIT><SPLIT> About 30 detainees left in Gitmo are the cause of 911 and leaders of various mischievous acts These leaders are so dangerus that nobody on Earth will take them and when Congress realizes that they are to be released in a neighborhood near you Well its a crazy situation Teh antiGitmo can say bullshit all day long but it ends up whose going to take these gifted extremely talentednot dumb evildoers to America If congress terrorists them in America and a skyscraper falls or chemical bombs enter a stadium of some kind Its bad enough that they sneak in with the illegal immigrates Dont we have like 40 million illegals in USA already complete with 12 sanctuary cities that alienate the ICE Police The Democrats want them to kill Americansmore gloom and doom to speak ofdemocrats love that kind of stuff  The same party that complains about energy expenses but wont build nuclear power plants like the Chinese do And the Chinese are left on the political scale too 17 billion people cost big time power resourceswhoops I did it again",0.29018330574035645,0.29018330574035645,0,0,0,1,"Failed"
"Epidemiology WTF <SPLIT> This paragraph suggests that only 19 of adult males masturbate daily And by implication of the context of the page that that constitutes hypersexuality Am I going mad or is that the most clueless thing ever Does it also lead to hairy palms and blindness <SPLIT> WTF is going on with this article who wrote this","Epidemiology WTF <SPLIT> This paragraph suggests that only 19 of adult males masturbate daily And by implication of the context of the page that that constitutes hypersexuality Am I going mad or is that the most clueless thing ever Does it also lead to hairy palms and blindness <SPLIT> WTF is going on with this article who wrote this",0.3238264322280884,0.3238264322280884,0,0,0,1,"Failed"
"2013 UTC <SPLIT><SPLIT> Honestly its not a bad article The problem isnt with the content its with the way you sourced itTake the  section What youre saying in there makes sense but you have made connections that the sources didnt make themselves If you wanted to talk about aging youd need a source that talks about aging as a source of climate change vulnerability in the Caribbean Your source merely gives information on age profiles Even if you had another source that connected aging with climate change vulnerability it would still create potential WPSYNTH problems for you to connect this a to the Caribbean and b to the age profile in Belize If you had a source that talked about aging in the context of climate change vulnerability in the Caribbean then it might be OK to add the statistics from the CIA factbook Might Some people would still challenge that as drawing original conclusions from sources Oh and by the way I would drop the human vulnerabilities just go with vulnerabilities It would change the focus only slightly but would make for a better article After all if youre going to talk about the threats to coral reefs you shouldnt need to separate out effects on humans from effects on nonhumans   2217 3 April","2013 UTC <SPLIT><SPLIT> Honestly its not a bad article The problem isnt with the content its with the way you sourced itTake the  section What youre saying in there makes sense but you have made connections that the sources didnt make themselves If you wanted to talk about aging youd need a source that talks about aging as a source of climate change vulnerability in the Caribbean Your source merely gives information on age profiles Even if you had another source that connected aging with climate change vulnerability it would still create potential WPSYNTH problems for you to connect this a to the Caribbean and b to the age profile in Belize If you had a source that talked about aging in the context of climate change vulnerability in the Caribbean then it might be OK to add the statistics from the CIA factbook Might Some people would still challenge that as drawing original conclusions from sources Oh and by the way I would drop the human vulnerabilities just go with vulnerabilities It would change the focus only slightly but would make for a better article After all if youre going to talk about the threats to coral reefs you shouldnt need to separate out effects on humans from effects on nonhumans   2217 3 April",0.00032889842987060547,0.00032889842987060547,0,0,0,1,"Failed"
"Happy Holidays <SPLIT><SPLIT> Happy Holidays Materialscientest","Happy Holidays <SPLIT><SPLIT> Happy Holidays Materialscientest",0.0002848505973815918,0.0002848505973815918,0,0,0,1,"Failed"
"Above is sueful for the enxt project you have I restored the three requested pages with their histories They are now at <SPLIT><SPLIT>  <SPLIT>  <SPLIT>  <SPLIT><SPLIT> Once theyre are good or better really good you should use the move tab to bring them back","Above is sueful for the enxt project you have I restored the three requested pages with their histories They are now at <SPLIT><SPLIT>  <SPLIT>  <SPLIT>  <SPLIT><SPLIT> Once theyre are good or better really good you should use the move tab to bring them back",0.00032913684844970703,0.00032913684844970703,0,0,0,1,"Failed"
"Taking it to the talk page  <SPLIT><SPLIT> I dont really remember why I was supposed to take it here but am supposed to  Can someone help me out","Taking it to the talk page  <SPLIT><SPLIT> I dont really remember why I was supposed to take it here but am supposed to  Can someone help me out",0.00025850534439086914,0.00025850534439086914,0,0,0,1,"Failed"
"As it stands the sentence seems like a non sequitur There is no context that would make it even remotely notable If there is more to the story like Palin has secret ties to Jewhating Aryan organizations then maybe But just sitting in a pew while a guest speaker rattles on fails per WPUNDUE WPSYNTH WPBLP and a bunch of others","As it stands the sentence seems like a non sequitur There is no context that would make it even remotely notable If there is more to the story like Palin has secret ties to Jewhating Aryan organizations then maybe But just sitting in a pew while a guest speaker rattles on fails per WPUNDUE WPSYNTH WPBLP and a bunch of others",0.0058727264404296875,0.0058727264404296875,0,0,0,1,"Failed"
"Help for Translation <SPLIT> Hello Staka We are looking for someone who could translate into Japanese and upload on Japanese Wikipedia a page about an international artistic movement founded in Italy  with artists from Japan in the membership  <SPLIT> httpenwikipediaorgwikiIMMAGINE26POESIA <SPLIT><SPLIT> Could you please help us or suggest what to do Thanks","Help for Translation <SPLIT> Hello Staka We are looking for someone who could translate into Japanese and upload on Japanese Wikipedia a page about an international artistic movement founded in Italy  with artists from Japan in the membership  <SPLIT> httpenwikipediaorgwikiIMMAGINE26POESIA <SPLIT><SPLIT> Could you please help us or suggest what to do Thanks",0.00018292665481567383,0.00018292665481567383,0,0,0,1,"Failed"
"Deutsche Welle <SPLIT> Deutsche Welle says He took his Germanborn fiance Margarethe with him to Poznan They later emigrated to Berlin and changed their surname from Kazmierczak to Kasner","Deutsche Welle <SPLIT> Deutsche Welle says He took his Germanborn fiance Margarethe with him to Poznan They later emigrated to Berlin and changed their surname from Kazmierczak to Kasner",0.0007336735725402832,0.0007336735725402832,0,0,0,1,"Failed"
"Bear River First Nation  <SPLIT><SPLIT> What exactly is it about the externallylinked website that appears to provide misinformation to you It looks pretty authentic to me I saw nothing in the website referring to chakras or Eastern religion If you have an issue with the website perhaps you should take it up with the webmaster thereof","Bear River First Nation  <SPLIT><SPLIT> What exactly is it about the externallylinked website that appears to provide misinformation to you It looks pretty authentic to me I saw nothing in the website referring to chakras or Eastern religion If you have an issue with the website perhaps you should take it up with the webmaster thereof",0.00036323070526123047,0.00036323070526123047,0,0,0,1,"Failed"
"Reverted photo question <SPLIT><SPLIT> Per your comment when your reverted my photo swap of FileAH64D Apache Longbow 200676JPG  You asked  good faith but why remove the only pic of the A in US Army for a soso pic of a D  Heres my reasoning was at the time <SPLIT> The Amodel photo is in a section that is exclusively talking about Dmodels <SPLIT> The Amodel photo is on an empty tarmac while the Dmodel photo was an inflight combat photo <SPLIT> The Amodel photo was oriented away from the text the Dmodel photo was oriented towards the text <SPLIT> Ive moved the Amodel photo up in the section where the prose addresses the use of the Amodel and Ive reinserted the Dmodel photo back where it was  That bumps out FileAH64 Apache 060224jpg which is a large and sharper photo but is a headon view and does not show the more commonly seen perspective of the aircraft in flight  I have other photos of the Longbow in flight that are higher resolution but I will not post for OPSEC reasons  Perhaps FileAH64 Apache 060224jpg could go back into the article under the DModel section as there are no US DModel photos but rather two foreign Isreal and Singapore models  I hope you agree to this reasoning and find my adjustments reasonable and logical  I hope to work on cleaning up the article in general in the coming weeks <SPLIT><SPLIT> Also I have a question  What would you think of using this file as an Amodel photo FileAH64A at Fort Rucker Sep 1999jpg  I know that the pilot myself figures prominently but it is a great photo of an AH64A and those just dont grow on trees any more <SPLIT><SPLIT> Thanks","Reverted photo question <SPLIT><SPLIT> Per your comment when your reverted my photo swap of FileAH64D Apache Longbow 200676JPG  You asked  good faith but why remove the only pic of the A in US Army for a soso pic of a D  Heres my reasoning was at the time <SPLIT> The Amodel photo is in a section that is exclusively talking about Dmodels <SPLIT> The Amodel photo is on an empty tarmac while the Dmodel photo was an inflight combat photo <SPLIT> The Amodel photo was oriented away from the text the Dmodel photo was oriented towards the text <SPLIT> Ive moved the Amodel photo up in the section where the prose addresses the use of the Amodel and Ive reinserted the Dmodel photo back where it was  That bumps out FileAH64 Apache 060224jpg which is a large and sharper photo but is a headon view and does not show the more commonly seen perspective of the aircraft in flight  I have other photos of the Longbow in flight that are higher resolution but I will not post for OPSEC reasons  Perhaps FileAH64 Apache 060224jpg could go back into the article under the DModel section as there are no US DModel photos but rather two foreign Isreal and Singapore models  I hope you agree to this reasoning and find my adjustments reasonable and logical  I hope to work on cleaning up the article in general in the coming weeks <SPLIT><SPLIT> Also I have a question  What would you think of using this file as an Amodel photo FileAH64A at Fort Rucker Sep 1999jpg  I know that the pilot myself figures prominently but it is a great photo of an AH64A and those just dont grow on trees any more <SPLIT><SPLIT> Thanks",0.00043660402297973633,0.00043660402297973633,0,0,0,1,"Failed"
"Pushing forward the edit for esoteric philosopher","Pushing forward the edit for esoteric philosopher",0.00020569562911987305,0.00020569562911987305,0,0,0,1,"Failed"
"Heres the direct link SpecialEmailUserLaunchballer or SpecialEmailUserCorporateM","Heres the direct link SpecialEmailUserLaunchballer or SpecialEmailUserCorporateM",0.0009080171585083008,0.0009080171585083008,0,0,0,1,"Failed"
"You cant breed things for targeted aggression unless youve mastered and elevated the science of bioengineering Its very unlikely that you could breed something to attack its own kind but submit to another species In fact everything Ive read about dog domestication links it to pack mentality the owner replaces the pack or the pack leader at any rate So how can you have a creature accept an alien as its pack leader but but retain aggressiveness towards its own species","You cant breed things for targeted aggression unless youve mastered and elevated the science of bioengineering Its very unlikely that you could breed something to attack its own kind but submit to another species In fact everything Ive read about dog domestication links it to pack mentality the owner replaces the pack or the pack leader at any rate So how can you have a creature accept an alien as its pack leader but but retain aggressiveness towards its own species",0.0038926005363464355,0.0038926005363464355,0,0,0,1,"Failed"
"discussion to determine its meaning","discussion to determine its meaning",0.00020295381546020508,0.00020295381546020508,0,0,0,1,"Failed"
"Thanks but question <SPLIT> Hey Thanks for the fast cleanup regarding settlement names in article AustrianSlovene clashes in Carinthia I completely messed up which language comes first in such circumstances However I am wondering why is Radlje ob Dravis post1952 name used wouldnt it be more correct to use Marenberg instead","Thanks but question <SPLIT> Hey Thanks for the fast cleanup regarding settlement names in article AustrianSlovene clashes in Carinthia I completely messed up which language comes first in such circumstances However I am wondering why is Radlje ob Dravis post1952 name used wouldnt it be more correct to use Marenberg instead",0.00017637014389038086,0.00017637014389038086,0,0,0,1,"Failed"
"Thanks But when I tried to OP myself it said that I needed an OP lelel of 10","Thanks But when I tried to OP myself it said that I needed an OP lelel of 10",0.0002830624580383301,0.0002830624580383301,0,0,0,1,"Failed"
"January 2013 UTC <SPLIT> Did I not offer you the exact same advice on your own talk page Did you act on it How is he a bigger fool than you Why dont you stop your tendentious editing and politely suggest DRN to Brocach And please keep that shouty blue link off my talk page    0819 30","January 2013 UTC <SPLIT> Did I not offer you the exact same advice on your own talk page Did you act on it How is he a bigger fool than you Why dont you stop your tendentious editing and politely suggest DRN to Brocach And please keep that shouty blue link off my talk page    0819 30",0.041117191314697266,0.041117191314697266,0,0,0,1,"Failed"
"Weakness <SPLIT> Why is she so weak Shes said kike three times shes going to get more powerful but all shes done is build up physical strength and learn medicine She STILL got her ass kicked by Sasori and shes been thraining for almost three years","Weakness <SPLIT> Why is she so weak Shes said kike three times shes going to get more powerful but all shes done is build up physical strength and learn medicine She STILL got her ass kicked by Sasori and shes been thraining for almost three years",0.6035451292991638,0.6035451292991638,0,0,1,1,"Skipped"
"Thomas Pascoe is a not notable wiki person  this opinionated blog post is not notable and you should remove it asap  then seek consensus for its inclusion  that is the strength  without it you have no chance  just reverting against consensus  is not going to result in your desired additions","Thomas Pascoe is a not notable wiki person  this opinionated blog post is not notable and you should remove it asap  then seek consensus for its inclusion  that is the strength  without it you have no chance  just reverting against consensus  is not going to result in your desired additions",0.002390265464782715,0.002390265464782715,0,0,0,1,"Failed"
"REDIRECT TalkStar Guild Award for Best Performance in a Negative Role","REDIRECT TalkStar Guild Award for Best Performance in a Negative Role",0.00034797191619873047,0.00034797191619873047,0,0,0,1,"Failed"
"Al Fresco Banks  <SPLIT><SPLIT> Some of the people places or things you have written about  may not be sufficiently wellknown to merit articles of their own The Wikipedia community welcomes newcomers On Wikipedia all users are entitled to a user page in which they can describe themselves and this articles content may be incorporated into that page However to merit inclusion in the encyclopedia proper a subject must be notable with reference to reliable published sources We encourage you to write or improve articles on notable subjects","Al Fresco Banks  <SPLIT><SPLIT> Some of the people places or things you have written about  may not be sufficiently wellknown to merit articles of their own The Wikipedia community welcomes newcomers On Wikipedia all users are entitled to a user page in which they can describe themselves and this articles content may be incorporated into that page However to merit inclusion in the encyclopedia proper a subject must be notable with reference to reliable published sources We encourage you to write or improve articles on notable subjects",0.00019568204879760742,0.00019568204879760742,0,0,0,1,"Failed"
"just removed an unsubstantiated rumor about the cancellation of BattleBots from the article It read <SPLIT><SPLIT>  The termination was also due to a law suit between Battlebots Inc and Budweiser in which Budweiser unfairly used Battlebots video footage in a commercial without credit given towards the company During the suit Budweiser turned to Comedy Central and gave them the ultimatum of either Battlebots is taken off the air or Budweiser removes all sponsorships and advertising from the network Because of the amount of money given in the form of sponsorships and advertising Comedy Central took Battlebots off the air <SPLIT><SPLIT> Budweiser did not use BattleBots footage in their robot fighting commercial and there has never been any corroboration of a threat to Comedy Central BattleBots did file suit over the commercial which aired during the 2002 Superbowl The suit was dismissed by the court in 2004 as being a fairuse parody  two years after BattleBots went off the air This rumor pops up from time to time but it has no basis in fact <SPLIT><SPLIT>    <SPLIT>  <SPLIT><SPLIT> I","just removed an unsubstantiated rumor about the cancellation of BattleBots from the article It read <SPLIT><SPLIT>  The termination was also due to a law suit between Battlebots Inc and Budweiser in which Budweiser unfairly used Battlebots video footage in a commercial without credit given towards the company During the suit Budweiser turned to Comedy Central and gave them the ultimatum of either Battlebots is taken off the air or Budweiser removes all sponsorships and advertising from the network Because of the amount of money given in the form of sponsorships and advertising Comedy Central took Battlebots off the air <SPLIT><SPLIT> Budweiser did not use BattleBots footage in their robot fighting commercial and there has never been any corroboration of a threat to Comedy Central BattleBots did file suit over the commercial which aired during the 2002 Superbowl The suit was dismissed by the court in 2004 as being a fairuse parody  two years after BattleBots went off the air This rumor pops up from time to time but it has no basis in fact <SPLIT><SPLIT>    <SPLIT>  <SPLIT><SPLIT> I",0.0007673501968383789,0.0007673501968383789,0,0,0,1,"Failed"
"Yeah ever since the beef with 50 Em has been acting shady  Hes just not his genderbending Rolling Stone Lipstick Cover Self anymore you know what I mean <SPLIT><SPLIT> Honestly what pisses me off about that bitch is this think about this he has never not once promoted or introduced a white artist  What gives Em <SPLIT><SPLIT> I hereby challenge Eminem marshall mathers to a freestyle rap battle to take place on or before the date of May 1  Should he choose to ignore or refuse my offer I will destroy his career","Yeah ever since the beef with 50 Em has been acting shady  Hes just not his genderbending Rolling Stone Lipstick Cover Self anymore you know what I mean <SPLIT><SPLIT> Honestly what pisses me off about that bitch is this think about this he has never not once promoted or introduced a white artist  What gives Em <SPLIT><SPLIT> I hereby challenge Eminem marshall mathers to a freestyle rap battle to take place on or before the date of May 1  Should he choose to ignore or refuse my offer I will destroy his career",0.34779566526412964,0.34779566526412964,0,0,0,1,"Failed"
"Why should hypocrisy count  That seems like attacking the subject","Why should hypocrisy count  That seems like attacking the subject",0.22438794374465942,0.22438794374465942,0,0,0,1,"Failed"
"Sock  <SPLIT><SPLIT> Hi <SPLIT><SPLIT> Note  Youve obviously figured out that Clubota was Serafin were you aware of other accounts as well","Sock  <SPLIT><SPLIT> Hi <SPLIT><SPLIT> Note  Youve obviously figured out that Clubota was Serafin were you aware of other accounts as well",0.001862645149230957,0.001862645149230957,0,0,0,1,"Failed"
"Hes a nutcase dont pay any attention to him since its what he wants An RfC will only give him another platform to keep rambling","Hes a nutcase dont pay any attention to him since its what he wants An RfC will only give him another platform to keep rambling",0.7890303134918213,0.7890303134918213,1,1,0,1,"Skipped"
"PetCo have already given away their black kittens Theyll have more of all colors next week","PetCo have already given away their black kittens Theyll have more of all colors next week",0.019718170166015625,0.019718170166015625,0,0,0,1,"Failed"
"Who the fuck get deleted the instrumentation paragraph <SPLIT> Someone here is a just a little out of mind i mean the instrumentation is a very important information concerning a piece of theatre isnt it So whos the fuckest person in the world that deleted the fuckin instrumentation paragraph Maybe some bitches here sons of whores believe is funny to destroy de wikiers work You shitting man show your face on wiki im sure is the same as your face <SPLIT><SPLIT> son of a bitch","Who the fuck get deleted the instrumentation paragraph <SPLIT> Someone here is a just a little out of mind i mean the instrumentation is a very important information concerning a piece of theatre isnt it So whos the fuckest person in the world that deleted the fuckin instrumentation paragraph Maybe some bitches here sons of whores believe is funny to destroy de wikiers work You shitting man show your face on wiki im sure is the same as your face <SPLIT><SPLIT> son of a bitch",0.0008266568183898926,0.0008266568183898926,1,1,1,1,"Failed"
"This message is regarding the page Chomper Thanks for experimenting with Wikipedia  Your test worked and has been reverted or removed Please use the sandbox for any other tests you want to do Take a look at the welcome page if you would like to learn more about contributing to our encyclopedia  Thanks","This message is regarding the page Chomper Thanks for experimenting with Wikipedia  Your test worked and has been reverted or removed Please use the sandbox for any other tests you want to do Take a look at the welcome page if you would like to learn more about contributing to our encyclopedia  Thanks",0.00021654367446899414,0.00021654367446899414,0,0,0,1,"Failed"
"If youre asking me to check with you before making my edits Im afraid that will not be happening Please use TalkByrraju Ramalinga Raju and be mindful of WPBRD","If youre asking me to check with you before making my edits Im afraid that will not be happening Please use TalkByrraju Ramalinga Raju and be mindful of WPBRD",0.0014284849166870117,0.0014284849166870117,0,0,0,1,"Failed"
"Yeah thanks I know but I dont think that I need one For that Im simply doing not enough mainspacearticle content work The NS2 article is a good start although we have really many articles which would need a major rewriteexpansion","Yeah thanks I know but I dont think that I need one For that Im simply doing not enough mainspacearticle content work The NS2 article is a good start although we have really many articles which would need a major rewriteexpansion",0.00023323297500610352,0.00023323297500610352,0,0,0,1,"Failed"
"At least we agree about WPOCAT Some people dont But if you dont want even an essay then Im not sure what to do","At least we agree about WPOCAT Some people dont But if you dont want even an essay then Im not sure what to do",0.0006232857704162598,0.0006232857704162598,0,0,0,1,"Failed"
"Gross  <SPLIT><SPLIT> I cant believe how much is in one cigarette  That is so gross It is amazing how these chemicals were not tested when they were burned","Gross  <SPLIT><SPLIT> I cant believe how much is in one cigarette  That is so gross It is amazing how these chemicals were not tested when they were burned",0.0043122172355651855,0.0043122172355651855,0,0,0,1,"Failed"
"IIRC its because Dumbledore didnt want Snape to be tempted by the Dark Arts","IIRC its because Dumbledore didnt want Snape to be tempted by the Dark Arts",0.022243499755859375,0.022243499755859375,0,0,0,1,"Failed"
"Cosmotheism  <SPLIT><SPLIT> Can anyone explain why this link <SPLIT> Cosmotheism Community Church <SPLIT> which goes to the church founded by William Pierce does not belong Pierce was a wellknown proponent of white suptremacism and the website has significant white supremacist content","Cosmotheism  <SPLIT><SPLIT> Can anyone explain why this link <SPLIT> Cosmotheism Community Church <SPLIT> which goes to the church founded by William Pierce does not belong Pierce was a wellknown proponent of white suptremacism and the website has significant white supremacist content",0.001626729965209961,0.001626729965209961,0,0,0,1,"Failed"
"Oh  <SPLIT><SPLIT> Go fuck yourself homo","Oh  <SPLIT><SPLIT> Go fuck yourself homo",0.0008307695388793945,0.0008307695388793945,1,1,1,1,"Failed"
"I believe one can hear another syllable after strain behind the Chchetc but I think the word might be stranger which seems to fit better with the other lyrics  Just a thought   2 Jan 2015","I believe one can hear another syllable after strain behind the Chchetc but I think the word might be stranger which seems to fit better with the other lyrics  Just a thought   2 Jan 2015",0.00020307302474975586,0.00020307302474975586,0,0,0,1,"Failed"
"Please see the parameters for TemplateInfobox country  If we were to follow your highly interpretive line of definitions I could find sources to qualify the United States Government as being an Imperialist government Any well cited critiques belong in the body of the article under a relevant section and must be well sourced with WPV and WPRS Youve been around long enough to be well acquainted with what Wikipedia is not","Please see the parameters for TemplateInfobox country  If we were to follow your highly interpretive line of definitions I could find sources to qualify the United States Government as being an Imperialist government Any well cited critiques belong in the body of the article under a relevant section and must be well sourced with WPV and WPRS Youve been around long enough to be well acquainted with what Wikipedia is not",0.0005477070808410645,0.0005477070808410645,0,0,0,1,"Failed"
"Compass  <SPLIT> On what grounds was the compass reference by Li Shuhua removed The newer research does not contradict Li Shuhuas observation In fact it stresses his point since the wording demonstartes that the passage does NOT contain a reference to a magnet <SPLIT> However it should be pointed out that in the Louenheng text on which Tchang Yinlin and Wang Tchentouo based their hypothesis there is no explicit mention of a magnetLi Shuhua Origine de la Boussole 11 Aimant et Boussole Isis Vol 45 No 21954 pp 175196 180    <SPLIT> Original text 180 On peut remarquer que dans le texte du Louenheng il ny a pas de mention explicite daimant Pour arriver au rsultat cidessus indiqu on est oblige de poser quelques hypotheses    <SPLIT> Twas not I who removed this Anpersonalaccount maybe In any case I remember restoring a citation from him in the picture caption to the right  <SPLIT><SPLIT> Hey Gun Powder Ma how could a word like magnet appeared over in the ancient texts by the way The word magnet which according to this article came from Greek word magnesian stone    <SPLIT> Perhaps he means the Chinese word ie  for magnet In any case we should not expect Wang Chong to have truly understood what magnetism was he simply described the effects of the geomancy ladle and bowl  <SPLIT> Well we shall look out sources on this    <SPLIT><SPLIT> Hey I just added and replaced the old source with a better ones Lol","Compass  <SPLIT> On what grounds was the compass reference by Li Shuhua removed The newer research does not contradict Li Shuhuas observation In fact it stresses his point since the wording demonstartes that the passage does NOT contain a reference to a magnet <SPLIT> However it should be pointed out that in the Louenheng text on which Tchang Yinlin and Wang Tchentouo based their hypothesis there is no explicit mention of a magnetLi Shuhua Origine de la Boussole 11 Aimant et Boussole Isis Vol 45 No 21954 pp 175196 180    <SPLIT> Original text 180 On peut remarquer que dans le texte du Louenheng il ny a pas de mention explicite daimant Pour arriver au rsultat cidessus indiqu on est oblige de poser quelques hypotheses    <SPLIT> Twas not I who removed this Anpersonalaccount maybe In any case I remember restoring a citation from him in the picture caption to the right  <SPLIT><SPLIT> Hey Gun Powder Ma how could a word like magnet appeared over in the ancient texts by the way The word magnet which according to this article came from Greek word magnesian stone    <SPLIT> Perhaps he means the Chinese word ie  for magnet In any case we should not expect Wang Chong to have truly understood what magnetism was he simply described the effects of the geomancy ladle and bowl  <SPLIT> Well we shall look out sources on this    <SPLIT><SPLIT> Hey I just added and replaced the old source with a better ones Lol",0.0008117556571960449,0.0008117556571960449,0,0,0,1,"Failed"
"If you feel that List of shock sites is inappropriate or offensive you should mention it in its talk page By blanking the page other users can still revert and see its contents If you really think that the content is not suitable for Wikipedia you can nominate it for deletion by adding the prod tag and stating your reasons If consensus is reached the page will then get deleted properly by an administrator","If you feel that List of shock sites is inappropriate or offensive you should mention it in its talk page By blanking the page other users can still revert and see its contents If you really think that the content is not suitable for Wikipedia you can nominate it for deletion by adding the prod tag and stating your reasons If consensus is reached the page will then get deleted properly by an administrator",0.0003426074981689453,0.0003426074981689453,0,0,0,1,"Failed"
"I think it best to leave the election tables as they will appear on the ballots with a note about what has happened He is not running as an independent in fact hes no longer running at all Same with Victorias former Liberal candidate Cheryl Thomas","I think it best to leave the election tables as they will appear on the ballots with a note about what has happened He is not running as an independent in fact hes no longer running at all Same with Victorias former Liberal candidate Cheryl Thomas",0.00039631128311157227,0.00039631128311157227,0,0,0,1,"Failed"
"Rosa Lichtenstein wrote <SPLIT><SPLIT> Thankyou for you comments but <SPLIT><SPLIT>  <SPLIT> Hi Rosa Im sorry I dont know what is meant by nonnodal phase change <SPLIT><SPLIT>  <SPLIT> Well you do since I gave you several examples <SPLIT><SPLIT> Here is one again as metals are heated they change from solid to liquid very slowly with no boundary between the two phases <SPLIT><SPLIT> Now you can speed this up as you noted but the fact is that some processes in nature are nonnodal <SPLIT><SPLIT> Sure science has developed since Engelss days but he expressed his laws in a characteristically a priori manner <SPLIT><SPLIT> Hence it is impossible to alter the quality of a body without addition or subtraction of matter or motion ie without quantitative alteration of the body concerned <SPLIT><SPLIT> I say characteristically since all dialecticians do the same ie they all impose their a priori schemas on to nature  the whole of Essay Two at my site is devoted to substantiating that seemingly controversial claim <SPLIT><SPLIT> And despite the advances in science since his day dialecticians the world over still make the same claims that Engels did <SPLIT><SPLIT> So this theory is not sensitive to contrary evidence It is held onto as a dogma <SPLIT><SPLIT> I think your attempt to see Engelss hand in the development of quantum physics is fanciful at best  at least as far as foresight is concerned  <SPLIT><SPLIT> Engels made so many incorrect claims about nature that by sheer luck one or two might seem to have been on the money <SPLIT><SPLIT> But this is a highly selective way of looking at science one shared by fundamentlist christians who view the bible in the same way that dialecticiasn view their holy books They look only for confirmation and ignore what they do not like <SPLIT><SPLIT> For example and in this regard quantum discontinuity might seem to validate the nodal aspect of change as underlined by Engels but at the same time it falsifies his view of motion which has to be continuous to generate his alleged contradiction So when an electron for example moves between energy levels nodaly as you say it is not in two places at once and it is not in and not in one place at one and the same time <SPLIT><SPLIT> Do dialecticians make a note of that <SPLIT><SPLIT> No just like Christians they cherry pick <SPLIT><SPLIT> And I think you are mistaken also in thinking I am criticising dialectics as an alternative to logic or science  it isnt It is far too confused to be an alternative to anything <SPLIT><SPLIT> So if us Marxists needed a science or a philosophy or a logic dialectics would not even make the reserve list","Rosa Lichtenstein wrote <SPLIT><SPLIT> Thankyou for you comments but <SPLIT><SPLIT>  <SPLIT> Hi Rosa Im sorry I dont know what is meant by nonnodal phase change <SPLIT><SPLIT>  <SPLIT> Well you do since I gave you several examples <SPLIT><SPLIT> Here is one again as metals are heated they change from solid to liquid very slowly with no boundary between the two phases <SPLIT><SPLIT> Now you can speed this up as you noted but the fact is that some processes in nature are nonnodal <SPLIT><SPLIT> Sure science has developed since Engelss days but he expressed his laws in a characteristically a priori manner <SPLIT><SPLIT> Hence it is impossible to alter the quality of a body without addition or subtraction of matter or motion ie without quantitative alteration of the body concerned <SPLIT><SPLIT> I say characteristically since all dialecticians do the same ie they all impose their a priori schemas on to nature  the whole of Essay Two at my site is devoted to substantiating that seemingly controversial claim <SPLIT><SPLIT> And despite the advances in science since his day dialecticians the world over still make the same claims that Engels did <SPLIT><SPLIT> So this theory is not sensitive to contrary evidence It is held onto as a dogma <SPLIT><SPLIT> I think your attempt to see Engelss hand in the development of quantum physics is fanciful at best  at least as far as foresight is concerned  <SPLIT><SPLIT> Engels made so many incorrect claims about nature that by sheer luck one or two might seem to have been on the money <SPLIT><SPLIT> But this is a highly selective way of looking at science one shared by fundamentlist christians who view the bible in the same way that dialecticiasn view their holy books They look only for confirmation and ignore what they do not like <SPLIT><SPLIT> For example and in this regard quantum discontinuity might seem to validate the nodal aspect of change as underlined by Engels but at the same time it falsifies his view of motion which has to be continuous to generate his alleged contradiction So when an electron for example moves between energy levels nodaly as you say it is not in two places at once and it is not in and not in one place at one and the same time <SPLIT><SPLIT> Do dialecticians make a note of that <SPLIT><SPLIT> No just like Christians they cherry pick <SPLIT><SPLIT> And I think you are mistaken also in thinking I am criticising dialectics as an alternative to logic or science  it isnt It is far too confused to be an alternative to anything <SPLIT><SPLIT> So if us Marxists needed a science or a philosophy or a logic dialectics would not even make the reserve list",0.0010391473770141602,0.0010391473770141602,0,0,0,1,"Failed"
"LUNCH WIT BIGFOOT  <SPLIT><SPLIT> ME AND BIGFOOT ATE AT MCDONALDS","LUNCH WIT BIGFOOT  <SPLIT><SPLIT> ME AND BIGFOOT ATE AT MCDONALDS",0.0060214996337890625,0.0060214996337890625,0,0,0,1,"Failed"
"What is Made at Whinfell Forest please publish on the page","What is Made at Whinfell Forest please publish on the page",0.0002009272575378418,0.0002009272575378418,0,0,0,1,"Failed"
"Actually it does have relevance to the article because the article is about the show and the controversy is about the show as well Controversy is always created Were just including what was created by the media in the wiki article Youre going to have to show what theyre not credible","Actually it does have relevance to the article because the article is about the show and the controversy is about the show as well Controversy is always created Were just including what was created by the media in the wiki article Youre going to have to show what theyre not credible",0.0007028579711914062,0.0007028579711914062,0,0,0,1,"Failed"
"Everytime I try to edit something that is true admins always find away to justify deleting it and it just pisses me off1987420118  copied from  <SPLIT><SPLIT> I would urge you to add new factual material to our articles  The musicians that you decided to label as gay were already described as such or bisexual in their articles adding the notation to the lead of the article was a duplication and it meant that copyeditors had to come back afterward and clean up the text","Everytime I try to edit something that is true admins always find away to justify deleting it and it just pisses me off1987420118  copied from  <SPLIT><SPLIT> I would urge you to add new factual material to our articles  The musicians that you decided to label as gay were already described as such or bisexual in their articles adding the notation to the lead of the article was a duplication and it meant that copyeditors had to come back afterward and clean up the text",0.01652902364730835,0.01652902364730835,0,0,0,1,"Failed"
"Inviting people to read about x  promoting x    <SPLIT> The promotion of gay pornography  By that logic are we currently promoting Ponzi schemes    <SPLIT> So you would not argue with equal zeal against a link on the main page to the tobacco article Then clearly your own values are the ones dictating your opinion not societys values or else you wouldnt selectively apply the censorship standard established by the media and government officials to only topics you personally disagree with being on the main page I think thats all anyone in this conversation needs to know to reject your reasoning","Inviting people to read about x  promoting x    <SPLIT> The promotion of gay pornography  By that logic are we currently promoting Ponzi schemes    <SPLIT> So you would not argue with equal zeal against a link on the main page to the tobacco article Then clearly your own values are the ones dictating your opinion not societys values or else you wouldnt selectively apply the censorship standard established by the media and government officials to only topics you personally disagree with being on the main page I think thats all anyone in this conversation needs to know to reject your reasoning",0.021165788173675537,0.021165788173675537,0,0,0,1,"Failed"
"Nothing was invented by me The colours are different between your png and the image that you said that youd used as the source If the source was wrong that was your mistake not mine","Nothing was invented by me The colours are different between your png and the image that you said that youd used as the source If the source was wrong that was your mistake not mine",0.0015316605567932129,0.0015316605567932129,0,0,0,1,"Failed"
"Well I happen to know the Russian version given here is the one used when it was the national anthem The original version had    this will be the last  in the refrain instead of to yest nash switch from future to past and introducing our very normal things to do with a national anthem What version are they using now I suppose they did not change it into to byl nash this was our  Er that was a joke of course but I think we should carefully note which version is sung now after the fall of the Soviet Union since the original may agin get into fashion","Well I happen to know the Russian version given here is the one used when it was the national anthem The original version had    this will be the last  in the refrain instead of to yest nash switch from future to past and introducing our very normal things to do with a national anthem What version are they using now I suppose they did not change it into to byl nash this was our  Er that was a joke of course but I think we should carefully note which version is sung now after the fall of the Soviet Union since the original may agin get into fashion",0.00032126903533935547,0.00032126903533935547,0,0,0,1,"Failed"
"NOTICE To the users continually reverting this article the text you are adding back in clearly violates TemplateFemale porn biography  this is a warning to you as you were in violation of the 3 revert rule on 18 April 2006 Please take note of Wiki guidelines in the future when editing articles","NOTICE To the users continually reverting this article the text you are adding back in clearly violates TemplateFemale porn biography  this is a warning to you as you were in violation of the 3 revert rule on 18 April 2006 Please take note of Wiki guidelines in the future when editing articles",0.015765130519866943,0.015765130519866943,0,0,0,1,"Failed"
"I think that show Jericho must be based on Elko  When shit goes down those people out there are ready  I swear they are armed to the teeth  Im just not sure whether theyre with me or against me maybe both","I think that show Jericho must be based on Elko  When shit goes down those people out there are ready  I swear they are armed to the teeth  Im just not sure whether theyre with me or against me maybe both",0.438388466835022,0.438388466835022,0,0,0,1,"Failed"
"Under Construction FUK YOU THE TRAITOR VANDAL MUST DIEFUK YOU THE TRAITOR VANDAL MUST DIEFUK YOU THE TRAITOR VANDAL MUST DIEFUK YOU THE TRAITOR VANDAL MUST DIEFUK YOU THE TRAITOR VANDAL MUST DIEFUK YOU THE TRAITOR VANDAL MUST DIEFUK YOU THE TRAITOR VANDAL MUST DIEFUK YOU THE TRAITOR VANDAL MUST DIEFUK YOU THE TRAITOR VANDAL MUST DIEFUK YOU THE TRAITOR VANDAL MUST DIEFUK YOU THE TRAITOR VANDAL MUST DIEFUK YOU THE TRAITOR VANDAL MUST DIEFUK YOU THE TRAITOR VANDAL MUST DIEFUK YOU THE TRAITOR VANDAL MUST DIEFUK YOU THE TRAITOR VANDAL MUST DIEFUK YOU THE TRAITOR VANDAL MUST DIEFUK YOU THE TRAITOR VANDAL MUST DIEFUK YOU THE TRAITOR VANDAL MUST DIEFUK YOU THE TRAITOR VANDAL MUST DIEFUK YOU THE TRAITOR VANDAL MUST DIEFUK YOU THE TRAITOR VANDAL MUST DIEFUK YOU THE TRAITOR VANDAL MUST DIEFUK YOU THE TRAITOR VANDAL MUST DIEFUK YOU THE TRAITOR VANDAL MUST DIEFUK YOU THE TRAITOR VANDAL MUST DIEFUK YOU THE TRAITOR VANDAL MUST DIEFUK YOU THE TRAITOR VANDAL MUST DIEFUK YOU THE TRAITOR VANDAL MUST DIEFUK YOU THE TRAITOR VANDAL MUST DIEFUK YOU THE TRAITOR VANDAL MUST DIEFUK YOU THE TRAITOR VANDAL MUST DIEFUK YOU THE TRAITOR VANDAL MUST DIEFUK YOU THE TRAITOR VANDAL MUST DIEFUK YOU THE TRAITOR VANDAL MUST DIEFUK YOU THE TRAITOR VANDAL MUST DIEFUK YOU THE TRAITOR VANDAL MUST DIEFUK YOU THE TRAITOR VANDAL MUST DIEFUK YOU THE TRAITOR VANDAL MUST DIEFUK YOU THE TRAITOR VANDAL MUST DIEFUK YOU THE TRAITOR VANDAL MUST DIEFUK YOU THE TRAITOR VANDAL MUST DIEFUK YOU THE TRAITOR VANDAL MUST DIEFUK YOU THE TRAITOR VANDAL MUST DIEFUK YOU THE TRAITOR VANDAL MUST DIEFUK YOU THE TRAITOR VANDAL MUST DIEFUK YOU THE TRAITOR VANDAL MUST DIEFUK YOU THE TRAITOR VANDAL MUST DIEFUK YOU THE TRAITOR VANDAL MUST DIEFUK YOU THE TRAITOR VANDAL MUST DIEFUK YOU THE TRAITOR VANDAL MUST DIEFUK YOU THE TRAITOR VANDAL MUST DIEFUK YOU THE TRAITOR VANDAL MUST DIEFUK YOU THE TRAITOR VANDAL MUST DIEFUK YOU THE TRAITOR VANDAL MUST DIEFUK YOU THE TRAITOR VANDAL MUST DIEFUK YOU THE TRAITOR VANDAL MUST DIEFUK YOU THE TRAITOR VANDAL MUST DIEFUK YOU THE TRAITOR VANDAL MUST DIEFUK YOU THE TRAITOR VANDAL MUST DIEFUK YOU THE TRAITOR VANDAL MUST DIEFUK YOU THE TRAITOR VANDAL MUST DIEFUK YOU THE TRAITOR VANDAL MUST DIEFUK YOU THE TRAITOR VANDAL MUST DIEFUK YOU THE TRAITOR VANDAL MUST DIEFUK YOU THE TRAITOR VANDAL MUST DIEFUK YOU THE TRAITOR VANDAL MUST DIEFUK YOU THE TRAITOR VANDAL MUST DIEFUK YOU THE TRAITOR VANDAL MUST DIEFUK YOU THE TRAITOR VANDAL MUST DIEFUK YOU THE TRAITOR VANDAL MUST DIEFUK YOU THE TRAITOR VANDAL MUST DIEFUK YOU THE TRAITOR VANDAL MUST DIEFUK YOU THE TRAITOR VANDAL MUST DIEFUK YOU THE TRAITOR VANDAL MUST DIEFUK YOU THE TRAITOR VANDAL MUST DIEFUK YOU THE TRAITOR VANDAL MUST DIEFUK YOU THE TRAITOR VANDAL MUST DIEFUK YOU THE TRAITOR VANDAL MUST DIEFUK YOU THE TRAITOR VANDAL MUST DIEFUK YOU THE TRAITOR VANDAL MUST DIEFUK YOU THE TRAITOR VANDAL MUST DIEFUK YOU THE TRAITOR VANDAL MUST DIEFUK YOU THE TRAITOR VANDAL MUST DIEFUK YOU THE TRAITOR VANDAL MUST DIEFUK YOU THE TRAITOR VANDAL MUST DIEFUK YOU THE TRAITOR VANDAL MUST DIEFUK YOU THE TRAITOR VANDAL MUST DIEFUK YOU THE TRAITOR VANDAL MUST DIEFUK YOU THE TRAITOR VANDAL MUST DIEFUK YOU THE TRAITOR VANDAL MUST DIEFUK YOU THE TRAITOR VANDAL MUST DIEFUK YOU THE TRAITOR VANDAL MUST DIEFUK YOU THE TRAITOR VANDAL MUST DIEFUK YOU THE TRAITOR VANDAL MUST DIEFUK YOU THE TRAITOR VANDAL MUST DIEFUK YOU THE TRAITOR VANDAL MUST DIEFUK YOU THE TRAITOR VANDAL MUST DIEFUK YOU THE TRAITOR VANDAL MUST DIEFUK YOU THE TRAITOR VANDAL MUST DIEFUK YOU THE TRAITOR VANDAL MUST DIEFUK YOU THE TRAITOR VANDAL MUST DIEFUK YOU THE TRAITOR VANDAL MUST DIEFUK YOU THE TRAITOR VANDAL MUST DIEFUK YOU THE TRAITOR VANDAL MUST DIEFUK YOU THE TRAITOR VANDAL MUST DIEFUK YOU THE TRAITOR VANDAL MUST DIEFUK YOU THE TRAITOR VANDAL MUST DIEFUK YOU THE TRAITOR VANDAL MUST DIEFUK YOU THE TRAITOR VANDAL MUST DIEFUK YOU THE TRAITOR VANDAL MUST DIEFUK YOU THE TRAITOR VANDAL MUST DIEFUK YOU THE TRAITOR VANDAL MUST DIEFUK YOU THE TRAITOR VANDAL MUST DIEFUK YOU THE TRAITOR VANDAL MUST DIEFUK YOU THE TRAITOR VANDAL MUST DIEFUK YOU THE TRAITOR VANDAL MUST DIEFUK YOU THE TRAITOR VANDAL MUST DIEFUK YOU THE TRAITOR VANDAL MUST DIEFUK YOU THE TRAITOR VANDAL MUST DIEFUK YOU THE TRAITOR VANDAL MUST DIEFUK YOU THE TRAITOR VANDAL MUST DIEFUK YOU THE TRAITOR VANDAL MUST DIEFUK YOU THE TRAITOR VANDAL MUST DIEFUK YOU THE TRAITOR VANDAL MUST DIEFUK YOU THE TRAITOR VANDAL MUST DIEFUK YOU THE TRAITOR VANDAL MUST DIEFUK YOU THE TRAITOR VANDAL MUST DIEFUK YOU THE TRAITOR VANDAL MUST DIEFUK YOU THE TRAITOR VANDAL MUST DIEFUK YOU THE TRAITOR VANDAL MUST DIEFUK YOU THE TRAITOR VANDAL MUST DIEFUK YOU THE TRAITOR VANDAL MUST DIEFUK YOU THE TRAITOR VANDAL MUST DIEFUK YOU THE TRAITOR VANDAL MUST DIEFUK YOU TH","Under Construction FUK YOU THE TRAITOR VANDAL MUST DIEFUK YOU THE TRAITOR VANDAL MUST DIEFUK YOU THE TRAITOR VANDAL MUST DIEFUK YOU THE TRAITOR VANDAL MUST DIEFUK YOU THE TRAITOR VANDAL MUST DIEFUK YOU THE TRAITOR VANDAL MUST DIEFUK YOU THE TRAITOR VANDAL MUST DIEFUK YOU THE TRAITOR VANDAL MUST DIEFUK YOU THE TRAITOR VANDAL MUST DIEFUK YOU THE TRAITOR VANDAL MUST DIEFUK YOU THE TRAITOR VANDAL MUST DIEFUK YOU THE TRAITOR VANDAL MUST DIEFUK YOU THE TRAITOR VANDAL MUST DIEFUK YOU THE TRAITOR VANDAL MUST DIEFUK YOU THE TRAITOR VANDAL MUST DIEFUK YOU THE TRAITOR VANDAL MUST DIEFUK YOU THE TRAITOR VANDAL MUST DIEFUK YOU THE TRAITOR VANDAL MUST DIEFUK YOU THE TRAITOR VANDAL MUST DIEFUK YOU THE TRAITOR VANDAL MUST DIEFUK YOU THE TRAITOR VANDAL MUST DIEFUK YOU THE TRAITOR VANDAL MUST DIEFUK YOU THE TRAITOR VANDAL MUST DIEFUK YOU THE TRAITOR VANDAL MUST DIEFUK YOU THE TRAITOR VANDAL MUST DIEFUK YOU THE TRAITOR VANDAL MUST DIEFUK YOU THE TRAITOR VANDAL MUST DIEFUK YOU THE TRAITOR VANDAL MUST DIEFUK YOU THE TRAITOR VANDAL MUST DIEFUK YOU THE TRAITOR VANDAL MUST DIEFUK YOU THE TRAITOR VANDAL MUST DIEFUK YOU THE TRAITOR VANDAL MUST DIEFUK YOU THE TRAITOR VANDAL MUST DIEFUK YOU THE TRAITOR VANDAL MUST DIEFUK YOU THE TRAITOR VANDAL MUST DIEFUK YOU THE TRAITOR VANDAL MUST DIEFUK YOU THE TRAITOR VANDAL MUST DIEFUK YOU THE TRAITOR VANDAL MUST DIEFUK YOU THE TRAITOR VANDAL MUST DIEFUK YOU THE TRAITOR VANDAL MUST DIEFUK YOU THE TRAITOR VANDAL MUST DIEFUK YOU THE TRAITOR VANDAL MUST DIEFUK YOU THE TRAITOR VANDAL MUST DIEFUK YOU THE TRAITOR VANDAL MUST DIEFUK YOU THE TRAITOR VANDAL MUST DIEFUK YOU THE TRAITOR VANDAL MUST DIEFUK YOU THE TRAITOR VANDAL MUST DIEFUK YOU THE TRAITOR VANDAL MUST DIEFUK YOU THE TRAITOR VANDAL MUST DIEFUK YOU THE TRAITOR VANDAL MUST DIEFUK YOU THE TRAITOR VANDAL MUST DIEFUK YOU THE TRAITOR VANDAL MUST DIEFUK YOU THE TRAITOR VANDAL MUST DIEFUK YOU THE TRAITOR VANDAL MUST DIEFUK YOU THE TRAITOR VANDAL MUST DIEFUK YOU THE TRAITOR VANDAL MUST DIEFUK YOU THE TRAITOR VANDAL MUST DIEFUK YOU THE TRAITOR VANDAL MUST DIEFUK YOU THE TRAITOR VANDAL MUST DIEFUK YOU THE TRAITOR VANDAL MUST DIEFUK YOU THE TRAITOR VANDAL MUST DIEFUK YOU THE TRAITOR VANDAL MUST DIEFUK YOU THE TRAITOR VANDAL MUST DIEFUK YOU THE TRAITOR VANDAL MUST DIEFUK YOU THE TRAITOR VANDAL MUST DIEFUK YOU THE TRAITOR VANDAL MUST DIEFUK YOU THE TRAITOR VANDAL MUST DIEFUK YOU THE TRAITOR VANDAL MUST DIEFUK YOU THE TRAITOR VANDAL MUST DIEFUK YOU THE TRAITOR VANDAL MUST DIEFUK YOU THE TRAITOR VANDAL MUST DIEFUK YOU THE TRAITOR VANDAL MUST DIEFUK YOU THE TRAITOR VANDAL MUST DIEFUK YOU THE TRAITOR VANDAL MUST DIEFUK YOU THE TRAITOR VANDAL MUST DIEFUK YOU THE TRAITOR VANDAL MUST DIEFUK YOU THE TRAITOR VANDAL MUST DIEFUK YOU THE TRAITOR VANDAL MUST DIEFUK YOU THE TRAITOR VANDAL MUST DIEFUK YOU THE TRAITOR VANDAL MUST DIEFUK YOU THE TRAITOR VANDAL MUST DIEFUK YOU THE TRAITOR VANDAL MUST DIEFUK YOU THE TRAITOR VANDAL MUST DIEFUK YOU THE TRAITOR VANDAL MUST DIEFUK YOU THE TRAITOR VANDAL MUST DIEFUK YOU THE TRAITOR VANDAL MUST DIEFUK YOU THE TRAITOR VANDAL MUST DIEFUK YOU THE TRAITOR VANDAL MUST DIEFUK YOU THE TRAITOR VANDAL MUST DIEFUK YOU THE TRAITOR VANDAL MUST DIEFUK YOU THE TRAITOR VANDAL MUST DIEFUK YOU THE TRAITOR VANDAL MUST DIEFUK YOU THE TRAITOR VANDAL MUST DIEFUK YOU THE TRAITOR VANDAL MUST DIEFUK YOU THE TRAITOR VANDAL MUST DIEFUK YOU THE TRAITOR VANDAL MUST DIEFUK YOU THE TRAITOR VANDAL MUST DIEFUK YOU THE TRAITOR VANDAL MUST DIEFUK YOU THE TRAITOR VANDAL MUST DIEFUK YOU THE TRAITOR VANDAL MUST DIEFUK YOU THE TRAITOR VANDAL MUST DIEFUK YOU THE TRAITOR VANDAL MUST DIEFUK YOU THE TRAITOR VANDAL MUST DIEFUK YOU THE TRAITOR VANDAL MUST DIEFUK YOU THE TRAITOR VANDAL MUST DIEFUK YOU THE TRAITOR VANDAL MUST DIEFUK YOU THE TRAITOR VANDAL MUST DIEFUK YOU THE TRAITOR VANDAL MUST DIEFUK YOU THE TRAITOR VANDAL MUST DIEFUK YOU THE TRAITOR VANDAL MUST DIEFUK YOU THE TRAITOR VANDAL MUST DIEFUK YOU THE TRAITOR VANDAL MUST DIEFUK YOU THE TRAITOR VANDAL MUST DIEFUK YOU THE TRAITOR VANDAL MUST DIEFUK YOU THE TRAITOR VANDAL MUST DIEFUK YOU THE TRAITOR VANDAL MUST DIEFUK YOU THE TRAITOR VANDAL MUST DIEFUK YOU THE TRAITOR VANDAL MUST DIEFUK YOU THE TRAITOR VANDAL MUST DIEFUK YOU THE TRAITOR VANDAL MUST DIEFUK YOU THE TRAITOR VANDAL MUST DIEFUK YOU THE TRAITOR VANDAL MUST DIEFUK YOU THE TRAITOR VANDAL MUST DIEFUK YOU THE TRAITOR VANDAL MUST DIEFUK YOU THE TRAITOR VANDAL MUST DIEFUK YOU THE TRAITOR VANDAL MUST DIEFUK YOU THE TRAITOR VANDAL MUST DIEFUK YOU THE TRAITOR VANDAL MUST DIEFUK YOU THE TRAITOR VANDAL MUST DIEFUK YOU THE TRAITOR VANDAL MUST DIEFUK YOU THE TRAITOR VANDAL MUST DIEFUK YOU THE TRAITOR VANDAL MUST DIEFUK YOU THE TRAITOR VANDAL MUST DIEFUK YOU THE TRAITOR VANDAL MUST DIEFUK YOU TH",0.0014099478721618652,0.0014099478721618652,1,1,1,1,"Failed"
