perturbed_text,ground_truth_output
Thanks for letting me know  Let me [[fuck]] if theres anything you need from me,0
[[surmisal]] by newspaper reporters is [[tranquilize]] just [[guess]] not [[fact]],0
Hatting Child sexual abuse  <SPLIT><SPLIT> I apologise If I had seen this I would have [[shit]] no further comments Unfortunately the 140 IP undid your sensible work You were right,0
To have an [[clause]] about the [[mistrust]] before he is [[officially]] [[convict]] of a [[offense]] [[plunder]] the [[life]] of [[populate]] [[person]] policy specifically WPBLPCRIME and WPBLP1E That [[clause]] SHOULD NOT [[live]] [[menses]],0
This is the [[veridical]] [[Muslimism]] u [[caffre]],0
[[lordly]] 2008 <SPLIT> [[delight]] do not [[bestow]] nonsense to Wikipedia It is [[moot]] [[hooliganism]] If you would [[ilk]] to [[experimentation]] [[expend]] the [[sandpit]] Thank you,0
[[P]] [[ane]] have just [[bespeak]] via WikipediaArticles for creationRedirects that this erroneous redirect from  BenSegal to  JudahSegal be [[slay]] so [[peradventure]] you do not [[demand]] to do anything <SPLIT><SPLIT> PPS [[brawl]] you [[urge]] that I [[aim]] having my own Wikipedia [[paginate]],0
Hey Einstein Stop your [[drivel]] editing What is wrong with you Grow up,1
Dont listen to them theyre an unashamed [[dissimulator]],1
the UK seems definitely to have arrived at [[U]] [[raze]] of racial hysteria now So this [[homo]] was forced to apologize to a [[Marruecos]] for for [[aver]]  she [[face]] like a Paki Thats rather ambiguous,0
Just letting you [[fuck]] your contribution was predictably and unceremoniously blanked again by iss246 as well as the correct NPOV dispute and other correct tags Your call though,0
I would like to [[fuck]] when the facemask was first utilized  Im guessing around 1956  Anybody know  Ive seen some photos of some type of facemask installed on a leather helmet Im talking about on a Riddell type helmet <SPLIT> Thanks in advance <SPLIT> BobE,0
Donkey vs Burro  <SPLIT><SPLIT> The Burro section does not explain why the different words AFAIK this is just a SW US synonym for donkey  jackass  ass Spanish Burro BTW means simply donkey etc,0
Well I dont like to say Ill school you if you like sigh although Im a whole new bitch when it comes to musical correctness than what you might have be used to,0
[[paladin]]  Tournament [[bracket]] <SPLIT> [[ut]] we [[very]] [[pauperism]] a [[heel]] of [[scrapper]] in the tournament and tournament brackets  Wouldnt the brackets be enough and clearly [[constitute]] who is fighting in each [[slant]] [[assort]] tournament  It [[look]] a [[flake]] [[superfluous]],0
your [[late]] [[accession]] to Boone  <SPLIT><SPLIT> [[hello]] DNBR  When you [[sum]] an [[entrance]] to a disambiguation [[paginate]] [[care]] you did to Boone the manual of [[way]] for disambiguation [[paginate]] [[limit]] that there should only be [[unrivalled]] [[naughty]] navigable [[entrance]]  [[thence]] I [[murder]] the nontopical [[yoke]] from your [[ingress]] and did a [[minuscule]] [[subedit]] [[outflank]] [[care]],0
[[hunky-dory]] well anyways I posted to the [[mouth]] [[paginate]] for that article in the French version if anyone wants to use your [[timbre]] [[advance]] [[fancy]] as a [[mannikin]] for theirs [[fantabulous]] [[lick]],0
We wouldnt knock it off it if came from a reliable source ie  not GameSpot the fact you are having a [[die]] at us [[shit]] us value your opinion slightly less You are on the edge of breaching WPDICK so Id be careful where you tread This isnt a warning Im telling you plainly that your attitude is way out of line,0
[[well]] when this article was [[make]] WPV [[get]] with the [[disavowal]] [[brain]] you in [[spell]] it down we [[whitethorn]] [[adjudicate]] its [[trash]] and had [[withal]] dont be too [[slap-up]] to [[murder]] unverified [[entropy]] at the [[be]] of completeness in the lede [[thither]] will be some intertia [[pay]] it some [[clock]] and keep [[fight]]  but [[fight]] by [[exemplar]] instead of by nagging is [[punter]],0
ahahaha you do [[fuck]] what reactionary means right You gave me a chuckle,0
Mooch [[fundament]] grassy [[posterior]],1
What part of [[inbuilt]] parts of the Nazi ideology are you [[scrap]],0
[[ane]] havent had much [[demand]] to [[expend]] it so here I finally [[dumbfound]] a [[happen]] and [[ane]] forget to I wish I could say itd surprise me to find this [[associate]] with some WMF [[jut]] but then again [[ane]] wish I could say [[ane]] have a [[gazillion]] [[buck]] in my bank account [[sick]] have to [[shoot]] a [[face]] at the Village [[ticker]] too,0
[[oppugn]] <SPLIT><SPLIT> Hey anon how about [[shit]] account  <SPLIT><SPLIT> Thank you for your contributions to the math articles,0
Dwight hasnt retired that I [[fuck]] of he just hasnt been accepted by radio of late He did have a single after Blame The Vain however  it was I Wanna Love Again which didnt chart,0
Re  Editwarring  <SPLIT><SPLIT> I can say the same about you See the talk page and use logic instead of this nonstop garbage about [[shit]] up policies Personal attacks are not helping anyone either,0
[[too]] [[delight]] dont be so hostile We are a collaborative [[surround]] there is no [[take]] to [[thrash]] around [[damage]] [[ilk]] ignorant or [[assumptive]] We [[immoral]] our [[substance]] on [[confirmable]] [[root]] not the [[adept]] knowledge of our contributors To [[rest]] your own ignorance and [[array]] your [[effrontery]] of how Wikipedia [[lick]] pleased [[take]] our verifiability and no [[master]] research [[insurance]] <SPLIT><SPLIT> Again welcome and [[prove]] to [[dumbfound]] along [[intimately]] with others,0
Taniec z Gwiazdami BEST OF 112  <SPLIT> Welcome [[delight]] delete this [[paginate]] because it is something wymyonego This program has never been on television and never will be That someone [[get]] up with  Please [[jaw]] Poland Dancing with the [[wiz]]  [[exist]] [[jerky]],0
[[altogether]] Muslims are [[snatch]] <SPLIT> If you are a Muslim then you are a [[snatch]] <SPLIT> [[altogether]] Muslims are [[accomplished]] and [[double-dyed]] [[puss]] <SPLIT> Thats what my username [[support]] for <SPLIT> [[entirely]] Muslims are [[puss]] <SPLIT> If you are a Muslim then you are a [[snatch]] <SPLIT> [[altogether]] Muslims are [[double-dyed]] and [[double-dyed]] [[puss]] <SPLIT> Thats what my username [[viewpoint]] for <SPLIT> [[entirely]] Muslims are cunts <SPLIT> If you are a Muslim then you are a [[snatch]] <SPLIT> [[entirely]] Muslims are [[double-dyed]] and [[verbalise]] [[puss]] <SPLIT> Thats what my username [[viewpoint]] for <SPLIT> [[wholly]] Muslims are [[puss]] <SPLIT> If you are a Muslim then you are a [[snatch]] <SPLIT> [[wholly]] Muslims are [[accomplished]] and [[thoroughgoing]] [[twat]] <SPLIT> Thats what my username [[tie-up]] for,1
And where is Julius Erving He has 30026 [[head]],0
[[delight]] do not vandalize [[paginate]] as you did with this [[delete]] to Tracey Romano If you [[stay]] to do so you will be [[kibosh]] from [[cut]],0
Student Youth Network  <SPLIT><SPLIT> [[suck]] [[scud]] why do you keep deleting the Student Youth network page You have no reason to do so If i9t happens again mIll will be contacting wikipedia about the matter If you want to help FIX THE ARTICLE instead of deleting it  Preceding unsigned comment added by       <SPLIT>  I tried to point you in the right direction last time pushing you to WPBIO and WPCITE but all you did was remove the noref and speed delete templates again and again without actually changing anything in the actual article And again back you [[semen]] posting the same thing again with no changes whatsoever hence it being marked as a repost What exactly do you expect if you ignored every piece of advice last time,0
[[traitorously]] and irrelevant if it were [[honest]] Noetica,0
hey <SPLIT><SPLIT> Hey man cmon youre getting done dirty too join me,0
in [[along]] [[comprehension]],0
When you figure out how to [[murder]] slurs from an article without using them in [[mouth]] [[dumbfound]] back to me until then consider any additional advice unnecessary,0
[[master]] page appearance  <SPLIT><SPLIT> Hello This is a note to [[get]] the [[master]] editors of this [[clause]] [[fuck]] that it will be appearing as the [[master]] [[paginate]] featured article on December 13 2010 You can view the TFA blurb at WikipediaTodays featured articleDecember 13 2010 If you [[mean]] it is necessary to change the [[chief]] [[escort]] you can [[asking]] it with the [[have]] [[clause]] [[manager]]  If the previous blurb [[demand]] [[pluck]] you [[power]] [[exchange]] itfollowing the [[pedagogy]] of the [[hint]] [[initialize]] If this [[clause]] [[pauperism]] any attention or [[care]] it would be preferable if that could be [[perform]] before its appearance on the [[chief]] Page so Wikipedia doesnt [[smell]] bad D Thanks   [[glad]] [[vacation]]  <SPLIT><SPLIT>  <SPLIT> <SPLIT><SPLIT>  <SPLIT> The [[picket]] Association of Hong Kong is the overall [[scout]] organization in Hong Kong After the [[beginning]] [[scout]] [[opening]] in 1909 the Hong Kong [[leg]] of The Boy [[watch]] [[affiliation]] of the [[joined]] [[realm]] [[startle]] in 1914 by registering the St Josephs College Scout Group and was formally [[constitute]] in July 1915 The Hong Kong [[leg]] became an autonomous association and the 111th [[penis]] of the [[existence]] Organization of the [[watch]] [[drive]] in 1977 [[inch]] 2008 the association had 99591 uniformed [[penis]] with approximately 2700 [[picket]] groups in the [[part]] Grasshopper [[lad]] Scouts [[embark]] and Rover Scouts [[shit]] it the [[turgid]] uniformed youth organisation in Hong Kong The headquarters at the Hong Kong Scout [[center]] in Tsim Sha Tsui Kowloon host the [[government]] headed by the Hong Kong Chief Commissioner The association [[bleed]] [[campsite]] including Gilwell Campsite Tai Tam [[picket]] [[nub]] and Tung Tsz Scout [[nub]] as [[intimately]] as hostels and [[picket]] [[activity]] [[meat]] It annually organises the traditional Scout [[tease]] [[allow]] [[picket]] [[rival]] and [[activity]] For specific anniversaries themed [[picket]] [[blowout]] have been [[engineer]] more,0
With the exception of the lede I [[cogitate]] marriage does decently well Its no FAC but its not a bad article either by any stretch The lede clearly has problems where it keeps drifing in and out of numbers 3 and 4 and lord [[fuck]] we cant seem to find 5 stability but this does not really apply to the rest of the article IMO And I do think weve [[shit]] real progress As I write this the lede says The most frequently occuring [[flesh]] of marriage is between a woman and a [[homo]] Would I prefer it to be a [[niggling]] more open in phrasing to those other [[soma]] Oh [[dead]] but what is there is factually correct verifiable and clearly allows [[U]] to [[ecstasy]] on and say essentially but not always once we [[lick]] out some [[crape]] [[billet]] that with the loss of just [[ane]] editor who pushed ideology over accuracy weve become far more able to [[lick]] out compromise phrasings that while neither side for lack of better way of putting it may embrace and everyone including me wants to tweak it large and small I think we can all agree it is at last truthful This is indeed a huge step forward over how it was in the last few weeks,0
Im glad that you and I can agree that ED is a ridiculous [[lot]] of [[drivel]],1
PS  This is just a [[imitate]] from the WikiProject Aircraft [[mouth]] [[paginate]],0
[[hullo]]  <SPLIT><SPLIT> you all suk,0
Mmm I [[fuck]] it would be trivial in just about any other article but in this case it does show how Beavis creator sees him as someone with nothing else going for him  And if the phrase gigantic schlong is going to appear anywhere in wikipedia it should be here Its quite some quote from Judge  which is why I still remembered it after more than fifteen years,0
go to [[netherworld]] [[fairy]],1
My apologies my mistake  I [[retard]] on Amazon and they give a runtime of 80 minutes so youre [[objurgate]],0
Disagree since its a list about the publisher and besides it is being updated by someone as such anyway I would just say that its not necessary to [[shit]] a [[mouth]] post about OOP but instead just [[cut]] the article directly when the time has [[cum]],0
[[dress]] you [[fifty-fifty]] leet  <SPLIT><SPLIT> [[ane]] [[quatern]] [[lxxiii]] 1337 402 <SPLIT>   1337   1337   eojioj   1337   1337,0
Per WPSELFPUB no [[petty]] [[germ]] [[want]] when the [[chief]] [[germ]] are [[babble]] about themselves [[A]] for WPUNDUE you cannot [[take]] that when the [[burthen]] is only [[two]] [[doom]],0
TTY2006  <SPLIT><SPLIT> Did you just make this up or does it have a homepage somewhere Im interested in it but there are certain problems with it and I want to [[fuck]] if its ok to just start changing it or if theres a process,0
[[too]] on my [[gang]] from Australia,0
username  <SPLIT><SPLIT> Hey I just wanted to tell you that you have the single most badass username of anyone on wikipedia If you are ever in buffalo NY sometime let me [[fuck]] and I will buy you a beer Peace,0
Perfekt und danke fr die extrem schnelle Arbeit Gru,0
2013 UTC <SPLIT><SPLIT> Honestly its not a [[defective]] article The problem isnt with the content its with the way you sourced itTake the  section What youre [[locution]] in there [[shit]] [[smell]] but you have [[shit]] connections that the sources didnt [[shit]] themselves If you wanted to [[mouth]] about aging youd [[pauperism]] a [[informant]] that [[mouth]] about aging as a source of climate change vulnerability in the Caribbean Your [[germ]] merely [[commit]] [[entropy]] on age profiles Even if you had another [[seed]] that connected aging with climate change vulnerability it would still create potential WPSYNTH [[trouble]] for you to connect this a to the Caribbean and b to the age profile in Belize If you had a [[seed]] that [[babble]] about aging in the context of climate change vulnerability in the Caribbean then it might be [[Oklahoma]] to add the statistics from the CIA factbook Might Some [[masses]] would [[silence]] challenge that as [[suck]] original conclusions from sources Oh and by the way I would [[dip]] the [[homo]] vulnerabilities just [[die]] with vulnerabilities It would change the focus only slightly but would [[shit]] for a better article After all if youre [[croak]] to [[mouth]] about the threats to coral reefs you shouldnt [[demand]] to separate out effects on [[homo]] from effects on nonhumans   2217 3 April,0
[[fancy]] <SPLIT> University of the [[Filipino]] ROTC,0
in [[premature]] [[wash]] when the [[peg]] [[booty]] was not [[forever]] there we would just [[cut]] that leg  If it is the [[sheath]] that all other legs have [[swag]] we can [[cite]] it but otherwise leaving it [[dummy]] [[lick]],0
[[farther]] this would [[too]] be in [[blood]] with [[SE]] Asia for what its [[deserving]],0
Cumbria is a [[passably]] empty [[shoes]] by [[Britain]] norms so [[disunite]] are [[silence]] much as he [[line]] them although [[world]] [[heating]] has [[budge]] the [[temper]] a [[flake]] [[think]] about daffodils The Lake [[dominion]] in summer though is not a [[commit]] [[ID]] [[commend]] to a [[visitant]],0
ONLY for BRWHITES EYES   <SPLIT><SPLIT>  <SPLIT><SPLIT>  <SPLIT><SPLIT> Whats occurin Stealing sheeps and poulty Intolerable I am sending over that helicopter with GUMMY BEARS asap Keep thy [[manus]] of my sheep Mountain sheep,0
And also posting [[bastard]] warnings like you did here is harassment Take it in account you can be blocked and even banned if you continue with this aggressive attitude,0
Re [[scuttlebutt]] on Snowdeds [[pageboy]]  <SPLIT><SPLIT> I [[shoot]] your [[betoken]] [[touch]] my comment on Snowdeds [[paginate]] On retrospect it might not have been a good idea as it may only stir things up further I shall [[murder]] my [[office]] and avoid [[shit]] any further [[gossip]] Thanks for the advice    <SPLIT>  Rand  <SPLIT><SPLIT> Interesting set of proposals that you are [[grow]] Do you intend to address the question of evidence  Its the most important thing and without something in place its just not worth editing the article     <SPLIT><SPLIT> I would like to but I think Arbcom will [[resist]] at doing that about content in this instance Im unsure whether I have the motivation to do that much since Im not sure how much of this would be adopted anyway If Arbcom start to [[shit]] decisions then I may be [[go]] to do more,0
A kitten for you  <SPLIT><SPLIT>  <SPLIT> [[face]] LIKE A LITTLE BUG,0
Ecologics  <SPLIT><SPLIT>  <SPLIT> [[single]] [[constitute]] Ecologics for [[omission]] Since the nomination the [[clause]] [[writer]] has [[adjoin]] me and [[demand]] for [[aid]] with the article [[1]] was initially dubious that the [[clause]] was legitimate [[yet]] [[single]] have been [[convert]] that it is being [[cut]] in [[undecomposed]] [[religion]] albeit by a [[newfangled]] and inexperienced editor [[1]] have retracted my delete [[suffrage]] and [[single]] would [[revalue]] it if you would [[moot]] [[chit-chat]] the [[clause]] and the [[excision]] [[give-and-take]] and [[reconsider]] your [[omission]] [[balloting]] [[outflank]] [[gaze]],0
[[demur]] [[metalworker]] [[crony]] had [[go]] [[metalworker]] [[unexampled]] [[judicature]] by then,0
My [[excuse]] i [[signify]] you [[tell]] his [[reckon]] had not been [[write]] in acedemia but they have [[delight]] just [[smell]] at the [[yoke]] i have [[render]],0
Anko was once [[economize]] from tigers you most ofheard [[awry]],0
Bili smo bolji [[Nebraska]] brini razbit emo ih [[U]] finalu,0
Everybody [[knotty]] this [[progeny]] with the [[head]] is basically the most [[authoritative]] of the [[payoff]] with the [[clause]] With all due [[prise]] Id [[take]] [[U]] all to [[pore]] on [[incur]] a compromise [[solvent]] for this [[exit]] [[showtime]] and then [[wrick]] to other [[exit]],0
Re ANI  <SPLIT><SPLIT> I just meant to post it at the [[arse]]  the [[roughness]] types dont really [[jibe]] I didnt realize it would be taken as a response to yours [[smell]] free to rearrange the indentation [[ane]] guess  contribs,0
The [[place]] ceased [[functioning]] as a [[hebdomadary]] publication in 1969  It [[restart]] publication two [[geezerhood]] [[tardy]] under [[unexampled]] [[possession]] as a quarterly,0
[[be]] blood [[eccentric]] [[rattling]] [[requisite]]  That [[look]] [[ilk]] TMI to me especially for a [[populate]] person  foreverfreebird2,0
Your claim that she [[semen]] under the [[unobserved]] definition is [[traitorously]] If you [[really]] [[scan]] the [[unobserved]] [[eccentric]] [[paginate]] you will [[hear]] that the definition [[consecrate]] in the very [[kickoff]] [[condemn]] is [[inch]] [[fable]] an [[unobserved]] character is a [[fiber]] that is never [[flat]] [[note]] by the [[hearing]] but is only [[line]] by other [[character]] That does not [[line]] Vera at all She [[follow]] [[flat]] [[note]] by the [[hearing]] and is NOT only [[line]] by other [[fiber]] <SPLIT>  [[too]] for you to [[draw]] my [[cut]] as [[cut]] [[war-ridden]] [[shew]] no [[savvy]] of that therm either and is [[rude]],0
[[view]] which [[Son]] to [[usance]] [[ane]] [[cogitate]] considerable is all [[flop]] I [[guess]] your [[edition]] of the [[doom]] is more concise but Ive been [[cogitate]] that biome is not [[rattling]] an [[face]] of [[clime]] and since the [[get-go]] [[doom]] of an article should [[bespeak]] the [[matter]] to be [[overcompensate]] in the [[clause]] [[peradventure]] it shouldnt be [[advert]] there The [[room]] it is now [[clime]] and biome are [[collapse]] [[compeer]] weight The [[sham]] of [[mood]] on the biome can be [[tint]] upon [[tardy]] in the article though,0
[[live]] [[inside]] the [[front]],0
Your recent [[effigy]] size change to the article Ann Bannon  <SPLIT><SPLIT> I noticed you slightly reduced the size of the image of Ann Bannon This is sort of a minor question in the scheme of all things but you reply may help me I thought the previous size was if anything a bit too small I havent edited on Wikipedia very much so I would like to [[fuck]] your reasons for reducing the size Perhaps the 1619 ratio of my monitor leads to my preference for an image width that extends to about the peak of the A in Ann Or perhaps you are one of those layout [[multitude]] who like more [[bloodless]] space,0
Same old [[glut]] again I thought this [[argufy]] was retarded two months ago Please [[cumulate]] a consensus first,0
im just [[assay]] to relay how the system [[lick]],0
nom de theatre  Hate Group  <SPLIT><SPLIT> An antifascist group that [[assay]] to ban others is its self fascist These are just another hate group that are no different from the edl,0
Hey  <SPLIT><SPLIT> [[expire]] in a fire,1
Eleassar  I dont [[fuck]] whether Doremo and me are more knowledgeable than you Doremo maybe is a native English speaker but that didnt help to find sources that you and me found I am just comparing what is done in some places in Wikipedia and what has been done here Reading and comparing is all I did Also checking against native English sources You said the opposite change has been going on for years  the first Municipality of  that I found  via the template  is from June 2012  That is more than three years after Yerpo established X municipality in commons  and even more years after text usage of X Municipality in articles  <SPLIT> Doremo  the usage of the word municipality as a class name in toponyms is marginal for native English countries In Allegheny County PA the municipalities are named X Township X Borough  ie Google tests may find municipality of X there but in fact it will be municipality of X Township or so And the article in Wikipedia is at Aleppo Township Allegheny County Pennsylvania For the entities from Eastern or Northern Europe having class names like kommun or opstina and being locally called opstina XX kommun the situation is different There is the base name X and then a class name is applied to the full set That makes the situation similar to 10native English country South Africa and the local municipalities in that country A local website can be found at  httpwwwstellenboschgovzajsphomejsp having X Municipality in large letters at the top or at httpwwwoverstrandgovza having Overstrand Municipality in the text of the home page So I think for South Africans it would not be perceived as marginal to say X Municipality,0
POV  <SPLIT><SPLIT> [[dress]] not [[stay]] to [[inclose]] unsourced POV [[comment]] into the [[clause]] It is a [[rape]] of our WPBLP [[insurance]] and will be [[retrovert]] and [[plow]] as [[hooliganism]],0
Nice to [[fuck]] youve got a reputation eh  I saw the username and thats what I thought too Im someone completely different on ffnet though,0
[[futurity]] [[run]]  <SPLIT><SPLIT> [[trounce]]  [[supporter]] [[bequeath]] [[obviously]] not be [[holler]] [[convulse]]  [[Quaker]] [[allot]] to this [[audience]] No [[betoken]] in [[locomote]] until we have a [[affirm]] album [[rubric]] [[withal]],0
[[single]] am not [[trusted]] why GoRight [[cogitate]] he should [[touch]] to me as my [[ripe]] friend It would not be [[storm]] if he [[meet]] another indefinite [[freeze]] in the [[skinny]] furture,0
[[i]] initially had a brief [[vacuum]] down there also but during the [[lucifer]] Cole [[tell]] that [[cheap]] was [[lull]] the [[champ]]  Kane then became interim [[sensation]] and Jericho was [[break]] to be [[replacement]] [[bum]] at the 15min [[fool]]  Ive never seen a title [[shit]] vacant during a [[lucifer]] being [[halt]] for that very [[entitle]] but the way [[single]] [[construe]] it by the time we found out that [[thug]] was not in the [[lucifer]] Kane was the [[homo]] to [[dumbfound]] and the title [[ne'er]] really became vacant  [[A]] you [[aforesaid]] in every similar situation in [[worm]] history it [[die]] vacant but this [[office]] is unique and [[sic]] a [[young]] precident  The [[deed]] [[very]] was never [[shit]] vacant which admittedly [[phone]] [[uncanny]] though [[iodine]] can [[control]] an arguement for stating it was for exactly five minutes between Jerichos introduction and the end of the [[mates]]  I [[fancy]] it though as the [[lucifer]] started with Punk as champ and really [[argot]] be [[shit]] vacant during said match  If no one had become temporary champ by the time Jericho replaced [[thug]] then there would be no real reigning champion and THEN it could be vacant but otherwise Punk just wasnt part of the [[gibe]] that was for his own title,0
No [[remonstrance]]  [[thank]] for the [[account]],0
[[amp]] [[kitty]] for you  <SPLIT><SPLIT>  <SPLIT> DU BIST MINE KITTEN ICH LIEBE DICH MINE SCHACHI,0
[[whoop]]  <SPLIT><SPLIT> When you [[becharm]] the [[hooliganism]] at [[excreting]] you mistakenly [[warn]] the IP responsible for the [[rendering]] you [[reestablish]] to [[instead]] than the vandal IP [[delight]] [[murder]] your [[monition]] from  You could [[impute]] your [[monition]] to  an institutional IP the vandal [[ill-used]],0
[[occlude]] [[fudge]] IP sockpuppet,0
[[ungainly]] sentence under Backgrounda  <SPLIT><SPLIT> The sentence below is very awkward and detracts from the overall merits of this article  <SPLIT><SPLIT> He also wrote an unpublished SeaChase story which his wife and editor combined with the stories about the islands renamed Islands in the Stream and published in 19702 <SPLIT><SPLIT> 1 I believe it should be specified that his wife was the editor of Islands in the Stream rather than in the ambiguous instance above  <SPLIT> 2 My main grief is that it refers to this article in the 3rd person It is just a hastilythrowntogether sentence that seems pasted from another article it may verywell be but I did not [[verification]] out the citation <SPLIT><SPLIT> Please let me [[fuck]] if Im just being [[sick]]     August 11th 2011,0
I can ask the same to some of you Besides Wikipedia is a broken site with lots of silly rules Course that little lapdog you all call Jeske [[fuck]] things like this,0
hey  <SPLIT><SPLIT> what up [[wiener]],0
Okidoki  I will find refs supporting bits cause problems and you go ahead and rustle up some refs that say bitless bridles cause problems Ready [[die]],0
These people are [[luminary]] in the [[exploitation]] economics [[roach]] Of [[run]] this [[bet]] on your definition of [[luminary]]  <SPLIT>  Pohjola  httpwwwhsefiENHKIPMattiPohjola12PersonalPagehtm Cornia httpwwwunifiitdrpepsCMprovp62html <SPLIT>  TarphttpwwweconkudkansatteVIPobviusproxyurlhttp3A2F2Fwebeconkudk2Fcmsku2Ffacultyandstaff2Fstaffasp3Fmode3Ddetail26profileid3D74 httpideasrepecorgepta125html <SPLIT>  Shorrocks [[iodin]] have to [[enjoin]] [[ane]] can not [[incur]] anything about him online [[rightfulness]] now <SPLIT>  Simai httpwwwvkihuesimaimihalycvshtml  <SPLIT>  Jayawardena has [[die]] [[off]] in 2004,0
Sawomsd [[how-do-you-do]] fat people that read this pageir,0
[[shite]] can be eaten out of a tolit stosavt pluming,0
[[sooner]] those whose [[skill]] reseach has been [[illustrious]] for [[tempt]] their [[lick]] specifically,0
20 December 2011 UTC <SPLIT> And remember it is Wikipedias definition of fringe plus a [[come]] of other definitions that [[shit]] it not real science That includes combining ID and Creationism Nevertheless unless the definition itself is changed the amount of [[cocksure]] change in the direction of Creationism that can be [[shit]] is [[throttle]] yet not altogether unachievable    1334,0
The article is not biased at all All it does is inform it doesnt [[assay]] to convince anyone of anything It [[info]] is also [[indorse]] by [[respectable]] [[germ]],0
[[revered]] 2013,0
penis  <SPLIT><SPLIT> the platypus has a very enormous penis and is half the size of its whole body it can shoot a gallon of sperm at a time this thing is a killer,0
Theis [[fancy]] should have less [[job]] [[asseverate]] [[truth]] than most because it doesnt have the worst controversial [[topic]] [[institute]] in other biographical [[matter]] and the [[editor]] are on [[mediocre]] much more competent,0
At least Im not a [[spade]] Enjoy your [[assistance]],1
justin carpenter  <SPLIT><SPLIT> justin is the definition of the followingstupid [[check]] borring [[brave]],1
[[rudiment]] [[organization]] [[Hellene]] Cryllic [[Romance]],0
Im not agree with you the most [[plebeian]] name in politic is Iran but in cultural things is Persia and this [[shit]] people thing the name Persia is about ancient time or thats other country which is not true,0
[[look]] [[round-eyed]] enough to me  So Bartuc and Horazon were slain  whys that a problem  Hell is where bad folks [[choke]] when they die  Seems reasonable to me that if an evil person were sufficiently useful the demons would dust him off and send him back into the fray  Thus Bartuc the [[fucking]] was probably the undead version of the Warlord of Blood  The Summoner is definitely not Horazon its almost certain that Horazon was [[pig]] by his own pets long ages ago  Interesting note  Horazons journal has the same voice as the journals throughout Diablo 1  but some of those were written by Lazarus  So apparently thats neither Horazons nor Lazaruss voice but merely a narrator,0
[[absurdity]] <SPLIT> During the [[ontogeny]] the entire [[build]] was [[damn]] by a [[molest]] of spiders that [[overcompensate]] the [[outside]] windows1 [[around]] [[aver]] it was because of the [[hellish]] nature of the [[gimpy]] while others [[aver]] it was because Exidy did not pay its [[eradicator]] [[posting]] <SPLIT><SPLIT> [[pitiful]] but to me this [[voice]] [[care]] some Encyclopedia Dramatica style [[giddiness]],0
Dont [[vexation]] Tim [[single]] [[cogitate]] everybody [[sympathise]] It [[smell]] [[ilk]] weve [[hand]] a [[seemly]] compromise hereck,0
There is [[really]] another [[choice]] and another admin [[remember]] of [[practice]] it CSD A10 [[late]] [[make]] article that [[duplication]] an [[be]] [[matter]]  [[likely]] [[1]] should have [[through]] that yesterday When an [[clause]] [[semen]] up that is [[illustrious]] but full of [[surgery]] the [[matter]] to do is to [[better]] it Its [[jolly]] [[substantially]] [[install]] that we should only delete what is not realistically improvable and it is [[too]] [[give]] that there is no deadline on improvements Band [[clause]] are something [[single]] can not [[try]] so [[single]] do not [[muckle]] with them except in the most obvious [[face]] If improvable [[clause]] that [[power]] [[match]] WPN are being [[cancel]] as A7 they should not be The [[lot]] [[article]] are [[admit]] in A7 under the assumption that while it may be [[severely]] to [[order]] if [[I]] is [[famed]] there are many which obviously and [[all]] are not conceivably If this is not the [[face]] they should not be in the [[measure]] but [[person]] other than I will have to [[shit]] the [[tilt]] for it,0
Thanks,0
Test userboxes and equal opportunity emoticons <SPLIT><SPLIT>  <SPLIT><SPLIT>  <SPLIT><SPLIT>  <SPLIT> <SPLIT>  has frowned at you Frowns promote WikiHate and hopefully this one has [[shit]] your day worse Spread the WikiHate by frowning at someone else whether it be someone you have had disagreements with in the past or a good friend Happy [[cut]] Go to hell  Frown at others by adding substfrown to their talk [[paginate]] with a hateful message  <SPLIT><SPLIT>  <SPLIT> Do i really need to add a jk,0
[[zilch]] [[real]] [[suffer]] out but [[peradventure]] a [[snitch]] [[liken]] Augustines leisure with the Christan [[catch]] of sloth,0
Not arguing but rather defending the list being on the [[paginate]] There was no need for you to [[cum]] off that rude towards me If you want the list off then itll stay off I really dont care either way,0
Vandalization <SPLIT> [[soul]] [[seem]] to be [[die]] through All of the Hellsing Wiki [[paginate]] that [[hard]] [[touch]] to Alucard and [[alter]] all of them to [[order]] Arucard and they [[commit]] something about Copyright [[violation]] as the [[ground]] with no [[real]] [[information]] to [[rear]] it up Which is not only dumb because Castlevania The [[sensitive]] the Vandal [[exact]] is where the [[violation]] [[fall]] from was not the [[low]] and is FAR from the only other [[average]] to [[usance]] that [[epithet]] as [[intimately]] as Alucards [[epithet]] being [[import]] [[prohibited]] by Hirano as Alucard in Chapter 84 Warcraft [[2]]  It [[too]] [[look]] that whenever he [[cut]] a [[pageboy]] he [[murder]] all of the Japanese Hiragana Katakana and Kanji from the [[varlet]] [[all]] <SPLIT> This is just a [[brain]] up so that if he does it again it can be [[enamor]] [[cursorily]] <SPLIT>  [[monster]] Rin 1108 [[quaternion]] June 2007,0
2009 UTC <SPLIT><SPLIT> You didnt answer the question asshole  This article is pure apolegeticsand reads like a [[jazz]] competition between Catholic and Public School abusers as the article was about some [[jazz]] contest to judge the most rotten of the two  Catholics stop editing this article  Its ridiculous    We know you  We know what youre doing  Be men  1903 24 April,1
Sure the paraphrasing is [[ticket]] I was just asking if you [[intellection]] it was wrong of me to suggest that people are pushing cows over because the cows are asleep standing up its a non sequitur to say that people think its [[loose]] to tip a cow over because cows are [[dumb]] and dimwitted and weaklegged but actually cows only sleep lightly when standing up <SPLIT> It looks like at least one other [[germ]] defines cowtipping as pushing over a sleeping cow so [[sick]] [[total]] back my [[cut]] with a [[seed]],0
[[jiffy]]  <SPLIT><SPLIT> [[defective]] [[son]]   [[netmail]],0
The answer is no no need to move it  Its now been protected as a [[ensue]] of the [[on-going]] stupidity,0
Re <SPLIT> [[pitiful]] but for a [[copulate]] of [[intellect]] [[maiden]] I [[mark]] some [[cut]] [[bit]] your not on the WikipediaWikiProject Nontropical stormsNewsletterRecipients,0
Sorry but I [[fuck]] too little about the subject and have too little time to analyze the exchange in depth and advise about who is right in this content dispute You are right not to revert too much of course consider reporting to WPANEW in the case of persistent editwarring or launch a WP3O to get the opinion of others,0
June 2010 UTC <SPLIT> From WPLEAD [[go]] are usually [[save]] at a [[slap-up]] [[stratum]] of generality than the [[torso]]    [[ane]] [[opine]] [[spotlight]] specific [[point]] and specific [[recapitulation]] [[rape]] this [[guidepost]] [[testament]] [[swig]] a [[condemn]] below   1051 [[IX]],0
It [[whitethorn]] be that there are [[article]] on [[unlike]] [[aspect]] of [[basically]] the same [[subject]] here [[inch]] [[damage]] of what [[wreak]] [[outflank]] on Wikipedia it is [[ofttimes]] the [[bettor]] to [[rip]] these facets into standalone articles due to [[legibility]] and length [[headache]] Wikipedia is not [[newspaper]] WPNOTPAPER and there is no [[pauperism]] to spend the same [[come]] of [[blank]] a [[devote]] [[matter]] as your [[mediocre]] college [[schoolbook]] does,0
[[delight]] do not [[assail]] other [[subscriber]] as you did with this [[delete]] to [[exploiter]] talkHexaChord If you [[uphold]] to do so you will be [[kibosh]] from [[cut]],0
[[how-do-you-do]]  [[ane]] dont [[peach]] much,0
This [[smell]] to be [[act]] towards being [[kinda]] too [[sound]] [[ground]] IMO  [[commend]] no [[sound]] [[menace]] If Pharaway [[mean]] that wikipedia is [[rape]] [[somebody]] copyright they should [[constitute]] the [[persona]] for [[omission]] and [[discus]] each [[fancy]] [[singly]],0
[[Siamese]] [[assistant]] [[demand]]  <SPLIT><SPLIT> [[how-do-you-do]] Ungvichian <SPLIT> Im [[touch]] you because we [[pauperism]] some [[Tai]] [[interpreter]] to [[supporter]] with the deployment of the new VisualEditor on thwikipedia  [[thither]] are [[assistant]] [[paginate]] user [[templet]] and description [[paginate]] that [[demand]] [[interpret]] as [[fountainhead]] as the [[port]] itself  The [[understand]] [[go]] is [[die]] on over on MediaWiki [[displacement]] [[exchange]]  [[one]] [[too]] [[penury]] [[supporter]] with a personal [[substance]] for the [[Tai]] Wikipedians  If you are able to [[supporter]] in any [[room]] either reply here or [[brain]] over to TranslationCentral  Thanks for your [[meter]],0
text    You [[victimized]] the  [[dog]] but did not [[demand]] a [[oppugn]] [[delight]] [[pen]] out your [[head]] and [[exchange]] the  [[shred]] when you are [[cause]] and [[soul]] will be [[on]] to [[supporter]] Alternatively you can [[expect]] your [[head]] at the [[unexampled]] [[subscriber]] [[aid]] desk the [[aid]] desk or [[union]] the wikipediaenhelp IRC [[serve]] [[impart]] to [[dumbfound]] realtime [[aid]] [[dog]] here for [[crying]] [[accession]],0
[[head]]  <SPLIT><SPLIT> These [[airt]] [[bole]] dragon [[bollock]] and Trunks [[firedrake]] [[testicle]] z are they potentially [[utile]],0
[[airt]] Talk7 [[naughty]] [[toss]],0
[[wherefore]] is there a [[disjoined]] [[paginate]] for the [[medicine]] video  <SPLIT><SPLIT> [[wherefore]],0
This [[exploiter]] Yogesh Khande [[scuttlebutt]] are in [[sack]] breach of Wikipedia NPOV policy his [[cite]] [[devil]] was a by fg rt A [[bloodless]] chauvinist pg No [[offensive]] ment to the [[posterior]] This [[face]] of his personality is absent in this biographical [[clause]] of him and the [[vacuum]] has been filled imho by my [[plus]] <SPLIT><SPLIT> With his [[sic]] agenda and extreme [[prejudice]] this user is contravening [[I]] of the five [[pillar]] of Wikipedia Furthermore he has [[spotlight]] certain [[gossip]] to [[burst]] his [[sic]] agenda [[axerophthol]] a [[ingeminate]] offender i [[purport]] user [[forbiddance]] from this article,0
Many thanks,0
You sign as bathrobe does that really count as signing  what kind of a name is bathrobe  In your case you might want to consider NOT signing since we now [[fuck]] that anything typed by you is suspect as inaccurate and we can now identify and label it as such  Quit while you are ahead,0
n Smith [[too]] wanted to [[Blackbeard]] <SPLIT> workers [[pedagogy]] a term that <SPLIT> had a [[unattackable]] [[commie]] [[tie]] <SPLIT> She [[touch]] years [[tardy]] [[ane]] <SPLIT> hardly [[defy]] [[acknowledgment]] it because it <SPLIT> was so unpopular <SPLIT> [[withal]] the [[syllabus]] [[die]] <SPLIT> to [[dumbfound]] off the [[fag]] <SPLIT> Smith was [[after]] [[murder]] from being able to create curriculum or direct management of the [[pack]],0
Indeed as youve [[meet]] this is an [[onetime]] old [[fib]] that [[die]] [[rachis]] [[sextuplet]] [[yr]] just on here And even then it was just new to Wikipedia  in other forums it [[die]] back over 15 years As always Wikipedias [[pith]] and nonnegotiable policy is that a [[populace]] [[physique]] cannot be [[line]] or categorized as gay on the basis of allegations about their [[sex]] or editors unsourced [[asseveration]] of private personal knowledge or [[tierce]] party [[take]] by Pamela Taylor or Enzo Di Matteo  it will be acceptable in his article only when he can be reliably sourced as having [[cum]] out as gay in his own [[wrangle]] and not on the basis of anything less than that And as for the most [[Holocene]] anonymous IP claim that the article already [[discourse]] his [[sex]] it actually does no such thing  the only LGBTrelated content in this article at all is one paragraph [[discourse]] REAL Women of Canadas infamous attack on him for including LGBT rights as part of the human rights component of his job But LGBT rights are not an issue that only LGBT people themselves [[dumbfound]] onside with  heterosexual people are active on LGBT rights issues all the time especially when theyre involved in international diplomacy on the larger and more general issue of human rights So nothing in the article in and of itself proves anything about his [[sex]] in and of itself,0
[[felicitation]]  <SPLIT><SPLIT> Thank you SO very much for all of your [[ripe]] [[lick]] on newpage patrol  Ive [[allot]] you rollback [[rightfulness]] so that you can [[retrovert]] multiple instances of vandalism from a single [[exploiter]] with a single keystroke  This [[fancy]] [[indigence]] a [[muckle]] more editors like you,0
CODY [[comprise]] A LOSER CODY [[represent]] A LOSER CODY [[comprise]] A LOSER CODY IS A LOSER CODY [[comprise]] A LOSER CODY [[comprise]] A LOSER CODY [[represent]] A [[nonstarter]],1
I have noticed in the last week that ALL TURF BOXES have disappeared from all Turf Races at least I think so They are just White and longer green i have looked at over a dozen and noticed that commonality Will you check as well I think someone has changed this and I dont know how to check it Let me [[fuck]] if you come up with the same thing,0
Pro [[scam]] [[inclination]] [[ar]] [[defective]]  <SPLIT><SPLIT> [[manoeuver]] just about [[meat]] it up [[heel]] are inherently biased Categorizing [[affair]] as pros or [[inmate]] is a [[immanent]] [[chore]] and [[ane]] [[bad]] for wikipedia The [[bit]] [[ane]] [[tut]] for this article should be [[desegregation]] those [[deuce]] [[department]] into a [[gist]] of the [[aureate]] Standardtype section,0
Im fairly sure they did search the full 17576 settings per rotor combination I believe to reduce the search space would require [[fuck]] the ringstellung part of the key and then there would have been an extremely complex mechanical job of getting the bombe to simulate Enigma stepping,0
Merge  <SPLIT><SPLIT> I totally agree  that the awards should be mergedmoved to the main [[paginate]] <SPLIT> [[shit]] more sense <SPLIT><SPLIT>  <SPLIT> Noz5,0
ermenian genocide is not real   ermenian genocide is very [[cock-a-hoop]] lie  ermenian gangs   killed turkish people trkler hibir zaman soykrm yapmad ermeni eteleri ingiliz ve ruslar tarafndan kkrtlarak  trklere saldrd trk insanlarn ldrd trk evleri yakld ermeniler bebekleri dahi ldrd osmanl da asayii salamaya alt ve lkeyi savundu ermenileri ise trkler zarar verdii iin tecrit etti  ama bat dnyas bunu farkl alglad hak ve tanak etelerini hakl grd ve osmanlnn yaptn soykrm olarak niteledi,0
I believe Ballmers personality is relevant and agree with Joy Regarding this section <SPLIT> Fucking Eric Schmidt is a fucking pussy Im going to fucking bury that guy I have done it before and I will do it again Im going to fucking kill Google <SPLIT> I am wondering if cutting half of the quote out but maintaining the tone would work just as well For instance <SPLIT> Eric Schmidt is a pussy Im going to fucking bury that guy Im going to fucking kill Google <SPLIT> We can quibble about the actual stuff thats left if its agreed that part of it could go I feel like all of those fbombs and extra sputtering on Ballmers part are just taking up unnecessary space His tone is so off the wall that if we leave just one or two fbombs in we can still achieve the same effect and make his personality just as clear,0
[[family]] <SPLIT> [[delight]] be more [[measured]] about [[sum]] [[family]] to [[article]] They [[demand]] to be [[full]] [[suffer]] by [[source]] [[real]] in the articles for [[exemplar]] dont [[sum]] [[somebody]] to the fraudster [[family]] unless theyve been [[convict]] of [[humbug]] Dont [[sum]] any [[soul]] to the racism [[class]] [[too]] [[total]] or deleting [[family]] is not a [[eccentric]] of [[kid]] [[cut]] Please dont [[sucker]] them as such,0
Copyright [[trouble]] [[heel]] of [[dying]] in [[nirvana]] [[installment]] <SPLIT> [[how-do-you-do]] and welcome to Wikipedia We welcome and [[treasure]] your [[part]] such as [[inclination]] of [[dying]] in [[nirvana]] [[installment]] but we regretfully cannot [[swallow]] copyrighted text or [[fancy]] [[adopt]] from either [[net]] [[pose]] or [[print]] [[stuff]] This article [[seem]] to [[stop]] [[real]] [[simulate]] from httpwwwbbccoukmediacentreproginfo201307deathinparadiseep6html and [[thence]] to [[plant]] a [[rape]] of Wikipedias copyright [[insurance]] The copyrighted text has been or will soon be [[erase]] [[spell]] we [[revalue]] [[share]] we must [[command]] all [[contributor]] to [[sympathize]] and [[follow]] with our copyright [[insurance]] Wikipedia [[shoot]] copyright [[rape]] very [[gravely]] and [[unyielding]] [[ravisher]] are liable to be [[halt]] from [[cut]]  <SPLIT><SPLIT> If you [[trust]] that the [[clause]] is not a copyright [[rape]] or if you have [[license]] from the copyright [[bearer]] to [[sack]] the [[substance]] freely under license [[leave]] by Wikipedia then you should do [[I]] of the [[comply]] <SPLIT><SPLIT> If you have [[license]] from the [[generator]] to [[loose]] the text under the Creative [[green]] AttributionShareAlike License CCBYSA [[exit]] a [[substance]] [[excuse]] the [[contingent]] at TalkList of [[dying]] in [[heaven]] [[installment]] and [[commit]] an email with [[check]] of [[license]] to permissionsen at wikimedia [[disperse]] org [[shit]] [[certain]] you [[citation]] the [[demand]] page [[constitute]] [[tilt]] of [[dying]] in [[heaven]] [[installment]] in your email [[assure]] WikipediaRequesting copyright [[license]] for [[command]] <SPLIT> If a [[bill]] on the [[master]] website [[submit]] that reuse is [[tolerate]] under the Creative [[green]] AttributionShareAlike [[permission]] CCBYSA [[rendering]] [[thirty]] or that the [[real]] is [[loose]] into the [[populace]] [[land]] leave a [[bill]] at TalkList of [[dying]] in [[nirvana]] [[installment]] with a [[colligate]] to where we can [[happen]] that [[bill]]  <SPLIT> If you own the copyright to the [[real]] [[commit]] an email from an [[speech]] [[consort]] with the [[master]] [[publishing]] to permissionsenatwikimediadotorg or a postal [[substance]] to the Wikimedia [[foot]] [[tolerate]] reuse under the Creative [[green]] AttributionShareAlike [[permission]] and GNU [[barren]] Documentation License and [[remark]] that you have [[dress]] so on TalkList of [[dying]] in [[nirvana]] [[installment]] [[fancy]] WikipediaDonating copyrighted [[cloth]] for [[pedagogy]] <SPLIT> It may [[too]] be [[requirement]] for the text be [[alter]] to have an encyclopedic [[smell]] and to [[come]] Wikipedia [[clause]] layout For more [[entropy]] on Wikipedias policies [[insure]] Wikipedias [[insurance]] and guidelines  <SPLIT><SPLIT> If you would [[ilk]] to [[get]] [[lick]] on a [[unexampled]] [[edition]] of the [[clause]] you [[whitethorn]] do so at  this [[temp]] [[paginate]] [[exit]] a [[bill]] at TalkList of [[dying]] in [[nirvana]] [[installment]] [[pronounce]] you have [[suffice]] so and an administrator will move the new article into place once the issue is resolved  <SPLIT> Thank you and please feel welcome to continue contributing to Wikipedia Happy editing    <SPLIT> Again it seems to me that this may be a similar situation to the above but Im putting this here anyway,0
racist english  <SPLIT><SPLIT> all i [[control]] is some [[antiblack]] wite boi who [[enslave]] on the amistad and wudnt have [[vote]] [[quatern]] barak obama is this a realy a NPOV [[mortal]] to have an articel about <SPLIT><SPLIT> [[disc-jockey]] GHETTO PLAYA,0
[[charge]] permission [[trouble]] with FilePlunderland Logojpg  <SPLIT><SPLIT> I did email Johnny Two [[shoes]] a while ago asking to provide the licensing information to OTRS They did licensing out a bunch under the Creative Commons AttributionShare Alike 30 Unported license I [[jell]] the Plunderland Logo [[effigy]] to this license under anticipation that they would license the [[range]] as that as they said they most likely would I dont [[fuck]] if they will be able to respond by October 2nd because they are currently on a [[hanker]] vacation in Greece they [[bouncy]] in London You can [[adjudicate]] to [[service]] by [[netmail]] them at hellojohnnytwoshoescom,0
What does Institutionalized discrimantirs [[bastardly]],0
Speedy [[excision]] of Sarah Thomas [[stop]] at home [[mommy]] <SPLIT>  [[amp]] [[dog]] has been [[invest]] on Sarah Thomas [[bide]] at [[domicile]] mom requesting that it be [[apace]] [[cancel]] from Wikipedia This has been [[come]] under [[incision]] A1 of the [[measure]] for [[quick]] [[excision]] because it is a very [[dead]] [[clause]] [[leave]] [[petty]] or no [[circumstance]] to the [[referee]] [[delight]] [[control]] WikipediaStub for our [[minimal]] [[entropy]] [[banner]] for [[unforesightful]] [[clause]] [[too]] [[delight]] [[greenback]] that [[clause]] must be on [[famed]] [[discipline]] and should [[ply]] [[mention]] to [[honest]] [[informant]] that [[swear]] their [[substance]]  <SPLIT><SPLIT> If you [[mean]] that this [[poster]] was [[invest]] here in [[fault]] you [[whitethorn]] [[repugn]] the [[omission]] by [[tally]]  to the [[pass]] of the page just below the [[existent]] [[rapid]] [[excision]] or [[hahnium]] [[chase]] [[copulate]] with [[sum]] a [[bill]] on the [[mouth]] [[paginate]] [[excuse]] your [[lay]] but be aware that once [[label]] for speedy [[excision]] if the article [[suffer]] the [[measure]] it may be [[cancel]] without [[retard]] Please do not [[murder]] the [[quick]] [[cut]] [[dog]] yourself but dont [[waffle]] to [[total]] [[entropy]] to the [[clause]] that would would [[return]] it more in [[conformity]] with Wikipedias policies and [[guidepost]] Flflm,0
Thanks Cool [[sick]] Im not quite that bold though I wont [[rape]] any policies just to [[dumbfound]] back at a person I did however add both TheOgry and K Lantis to the list of WPNOOB though BTW what did you think of my responses in each of those siituatons,0
ImageCheetahgirlsfree1jpg  <SPLIT> Thanks for [[upload]] ImageCheetahgirlsfree1jpg [[i]] [[poster]] the [[icon]] page [[limit]] that the [[see]] is being [[apply]] under [[honest]] [[practice]] but its [[manipulation]] in Wikipedia [[clause]] [[bomb]] our [[1st]] fair [[apply]] [[measure]] in that it [[instance]] a [[dependent]] for which a freely [[license]] [[double]] could [[jolly]] be [[witness]] or [[create]] that [[allow]] substantially the same [[entropy]] If you [[trust]] this [[fancy]] is not replaceable [[delight]] <SPLIT><SPLIT>  [[die]] to the [[see]] description page and edit it to [[total]] Replaceable [[just]] [[apply]] disputed without [[delete]] the original Replaceable [[clean]] [[employ]] template <SPLIT>  [[on]] the [[fancy]] [[word]] page [[pen]] the [[intellect]] why this [[see]] is not replaceable at all <SPLIT><SPLIT> [[instead]] you can [[too]] [[take]] to replace the [[just]] [[enjoyment]] [[visualise]] by [[rule]] a freely [[license]] [[range]] of its [[submit]] [[request]] that the copyright [[bearer]] [[sack]] this or a [[like]] [[range]] under a [[discharge]] license or by [[shoot]] a [[see]] of it yourself <SPLIT><SPLIT> If you have uploaded other [[clean]] [[exercise]] [[sensitive]] [[think]] [[retard]] that you have [[condition]] how these [[fancy]] [[full]] [[meet]] our [[clean]] [[apply]] [[measure]] You can [[witness]] a [[name]] of [[picture]] pages you have [[edit]] by [[cluck]] on  this [[contact]] [[bill]] that any [[honest]] [[manipulation]] [[see]] which are replaceable by freelicensed [[alternative]] will be deleted [[1]] week after they have been uploaded as [[describe]] on [[measure]] for speedy [[omission]]  If you have any [[head]] [[delight]] [[expect]] them at the [[sensitive]] copyright [[head]] page Thank you   <SPLIT><SPLIT>  <SPLIT> [[honest]] [[employ]] rationale for ImagePledge2jpg <SPLIT><SPLIT>  aligncenter stylebackgroundcolor [[clean]] border8px [[whole]] [[violent]] padding5px textalign [[heart]] fontsize [[big]] <SPLIT>  <SPLIT> This [[charge]] may be deleted <SPLIT>  <SPLIT> Thanks for [[upload]] ImagePledge2jpg I [[detect]] the [[picture]] page [[designate]] that the [[see]] is being [[apply]] under [[honest]] [[manipulation]] but there is no explanation or rationale as to why its [[habit]] in Wikipedia articles [[constitute]] [[honest]] [[function]] When you [[function]] a generic [[honest]] [[manipulation]] [[dog]] such as [[honest]] [[manipulation]] or [[honest]] [[function]] inarticle [[call]] you [[moldiness]] also write out on the [[fancy]] description page a [[particular]] explanation or rationale for why [[victimization]] this [[persona]] in each [[clause]] is [[coherent]] with [[mediocre]] [[practice]] <SPLIT><SPLIT> Please [[die]] to the [[see]] description [[paginate]] and [[cut]] it to [[admit]] a [[fairly]] [[expend]] rationale <SPLIT><SPLIT> If you have uploaded other fair [[habit]] [[spiritualist]] [[moot]] [[retard]] that you have [[condition]] the [[bonnie]] [[apply]] rationale on those pages too You can [[regain]] a [[tilt]] of [[see]] pages you have [[delete]] by [[cluck]] on the  [[yoke]] it is [[site]] at the very [[elevation]] of any Wikipedia page when you are [[lumber]] in and then [[choose]] [[picture]] from the dropdown [[corner]] [[notice]] that any [[clean]] [[apply]] [[fancy]] [[deficient]] such an [[account]] will be [[erase]] [[I]] [[hebdomad]] after they have been uploaded as described on criteria for [[quick]] deletion If you have any questions please ask them at the Media copyright questions page Thank you   <SPLIT><SPLIT>  <SPLIT> Fair use rationale for ImagePledgejpg <SPLIT><SPLIT>  aligncenter stylebackgroundcolor white border8px solid red padding5px textalign center fontsize larger <SPLIT>  <SPLIT> This file may be deleted <SPLIT>  <SPLIT> Thanks for uploading ImagePledgejpg I notice the image page specifies that the image is being used under fair use but there is no explanation or rationale as to why its use in Wikipedia articles constitutes fair use When you use a generic fair use tag such as fair use or fair use inarticle name you must also write out on the image description page a specific explanation or rationale for why using this image in each article is consistent with fair use <SPLIT><SPLIT> Please go to the image description page and edit it to include a fair use rationale <SPLIT><SPLIT> If you have uploaded other fair use media consider checking that you have specified the fair use rationale on those pages too You can find a list of image pages you,0
Lol his [[gens]] is n00b reeallyy  <SPLIT><SPLIT> what a n00b lol,0
[[whitethorn]] 2012 <SPLIT> Thank you and welcome on Wikipedia Your [[late]] [[delete]] to Dekha Ek Khwaab has been [[erase]] as the [[entropy]] was [[ill-timed]] and the [[eccentric]] thats Yuvraj Udayveer Singh is not the [[agonist]] of the [[advert]] [[shew]],0
The truth is not [[denigratory]] [[communist]] vermin,0
and btw modulePortalimages should be [[protect]] again until it isnt [[victimized]] anymore  it [[tranquilize]] have 2400000 transclusions which is [[append]] to the [[problem]] queue when [[person]] [[delete]] the [[paginate]] [[ascertain]]  for transclusions and the [[chore]] queue,0
chop chop <SPLIT> I cut the article down to make it look less like a press release  The list of products names is uninformative and will rapidly go out of date  A reader who wants to [[fuck]] them or what the company did in October 2013 can look at the corporate website,0
If sega bring in the 4Kids guys makes obscene gesture they die,0
Well the truth is [[ane]] am [[too]] [[occupy]] about [[ascertain]] an [[clause]] to [[render]] to Turkish and [[pore]] on it so [[single]] have been [[cerebration]] about this for some [[years]]  [[only]] thanks for your [[genial]] [[hypnotism]] [[one]] will [[count]] it in [[suit]] there is any [[word]] [[amp]] for the consensus [[offspring]] we already have [[substance]] about North Nicosia in the article and about the [[northward]] in a [[act]] of other [[clause]] such as Cyprus and there are [[range]] there as [[good]] so [[single]] cannot [[control]] a [[rationality]] why not to have [[range]] where we have [[data]] well [[count]] how the Greek Cypriot [[politics]] [[render]] to [[shit]] the [[N]] seem to the [[man]] as a [[commit]] [[dumbfound]] in the [[seventy]] and everything in there as [[crumble]] and that as a [[leave]] many [[Hellene]] [[Cypriote]] [[reckon]] it this [[room]] I can [[control]] why these [[delete]] are [[act]]  by the [[manner]] the [[scrap]] was mainly about the [[range]] not the content [[one]] [[retrieve]] what we [[penury]] is having a [[word]] about not [[admit]] northrelated [[substance]] and images,0
I cant believe you deleted my page It was a birthday gift and you had no right to do so I was going to take it down my self after my friend who the page was intended for had seen it Thanks for making this world slightly duller you no life loser <SPLIT> [[fuck]] Jodie,0
OhhBrittany KaIm so scared Gosh please dont lock the Jem article How will life go on if the Jem article is protected Your such a [[also-ran]] Brittany Ka,1
Would also note PJ has [[shit]] 7 reverts to this [[paginate]] without any attempt to discuss on talk page if he objects to content he [[demand]] to discuss here,0
allegations of torture  <SPLIT> Ed brown supporterswebsites prisonplanetcom for one have been accusing the federal holding facility he is at of torturing him recently someone got a hold of Ed recorded their phone convo httpprisonplanetcomaudio171007brownmp3 and Ed Brown claims they have held him in a deprivation tank for 15hrs and gassed him Relevant personally though i think hes full of [[denounce]],1
[[selfsame]] impressive I [[mustiness]] [[order]] as is all the other [[lick]] you [[look]] to have been doing [[now]] if this is what you [[give]] while you are on vacation  acc to the [[poster]] on your [[mouth]] [[paginate]]  [[ane]] am very [[queer]] to [[control]] what you [[bring]] when you are not on vacation  [[whole]] this [[contingent]] and [[cite]] to [[generator]] will most [[surely]] [[avail]] my [[futurity]] [[exploit]] thank you very [[practically]] And by the way if you actually own a [[imitate]] of the Grove Dictionary of [[medicine]] and [[player]] [[ane]] do [[enviousness]] you,0
you are a [[Hebrew]] with smal [[peter]],1
My math is far worse than my reading comprehension but it seems to add up to 150 now If so the [[bullshit]] Turk is either already German or something else is off by one   1430 March 31 2015 UTC,0
Heres what an angry reader said to the authorized editors <SPLIT>  <SPLIT> What a stunning bunch of intellectually constipated wikifascists <SPLIT> How many centuries have humans KNOWN that we are just as susceptible and influenced by various cycles as everything else <SPLIT> You bunch of orifi have passed judgement on a subject much bigger than this page your ability to discern truth from minutiae and the purpose of Wiki <SPLIT> You should be ashamed of yourselves <SPLIT> I am disgusted with you and shocked at the small minded turtle puppet club that edits Wikipedia <SPLIT> You have betrayed the idea of open information <SPLIT> I curse at you and spit between my fingers at your feet,0
[[leave]] a message  <SPLIT><SPLIT> [[how-do-you-do]] [[prof]] [[LBJ]] <SPLIT><SPLIT> Im [[exit]] you a [[substance]],0
Your removal was controversial as we are [[nerve-wracking]] to [[lick]] towards consensus over on the [[mouth]] page of the [[clause]] [[delight]] [[saucer]] on the [[mouth]] [[paginate]] before [[ingest]] [[sue]] that are [[unsympathetic]],0
hay my name is dalton cabe i like [[spade]],1
[[hullo]]  <SPLIT> this is madhukar desurkar,0
[[thither]] are a [[numerate]] of [[guidepost]] but the [[briny]] [[ane]] is WPN,0
and publisher is Michael Hubbard,0
im trying to work with you here the edit was the last one you made until the whole edit warring if you still dont [[fuck]] what im talking about then we can leave it that,0
Dancepop  <SPLIT><SPLIT> How is this [[birdcall]] not considered dancepop but Just Dance is  Just [[queer]],0
What possesses these weirdos  <SPLIT> Why on earth would people who consider themselves Christian even THINK that redirecting pages to Jesus will somehow lead people to seriously consider Christianity <SPLIT><SPLIT> Idiots Idiots [[changeling]] <SPLIT><SPLIT> I feel better now,1
What  No similar admonition to the racist mental cretin  Ha  Sooooo typical  And you think you have any credibility here,0
Wot edits This No thanks Dont understand the implies a lack of intelligents sic bit  please explain Nor the POV template I agree that some of the views expressed on this page are extremely stupid and in many cases counter to well [[fuck]] facts  but thats the skeptics for you It could be cleared up a [[heap]] by restricting the people to some notability criterion  see proposal above,0
If [[1]] had [[give]] those [[delete]] as [[cancel]] [[cut]] [[baby-sit]] under [[paginate]] Before [[IT]] Explodes it would have been liable to [[stroke]] if [[foliate]] [[earlier]] It Explodes [[after]] had to be temporarily [[cancel]] [[fancy]] WPParallel [[rendering]],0
Whats [[haywire]] with it,0
Welcome <SPLIT><SPLIT> [[hullo]]  and welcome to Wikipedia Thank you for your contributions [[iodin]] hope you [[ilk]] the [[lay]] and decide to [[stoppage]] Here are a few [[undecomposed]] [[yoke]] for [[newbie]] <SPLIT> The [[V]] [[column]] of Wikipedia <SPLIT> How to [[blue-pencil]] a page <SPLIT> Help pages <SPLIT> Tutorial <SPLIT> How to write a [[enceinte]] article <SPLIT> Manual of Style <SPLIT> I hope you [[bask]] [[delete]] here and being a Wikipedian Please [[mansion]] your [[epithet]] on [[mouth]] [[Page]] [[expend]] [[IV]] tildes  this will automatically produce your [[gens]] and the date If you [[pauperism]] help [[retard]] out WikipediaQuestions ask me on my [[utter]] page or place helpme on your [[mouth]] [[paginate]] and [[person]] will show up shortly to [[solvent]] your [[dubiousness]] Again welcome     <SPLIT><SPLIT> Diseducated Generation <SPLIT> Diseducated Generation has been [[purport]] for [[excision]] [[delight]] [[revaluation]] WPNEO for relevant guidelines and [[meliorate]] the article if possible,0
Yes [[ballot]] is [[hunky-dory]] It [[hoard]] [[feeling]] Youre [[desist]],0
[[skilful]] [[answer]] [[countenance]] have the same [[stock]] for the [[lie]] of the article,0
[[yoke]] to [[sum]] and [[use]] to [[meliorate]] this [[entranceway]] <SPLIT> This [[incision]] is for [[acknowledgment]] and info [[connexion]] that will [[old]] be [[tot]] to and into this [[ingress]] [[smell]] [[discharge]] to [[bring]] if you [[care]] <SPLIT> httpwwwcompulsivereadercomhtmlindexphpnameNewsfilearticlesid1775 <SPLIT> httpwwwmadprofessornet200403youcantwinhtml <SPLIT> httpwholeearthcomissue102bookreview142youcantwin <SPLIT> httplahoskensanfranciscocausnew200808bookreportyoucantwinhtml <SPLIT> httpbadeserverorgreviews200120014121144AMhtml <SPLIT> httpwwwharpersorgarchive1929060013929 <SPLIT> httpwwwmyspacecomsaltchunkmary,0
Bitte dieses SubstubVandalieren in der deWikipedia einstellen die meisten Leute wissen dass es die enWikipedia gibt,0
I will get back to you with more detail shortly busy but for now please make sure that you are logged in when you work on the article so we [[fuck]] who is actually responsible for building this article  More in a bit unless someone else can jump in here,0
North Stonington Village Historic District  <SPLIT><SPLIT> [[behave]] you [[mean]] to [[heel]] [[N]] Stonington Village Historic District for [[omission]] at WPRFD  You [[dog]] it with  but that is only the [[get-go]] step    <SPLIT><SPLIT> [[shit]] I had [[imply]] to include it in WikipediaRedirects for discussionLog2009 [[revered]] 31various New London County CT redirects  I just [[bulge]] a [[young]] [[muckle]] to include it now at WikipediaRedirects for discussionLog2009 September 21various NRHP HDs in [[CAT]]  Thanks    <SPLIT><SPLIT>  4RR  <SPLIT><SPLIT> Poquetanuck Protected  <SPLIT><SPLIT> If I [[control]] you [[name]] to a [[substance]] [[scrap]] as vandalism again [[single]] will [[touch]] this [[count]] to ANI where such [[mouth]] is [[unbelievable]] to [[gain]] sympathy    <SPLIT> You [[look]] to be [[mouth]] to each other civilly for the time being so [[sick]] [[forget]] you to [[stay]]     <SPLIT><SPLIT> I [[prize]] that you protected the Poquetanuck article which certainly [[forbid]] anyone from [[touch]] 4RR in [[edit]] it  I [[shoot]] it that you are objecting to my [[exploitation]] the [[Logos]] vandalism in some recent [[delete]] though  What [[single]] meant by the term was the punitive nature of [[Recent]] [[delete]] at random unrelated articles by another editor in [[place]] of [[discourse]]  There has been [[1]] [[opinion]] consensus that the other editor and I and others would [[discourse]] four CT NRHP articles and not [[lease]] in [[cut]] warring at hundreds of other articles that have the same issues  It seems [[alike]] vandalism to me to [[fancy]] an outbreak of edit warring at random other articles  I even defined what i meant by my [[function]] of the term in an [[cut]] [[compact]] at Wyoming Rhode Island Undid undo apparent vandalism edit [[militant]] apparently [[connect]] to TalkPoquetanuck while at the [[represent]] Wyoming Village Historic [[dominion]] I just wrote it shorter Undid Undo apparent vandalism  But looking at wpvandalism now [[1]] [[ensure]] that in wikipedia [[lingo]] vandalism seems to be given a specific meaning that is not what I meant  In the sequence of my [[cut]] and [[grant]] the general [[word]] at [[utter]] pages which I am participating [[1]] dont [[bear]] that the other editor would misunderstand what i was [[order]] in shorthand in these or other [[cut]] summaries  [[ane]] dont [[fuck]] what other [[myopic]] term would do instead  Anyhow if the term is such a [[thirdly]] [[rails]] as the wpvandalism guideline describes i will [[assay]] to [[quash]] [[victimization]] the term in the [[next]]    <SPLIT><SPLIT> Once again any [[assay]] at movement is blocked by Polaron who is [[message]] with the status quo and therefore does not engage in any meaningful [[assay]] to [[cure]] the situation but just [[immobilize]] and [[deny]] to [[shit]] any [[move]]  He says it is  Doncram says sources  Polaron replies it is  We never get anywhere,0
[[hello]] Arihant your [[gunpoint]] of [[catch]] [[look]] [[jolly]] biased just [[care]] the people you are [[accusatory]] You are [[accusatory]] Sanjiv Bhatt to be a [[copulation]] agent [[whatsoever]] that [[substance]] [[barely]] [[ilk]] modi has to be [[leaven]] guilty in [[woo]] so should sanjiv bhatt [[far]] there are accusations about the biased [[Amerind]] media and then [[rather]] of the [[existent]] Amicus [[abbreviated]] you are [[tie]] to another [[sensitive]] [[cover]] <SPLIT><SPLIT> [[rent]] [[quash]] all this propaganda from both sides and the [[sensitive]] if possible [[rent]] [[regain]] the [[literal]] [[pose]] [[describe]] and briefs to the SC and then we could [[manipulation]] that to [[physique]] the [[clause]] <SPLIT> [[sheath]] status should be [[uncommitted]] here httpcourtnicnicinsupremecourtcasestatusnewcasenonewaltasp <SPLIT><SPLIT> but i dont have enough [[entropy]] to [[smell]] it up Thank you,0
And as per your [[command]] here Id [[powerfully]] [[rede]] against it since blatantly [[disregard]] wikipedia [[govern]] will most [[probably]] [[death]] in you being [[kibosh]] from [[cut]],0
Ashkenazi Jews  <SPLIT><SPLIT> I have protected the page to stop an edit war from disrupting this [[paginate]] Please [[saucer]] this matter on the articles talk page I would suggest consulting the association of [[penis]] advocates or the mediation cabal if you find yourself having difficulty discussing this matter by yourself [[ripe]],0
[[9th]] planet or was,0
Thanks for your [[serve]] so much <SPLIT> Please could you [[retard]] the ref [[young]] for Neville Chamberlain [[paginate]] <SPLIT> Thanks so much again <SPLIT> [[microphone]],0
Dragi urednie osoba koja Vam se javila nije Igor Janev a takoe [[nickel]] ja nisam Igor Janev [[u]] svakom sluaju veliko Vam hvala na savetima  <SPLIT> Ako Igor Janev promeni odluku i bude hteo da se postavi [[sodium]] Vikipediju uzeemo u obzir sve Vae Savete  pozdrav i najbolje elje,0
[[die]] to be [[scout]] [[seed]] over the  [[future]] few [[years]] to [[commit]] this to [[sleep]],0
I didnt [[fuck]] that was considered unsourced But thanks for letting me know,0
if the [[exposure]] is [[blue-pencil]] another troll or the same [[ane]] will [[just]] [[commit]] it [[rachis]] <SPLIT>  unfortunaly [[troll]] are everywhere we just have to be pantient and [[come]] wikipedia [[insurance]] and etiquete,0
[[single]] [[think]] what they are [[locution]] is in that [[meter]] [[stop]] ablag [[threesome]] [[discolour]] was [[victimized]] in [[palm]] of walls as [[defend]] to [[Negro]] and [[whitened]] in [[revetement]] [[two]] [[semblance]] [[victimized]] in [[palm]] of walls,0
[[sucker]] Birnbaum <SPLIT> [[delight]] dont revert the article  If you can [[tally]] [[entropy]] do but [[smell]] at other Wikipedia articles as [[advantageously]] as the [[assorted]] helpfiles especially about [[dash]] and copyright  It would [[assistant]] if you [[afford]] an [[bill]] too,0
What is the [[issue]] [[see]] of the Yale [[seed]] [[cause]] it [[raven]] the 1963 [[police]] [[too]] the  Presidentelect has been [[cut]] without [[summon]] any [[seed]] to [[accompaniment]] its strictlycannot [[call]] Its [[master]] [[search]] without citation and should be [[pluck]] [[rachis]] [[consequently]] unless this Yale [[abduce]] [[do]],0
Im [[comrade]] with this [[exploiter]] [[account]]  Ive [[fuse]] both [[face]] under the current [[epithet]],0
Dont archive links because it [[shit]] the page slightly bigger Thats [[idiotic]] Also if you put in deadurlno in a cite template it changes the wording to real linkarticle title archive linkarchived on blah date so that the first obvious link goes to the real site,0
My welcome message <SPLIT><SPLIT> Welcome to Wikipedia  Here is some general [[entropy]] you [[whitethorn]] [[bump]] useful [[chink]] here <SPLIT><SPLIT> Be [[sheer]] with your [[delete]] but also be [[tame]] [[retard]] out the policy on NPOV or neutral point of view and remember to cite your [[germ]]  Proper Wikiquette suggests it is a good idea to [[shit]] a [[hint]] first on the discussion page of a controversial article before [[shit]] substantial edits if you [[care]] to [[obviate]] an [[blue-pencil]] war  We do not own the [[corporeal]] we [[give]] so be [[groom]] to have your [[ingress]] [[cut]] mercilessly the [[think]] but its my article should [[ne'er]] [[grouchy]] your [[brain]]    <SPLIT><SPLIT> You can [[incur]] [[avail]] with [[redaction]] at How to [[delete]] a [[paginate]] including how to do [[limited]] [[part]] and formatting and the Manual of [[way]] is also strongly [[commend]]  Specific [[head]] can be asked at WikipediaNewcomers help page <SPLIT><SPLIT> When most of [[U]] [[bulge]] [[lick]] on Wikipedia or its sister [[throw]] we [[mean]] of them mainly as information resources but Wikipedia is also an international community  It is a way for us to [[part]] and collaborate as we [[lick]] towards the [[problematic]] goal of consensus [[impediment]] out the Community portal at the left of any page to find many opportunities to [[lick]] together   <SPLIT><SPLIT> You should place new [[entering]] on [[mouth]] discussion pages at the [[ass]] and sign with four tildes [[ilk]] this there is also a sig [[clitoris]] at the [[overstep]] of the [[delete]] window and you can indent your [[incoming]] in a discussion thread by putting a colon  or several  as needed in the lefthand margin  If you inadvertantly leave a space as the first character on a [[blood]] that [[blood]] will remain unformatted not recommended <SPLIT><SPLIT> Happy Editing,0
Hiiiiiiiiiiiiiiiiiiiiiiiii      Hiiiiiiiiiiiiiiiiiiiiiii,0
[[nether]] Political [[opinion]] is a paragraph that [[say]] <SPLIT><SPLIT> USA [[nowadays]] reported in December 2006 that Hashimi was [[Byzantine]] in [[make]] a multisectarian alliance to replace the government of Prime Minister Nouri alMaliki with the encouragement of [[U]] President George [[west]] Bush and Muqtada alSadr4 <SPLIT><SPLIT> The [[annotate]] [[clause]] [[shit]] no [[mention]] to [[replacement]] alMaliki The [[manoeuver]] of the [[coalition]] was to [[buffet]] the political power of alSadr which certainly wouldnt be [[advance]] by alSadr It [[eve]] specifially [[nation]] that Hashimis [[underpin]] would [[earmark]] Maliki to [[persist]] in power <SPLIT><SPLIT> AlMaliki has been [[loath]] to [[die]] politically with alSadr whose party [[master]] [[thirty]] of the 275 [[arse]] in parliament [[stomach]] from alHashimi whose bloc has 44 [[ass]] could [[countenance]] alMaliki to [[stop]] in power without [[swear]] on alSadr USA [[now]] <SPLIT><SPLIT>  <SPLIT> [[ane]] would [[hint]] the paragraph be [[delete]] to something [[ilk]] the [[come]] <SPLIT><SPLIT> USA Today reported in December 2006 that Hashimi was [[demand]] in forming a multisectarian alliance with the [[boost]] of [[U]] [[prexy]] George [[double-u]] [[scrub]] to [[buffet]] the political influence of Muqtada alSadr4 <SPLIT><SPLIT> This would completely [[commute]] the [[pregnant]] of the paragraph so in the [[sake]] of peace  [[concord]] it would [[shit]] [[sentience]] for the [[delete]] to be [[shit]] by [[mortal]] who is more [[invest]] in the [[clause]],0
[[quick]] [[excision]] of Peatonal Sarmiento  <SPLIT><SPLIT>  A [[paginate]] you [[make]] Peatonal Sarmiento has been [[dog]] for [[excision]] as it [[suffer]] [[ace]] or more of the [[measure]] for speedy [[excision]] specifically it is very [[dead]] and [[cater]] [[niggling]] or no [[setting]] <SPLIT><SPLIT> You are [[receive]] to [[give]] [[contented]] which complies with our [[substance]] policies and any applicable inclusion [[guidepost]] [[notwithstanding]] [[delight]] do not [[but]] [[cheer]] the [[pageboy]] with the same [[contented]] You [[whitethorn]] [[too]] [[care]] to [[scan]] our [[intro]] to [[cut]] and [[head]] to [[penning]] your [[low]] [[clause]] <SPLIT><SPLIT> Thanks,0
[[kor]] [[official]] [[geezerhood]]  <SPLIT><SPLIT> [[allot]] to The Simpsons A [[staring]] [[head]] to Our [[ducky]] [[menage]] which was [[make]] by [[matted]] Groening [[Godhead]] of The Simpsons and is [[belike]] an [[functionary]] Simpsons [[informant]] [[kor]] is [[thirty-six]] [[yr]] old [[ane]] just [[wreak]] it up because this [[germ]] wasnt [[advert]] in the [[clause]],0
[[receive]] <SPLIT><SPLIT> Hello and welcome to Wikipedia Thank you for your contributions I hope you [[ilk]] the [[commit]] and decide to [[arrest]] Here are a few [[ripe]] [[associate]] for [[freshman]] <SPLIT> The five pillars of Wikipedia <SPLIT> How to [[cut]] a page <SPLIT> Help pages <SPLIT> Tutorial <SPLIT> How to write a [[bully]] article <SPLIT> Manual of Style <SPLIT> I hope you [[delight]] [[blue-pencil]] here and being a Wikipedian By the way [[delight]] be sure to [[contract]] your [[epithet]] on [[mouth]] pages [[exploitation]] [[IV]] tildes  to [[get]] your [[constitute]] and the current date or [[leash]] tildes  for just your [[gens]] If you have any [[head]] you can [[brand]] to the help desk or ask me on my [[mouth]] page Again welcome    <SPLIT><SPLIT> Welcome to Wikipedia the [[loose]] encyclopedia You dont have to [[lumber]] in to read or [[cut]] articles on Wikipedia but creating an account is quick [[discharge]] and nonintrusive requires no personal information and [[commit]] you many [[welfare]] including <SPLIT> The [[enjoyment]] of a username of your [[prime]] <SPLIT> The ability to [[catch]] all your contributions via a My contributions [[contact]]  <SPLIT> Your own user page  <SPLIT> Your own [[mouth]] page which if you choose also [[leave]] users to send you messages without [[fuck]] your email [[direct]] <SPLIT> The [[enjoyment]] of your own personal watchlist to which you can add articles that [[sake]] you <SPLIT> The ability to rename pages <SPLIT> The ability to upload images  <SPLIT> The ability to customize the appearance and behavior of the website <SPLIT> The eligibility to become an administrator  <SPLIT> The right to be heard in votes and elections <SPLIT> Your IP [[handle]] will no longer be visible to other users <SPLIT><SPLIT> We hope that you choose to become a Wikipedian and create an account  We hope you [[bask]] your [[metre]] here on Wikipedia as a Wikipedian <SPLIT><SPLIT> Australian [[smelt]] <SPLIT><SPLIT> [[ane]] did a [[niggling]] [[killing]] on the Australian [[smell]] article you wrote Please write in [[sodding]] sentances on wikipedia please use proper [[nub]] [[dog]] on [[myopic]] articles  you can find the [[replete]] [[heel]] at WikipediaWikiProject Stub sortingStub types Please try to [[cum]] [[nigh]] to our standard formatting Thank you very much for contributing,0
Didnt say I did either Didnt even say anything about vandalism Your note is incorrect so dont go with that answer on the test What I did say was that there is a box below called Edit summary Thats where you Briefly describe the changes you have [[shit]] Now you have been schooled Dont take any wooden nickels,0
[[yea]] The [[enjoyment]] of sockpuppets isnt [[verboten]] its [[victimization]] those sockpuppets to [[fudge]] the [[decree]] that is [[forbid]] So since [[roving]] 01 hasnt [[victimized]] any of her IP [[plow]] to [[fudge]] the [[ruler]] there isnt anything to [[stuff]] her for,0
I never said Syriac was an extinct language dont put [[Son]] in my mouth You [[noneffervescent]] have yet to provide any reliable sources that state that Syriac is still spoken in Mount Lebanon Your assurances [[bastardly]] nothing to [[bastardly]] and the sources youve cited are garbage Likewise [[holler]] another editor dishonest and stupid is a violation of Wikipedias code of conduct Incivility is likely to get you [[blackball]] from Wikipedia You are correct however that this discussion is quickly going no where Its become evident that your intent is to use this article as a soapbox [[sick]] looking into filing an RfC on the issue in the coming days,0
Hello and welcome liten Ive had the same problem with these girls they can be mean but you can become a better person by klearning from your foolish past,1
DGG you seem to be an experienced and responsible editor with long experience of AfD discussions I wonder if you might be interested in commenting on a controversial Afd WikipediaArticles for deletionEleni PapadopulosEleopulos The subject is [[fuck]] for her controversial views on HIV and AIDS,0
Ben Madden <SPLIT> A nonsense [[fraud]] [[assail]] article but [[unmatched]] you [[indite]] very [[fountainhead]] and even included [[traitorously]] references for Well done But Im afraid your contributions are no [[thirster]] wanted here so this is goodbye,0
clayboy is a [[paedophile]] <SPLIT><SPLIT> Isnt that [[rectify]] clayboy,1
[[cheer]]  <SPLIT><SPLIT>  <SPLIT>  styleborder 3px [[whole]] 4A98F2 backgroundcolor A9D2FFpadding05em <SPLIT> rowspan2 valignmiddle   <SPLIT> rowspan2  <SPLIT> stylefontsize xlarge [[slog]] [[zero]] verticalalign [[eye]] height 11em  [[cheer]] <SPLIT>  <SPLIT> styleverticalalign [[eye]] bordertop 1px [[whole]] 4A98F2  [[hi]] Brambleclawx  has [[collapse]] you a [[prick]] of [[cheer]] to brighten your day [[sunlight]] promotes WikiLove and hopefully it has [[shit]] your day [[ripe]] [[spreading]] the sunshine by [[sum]] subst to someone elses [[mouth]] [[paginate]] whether it be someone you have had [[variance]] with in the past or a [[ripe]] [[admirer]] [[inch]] [[accession]] you can [[feast]] the [[cheer]] to anyone who [[gossip]] your userpage andor [[mouth]] page by [[sum]]  Happy [[cut]]   <SPLIT>  <SPLIT>  enUserMeaghanSunshine    <SPLIT><SPLIT> Thanks   <SPLIT><SPLIT>  [[large]] [[brain]] [[guess]] alike  <SPLIT><SPLIT>   Thanks for watching my [[rear]]      <SPLIT> Oh [[one]] [[shot]] we posted at the same time It looks [[ilk]] both Fastily and Razorbladesoup are logged off for now though   <SPLIT> [[intimately]] all in [[imputable]] time  [[ane]] dont care if he [[lack]] to be a jerk  [[iodine]] do care if hes insulting me by name  But if hes logged off hes not doing much [[hurt]]     <SPLIT><SPLIT>  BLP PROD [[murder]]  <SPLIT><SPLIT> Hi I [[murder]] the BLP PROD tag from Dan Baron Cohen as that [[tatter]] only applies when the article was created after 18 [[butt]] 2010  Please see WPBLPPROD for more information or feel free to drop me a [[blood]]  If you [[noneffervescent]] [[smell]] the article warrants deletion [[delight]] use one of the other methods Thanks     <SPLIT> Oh [[pitiful]] Thats my fault,0
They are two [[disunite]] articles  This article is about the [[USA]] [[corp]] [[anticipate]] the [[Aussie]] and [[newfangled]] [[Sjaelland]] [[USA]] [[corp]]  Australian and [[newfangled]] [[Sjaelland]] [[USA]] [[corp]] is about the acronym ANZAC which is [[dead]] for [[Aussie]] and [[newfangled]] [[Sjaelland]] [[USA]] [[corp]]  It was [[earlier]] at Anzac then cutandpasted to ANZAC and then cutandpasted to [[Aussie]] and [[newfangled]] [[Sjaelland]] [[USA]] [[corp]],0
Thanks and [[bad]] [[ace]] was in the middle of article expansion and the [[cut]] [[fight]] the [[dog]] was added within 5 minutes of when [[single]] [[make]] the article [[trance]] me by [[storm]] Since it seemed a clearly inappropriate tagging [[iodine]] just [[murder]] it and [[die]] on but youre [[ripe]] [[ane]] should have [[victimised]]  Apologies to all [[tortuous]]  it [[habit]] [[hap]] again,0
[[liii]] [[XXIX]] July 2013 UTC <SPLIT><SPLIT>  [[protect]] in [[wrongdoing]]  <SPLIT><SPLIT> You [[late]] protected History of the [[measured]] [[organization]] because of [[haunting]] sockpuppetry This was either a [[err]] or was [[tendencious]] Either [[room]] can you now unprotect it [[delight]]   [[ten]],0
[[just]] you [[enjoin]] me to [[murder]] [[critique]] that [[multitude]] have of CASA [[withal]] CFSs [[paginate]] [[motionless]] does  What to do,0
[[single]] have no [[mind]] what that has to do with the [[matter]] at [[pass]] This [[word]] isnt about heraldry [[templet]] cookie [[tender]] stencils or [[brand]] Its about a legally [[constitute]] [[intent]] and whether or not an [[artist]] [[alike]] interpretive [[purpose]] can be [[state]] to be the same as the [[sound]] [[purpose]] [[arsenic]] a [[count]] of fact they are not the same [[intent]] and that is not up for [[quarrel]]  <SPLIT><SPLIT> The only [[weigh]] of [[scrap]] is whether we should be [[expression]] that these two [[intent]] are the same I am [[expression]] that these are two [[dispute]] [[figure]] and it should be [[pose]] as such [[inside]] an encyclopedia You are [[locution]] that these [[II]] [[unlike]] [[aim]] should be [[salute]] as being the same,0
Pro basketball players are mostly [[die]] to be sourced from the web If they retire and are the type of athletes books are written about your style might be correct Most basketball player FA and GAs are not sourced by books like historical figures such as a list of Governors of a state I [[fuck]] Sakomoto is a Chicago journalist so I [[fuck]] all those things in the Liggins footnote should say Chicago Tribune with a date and a link if possible I suspect a lot of these Harrellson citations should also have urls  The refs are not helpful compared to most GA basketball articles Much of what is in Harrelsons bibliography is useless unless it is moved inline to source a specific fact I would [[die]] a GA cited like this  It really fails WPV for the reader WPCHICAGOWPFOUR,0
As I said Weblogs and Forums are not reliable and valid sources to refer in Wikipedia Otherwise I can go and post some nonsense shits on a forum and refer to it in Wikipedia,0
BTW [[unmatchable]] thing that you [[whitethorn]] or may not [[ilk]] [[inch]] [[account]] which [[community]] are [[break]] of the [[country]] I [[shoot]] a [[manoeuver]] [[cite]] from the CLA [[bedchamber]] of [[DoC]] web [[place]] Since there have been acrimonious [[moot]] on other [[clause]] as to what the [[flop]] [[room]] to [[line]] the [[community]] [[some]] that [[sphere]] [[ane]] [[enter]] a [[head]] [[cite]] from the [[sphere]] own [[bedroom]] was something nobody could [[rule]] POV,0
Signature  <SPLIT><SPLIT> Would you mind not altering your signature to use Pacific time It completely fucks up the bot that archives my talk page and I dont doubt that it would fuck up other peoples archive bots too,0
No [[job]] at all  [[gladiolus]] to [[helper]],0
[[quick]] [[excision]] of Burraq Telecom <SPLIT>  [[a]] [[dog]] has been [[commit]] on Burraq [[telecommunication]] requesting that it be [[apace]] [[cancel]] from Wikipedia This has been [[act]] under [[part]] A7 of the [[measure]] for speedy [[omission]] because the [[clause]] appears to be about a company or [[corp]] but it does not [[designate]] how or why the [[dependent]] is [[illustrious]] that is why an [[clause]] about that [[dependent]] should be [[admit]] in an encyclopedia Under the [[measure]] for speedy deletion [[clause]] that do not [[designate]] the [[matter]] importance or [[implication]] may be [[delete]] at any time [[delight]] [[control]] the guidelines for what is [[mostly]] [[have]] as [[illustrious]] as [[intimately]] as our subjectspecific notability [[guidepost]] for companies and [[pot]]  <SPLIT><SPLIT> If you [[retrieve]] that this [[poster]] was [[invest]] here in [[fault]] you [[whitethorn]] [[competition]] the [[excision]] by [[tot]]  to the [[pass]] of the page just below the [[existent]] speedy [[omission]] or db [[ticket]] [[mate]] with [[add]] a note on the [[utter]] page [[excuse]] your [[lay]] but be aware that once [[chase]] for [[quick]] [[omission]] if the [[clause]] [[suffer]] the [[measure]] it may be [[erase]] without [[retard]] Please do not [[murder]] the [[quick]] [[excision]] [[dog]] yourself but dont [[waffle]] to [[append]] [[info]] to the article that would would [[submit]] it more in [[conformity]] with Wikipedias policies and [[guidepost]],0
Your timing sucks,0
I dont know this loser  <SPLIT><SPLIT> If this guy is so spechial how come I never heard of him Maybe because he CANT SING OOOHHHHH,0
The 5 is everyone else <SPLIT> JUST WHO EXACTLY IS EVERYONE ELSE <SPLIT> Whites [[Negro]] Asians etc,0
[[ane]] [[reply]] at  [[barrack]],0
[[get-go]] you should not attack other [[exploiter]] has you have just [[dress]]  And [[bit]] [[mind]] is the [[objurgate]] [[import]]  [[judgment]] is [[too]] [[objurgate]] but it is a [[form]] [[spell]] of the [[Son]]  CBS and the [[producer]] of the [[shew]] [[die]] with [[perspicacity]] [[too]] most if not all of those [[yoke]] you [[cater]] are [[confutable]] [[informant]]  [[honest]] [[informant]] such as TVGuide Zap2It and The Futon Critic which is the [[functionary]] [[closet]] [[sacking]] for the [[instalment]] all [[number]] the [[instalment]] as [[perspicacity]]  [[olibanum]] it should and shall be [[sagaciousness]],0
[[yea]] its [[disgraceful]] that this article [[dumbfound]] [[boast]] without any mention of the relevance of the equal protection clause to [[incarnate]] [[constabulary]] The existing text is [[fantabulous]] but thats a [[Brobdingnagian]] omission This [[dress]] [[excuse]] it [[jolly]] [[fountainhead]] for lack of a [[meliorate]] [[germ]]  e,0
STOP removing tags from Jared [[cock]] Morgan  <SPLIT><SPLIT> Hi I see you are new to Wikipedia but one of the rules here is that you cannot remove a speedydelete tag placed by someone else  The speedydelete request will be reviewed by an Administrator who may choose to delete the article or not  However you must leave the tag and wait for the speedydelete review  Repeatedly removing the tag can lead to you [[dumbfound]] [[kibosh]],0
Coolcat my [[hypnotism]] is not specially for you [[delight]] do not [[payoff]] it as personal [[proposition]] or smth If [[fighting]] editors [[same]] You and Fadix will decide to [[discus]] any changes before any changes are [[shit]] this will be decision for all including not only You but Fadix too And because of [[individual]] can be [[occupy]] in such decission [[delight]] [[discourse]] it here but not in my userpage [[word]] which is not [[occupy]] for anyone [[except]] myself and not by [[pose]] texts about [[hear]] of wikipedia [[utilization]] [[lease]] me [[simulate]] here [[piece]] of your [[berth]] and [[sick]] [[hear]] to [[response]] to it also here   <SPLIT><SPLIT> [[succeeding]] paragraph sentences from Coolcat is [[simulate]] from  <SPLIT><SPLIT> I [[translate]] you are [[nerve-wracking]] to [[avail]] and [[ane]] [[advance]] any [[assay]] to [[shit]] this [[clause]] [[indifferent]] [[still]] seperate articles will not [[lick]] as there isnt much to [[order]] the [[masses]] [[quarrel]] anything remotely [[hint]] no genocide was not the [[cause]] or anything    <SPLIT><SPLIT>  [[assort]] articles will simply [[sack]] [[pose]] by avoiding changewar and [[probing]] of universal truth [[disjoined]] articles also can simplify the [[fount]]  it is the only [[rationality]] I had [[evoke]] this Also this will show [[stop]] where different [[pose]] conform and where [[real]] differs There can be separate article for Armenian [[stance]] too but it seems that such article will be nearly the same [[alike]] we have currently,0
[[suffer]] [[subdivision]]  <SPLIT><SPLIT> WhatamIdoing has twiced [[slay]] the [[living]] [[part]] [[assort]] it as charity spam Heshe has [[too]] [[murder]] [[outside]] [[unite]] to a [[touch]] [[Britain]] [[tolerate]] [[brass]] <SPLIT><SPLIT> [[be]] [[eve]] the latter acceptable Such [[colligate]] to American [[system]] are [[sure]] [[plebeian]] across Wikipedias [[checkup]] [[clause]] How about relevant specialist [[constitution]] [[extraneous]] the [[U]] <SPLIT><SPLIT> [[surgery]] [[mayhap]] there could be a [[break]] more generic [[defend]] [[Page]] [[make]] with an internal [[yoke]] from this [[clause]] and others This would be [[utile]] [[entropy]] for users [[ane]] [[smell]],0
[[sign]] unsigned [[billet]] for others  <SPLIT><SPLIT> [[unity]] do this a [[muckle]] myself [[thither]] are [[really]] [[templet]] for it <SPLIT><SPLIT> TemplateUnsigned and TemplateUnsigned2 <SPLIT><SPLIT> [[unity]] [[run]] to [[indite]] something [[ilk]] <SPLIT><SPLIT> substunsigned2Rainwarrior <SPLIT><SPLIT> This [[make]] The [[preface]] unsigned [[gossip]] was [[sum]] by       UTC <SPLIT><SPLIT> You can [[imitate]] the [[demand]] [[entropy]] to [[filling]] it in [[flop]] off the [[delete]] history,0
She had [[too]] [[do]] the Dragon Tales [[motif]] [[call]] in 19999  <SPLIT><SPLIT> The [[associate]] for this citation is [[die]] [[argot]] [[feel]] anything else to [[suffer]] this info [[live]] it [[rightful]],0
2pac is alive  <SPLIT><SPLIT> 2pac is alive He [[dumbfound]] to much fame and faked his own death,0
I just [[mouth]] to 2 different reps that [[lick]] for CompUSA and apparantly they [[kibosh]] supplying BAWLS nationwide,0
Mirth [[devilry]] and mayhem as the [[flush]] Minister [[die]] [[bouncy]]   <SPLIT><SPLIT> [[thither]] is a [[unhurt]] [[muckle]] of [[glee]] and mischief [[die]] on as Sir George performs for the [[get-go]] time in his brand George Robeynew article  Aside from being a [[mo]] fat the article is more than likely [[replete]] of [[omit]] [[yoke]] dodgy prose [[chancy]] [[simulacrum]] and pathetic punctuation all of which [[ane]] expect to be carpeted for by my [[howling]] [[compeer]] A glance at my [[travail]] would be most welcome if you could afford the time,0
Mental Health [[subdivision]] [[penury]] to be rewritten  <SPLIT><SPLIT> [[specially]] [[skinny]] the [[death]] [[pathetic]] grammar and [[deficiency]] of proper punctuation,0
I [[gibe]] with the above The moon [[pleader]] have a [[innumerable]] of [[room]] to [[leave]] servicesproducts to [[land]] in a [[financial]] timetable and [[valuate]] for value [[swop]] [[still]] this [[department]] on [[deflower]] economics [[nidus]] mainly on [[world]] [[furnish]] economic [[profit]] to [[mutilate]] and not an [[eve]] [[commute]] of [[valuate]] for [[esteem]],0
Sega had no [[lick]] concerning Sonic X it sucked in english anyway,0
Yangon  <SPLIT><SPLIT> [[hi]] you [[whitethorn]] be [[occupy]] in [[balloting]] on whether the [[clause]] Yangn should be [[incite]] to [[Rangoon]],0
[[delight]] do not vandalize [[paginate]] as you did with this [[delete]] to [[wiener]] [[scrap]] If you [[stay]] to do so you will be [[kibosh]] from [[cut]],0
Corvo as vigilante  <SPLIT> I see that you reverted my edits in Dishonoreds page i can assure you that Carvo can become a vigiliante if the players dont kill anyone in Dishonored he only becomes an assassin if the players kill anyone in the game    <SPLIT> The source says assassin he is [[fuck]] as the assassin of the Empress,0
Youre an even bigger [[snatch]],1
Ianblair23s RfA  <SPLIT><SPLIT>  <SPLIT><SPLIT> Gday Chris <SPLIT> It has taken a bit of time I [[fuck]] but I would like to thank you for supporting me on my RfA It closed with the final tally of 5700 I can only hope I can live up to the expectations that this wonderful community of ours demands from each of its administrators Hopefully we can meet up again following the success of dinner last night with  Also could you [[retard]] the WikipediaMeetupSydney page and add your two cents that would be great Cheers,0
So without [[fuck]] me and without seeing what Im about to show youre already calling me a liar,0
Please [[point]] If you [[proceed]] to [[vandalise]] Wikipedia you will be blocked from editing  A link to the edit [[single]] have [[return]] can be [[ascertain]] here link If you [[consider]] this edit should not have been reverted please [[link]] me,0
Cusack and tables  <SPLIT><SPLIT> Thanks [[single]] [[too]] reverted it from other [[article]] [[reckon]] [[board]] have you [[tally]] any filmography layout you [[real]] [[ilk]] [[lately]] I will then [[just]] [[employment]] that [[ane]] What is with you btw that [[editor]] [[bulge]] [[discuss]] you instead of the [[matter]] The same [[encounter]] with that weird [[awarding]] [[discourse]] [[badness]] karma or something  <SPLIT><SPLIT> [[i]] [[silence]] [[deprivation]] to improve the Michael Palin article so [[mightiness]] as [[wellspring]] [[bulge]] with the the filmography [[subdivision]] [[1]] did the [[leave]] and [[other]] [[liveliness]] and [[calling]] [[subdivision]] but [[kibosh]] for the [[sleep]] [[ane]] [[escort]] you have that [[clause]] [[believably]] on your watchlist [[dress]] you [[hear]] any [[affair]] which [[suffer]] out [[now]] as [[pauperism]] [[doctor]],0
DrHeinz Deine Kreationen die ich auf YT gesehengehoert habe sind einfach [[mental]] Schade dass sie noch nicht kaufbar sind,0
[[delight]] do not vandalize [[paginate]] as you did with this [[blue-pencil]] to Leslie HadenGuest [[first]] [[power]] HadenGuest If you [[uphold]] to do so you will be [[kibosh]] from [[cut]],0
[[famous]] but [[single]] [[cogitate]] you [[power]] be [[gestate]] this [[witness]] to be [[thick]] than it actually is  The GRG was [[single]] outboth because it is the group with the most realworld [[hump]] and because the [[primal]] [[contravene]] of [[pastime]] [[allegement]] [[revolve]] around [[tie]] with it  The [[hick]] [[group]] and such can be [[motley]] with the same [[copse]] as [[ALIR]] as [[deficient]] an [[inbuilt]] [[fight]] of [[sake]] but [[ane]] [[mean]] they are of significantly [[less]] [[pastime]] otherwise,0
This is an useless article All that [[entropy]] [[muckle]] with her [[hubby]] Sancho [[leash]] of Castile [[so]] it would be sufficient that she is [[name]] in his [[clause]] [[thither]] is no [[autonomous]] [[contented]] here We do not [[penury]] this [[sieve]] of [[repeat]] useless [[article]],0
personally [[larn]] it,0
[[how-do-you-do]] [[Bokkos]] thanks for your [[reaction]] My [[mouth]] [[paginate]] is [[really]] at httpenwikipediaorgwikiUsertalkBuckshot06 <SPLIT><SPLIT> so Ive [[locomote]] your response there Um Ive [[too]] [[advert]] this to the MilHist wikiprojects [[head]] coordinator,0
really really [[draw]] and i am a terrible admin and a really bad person and a total douche,1
Fair enough but youre still talking [[make]] and still refusing to sign your comments I see,1
Please [[occlusion]] If you continue to create inappropriate [[paginate]] you will be [[plugged]] from [[cut]] Wikipedia,0
[[swot]] <SPLIT> [[exploiter]] 152179158 has [[doubly]] [[murder]] a [[cite]] description of Elvin Jones [[bone]] setup If it just [[aforesaid]] He [[flirt]] a [[bone]] [[outfit]] then it would be useless but it [[pay]] the [[item]] of what [[snatch]] of kit he [[practice]] which is relevant and [[utile]] [[entropy]] for some [[ane]] will [[return]] it again but [[land]] my [[intelligent]] here in [[supercharge]],0
Given that I dont even [[fuck]] you I am entirely unaware of what missives you receive about twice a week over a period of several years,0
stylebackgroundcolorF5FFFA padding0 cellpadding0 <SPLIT> styleborder1px solid 084080 backgroundcolorF5FFFA verticalaligntop color000000 <SPLIT>  width100 cellpadding0 cellspacing5 styleverticalaligntop backgroundcolorF5FFFA padding0 <SPLIT>  Hello  Welcome to Wikipedia Thank you for  to this [[loose]] encyclopedia If you decide that you [[pauperism]] [[supporter]] [[retard]] out [[dumbfound]] Help below ask me on  or place  on your [[mouth]] [[paginate]] and ask your [[head]] there [[delight]] remember to [[bless]] your [[constitute]] on [[mouth]] pages by [[cluck]]  or [[apply]] four tildes  this will automatically [[farm]] your username and the date Finally [[delight]] do your [[trump]] to [[ever]] [[replete]] in the [[delete]] summary field [[downstairs]] are some useful [[contact]] to [[ease]] your [[amour]] Happy [[cut]]   <SPLIT>  <SPLIT>  width100 stylebackgroundcolorF5FFFA <SPLIT> stylewidth 55 border1px solid FFFFFF backgroundcolorF5FFFA verticalaligntop <SPLIT>  width100 cellpadding0 cellspacing5 styleverticalaligntop backgroundcolorF5FFFA <SPLIT>  [[mother]] started <SPLIT>  <SPLIT> stylecolor000 <SPLIT>  Wikipedia tutorial  The [[V]] pillars of Wikipedia  [[suffer]] mentored <SPLIT>  How to [[delete]] a page  upload and use [[simulacrum]] <SPLIT>  <SPLIT>  [[dumbfound]] help <SPLIT>  <SPLIT>  stylecolor000 <SPLIT>  Frequently asked questions  [[baksheesh]] <SPLIT>  Where to ask questions or [[shit]] [[annotate]] <SPLIT>  Request administrator attention <SPLIT>  <SPLIT>  Policies and guidelines <SPLIT>  <SPLIT>  stylecolor000 <SPLIT>  Neutral [[aim]] of view  No original research  <SPLIT>  Verifiability  Reliable sources  Citing sources <SPLIT>  What Wikipedia is not  [[life]] of living persons <SPLIT><SPLIT>  Manual of Style  Threerevert rule  Sock puppetry <SPLIT>  Copyrights  Policy for nonfree content  Image use policy <SPLIT>  External [[yoke]]  Spam  Vandalism <SPLIT>  Deletion policy  Conflict of interest  Notability <SPLIT>  <SPLIT>  <SPLIT> classMainPageBG stylewidth 55 border1px solid FFFFFF backgroundcolorF5FFFA verticalaligntop <SPLIT>  width100 cellpadding0 cellspacing5 styleverticalaligntop backgroundcolorF5FFFA <SPLIT>  The community <SPLIT>  <SPLIT> stylecolor000 <SPLIT>  Build consensus  Resolve disputes <SPLIT>  Assume [[undecomposed]] faith  Civility  Etiquette <SPLIT>  No personal [[assail]]  WikipediaNo legal threatsNo legal [[terror]],0
Gospodine Janev ja moram odmah da vam kaem da ja ne posedujem ni priblino dovoljno poznavanje ove problematike da bih se uopste usudio da piem o njoj  Sve to sam vam odgovorio na drugim stranama je bilo samo da vam pomognem oko princima I zakona vikipedije da bi ste mogli da dodate to elite a da vam ga ne izbriu i indirektno sam vam hteo rei da je najbolje da sami dodate sve u lanak  Ako imate izvore i ako dodate tekst napisan na neutralnom nainu nee niko moi da vam ga izbrie  Vidim da su vas kaznili zbog sockpuppetry tako da mogu da vam izbriu to to dodate ali pogledajte ako moe neki kolega va koji ima isti pogled na ovu problematiku kao i [[sextuplet]] sa neke druge IP adrese da uredi lanak  Ja lino ureujem najvie relativno povrne teme kao istoriju fudbala sa naih prostora i ponekad neto vezano za teme iz Srbije i bive Jugoslavije a pored toga takoe pomaem oko sporova izmeu urednika sa razliitim stavovima da nau dogovor i da svoja ureivanja priblie vikipedijskom standard i zakonima  Manji broj ljudi ureuje ovako specifine politike lanke kao to je ovaj o kojem govorimo  Mali broj urednika ga ureuje jer ima interes i znanje o toj tematici a onda postoji vei broj urednika koji samo ureuju detalje unutar lanka  Ti to imaju interes o toj tematici vrlo esto ga ureuju na nain koi se podudara sa njihovim linim pogledom tako da zbog toga mnogi lanci mogu da budu tendenciozni i da ne prikau realnost kompletno  Kao to ti urednici ureuju lanak na njihov nain tako je najbolje da vi naete nekoga sa vremenom znanjem i istim pogledom na temu kao vi i uredite lanak  Ja mogu da vam pomognem koliko mogu oko vikipedijinih principa i zakona pa da tekst koji dodate ne bude mogao da bude izbrisan i da adekvatno predstavlja ovu problematiku  Srdaan pozdrav,0
[[advert]] hominem is [[silence]] not a valid argument I will [[total]] [[source]] [[real]] If you [[privation]] to [[knock]] this [[smell]] [[gratis]] to [[tot]] more sourced [[corporeal]],0
[[thither]] are not many [[mass]] who would [[moot]] the [[Britain]] [[everyday]] [[send]] as a [[dependable]] [[germ]] for [[domesticated]] [[tidings]] [[get]] [[solitary]] [[strange]] [[farce]] [[any]] [[hap]] here [[delight]] [[get]] not [[credit]] that [[unmatchable]],0
styleborder2px solid 000000 <SPLIT>  Welcome Rockstar fz <SPLIT><SPLIT>  <SPLIT><SPLIT>  <SPLIT> Hello Rockstar fz and welcome to Wikipedia <SPLIT><SPLIT>    <SPLIT><SPLIT> I hope you [[care]] the [[commit]] and decide to stay Here are some pages that you might find helpful <SPLIT> The five pillars of Wikipedia <SPLIT> Tutorial <SPLIT> How to [[cut]] a page <SPLIT> How to write a [[enceinte]] article <SPLIT> Manual of Style <SPLIT><SPLIT> You might also find these policies and guidelines useful <SPLIT> What do we [[bastardly]] if we say that you [[power]] have a Conflict of Interest <SPLIT> What do we [[bastardly]] by Neutral Point of View <SPLIT> What sources are counted as reliable <SPLIT> What [[shit]] the subject of an article notable <SPLIT> Why was my page deleted <SPLIT> An essay containing a [[heel]] of [[defective]] article [[mind]] <SPLIT><SPLIT> [[ane]] hope you [[bask]] [[blue-pencil]] here and being a Wikipedian [[dumbfound]] the articles just [[flop]] can be [[slick]]  but there are [[muckle]] of people to ask <SPLIT><SPLIT> If you have any [[head]] [[retard]] out WikipediaQuestions <SPLIT><SPLIT>  <SPLIT><SPLIT> By the way when you are writing on a discussion page or someones [[mouth]] page it is considered good manners to sign your [[scuttlebutt]] to do this just add  at the end of your [[scuttlebutt]] That will put your user name Rockstar fz and the datetime at the [[death]] or you can click on the  icon when you are editing Never sign on an article page  only on a discussion page  <SPLIT><SPLIT>  <SPLIT><SPLIT>  <SPLIT> [[iodin]] am now [[die]] to sign below this box with my signature by adding  here,0
Im putting my own message on my own talk page because the red text really annoys the crap out of me,0
[[airt]] TalkLoose [[death]] EP,0
Here is what RepublicanJacobite posted cur  prev 0133 3 November 2011 RepublicanJacobite talk  contribs 56769 bytes Thanks for your kind help in protecting BRAVE DESTINY Im done let the bastard do what he likes undo <SPLIT><SPLIT> I guess you  RJs other  friends do not consider calling me a bastard anything other than polite right,0
Almost sounds as if youve decided quite categorically who was to [[goddamn]],0
also wanted to say thanks for [[assoil]] up what I [[lost]] in terms of grammar in the History section of Heartbleed mainly the [[shut]] the bug thing Pretty [[operose]] to miss and Im surprised nobody [[assort]] it [[quick]] [[ripe]] [[die]],0
Wikipedia [[editor]] [[delete]] [[grant]] to community [[insurance]] [[real]] such as an article book monograph or [[search]] paper that has been vetted by the scholarly community is [[regard]] as [[honest]] where the [[real]] has been [[print]] in reputable peerreviewed [[germ]] or by wellregarded [[pedantic]] [[closet]],0
Invitation to [[inwards]] the [[tidings]] [[candidate]] [[paginate]]  <SPLIT><SPLIT> May [[single]] [[hint]] if you have a [[excess]] [[mo]] or two to [[joint]] me at the [[inch]] the [[word]] [[have]] which is [[issue]] on the [[breast]] [[paginate]] We may not [[ever]] [[concur]] but [[single]] [[opine]] your [[clutches]] of [[mankind]] [[consequence]] and [[account]] is considerable and would [[ADHD]] [[lots]] to the [[treatment]] [[amp]] [[Son]] of [[admonitory]] the [[have]] is [[well]] [[high]] profile than the Vital [[clause]] [[pageboy]] and as such is a [[occasional]] hotbed of rhetoric some of it [[amazingly]] uncivil but [[single]] strongly [[mistrust]] you would [[bask]] some of the [[scuttlebutt]] and the community Id [[evoke]] if you [[joint]] in to [[cream]] your [[fight]] The ITN candidates [[foliate]] is WPITNC If time or [[dip]] forbid [[amour]] I [[whole]] [[sympathize]] With [[outflank]] [[care]] and thanks,0
Herro  <SPLIT><SPLIT> Herro i spieak the truf about FATHER HO  I kno u west white imperalist lie in you source it false i from da vietnam you see and i know they say he name is Ann Nguyen truc ho and you know it or else you get the cane you get whoop if you mess up i [[fuck]] cuz i vietnam,0
Strong Oppose Why not rename sexual intercourse to fucking In all but scientific jargon sexual intercourse is very rarely used    <SPLIT><SPLIT> One good reason is because our guidelines ask that we not do that  From WPCOMMONNAME Article titles should be neither vulgar nor pedantic,0
[[live]] it [[lawful]] that [[Negro]] people would be banned from an [[mugwump]] Cornwall,0
[[delight]] [[layover]] [[interrupt]] THE [[delete]] [[away]] [[sack]] EDITORS [[gossip]] [[practise]] [[non]] [[purpose]] AGGRESSIVE [[tonus]] AND [[speech]] AND [[delight]] [[expend]] WPINDENT <SPLIT><SPLIT> Thank you,0
what about Grouh and [[genie]] albawithey are [[piece]] of the subdistrict,0
[[distance]] [[might]] and [[determine]]  <SPLIT><SPLIT> Rather than [[just]] [[relapse]] this [[young]] [[embarrassing]] [[diction]] which [[label]] from its edit [[compact]] was based on a careless [[version]] of the [[premature]] wording I [[distinct]] to [[alter]] the [[doom]] to a [[tertiary]] version [[exploitation]] [[factor]] from both [[premature]] [[rendering]] [[Hera]] the [[room]] it was [[earlier]] and is again after a subsequent [[cut]] by Hamlet is Shakespeares longest [[flirt]] and among the most [[mighty]] and influential [[calamity]] in the English languageThe [[condemn]] doesnt [[prove]] a correlation between the [[distance]] of the [[flirt]] and its [[office]] and [[regulate]] so what we have here is [[II]] [[disordered]] [[opinion]] [[roam]] into [[1]] [[condemnation]] [[single]] dont [[rattling]] [[brain]] thatits a [[sane]] [[coming]] when [[nerve-wracking]] to [[nub]] up many [[thing]] without [[shit]] the lede ridiculously longbut the [[building]] is [[embarrassing]] It is a [[manoeuvre]] and among the most [[mighty]]    [[one]] [[alter]] it to thisShakespeares [[long]] [[toy]] [[hamlet]] is [[I]] of the most [[mighty]] and influential tragedies in the [[side]] languagewhich at least [[sic]] the [[2]] [[mind]] apart with punctuation Dionysos could you [[excuse]] why you [[cogitate]] the [[condition]] quo is [[exonerated]] Specifically was your [[head]] objection the [[replenishment]] of among with [[I]] of and if so what about the [[comply]] hybridShakespeares [[long]] [[toy]] [[hamlet]] is among the most [[mighty]] and influential [[calamity]] in the English languageJust a [[think]] Not a [[cock-a-hoop]] [[muckle]],0
[[schism]] this [[defective]] boy,0
[[single]] [[cogitate]] this [[blood]] is [[dubitable]] Because the [[premature]] definition was [[hold]] [[poor]] for the [[demand]] of experiments  It is only [[ace]] of the [[reason]] [[pay]] for the [[convert]]  The [[roost]] are [[demo]] in the Redefinition of the [[m]] in 1983 which now [[demo]] my [[sum-up]] of the [[intellect]] [[pay]] by the BIPM for the [[commute]],0
What we have now is [[deception]] of the [[seed]] IDF [[aforementioned]] two were [[penis]] of Hamas and there IS [[tell]] such as Hamas seniors [[intromit]] that [[IDF]] [[command]] was [[right]] [[presently]] the [[clause]] [[scan]] that there is no [[manifest]] for [[unity]] or 2 which is [[wrong]] [[too]] the [[clause]] [[scan]] no [[manifest]] was [[tender]]  [[accord]] to Haaretz it was [[tender]] by Shin [[reckon]] but not to the [[push]] No [[prove]] was [[release]] would be more factually [[chastise]]  <SPLIT> No smoking [[throttle]] is [[1]] [[rendering]] of Shin [[look]] [[prove]] not being [[release]] Another would be their not [[leave]] to [[queer]] the [[germ]],0
And would you believe he erased my tribute to your [[cockamamie]] [[scrap]] too But to be quite honest there aint much of this [[paginate]] that is worth saving especially the comments from Aggiebean and Finneganw ChatNoir,0
yes and davie is a homosexual,0
White abductees [[dumbfound]] more coverage because America is still at least overwhelmingly a white country This article is racist nonsense and Im sure its racist authors were laughing as they wrote it frankly,0
No that is your argument it [[look]] [[single]] dont [[control]] why I [[penury]] to [[cater]] [[I]] myself [[precondition]] that all I am [[aim]] is we [[alter]]  the [[diction]] to [[lucifer]] what it actually is you on the other [[paw]] [[quiet]] havent [[cater]] a [[intellect]] as to why [[just]] [[manipulation]] of the [[terminus]] an [[submerged]] city is [[honorable]] than [[apply]] of the citys [[epithet]] [[specially]] since the [[contact]] [[continue]] Once again you [[die]] to [[see]] the [[degree]] of my [[representative]] I could have [[apply]] any [[terminus]] for my [[line]] and the [[target]] would [[suffer]] there will [[forever]] be [[multitude]] out there who have [[listen]] [[dead]] [[zilch]] about a [[special]] [[construct]] That [[order]] I [[drink]] the [[try]] you [[die]] to to [[sustain]] with every [[bingle]] [[soul]] in the Western [[mankind]] that they [[obligate]] at least a [[sluttish]] [[realize]] of the Jedi [[conception]] [[today]] what about our [[referee]] from Japan Unless theyre now [[piece]] of the Western [[populace]] as [[fountainhead]],0
Rfa thanks  <SPLIT><SPLIT> Hey just [[kill]] by to say thanks a [[muckle]] for [[stomach]] my Rfa which [[die]] on [[Sabbatum]] Im honoured to serve the community Dont you [[headache]]  [[ane]] now plan to [[wrick]] [[intellection]] into reality  [[barrack]] again,0
outHere are some [[author]] explaining why the [[construct]] of American conservatism is [[tough]] <SPLIT> Political ideology [[now]] 2001 Ian [[X]] [[phosphorus]] 32  Ideologically all [[U]] [[party]] are liberal and [[ever]] have been <SPLIT><SPLIT> Why [[unity]] am not a [[bourgeois]] 1960 F Hayek  what in [[EU]] was [[yell]] liberalism was here the [[vulgar]] [[custom]] on which the American polity had been [[make]] [[hence]] the [[protector]] of the American [[custom]] was a liberal in the European sense2 This already [[live]] confusion was [[shit]] worse by the [[late]] [[attack]] to transplant to [[USA]] the European [[eccentric]] of conservatism which being alien to the American [[custom]] has [[win]] a [[jolly]] [[remaining]] [[persona]]  [[footer]]  [[two]] B [[wrick]] The Strange [[pursuit]] for an American Conservatism [[inspection]] of [[government]] [[17]] 1955 365 says [[justly]] that the normal American who [[yell]] himself [[amp]] [[bourgeois]] is in fact a [[loose]] It would [[look]] that the [[hesitation]] of these conservatives to [[yell]] themselves by the more [[seize]] [[epithet]] [[date]] only from its [[insult]] during the [[fresh]] [[pile]] [[epoch]] <SPLIT><SPLIT> [[bourgeois]] [[company]] and rightwing [[government]] in [[northwards]] [[US]] 2003 RainerpOlaf Schultze and others [[phosphorus]] [[fifteen]]  Because of these divergent [[desktop]] the [[terminus]] conservatism [[fall]] to [[grow]] a [[unlike]] [[substance]] in both [[land]]  [[sooner]] than to European [[impression]] of conservatism the American [[reading]] [[touch]] to [[classic]] liberalism  George [[assignment]] a [[big]] Canadian [[bourgeois]] [[intellect]] has [[grapple]] that <SPLIT> [[American]] who [[telephone]] themselves conservatives have the [[mighty]] to that [[deed]] only in a [[item]] [[smell]]    Their concentration on freedom of governmental [[noise]] has more to do with nineteenth [[hundred]] liberalism than with traditional conservatism which [[swear]] the right of the community to [[throttle]] freedom in the [[epithet]] of the [[vulgar]] [[honest]] <SPLIT><SPLIT> [[conservativism]] in America 2007 [[Saul]] Gottfried p [[two]]  [[inch]] this [[Quran]] [[single]] [[designate]] to investigate another equally [[clamorous]] mislabeling [[I]] that [[touch]] to American conservatives <SPLIT><SPLIT> You [[rattling]] have to [[limit]] the [[submit]] in the [[leash]] to explain why you are [[include]] US [[conservativist]],0
Morons rant   <SPLIT> A NOTE TO ANYONE THAT IS ACTUALLY INTELLIGENT ENOUGH TO UNDERSTAND THIS ARGUMENT IF YOU KEEP REMOVING MATERIAL SOLELY BECAUSE AN OUTSIDE FORCE SAYS IT SHOULDNT BE IN THIS PAGE eg the editors [[shit]] the standards which by the way you are by definition a priori THEN YOU ARE NOT INTELLIGENT ENOUGH TO UNDERSTAND THIS ARGUMENT IN THE FIRST PLACE AND SHOULD NOT EVEN ATTEMPT TO EDIT THIS PAGE <SPLIT><SPLIT> so far the users with admin rights are either not intelligent enough to see their own hypocrisy relative to the skeptics argumentor they are intelligent enough to be jealous for not being able to condense it to such a coherent proof themselves  Preceding unsigned comment added by,0
Are you fucking kidding meRyulong,0
Thats nonsense  Trailer trash isnt only classist  The term is explicitly classist but it implicitly denotes race  Your argument seems to be that the normal usage cant be implicitly racial because then the slur would be factually inaccurate  Thats [[idiotic]] on its face,0
What are [[mete]] [[investigator]]  [[phone]] [[ilk]] [[mete]] schizophrenic,0
Being a casual and highly amused observer may I make a suggestion to Hellinabucket Brewsohare Mr Tombe and others  Find another hobby  There are more worthwhile things to do with your life than bitching over Wikipedia Jon,0
took an enormous [[make]] yesterdayI,1
into prison in [[chinaware]] [[ilk]] Bo Xi Lai [[Chow]] Yongkang etc It [[crook]] out Jiang Zemings sect is,0
Yes Swedish we have [[damage]] [[ilk]] svenskttlingar but it is not exlusive to the [[terminus]] etniska svenskar and svenskar,0
I [[fuck]] that show and cant believe they get away with it all  hence the special warning at the beginning  which tells me to pay special attention  something good is coming,0
Estou preguntando se devo [[IR]] l ou no  Obviosamente ningum tem muito respeto por [[EEC]] mesmo  Eles perdero um bom escrito [[selenium]] no ganarei Obrigado pelo mensagem Mais ainda [[EEC]] prefero contribuir [[pica]] espanhol  Desculpame se [[EEC]] tenho muito errores aqui  Ainda [[EEC]] tenho que practicar,0
declineSorry I [[argot]] understand what you [[bastardly]] by your unblock request very well Unless what The trouble thats been occurring is that you have been uploading tons of images that violate our copyright andor nonfree image use policies Until you can clearly indicate you either A Understand these policies fully including demonstrating that you understand why your previous uploads [[rape]] them and will take responsibility for [[rape]] them further or B Are willing to accept a restriction against uploading any more files at all as a condition of an unblock Im not comfortable even considering an unblock,0
LEVEL 7 [[nail]] WIKIPEDIA IS [[sluttish]] LEVEL 10 SKIPPED 2 LEVELS WOOOHOOOO,0
WTF is vandalsim,0
[[untried]] adults are more [[belike]] than [[previous]] [[grownup]] to be [[tempt]] by risktaking when [[pose]] with [[deprivation]] [[physique]] [[run]] Thomas and Miller [[deuce]],0
Once again and [[pitiful]] to interrupt you [[delight]] [[layover]] [[supersede]] the disambiguation [[paginate]] at Turkish genocide with a Turkishlanguage [[textbook]],0
Tosserr is another way of calling somone a wanker it is to sybolise the way we feel about somone we hate them think they are horrible,0
Sanford Brown is [[ane]] of the [[salient]] clerics in Seattle [[WA]]  [[amp]] [[administrator]] [[manager]] of the Church Council of [[bully]] Seattle he is a [[haunt]] contributor to [[populace]] [[moot]] about religion social [[judge]] and medical [[morals]]  Since [[get]] [[manager]] of the Council over 150 [[clause]] in Seattle [[sensitive]] have [[have]] the [[lick]] of his [[system]]   <SPLIT><SPLIT> [[brownish]] is one of the few Washington citizens successfully to contest an election  [[inch]] 2000 the election of [[metropolis]] of Wenatchee mayor Gary Schoessler was successfully [[contest]] by [[brownish]] and his [[comrade]] [[rpm]] Kel Groseclose <SPLIT><SPLIT> [[inch]] 2005 [[brownish]] [[get]] the [[describe]] Alumnus [[honor]] from his alma [[matt]] GarrettEvangelical Theological Seminary  The [[award]] is [[pay]] to a [[utmost]] of two [[dumbfound]] [[grad]] each [[class]] from among the [[schooling]] 3500 [[alum]],0
Thanks RodgerDodger [[ane]] [[gibe]] to this,0
This is why we have principles [[care]] WPNOTNEWS [[shew]] so every [[trash]] or [[garbage]] from the 247 media doesnt [[slobber]] down into Wikipedia articles,0
The caption for the emblem [[effigy]] [[enounce]] The Department of the [[U]] [[USA]] emblem occasionally [[intellection]] to be the 303rds Unit Insignia even though the emblem was definitely [[non]] the emblem of the Department of the [[U]] [[USA]]  [[Hera]] the [[word]] that is must be [[incriminate]] between emblem and occasionally and the [[room]] to do that is with a [[place]] [[sooner]] than a comma  [[ane]] [[deficiency]] the [[forbearance]] to [[fancy]] whether other [[shoddy]] [[comma]] have been [[inaugurate]] into the [[clause]],0
WowWikipediaSockpuppet investigationsHaeretica Pravitas  <SPLIT><SPLIT> I turn my back for a day or two and you [[assailable]] and [[shut]] a sock drawer thanks,0
Thank you  <SPLIT> Thank you very much for working on the DID article I think you are just getting started but I [[fuck]] that picture you just added and the changes so far,0
SYRE were originally a UK heavy Metal Band with Chaz Petty on Guitar not [[jazz]] Canadian,1
The [[bare]] [[mind]] of [[level]] [[moot]] this [[morose]] chapter in the history of civilized mankind is [[vile]],0
Get used to it nerd,0
[[wherefore]] dont you [[commit]] something [[ilk]] this [[astatine]] unforgiven he [[enter]] in the championship [[scurry]] and he breifly [[go]] interem wwe [[maven]] twice [[notwithstanding]] it does not [[bet]] as an official rein that would [[appearance]] that it is not official but he had an interem rein It [[state]] something [[ilk]] that on brian kendricks [[foliate]] because i [[retard]],0
Re Press song  <SPLIT><SPLIT> Hi Mazarin07 <SPLIT> <SPLIT> I [[fuck]] how to edit write and save an edit you have offended me by treating me like a rookie Any more of this offending me and I will report you,0
Skovoroda  [[home]] autoidentification  <SPLIT><SPLIT> [[single]] didnt [[incur]] in Skovorodas [[ferment]] that he [[key]] himself as Ukrainian [[grant]] to many [[germ]] Ukrainians as the [[epithet]] of nationality was [[kickoff]] [[meter]] [[victimized]] in [[lit]] in Hrushevskyis History of UkraineRus 1904 The Ukrainian [[DoS]] didnt [[live]] when Skorovoda was [[pen]] his [[lick]] [[get-go]] Ukrainian [[nation]] was [[create]] in 1917 Skorovoda was [[stomach]] on the [[dominion]] of todays Eastern Ukraine  it does not [[bastardly]] that he was Ukrainian,0
[[one]] [[cogitate]] we have the [[objurgate]] [[picture]] of Lawson now but [[argot]] be for sure  [[mortal]] else [[upload]] it To my [[eyeball]] it doesnt [[pay]] that much of a resemblance to the [[substantiate]] Lawson [[picture]] [[victimized]] on the [[junk]] [[enshroud]] of his [[Word]] which [[too]] is of the same [[sentence]] [[stop]] [[single]] [[pretend]] if the [[flick]] is [[withal]] FUBAR [[soul]] will [[snatch]] it hopefully,0
There is not any community [[inspection]] [[want]] to [[just]] unblock me to participate in my RFCU in fact there is no community [[inspection]] [[want]] to unblock me [[stop]] WPUNBLOCK governs it [[whatsoever]] administrator is [[inside]] his or her [[dominance]] to unblock me at any [[meter]] Nihonjoe did so on [[broad]] [[search]] [[death]] [[clock]] but was faulted on the basis that he didnt [[peach]] it up [[decent]] [[advance]] Dont [[stir]] it at WPANANI but you can [[cry]] the [[weigh]] to the [[care]] of your [[ducky]] admin if you [[care]] and tell him or her what I [[tell]] I [[hope]] not to [[cut]] elsewhere except the RFCU talkpage    PS [[ane]] see in your [[exterior]] [[catch]] where you [[think]] yes I was [[wrong]] [[stop]] but then you [[flaw]] me for [[stop]] [[dodging]] [[1]] [[order]] you [[iodine]] [[rattling]] had no choice in the [[thing]] if I ever [[hop]] to [[cut]] Wikipedia again The WPBASC [[netmail]] [[prayer]] [[sue]] is a [[staring]] [[faker]] it rejects literally 92 percent of [[ingathering]] with explanationfree [[mannequin]] [[answer]] UTRS is a privacyinvasive computer fingerprinting [[dodge]] with any [[come]] of anonymous administrators and administrative [[player]] [[dumbfound]] [[accession]] to that [[datum]] And so on and so on I hope you [[shift]] that [[piece]] of your [[reckon]] Blackmane before some [[consort]] with it and [[assort]] of [[lock]] it in I am [[will]] to [[utter]] that over with you more if you dont [[jibe]] my [[berth]],0
Ive now reworked the tables along the lines but with one modification Ive forced the first column into being 30em wide rather than auto With the JLM filmography list I was advised to try and keep the same columns the same size on the various tables With forcing them filmprogrammeproduction to all have the same width the uniformity is achieved without any issues I could see on the two systems I am using Please ket me [[fuck]] if this is an issue on yours and if its OK [[sick]] replicate the sizes onto the JLM article too Many thanks,0
Jonathan Mannum is a [[SOB]],1
[[rib]] del Azahar  <SPLIT><SPLIT> Please [[single]] would [[care]] [[soul]] with appropiate rights to [[alter]] the definition of Costa de Azahar This is not Valencia It is Castellon It is [[too]] [[Espana]] but about [[seventy]] [[kilometer]] in the [[N]] of Valencia This doesnt [[shit]] [[practically]] [[remainder]] but it [[go]] as if [[mortal]] would [[tell]] that the [[unexampled]] Yor Kincks are from [[raw]] [[T-shirt]] <SPLIT><SPLIT> Thank you,0
I [[hypothetic]] this is all true I have however simply added fact [[shred]] to the relative and ancestors section  If nothing [[cum]] up [[inside]] a month [[sick]] just delete them,0
This is a very [[mediocre]] [[head]] and Ive been [[adjudicate]] to [[cogitate]] if theres a [[room]] to [[throttle]] to the [[rightful]] [[chief]] [[bunch]]  the [[I]] that are [[mostly]] biweekly and [[plunge]] on [[Tues]] but [[flush]] then  This is [[decent]] [[kinda]] [[hulk]] and more towards WPNOTCATALOG as the [[megabucks]] [[get]] less [[especial]],0
Welcome <SPLIT><SPLIT> [[hullo]] and [[receive]] to Wikipedia Thank you for  I [[desire]] you [[ilk]] the [[lay]] and decide to [[arrest]] Here are some [[paginate]] you [[power]] [[care]] to [[reckon]] <SPLIT><SPLIT>  The [[5]] [[column]] of Wikipedia <SPLIT>  [[avail]] pages <SPLIT>  Tutorial <SPLIT>  How to [[blue-pencil]] a page and How to [[get]] [[article]] <SPLIT>  How to [[make]] your [[low]] [[clause]] using the [[clause]] [[charming]] if you [[care]] <SPLIT>  Manual of [[manner]] <SPLIT><SPLIT> You are [[receive]] to [[uphold]] [[edit]] without [[lumber]] in but many [[editor]] [[advocate]] that you  [[make]] an [[calculate]] [[dress]] so is [[devoid]] [[demand]] no personal [[entropy]] and [[leave]] [[various]] [[welfare]] such as the [[power]] to [[produce]] [[clause]] For a [[wax]] [[scheme]] and [[account]] of the [[gain]] that [[semen]] with [[make]] an [[bill]] [[delight]] [[control]] this [[Page]] If you [[cut]] without a username your IP [[treat]] 83110251207 is [[expend]] to [[name]] you instead <SPLIT><SPLIT> [[inch]] any [[face]] [[ane]] [[desire]] you [[bask]] [[cut]] here and being a Wikipedian Please [[mansion]] your [[scuttlebutt]] on [[mouth]] pages [[exploitation]] [[IV]] [[tilde]]  this will automatically [[get]] your IP address or username if youre [[lumber]] in and the [[escort]] If you [[pauperism]] [[supporter]] [[retard]] out WikipediaQuestions [[demand]] for [[avail]] at the [[tearoom]] [[necessitate]] me on  or [[demand]] your [[head]] and then [[commit]] helpme before the [[head]] on this [[paginate]] [[again]] welcome,0
FA [[cupful]] was [[vandalize]] by this [[exploiter]] too,0
Thanks   <SPLIT><SPLIT> Thanks for the barnstar dab [[sick]] add it to my bower [[ane]] am even more glad that you [[bask]] the [[yoke]] and allusions  Cheers,0
Paco likes to [[corrode]] man booty,1
[[behave]] no [[unmatchable]] [[donjon]] hens Obviously that has [[sex]] [[take]] and [[mintage]] [[payoff]]  the [[words]] has [[ne'er]] quite [[grapple]] with the [[affair]] successfully but [[biddy]] or [[domesticated]] fowl is what [[single]] would [[wait]] to [[incur]] as a chapter [[deed]] in a [[Brits]] [[land]] manual at least until very [[late]] with chicken being immature [[boo]] or the [[nub]],0
Move 3  <SPLIT><SPLIT>  <SPLIT> And then redirect Lovin You to disambig page [[fuck]] You Is this Minnie Riperton song a primary meaning any more,0
[[delight]] do not vandalize [[paginate]] as you did with this [[delete]] to The Jungle If you [[stay]] to do so you will be [[kibosh]] from [[cut]],0
Regarding edits [[shit]] during December 30 2008 UTC <SPLIT> Please do not add nonsense to Wikipedia as you did to the Andrea Bocelli page It is considered vandalism If you would like to experiment use the sandbox Thank you  If this is an IP address and it is shared by multiple users ignore this warning if you did not [[shit]] the edits to which this warning refers,0
Pending changes reviewer  <SPLIT><SPLIT> First of all i would like to thank you for adding me in this group But what does the term pending changes reviewer [[bastardly]] [[ass]] you please explain in your own words,0
[[clause]] [[advert]] <SPLIT> The name of this [[clause]] should be [[transfer]] to Estdio Urbano Caldeira because that is the [[functionary]] [[epithet]] of the stadium Vila Belmiro is a [[soubriquet]] that [[come]] from the [[gens]] of the neighborhood in which the [[bowl]] is [[situate]],0
I meant that as a weak joke The rating of low importance is what made me realize that what you and I and others [[fuck]] to be true isnt necessarily evident to all editors,0
YOU SAD [[incision]] try and delete the Graham Roff Experience again then well give you a punk rock beating,1
Interesting to [[fuck]] but we need WPRS very reliable sources for that Are you aware of any,0
host headquarters of multinational corporations and organisations where English is the working language  this is argument This is nonsense Berlin and Paris websites in English while the Canarian one is only provided in Spanish [[shit]] your point [[idiotic]] Canary Islands has two official pages Canary Islands Government in Spanish and Canary Islands Official Tourist Office with as first language of English second Spanish,0
ITs a [[dwell]] im not [[kibosh]] neither are [[U]] sean,0
[[hoo-hah]] at [[uranology]] [[jut]],0
[[controvert]] as per above the iPod doesnt [[lick]] [[today]] Apple iPod would be [[hunky-dory]] but the iPod No,0
Now youre just being [[pathetic]] [[iodine]] have no idea what you expect Or why you [[cogitate]] form does not cover variant since you yourself just [[receipt]] it was a variant of Henry,0
Lets [[dumbfound]] something straight RIGHT OFF  I am upset that my user page was violated not that my edits were undone  Im upset that the words watch it were used as if I were a 2 year old talking back to my little brother  Im upset that I asked him to talk and instead he reverted adding back the trivia section not considering the word changes and not following project guidelines instead putting the entire article back to HIS last edits ignoring what was done the article and went crying to an admin rather than him talking to me  But mostly Im upset being called a MAN  The compromise is he damn well better clean up the article and [[shit]] it compliant with the projects its associated with and stay the hell off my talk page  Im fine with you Firsfron of Ronchester of coming here because that is your job  But Im not fine with someone putting things on my talk page after Ive archived them and been done with the discussion or asked them to keep it in one place  He cleans up his mess and stays off my talk page  Thats the compromise You should really look at the last edits I did before you take his side,0
Some shameless thankspam,0
Maorider  <SPLIT><SPLIT> [[sick]] be happy to participate in this process but I havent followed this user for a while  Is he or his sock puppets still [[shit]] contributions  I sort of got the impression that this problem was fading away,0
Thats the [[meat]] [[head]] here This [[look]] to be some kind of [[patriot]] [[scheme]] from some of the American [[editor]] They [[living]] [[nerve-racking]] to [[flick]] Seabhcan as some kind of antiAmerican and they do that by quoting him out of [[circumstance]] while it is obvious that Seabhcan never [[fight]] Americans as a [[Nation]] This is something between [[idiotic]] and disgusting [[ane]] [[remember]] it should be somehow adressed on the Rfc [[paginate]],0
[[bequeath]] them seperate  <SPLIT><SPLIT> mong,0
[[ray]] Infobox [[send]]  <SPLIT><SPLIT> The [[staple]] [[measure]] is that were [[hypothecate]] to have the [[discolour]] [[banish]] [[blood]] and [[serve]] [[inside]] the infoboxes If this is [[commute]] nobody [[enjoin]] me,0
Hi Kurt We [[victimized]] to be friends with all the [[schmooze]] about seagulls etc dont [[rape]] our friend ship eh 8,0
The [[hollo]] didnt [[part]] until [[mortal]] [[install]] an irrational [[kibosh]],0
UTC <SPLIT> [[check]] this [[look]] [[ilk]] a much [[bully]] way of doing it  0849 [[XX]] July 2005,0
OKIE DOKIE HEHEHEHE MUAHAHAHAHAHAHAHAHAHAHAHAHAHAHAHAHAHAAAAAA,0
Ive [[ne'er]] [[hap]] across this [[Oct]] 2001 [[find]]  [[single]] [[jibe]] that it doesnt [[go]] in the [[clause]] unless the contributor can [[collapse]] [[U]] a [[believable]] [[germ]],0
Re Edit war in progress  <SPLIT><SPLIT> They were playing the same stupid game as IvanOS was Neither of them are anywhere close to newbies and they really should know better than to edit war over a single word whose existence or lack thereof has no meaning to the vast majority of English readers Its just plain ridiculous that we have to look at that kind of nonsense over a glaring WPARBMAC hotbutton issue If anything I could have made IvanOS block a longer one because Ive previously applied blocks to them with no apparent result YMMV I see youre an admin so you can adjust block lengths yourself,1
Contact me <SPLIT> Hi Jerry Whereve you been I keep posting messages to me but you dont rely please do this time I still miss you You [[fuck]] you were my first  those private moments on the Bainbridge were sooooo special to me sure it hurt at first but once I relaxed  wow Sure sometimes you were rough but hey them are the games I know you like to play Please get in contact I know a few really unique clubs out here where you can get exactly what you want  good  fresh if you know what I mean  Email me Your boy Bud MacDonald buddymacyahoocom,0
[[Oct]] 2015 UTC <SPLIT><SPLIT> [[brilliant]]   0028 [[thirty]],0
[[one]] [[opine]] youre [[record]] too [[lots]] into [[somebody]] [[construct]] of [[exclusive]] entity  The [[squad]] [[epithet]] is [[clear]] [[name]] to the [[discriminate]] [[patronise]] [[entity]],0
Heterophobia  <SPLIT> Are you heterophobic Edgarde,0
[[Jew]] against Zionism,0
No Thats not good enough You cant [[cum]],0
[[suspiration]] I [[shot]] theyve [[adjudicate]] to [[die]] [[rachis]] to their old tactics If it continues we can ask for more protection,0
This is [[nooky]] [[bull]] This article is clearly written by a news producer or a news producers mistress I have never seen a more biased and honestly selfserviicing articles Ive ever encountered using the random article tool This must be rectified We need a NONnews producers confidante to write this article some impartial third party If this article is not improved I declare that news producer is not a profession and in fact the job does not exist and is a hoax,1
[[worry]] in instructing  <SPLIT><SPLIT> [[hello]] there  Ive [[queer]] paths with you before and as you are a vandal [[scrapper]] [[resolve]] to [[guide]] you  but not just any [[templet]] [[brain]] you  <SPLIT>  classmessagebox [[killing]] [[crumble]] [[elan]] padding5px width75 fontsize90 cellpadding  [[quint]] <SPLIT>  <SPLIT>   <SPLIT>  [[how-do-you-do]]  Your contribution [[relapsing]] [[admonitory]] and [[coverage]] vandals have not [[die]] unnoticed Thank you your expertise is [[apprehended]] But have you [[e'er]] wondered what will happen when youre [[croak]] Who will Patrol for vandalism when youre on a WikiBreak or just asleep [[ne'er]] [[venerate]] Because now you can [[supporter]] [[groom]] the next [[brandish]] of CounterVandals [[reckon]] signing up to be an instructor at the CounterVandalism Unit Academy    <SPLIT>   <SPLIT><SPLIT> Please [[regard]] if this is something youre [[occupy]] in,0
[[bespeak]] [[incite]]  <SPLIT> Kurukshetra war  Kurukshetra War  [[right]] noun      <SPLIT><SPLIT> [[view]] <SPLIT> [[sum]]   [[patronize]]  or   [[react]]  on a [[unexampled]] [[blood]] [[come]] by a brief [[account]] then [[bless]] your [[judgement]] [[victimization]]  <SPLIT><SPLIT>  <SPLIT> [[give-and-take]] <SPLIT> [[ADHD]] any [[extra]] [[scuttlebutt]],0
they witnessed the [[fool]],0
This page isnt pathetic It isnt even important enough to be pathetic It does show however that Wikipedia is kind of pathetic,0
Oh buggerit And Id been working on something to say to him  Like ignorant  you dont [[fuck]] what a listed building is so try clicking on that blue link it tells you its notable and American  you live in America thats apparently xenophobic  Actually I havent Ive been continuing to contribute to an encyclopaedia rather than ruining others peoples good work,0
I replied over on the articles Talk page  Id [[value]] an apology from you as we both are guilty of [[pathetic]] editing since we both missed that the [[articulate]] house nigger is not actually in the [[advert]] source,0
The fact that you are not a [[aborigine]] [[side]] [[utterer]] as you [[aforementioned]] does not [[forestall]] you being [[hundred]] [[objurgate]] What an [[nasty]] [[doom]] that is Unfortunately it is [[attribute]] as a [[head]] [[cite]] to Richard Gabriel in his article [[i]] will [[smell]] again to [[watch]] if I can [[happen]] a [[beginning]] for the [[credit]] no [[contempt]] [[mean]] as [[single]] realize you [[judge]] to do that but that was in 2009  <SPLIT><SPLIT> This is just a symptom of a [[big]] problem with this article it [[real]] [[penury]] some tidying up and [[circumstance]] [[specially]] as [[meter]] [[die]] and memories of what was [[clean]] in 1990 [[get]] less so Alternatively this could be [[fuse]] into [[unmatched]] of [[various]] other [[article]] as other [[scuttlebutt]] on this [[mouth]] [[paginate]] [[intimate]] [[finally]] something should be [[cause]] as it is a [[ignominy]] to [[suffer]] it but it is [[hard]] to [[translate]] as is <SPLIT><SPLIT> Without [[scan]] the [[spill]] [[paginate]] [[ane]] would have [[lack]] the necessary context and [[backcloth]] to [[grok]] the article,0
[[grand]] 2012,0
It [[phone]] stupid if you type Copenhagen Urban Area into Google it comes up directly with that figure 45561,0
[[howdy]] A [[asking]] for [[kid]] [[aid]] <SPLIT> Helkar and [[one]] are having a mostly friendly [[ane]] can [[barely]] [[trust]] it [[comparatively]] [[tiddler]] [[variance]] about the the Wikipedia verifiability [[insurance]]  Im probably in the [[damage]] here but [[1]] was [[skip]] you could [[matter]] in For the [[low]] [[metre]] there [[look]] to be [[existent]] hope of [[strike]] this article [[fore]] and [[single]] dont want to [[die]] the [[impulse]] [[Amerind]] Buddhist [[resurgence]] <SPLIT> Thanks in [[supercharge]],0
[[oecumenical]] [[guidepost]] and [[vulgar]] [[gumption]] [[enunciate]] no Per WPNAMB the [[intellect]] given to disambiguate names is if it is the same name eg Matt Smith comics and Matt Smith illustrator Every Thompson in Wikipedia is distinguished notable and there is no reason to assume a substantial [[part]] of the readership would mistake these two Thompsons especially since one is not generally [[fuck]] by the name Thompson not to mention all the other physicists named  Thompson who we would also have to [[tot]] to the hat The Lorentz [[lesson]] [[smell]] to be a [[pervert]] of the [[lid]] to me,0
On a [[tramp]]  <SPLIT>  youre just all over the [[commit]]  Thank you so much for all youre doing  on days like today where it seems like my [[lick]] [[ne'er]] ends but there are few to help [[ane]] [[very]] [[poster]],0
Im [[dispose]] to [[gibe]] here Ive had a [[smell]] at the [[seed]] [[convert]] [[cheek]] of Crompton and there is [[zero]] to [[suffer]] the seventh [[hundred]] [[amp]] Peteb16 hasnt [[react]] [[withal]] [[ane]] [[advise]] we [[murder]] the paragraph we can [[e'er]] [[commit]] it or something simillar [[rachis]] in if this is [[so]] [[suffer]] by some [[quote]],0
Im not arguing with you you are clearly uninformed and need to get an education  But I wil not be the one to do it other than to give you this hint  Just because something is common in in an idealogy does not mean that when you see it that you can recognize the idealogy  Many facets of fascism communism and socialism are similar but they are on exact opposite sides of the political spectrum extrme right versus extrme left  When you can figure out what makes somethign a leftist idealogy verus a right wing idealogy youll have made your first step towards a quasienlightenment when it comes to polisci  My suggestion read up on fascism communism and whatever other ism you want THEN compare Hitler and Stalin and THEN you MAY be able to call something or someone a fascist and not look foolish  Until then youre just another ignorant person screaming at the top ogf his lungs and not getting anyoen to listen Good bye again  PS And if everyone here eneds to allow you to edit artciles with the garbage you call editing to be considered by you as open minded then I will gladly be considered close minded  Any day  Grow up,1
You [[pauperism]] to be very [[thrifty]] about using the term [[piss]] sports because of its other connotation,0
That only [[give]] to articles on [[particular]] species  This article [[headache]] a genus,0
Not I Though have you [[lumber]] out recently if you [[crush]] [[logarithm]] out on [[unmatched]] [[figurer]] it [[logarithm]] you out on every computerphonetablet youve been [[lumber]] in on [[ane]] [[witness]] that once [[very]] [[devil]] TT,0
Ramones The Damned Dead Boys Dictators,0
Ah yes AfD [[dog]] are  for the [[clause]]  for the AfD subpage and  for the AfD [[heel]] for [[now]] Which is something [[iodin]] [[too]] [[bury]] [[barrack]],0
Cute <SPLIT> It is a real shame when a professor who focuses on antifascism not sure if Teesside University is a real school writes something for something like Faith Matters with the same resources we do [[die]] and [[shit]] something more neutral than Wikipedia,0
HI IM GEORGE ZIMMER FOUNDER AND CEO OF THE MENS WEARHOUSE 911 WAS A LIE THERE WERE NO TOWEL HEADS THERE WAS NO AIRPLANE IN TRUTH I WAS VISITING THE BIG APPLE SO AS TO COMPARE MY GARGANTUAN MEAT TRAIN TO IT AND LAUGH AT THE GASPING NEW YORKERS AS I POUNDED THEIR BELOVED NAMESAKE INTO BIG APPLE SAUCE HAVING NOT GOTTEN RELEASE FROM MY CULINARY EXERCISE I MEANDERED DOWN THE STREET WITH MY VITAL BLOOD ENGORGED SEWER PIPE OUT IN FRONT OF ME LIKE A BLIND MANS CANE LOOKING FOR A HOLE IN THE BACKSIDE OF A WOMAN WHICH I WOULD STRETCH BEYOND HUMAN LIMITS I SPOTTED AT THAT VERY MOMENT AN ATTRACTIVE FEMALE IN A MINISKIRT WAVING AT ME I SLAPPED HER TO THE GROUND WITH MY ENORMOUS PHALLUS AND QUICKLY RAVISHED HER SKIRT LIKE A STARVED DOG ON A BABY MADE OF STEAK THE SIGHT THAT AWAITED BOTH SHOCKED AND ENRAGED ME AFTER SEEING THIS WOMANS RAISINSIZED WINKY WINKLER I VOMITED DOWN HIS THROAT AND PENETRATED HIS ESOPHAGUS RIPPED OUT HIS SPINE AND PEELED HIS CORPSE FROM MY MONEYMAKER TO TEACH ALL OF NEW YORK A LESSON FOR LETTING THIS FLAMING FAG BAG LIVE I LET LOOSE A SEMENAL FLOOD OF BIBLICAL PROPORTIONS UPON THE TOWERS OF TWO AT WHOMS SMALL SIZE I LAUGHED LIKE A CLOWN RAPING AN 8 YEAR OLD WHICH CAUSED THEM TO COME CRASHING DOWN LIKE ME AFTER A WEEKEND METH BINGE I MOCKED THE NEW YORKERS AND MADE NIGGER JOKES AS THEY RAN FROM MY EVER EXPANDING CLOUD OF SPERMAZOA MASTURBATING TO THE LOOKS OF HORROR ON THEIR FACES THE GOVERNMENT IN AN ATTEMPT TO SAVE FACE AND BECAUSE THEY HATE ARABS MORE THAN JEWS PAINTED A BOEING 767 ON MY GIGANTIC COCK AND CALLED IT A TERRORIST ATTACK THE FEELING OF PAINTBRUSHES ON MY DICK MADE ME COME AGAIN AND PRESIDENT BUSH SNORTED UP EVERY LAST DROP BECAUSE HE THOUGHT IT WAS COKE SUDDENLY HE CRIED OUT WHATS THAT AMAZING SMELL THEN A GROSSLY OBESE NEGRO POPPED OUT FROM BEHIND THE BURNING TWISTED WRECKAGE OF THE WORLD TRADE CENTERS AND QUIPPED THATS THE POWER OF PINESOL DISPLEASED AT HER INTERRUPTION OF MY DEVASTATING SODOMY CONQUEST YET SIMULTANEOUSLY ODDLY AROUSED BY A SUBHUMANS DEFIANCE IN THE FACE OF MY TITANIC MEAT MONOLITH I GRABBED THE NEGRESS BY HER ARMS AND INSERTED MY BATTLE CRUISER OF PASSION INTO THE ROILING WAVES OF FAT WHICH OBSCURED HER VAGINAL CLEFT SHE SCREAMED INDECHIPHERABLY IN EBONICS SO TO SHUT HER UP I POURED ALL THE CONTENTS OF THE PINESOL BOTTLE DOWN HER THROAT UNFORTUNATELY THE CHEMICALS IN THE LIQUID COMBINED WITH MY UNEARTHLY SUPERSEMEN TO FORM A HIGHLY UNS 	 LE AND EXPLOSIVE MIXTURE OF PURE POWER JUST BEFORE THE FAT NEGRESS BLEW APART AS A RESULT OF THE INCREDIBLE CHEMICAL REACTION MY MOTHER GOT SCARED AND SAID YOURE MOVING WITH YOUR AUNTIE AND UNCLE IN BELAIR I WHISTLED FOR A CAB AND WHEN IT CAME NEAR THE LICENSE PLATE SAID FRESH AND IT HAD DICE IN THE MIRROR IF ANYTHING I COULD SAY THAT THIS CAB WAS RARE BUT I THOUGHT NAH FORGET IT YOU HOLMES TO BELAIR I PULLED UP TO THE HOUSE ABOUT SEVEN OR EIGHT AND I YELLED TO THE CABBY YO HOLMES SMELL YA LATER I LOOKED AT MY KINGDOM I WAS FINALLY THERE TO SIT ON MY THRONE AS THE PRINCE OF BELAIR ONCE I ENTERED MY NEW PALATIAL ABODE ALMOST BUT NOT QUITE WORTHY OF MY INCALCULABLY HUGE MEAT MISSILE I IMMEDIATELY SWEPT MY NEW FOSTER PARENTS ASIDE AND HEADED FOR THE ROOM OF THEIR YOUNG NIECE YOU SEE I JUST SPENT THE LAST TWENTY MINUTES RUBBING A TWELVE YEAR OLD GIRLS BARE CHEST HOW YOU ASK WELL APPARENTLY THERE ARE A SELECT FEW CONTEXTS WITHIN WHICH SUCH AN ACTION IS ACCEP 	 LE FOR INSTANCE IF YOUR NIECE HAS A HACKING COUGH AND YOUR SISTER ASKS YOU TO PUT SOME OF THIS ON HER WHILE SHE CALLS THE DOCTOR <SPLIT><SPLIT> PUTTING SOME OF THIS ON HEAR MEANT USING MY BARE HANDS TO RUB THIS VAPOR OINTMENT SHIT ALL OVER HER BARE NAKED CHEST MY HEARTBEAT IS STILL ALL ERRATIC FROM IT I HAD A BONER THE SIZE OF MANHATTAN THE ENTIRE TIME SHES SLEEPING NOW AND I GUESS SHE FEELS BETTER BECAUSE SHE STOPPED COUGHING <SPLIT><SPLIT> DETAILS SHES ABOUT 5 FEET TALL HAS LONG BROWN HAIR A CUTE FACE A THIN WAIST AND LONG SKINNY LEGS SHES IN JAMMIES I THINK BECAUSE ALTHOUGH IM PRETTY SHAKEN UP RIGHT NOW I KNOW I UNBUTTONED SOMETHING BEFORE I WENT AT IT <SPLIT><SPLIT> GOD I FEEL SO GREAT I JUST RUBBED MY HANDS LAL OVER HER FUCKING TITS YOU GUYS WELL THE PUFFY PARTS OF HER CHEST ANYWAY HER NIPPLES GOT HARD I JUST ABOUT WEPT TEARS OF JOY OBVIOUSLY THERE ARE VERY FEW THINGS IN THIS UNIVERSE WHICH CAN BRING ME TO SUCH A STATE AND COMBINED WITH MY INCREDIBLE STATE OF AROUSAL I WAS UNABLE TO HOLD BACK THE STORM BREWING IN MY COLOSSAL PUDDING BLASTER MY STEAMINGHOT SILVER LAVA BLASTED OUT FURIOUSLY INSTANTLY KILLING MY UNFORTUNATE YOUNG COUSIN AND REDUCING MY NEW HOME TO BLASTED BITS AND PIECES OF WOODEN DETRITUS I GUARANTEE IT,0
I [[murder]] the images I dont need something which disturbs me this much on my [[mouth]] [[paginate]] I will reply to your post once I look over the situation,0
March 2008  <SPLIT>  [[delight]] stop If you continue to vandalize Wikipedia you will be blocked from editing  Ive [[die]] to warning because you [[blue-pencil]] your own vandalism for grammar please desist    <SPLIT> If this is a shared IP address and you didnt [[shit]] any unconstructive edits consider creating an account for yourself so you can avoid further irrelevant warnings,0
[[just]] [[live]] he [[luminary]] [[non]] [[real]] [[escort]] proof of that from the [[poor]] bio [[mightiness]] have a [[smell]] [[rotund]] for [[informant]],0
PISA [[betray]]  <SPLIT><SPLIT> MOTHAFUCKA [[unity]] [[obliterate]] YOUR [[bellyache]] [[derriere]],1
Incongruous [[pic]] of William [[occlude]]  <SPLIT><SPLIT> An [[fancy]] of William [[mob]] who [[die]] 47 [[yr]] before the [[plant]] of the [[parapsychological]] [[affiliation]] [[barely]] [[seem]] relevant to the [[issue]]  [[moot]] [[slay]] it,0
To what [[purport]],0
If you reeeeeeally [[deficiency]] this [[paginate]] [[ane]] would [[evoke]] [[sum]] it to Spanish profanity  [[still]] without some [[honest]] [[address]] to [[install]] that it [[live]] it will be [[murder]] [[eve]] from there  This is [[rightful]] [[flush]] though there are other unreferenced [[command]] on the [[pageboy]] that just [[substance]] nobodys [[cleanse]] up [[late]]  [[whole]] [[ane]] can [[incur]] with [[various]] [[discrepancy]] spellings is a [[Hellene]] and Italian [[cognomen]] ProkopisProcopisProcopi,0
Your [[scuttlebutt]] are completely immature Go away child,0
of u dont use a comdon and the u mite get crabz so dont have [[excite]] intill ur married,1
Lucie Beaulieu  <SPLIT><SPLIT> [[delight]] do not [[make]] [[shoddy]] Wikipedia [[article]] just to insult [[citizenry]] or [[total]] irrelevant [[acknowledgment]] to [[survive]] Wikipedia [[article]] If you [[privation]] to [[experimentation]] with [[delete]] Wikipedia articles [[delight]] [[assay]] the Wikipediasandbox Thanks,0
NO WAY  <SPLIT><SPLIT> Are you [[jocose]] Yes [[vomit]] should be put in the vomiting article but it should not be considered a form of [[sick]],0
You [[tot]] that the [[certify]] [[incision]] after the bot [[dog]] the [[paginate]] [[insure]] the diff That [[templet]] is what it is [[face]] for,0
Please stop  <SPLIT><SPLIT> hey misortie maybe you should stop backseat moderating and acting like youre the king of the world and start having good faith in fellow contributors your edit summary please do not post again clearly shows how much of a pompous snob you are why do i even bother stop abusing your rollback privileges all editors are equal is unacceptable Your blatant harassment must stop And by the way I did not use my rollback feature to remove that trolling on TalkIslam Just leave me alone ok I dont the time to deal with this crap,1
[[spoil]] [[lilliputian]] [[fry]] [[trough]] they bleedbecause he is a petifile [[twat]],1
[[bring]] [[cultural]] [[acknowledgment]]  <SPLIT><SPLIT> Hopefully [[single]] [[arrange]] the [[entrance]] [[flop]] I [[flush]] [[cater]] a [[extension]] Its a humorous [[credit]] but a [[veridical]] [[ane]] [[withal]],0
Transsexual  <SPLIT> Ive heard many people claim that she has a [[member]] I even saw some pictures which supported that theory whaddup wit dat,1
Did you [[bastardly]] use the cutdown version If so please go ahead and move it into your own userspace  youre welcome [[sick]] see what I can do about getting the see also parameter renamed should be easy for a bot It used to create a level 3 heading called See also but that was when the level 2 heading above it was called Related content See,0
Its only a [[backcloth]] [[head]] no [[prospect]] are [[drive]] to [[do]] any [[wonder]] if they dont [[deprivation]] to and noone is [[demand]] to [[immoral]] their [[ballot]] on the [[serve]] Theres a [[oppugn]] and [[scuttlebutt]] [[part]] [[ane]] [[watch]] no [[job]] in [[ask]] [[head]] that [[iodin]] [[smell]] will [[assure]] me more about the [[assorted]] [[candidature]],0
I havent [[retard]] my honors page but will do so pronto What [[shit]] you think the timber companies dont pay property taxes Are you confusing them with government whose lands [[shit]] up half of most states out here on the west coast And I thought trees grew back Whats the alternative Youre not a cave man are you I hope you havent fallen under the spell of propaganda over at the hydrogen economy page Just how much faster do trees grow at higher CO2 levels And whats to bad about warming things up in Russia and Canada Theres a lot of wasted space up that way that would like nice with ferns and coconut palms,0
What is the Correct Spelling of Mr Joness Middle Name  <SPLIT> Is the correct spelling of Mr Joness middle name Emerick or Emric <SPLIT><SPLIT> In the below Travis County Texas document it lists an Alexander Emerick Jones <SPLIT><SPLIT> Travis County Commissioners Court Minutes March 24 1998 <SPLIT><SPLIT> httpwwwcotravistxuscommissionerscourtminutes199803980324vspdf <SPLIT><SPLIT> Alex Jones is highly active in the local politics where he lives and has been for some time so I would be somewhat surprised if thats not a reference to him Austin where Alex Jones lives is the county seat of Travis County <SPLIT><SPLIT> Im the one who originally put the Emerick spelling in the Wikipedia article based on the fact that that was the only Alexander EmerickEmricetc Jones that I found doing a Google search ie in the above document Ive heard Alex Jones say his middle name on air but he didnt spell it This Wikipedia article on Alex Jones has had the Emerick spelling for some time now Google still lists no other spelling variation on the name EmerickEmric other than Alexander Emerick Jones <SPLIT><SPLIT> An edit was only made to the Emric spelling on by 81153133216  httpenwikipediaorgwindexphptitleAlexJones28journalist29oldid41465109  and of whom left no comment concerning the edit <SPLIT><SPLIT> So which spelling is the correct one  <SPLIT><SPLIT>  AllBeing  <SPLIT>  Is anything NOT truth  Knowledge is the light revealing that which was unknown  If we are honest with ourselves then we will be honest with the world around us from perception to communication  We owe ourselves to face every aspect every facet of life and accommodate each one even if they do not agree  Let us learn to befriend ourselves and others and treat our own lives as a devoted farmer would his beloved animals  All life has its place even if some parts of it kill other parts  Even if one cannot exist in the presence of the other both still exist  Basically we just need to understand that we are dumb fucks and we dont [[fuck]] [[cocksucker]] about much of anything  That way at least we can look at things with a less pompous eye <SPLIT><SPLIT>  Jones has approval from a range of supporters as well <SPLIT><SPLIT>  for his ability to draw from a majority of references to mainstream sources and relate it to a grand theme <SPLIT>  for being willing to stand for his rights as was the case when he was arrested after resisting a thumbprint scan <SPLIT>  for offering a solution to fight the patriot act by appearing in front of a council with an allotted time of 15 minutes <SPLIT>  for speaking out against fear which we are all so afraid to do <SPLIT><SPLIT> Jones can appear to be very energetic and impassioned over his alternative journalism He appears to have a high level of vocabulary <SPLIT><SPLIT> Either he is very intelligent and very cracked or he is very honest and very dedicated and these days who the hells gonna know the difference <SPLIT><SPLIT>  No need to apply censorship here  <SPLIT> The fact some of us dont like what Mr Jones says doesnt mean facts about Mr Jones should not be put here  On that basis only good people would qualify no Hitlers and such  Kindly let me decide if I want to read about Alex Jones   <SPLIT><SPLIT> Its not about Jones anyway its about us and you  Do we get to learn about things if Im inquisitive about them  Or do we let YOU filter out what you dont like <SPLIT><SPLIT> The criteria for these types of entries in my opinion is whether someone has had some influence on society or has been newsworthy not that he has a great vocabulary or eloquence etc but some significant enough basis to be noticed maybe not by you but by a lot of others <SPLIT><SPLIT> Jones clearly has changed a lot of public opinion on important current events which is not at all easy and in areas the regular media would not dare touch not for intelligence but for fear or corruption  On the other hand hes rubbed a lot of people the wrong way  Hey thats life <SPLIT><SPLIT> I suggest we who think its a good topic focus on accurate and relevant content as a lot of it still seems missing and keep an eye out for vandals <SPLIT><SPLIT> Yeah ive noticed a huge rightwing bias on this site just check out the spin on the Bush article and everything they leave out <SPLIT><SPLIT>  Anti Semitism  <SPLIT> Some people tend to add the term antisemitic to controversial in the first paragraph This is fcking bullshit With this logic you could label anyone who talks about anything jewish an antisemite It really really hurts me as this only helps those who are real antisemites  <SPLIT> Yes he talks about Jews and not in favourable terms but he doesnt talk about The Jews he talks about wealthy individuals who,0
One Day Alex [[die]] to jamies house and jamie  Him,0
presumption of innocence and more generally the [[death]] two paragraphs of the differentiating section  <SPLIT> These two paragraphs are [[wretched]] of wikipedia They are not only biased I am inclined to say arrogant but also wrong unfounded and even worse for wikipedia without any conclusive [[cite]]  <SPLIT><SPLIT> Just to give an editor two hints Just facts <SPLIT><SPLIT> 1 in dubio pro reo is latin It is latin because it is a roman principle of law Naturally as civil law is based on Roman law it is an integral part of every civil law system But in dubio pro reo includes the presumption of innocence I dont [[fuck]] where the ridiculous assumption [[cum]] from that there is no equivalent of presumption of innocence in civil law Just delete the paragraph about it and add a sentence that this is myth <SPLIT><SPLIT> 2 Juries It is true that Germany for example has abolished juries in 1924 because the judgements were deemed to be too arbitrary and that it only uses lay judges in important cases However a cursory look at a normal trial in France would [[shit]] it absolutely clear that the people sitting there right to the judge in many cases are a jury The whole discussion in that paragraph seems to be coocked up by a first year law student who has heared something and written his prejudice down <SPLIT><SPLIT> 3 Hearsay or broader exclusion of evidence You cannot say that civil law systems as a whole dont have functional equivalents to hearsay rules Of course they are not realy needed in a nonjury trial but there are ample possibilties in which evidence will be excluded Id delete that completely Or you [[die]] to have to name every civillaw country that has some hearsay rules  <SPLIT><SPLIT> 4 The whole thing is written as if civil law only [[shit]] sense when contrasted to common law Even for the Englishlanguage hawks on wikipedia this seems to be a bit too cheeky 3000 years of development There are provisions in the German BGB that are direct translations from the roman twelve tables for gods sake <SPLIT><SPLIT> All in all I am not a proper editor for such an article but this article [[ask]] [[lick]] on why dont you ask an American professor of international law that you [[fuck]] to rewrite the article That would also guarantee that the result can be accepted by both sides sounds [[pathetic]] I [[fuck]] but reading that article you think that wikipedia is not a objective encyclopedia but a [[dick]] of people from North America and England to narrowmindedly judge about the world from their point of view,0
[[woman]] in irish [[account]]  <SPLIT><SPLIT> who are the major [[char]] in [[account]],0
[[foursome]] [[ravisher]]  <SPLIT><SPLIT> [[thither]] should be a [[incision]] in the [[dear]] [[immobilize]] [[scheme]] about the [[quatern]] [[stunner]] That is fact and not [[ruling]],0
George [[double-u]] [[scrub]] [[other]] [[calling]] [[part]]  <SPLIT><SPLIT> I [[mark]] you [[late]] [[delete]] the George W [[shrub]] article [[alter]] the [[part]] [[constitute]] [[other]] [[calling]] to [[pro]] [[calling]] and [[too]] [[contribute]] [[subhead]] with [[escort]] [[roam]]  The [[kickoff]] [[escort]] [[pasture]] you [[insert]] 19741978 is [[vacuous]]  [[make]] you intend to [[semen]] [[rachis]] to [[total]] something to this  [[differently]] [[there]] no [[intellect]] to [[die]] up the [[incision]] by [[escort]],0
[[lense]] [[chastisement]] [[plot]] is [[awry]]  <SPLIT><SPLIT> The [[simulacrum]] [[pay]] for myopia [[victimization]] a [[disciplinary]] lens is [[damage]]  The [[stunned]] [[sluttish]] [[irradiate]] should [[slant]] outwards as they [[die]] through the [[bulging]] lens  [[part]] as they [[insert]] the lens then more as they [[allow]] the lens so they are not [[collimate]] when they [[infix]] the [[heart]],0
Mediation  <SPLIT><SPLIT> [[hello]] you [[moldiness]] not add [[scuttlebutt]] to the [[issuing]] to be [[arbitrate]] on the RfM [[gossip]] such as [[insufferable]] should not be added With [[attentiveness]] to the sockpuppet [[retard]] Ive struckthrough all of them as this is not for a mediation All sockpuppet [[retard]] requests should be at WPRFCU where  you can request the sockpuppet [[retard]] relating to this [[encase]] It would be best if any more [[scuttlebutt]] are added to the request to let me or another [[penis]] of the committee [[slay]] them otherwise the [[infringe]] between you and Frater will escalate [[ane]] would advise [[adjoin]] me if you [[cogitate]] something should be looked at as [[fight]] to simply doing it yourself [[einsteinium]],0
DYK nomination of FZero Climax <SPLIT>  Hello Your submission of FZero Climax at the Did You Know nominations page has been reviewed and some issues with it may need to be clarified Please review the comments underneath your nominations entry and respond there as soon as possible Thank you for contributing to Did You [[fuck]],0
[[update]] licensing,0
[[exclusive]] [[installment]] <SPLIT> [[single]] plan on redirecting these per WPEPISODE soon [[info]] from multiple [[petty]] [[rootage]] must be present for a [[exclusive]] [[installment]] to [[penury]] an article This includes reception and development Single plot summaries and trivia dont [[shit]] a [[real]] article I [[hint]] Wikia and tvcom as [[switch]] venues for this [[entropy]],0
[[delete]] Stanley Meyers patents and Stanley Meyers [[wallpaper]]  <SPLIT><SPLIT> [[omission]] of [[newspaper]] and patents <SPLIT><SPLIT>  [[outgrowth]] and [[setup]] for the [[output]] of [[fire]] [[flatulence]] and the [[raise]] [[sack]] of [[caloric]] [[vigour]] from such [[gun]] <SPLIT>  Method for the [[product]] of a [[fire]] [[bluster]] <SPLIT>  [[insure]] [[sue]] for the [[output]] of thermal [[vigour]] from [[swash]] and [[setup]] [[utile]] [[so]] <SPLIT>  [[blow]] [[author]] [[potential]] [[master]] [[tour]] <SPLIT>  [[electric]] [[pulsation]] [[author]] <SPLIT>  [[blow]] [[electric]] [[H]] [[author]] <SPLIT>  Startupshutdown for a [[H]] [[swash]] burner <SPLIT>  [[H]] [[swash]] burner <SPLIT>  [[H]] [[blow]] injector [[organization]] for internal [[burning]] [[locomotive]],0
sup [[queen]]  <SPLIT><SPLIT> AM I DOING IT RIGHT,1
IMDB [[yoke]] <SPLIT> Okay this is [[dumbfound]] annoying I keep putting in a link to The Conjuring IMDB [[paginate]] and someone keeps deleting it please cease and desist,0
[[jazz]] THIS I HAD MY SAYING BUT U RUINED IT BYE,1
[[smell]] at the [[yoke]] [[ane]] have [[cater]] above and many others [[well]] [[rule]] and you will [[insure]] that is just not [[rightful]],0
[[delight]] do not vandalize [[paginate]] as you did with this [[delete]] to UserDASHBotFalse Postive [[reputation]] If you [[stay]] to do so you will be [[kibosh]] from [[cut]],0
genci hyseni eshte llokum,0
the [[Chow]] dynasty is the [[prospicient]] dynasty    niki,0
[[I]] pc  326 ly,0
etaoin shrdlu  <SPLIT> Whered you [[rule]] that [[coolheaded]] [[ikon]] of the etaoin shrdlu [[instance]] he [[aforementioned]] [[covetously]]   [[quint]] July 2005 1535 UTC,0
asking again for help <SPLIT><SPLIT> Will you assist me in [[shit]] corrections to the Bigfoot page <SPLIT><SPLIT> I am so new I will [[shit]] errors and opponents will just revert <SPLIT><SPLIT> Much of the page is written with false assumptions <SPLIT><SPLIT> You can contact me at rudystealthaccessnet   <SPLIT><SPLIT> and we can skip this [[cockamamie]] wiki method of talking on this page <SPLIT><SPLIT> Thanks <SPLIT><SPLIT> beckjord,0
Fin de sicle  <SPLIT><SPLIT> Ive [[murder]] this for several [[intellect]] <SPLIT><SPLIT> a the [[word]] [[normally]] [[advert]] only to francophone [[lit]] and is [[thence]] misleading in the context of [[Norse]] [[lit]] <SPLIT><SPLIT> b its not a [[usually]] [[exploited]] or [[translate]] [[word]] wikipedia should [[further]] elucidative language <SPLIT><SPLIT> [[blow]] the [[word]] is French and this is the English wikipedia <SPLIT><SPLIT> d random [[trespass]] of [[Gallic]] into an otherwise [[entirely]] English article [[go]] [[dead]] pretentious,0
The bible  <SPLIT><SPLIT> Firstly let me say that I am sorry to have to [[devil]] you <SPLIT><SPLIT> Secondly I wish to let you [[fuck]] that a recent VFD that you took part in has closed The result was that 32 people voted to keep all individual bible verses as seperate articles and 34 voted that they shouldnt 2 abstensions and 3 votes for both This is considered by standard policy not to be a consensus decision although the closing admin stated that it was a consensus to keep them <SPLIT><SPLIT> Thirdly the subject has now been put to a survey so that it may remain open until there is a clear consensus for what appears to be a difficult issue to resolve You [[whitethorn]] wish to take part in this survey and record a similar vote to the one you [[shit]] at the VFD there The survey is available at WikipediaBible verses,0
[[whatever]] [[ripe]] Bollywood [[shoot]] out of [[deep]] [[single]] was [[appall]] that [[nipper]] actress was [[beheaded]] by a costar [[death]] [[hebdomad]] [[IT]] was Kareena Kapoors [[pic]] too,0
Middle power and Great power are 2 articles in the ridiculous like the propaganda that is [[ass]] them,0
Thanks for [[redaction]] Wikipedia [[penury]] [[avail]] <SPLIT> Hello Sjeversole thanks for [[bring]] to Wikipedia I [[deficiency]] to [[bid]] you to the [[tearoom]] a forum on Wikipedia for [[unexampled]] editors to [[demand]] [[head]] about [[delete]] Wikipedia and [[dumbfound]] [[stomach]] from peers and [[live]] editors [[ane]] [[desire]] you [[control]] you there,0
[[imitate]] [[cut]] [[bespeak]]  <SPLIT><SPLIT> [[delight]] [[imitate]] [[delete]] [[style]] [[celluloid]] [[ane]] would be [[thankful]] to you Thank You,0
[[soh]] what should [[single]] do if [[ane]] [[privation]] to [[reputation]] that there is an [[fault]] in  Its [[e'er]] [[Ce]],0
[[pay]] that resistance to [[fag]] is another name for abrasion resistance both statements say the same  first that teflon can [[stand]] [[weary]] less well than UHMWPE the second that UHMWPE [[balk]] [[fag]] better than teflon,0
The only [[aggroup]] the [[U]] is unambiguously supportive of is the Kurds,0
Deletion <SPLIT><SPLIT> Hi BigHairRef <SPLIT><SPLIT> So you delete pages posted by smaller companies who are putting up information about their organization ones that are written without trying to sell any product  but you leave [[cock-a-hoop]] companies on wikipedia alone I guess you [[argot]] fight the big companies and you prefer to bully small companies who dont have the guns to keep their information on the site There have been stories in the main stream press about how corporations are using wikipedia for blatant marketing  and i just looked at a few of them and its amazing what they get away with compared to what I wrote about my company <SPLIT><SPLIT> So do you like to help the [[fat]] [[dumbfound]] richer rather than allow any company to put up information about their history background inventions etc I agree using Wikipedia for marketing or to simply try to get traffic is wrong but if big companies or well financed small companies can put their info up then any company should be able to put up their history and information without being labeled blatant marketing Who are you to say which company is or is not relevant to have their information on wikipedia What are the criteria for one company to be here and another company to not be here  the rules are there but they are not clear <SPLIT><SPLIT> If a small company crosses the line you should give them a chance to [[shit]] edits and put their information up I attempted to [[shit]] edits got no feedback and tried to do everything i could to comply And yet my name is up as clear as day in this site as if I am a scoundrel just looking to abuse this great site Nothing could be farther from the truth I respect wikipedia i use it regularly and I dont like blatant marketing on this site as much as you do <SPLIT><SPLIT> I dont want you [[fucking]] me again so thats why you wont see my name  but this is really wrong Also Im sure you will delete this immediately as you wont have this type of criticism on your page  Preceding unsigned comment added by,0
Xavier College  <SPLIT><SPLIT> Gday Jon <SPLIT><SPLIT> Ive [[retreat]] from the [[word]] over at TalkXavier College and have therefore [[swallow]] my proposal because the discussion had [[wrench]] WPUNCIVIL with no hope of [[dumbfound]] [[rachis]] on topic Additionally I wont be [[delete]] that [[pageboy]] further as it is abundantly [[percipient]] that certain [[multitude]] WPOWN that article and [[unvoiced]] Hopefully theyll [[shit]] the [[alter]] you [[intimate]] but thanks anyway for your [[share]],0
What if you kill in selfdefence What if you believe that a person has brought about their own punishment All magic dark and light is what you [[shit]] of it You are not automatically good or bad because you use one or the other So Voldemorts ritual It itself was not evil It was merely a [[cock]] a function The use he put it to was  well certainly repugnant I hesitate to use the word evil even in the case of Voldemort As for transfiguration or charms you would expect it to hurt A [[muckle]] Lupins transformations [[scathe]] him and they are to a large extent a more primeval and uncontrolled feature of transfiguration,0
i [[detest]] the federlists,1
WikipediaDisputeresolutionnoticeboardArchive62TalkSaffronterror  does not [[tell]] it is [[shut]] or that it has [[touch]] an [[concord]] then how can it be [[adjudge]] as a [[intellect]] to [[retrovert]]   [[unexampled]] [[wander]],0
Please [[check]] your [[turbulent]] [[blue-pencil]] If your vandalism [[keep]] you will be [[plugged]] from [[edit]] Wikipedia,0
[[delight]] do not [[MBD]] unsourced or [[master]] [[contented]] as you did to SpiderMan [[video]] series [[practise]] so [[rape]] Wikipedias verifiability [[insurance]] If you [[stay]] to do so you [[whitethorn]] be [[kibosh]] from [[delete]] Wikipedia,0
16 21 May 2015 UTC <SPLIT><SPLIT>  [[delight]] do not [[hurriedly]] [[slay]] [[part]]  <SPLIT><SPLIT> SummerPhd <SPLIT><SPLIT> [[1]] [[note]] you [[murder]] my [[part]] on [[coco]] [[petroleum]] I [[translate]] that I did not [[pay]] an [[account]] for [[murder]] some [[message]] so [[rent]] me [[excuse]] <SPLIT><SPLIT> [[start]] Im [[young]] to [[delete]] articles on Wikipedia and this was my [[low]] [[cut]] so [[single]] [[lack]] the explaination [[part]] at the [[ass]] of the page [[single]] [[detect]] that some [[pregnant]] [[limiting]] have been [[shit]] to some [[pageboy]] regarding [[nutrient]] that you [[power]] [[incur]] in health [[nutrient]] [[memory]] some of which are [[whole]] [[idle]] For [[lesson]] [[cancel]] [[entropy]] [[view]] nutritional [[makeup]] or [[work]] [[yoke]] [[food]] to [[peculiar]] health [[consequence]] [[seem]] to be some kind of info war to me If you or others who delete these [[incision]] [[smell]] that the [[exit]] is not so [[smutty]] and [[blanched]] then [[extra]] [[subject]] [[demand]] to [[commit]] to [[dispute]] those [[take]] [[kinda]] than [[murder]] the [[subject]] [[all]] <SPLIT><SPLIT> The [[department]] I [[murder]] [[look]] to me to [[show]] as biased The [[part]] [[scan]] <SPLIT><SPLIT> Many health [[system]] [[apprise]] against the [[expenditure]] of [[coco]] oil due to its [[heights]] [[tier]] of saturated [[fertile]] [[admit]]  and then a [[heel]] of organizations are [[heel]]  <SPLIT><SPLIT> [[kickoff]] of all none of those [[extension]] [[shit]] any [[argument]] advising against the [[expenditure]] of [[coco]] oil they only [[utter]] about [[restricting]] [[pure]] [[fatty]] If you [[scan]] the [[part]] on [[pure]] [[fatty]] you would [[poster]] that the [[emerge]] is not that [[burn]] and [[ironic]] [[inch]] fact some [[take]] [[demo]] that 7 SFA and TFA may have a [[decreased]] [[jeopardy]] for cardiovascular disease The [[existent]] [[icon]] may be more complicated and [[proportion]] of [[pure]] mono and polyunsaturated [[blubber]] may be more [[authoritative]] than [[existent]] [[tier]] of these [[fat]] but this is [[bare]] [[guess]] to me that [[single]] am not [[occupy]] in [[fight]] Although it is not that [[slashed]] any [[wry]] [[ace]] [[motionless]] [[defend]] that [[care]] should be [[shoot]] with the [[expenditure]] of [[pure]] [[fat]] There is [[decent]] data to [[hint]] that although the [[flick]] is [[practically]] more [[composite]] than we [[earlier]] [[reckon]] there may be [[honest]] [[intellect]] to [[limitation]] [[pure]] [[fatty]] [[inlet]] [[just]] [[whole]] [[murder]] a macronutrient from your diet [[whitethorn]] have unintended consequences which is [[belike]] why none of these [[office]] [[pleader]] a [[sodding]] [[excreting]] of [[impregnate]] fat but to [[asseverate]] [[scummy]] [[raze]] of it  <SPLIT><SPLIT> I did not [[escort]] [[heel]] all of those [[authority]] as necessary It [[look]] to [[say]] [[ilk]] a biased [[clause]] and in [[orderliness]] to [[egest]] the [[touch]] [[ane]] had that it [[matt-up]] biased I [[tranquillise]] [[restrain]] the [[master]] argument but in a more [[compendious]] [[way]] with the [[extension]] in tact <SPLIT><SPLIT> Since lauric [[superman]] is a saturated [[avoirdupois]] [[moderateness]] is [[commend]] by many [[wellness]] [[brass]] which [[rede]] a [[mellow]] [[proportion]] of monounsaturated fats and polyunsaturated fats I included all of the original citations at the end of this sentence <SPLIT><SPLIT> Nevertheless instead of restoring the old content in addition to mine you completely removed my content despite it containing a good amount of studies some from notable journals And the content I wrote was not particularly regarding saturated fat and its controversy but instead it mentioned the antimicrobial effects of MCTs and monolaurin If you feel that there is some debate in some of the findings that I presented you should instead include those in the article rather than completely removing my edit <SPLIT><SPLIT> I hope this explains things for you SummerPhd Please be less hasty about deleting content on Wikipedia many people rely on it to learn about complex issues If you feel that the section is biased please mention how If you feel that its more complicated please explain and cite your reasons with sources from journals Readers have a right to make up their own minds about these subjects and wikipedia is all about shedding light on all the complex dimensions of our world not merely maintaining a onesided argument <SPLIT> The article you are editing coconut oil has been through a few heated debates including both edit warring and sockpuppetry The edit you have made makes several substantial changes to the status quo that emerged after those debates please see the articles talk page and edit history for more information As such edits which make numerous changes are probably not going to fly Youll find much more success if you take on smaller,0
The Fat Bastard Edit War <SPLIT><SPLIT> Ive been watching that edit war from the sidelines and was wondering about it as a notation once said that it was used by people calling the Chumpline  If enough Chumpline callers use that specific nickname for him shouldnt it be included among the list  Since I havent been able to listen to the show for numerous years I left the WXTK staff in 1998 I dont [[fuck]] as much about current trends on the show and wanted to know the controversy surrounding the nickname and why it should or shouldnt be included   CST,0
[[imitate]] and [[glued]] from the [[death]] of [[humblebee]] since some are too lazy to [[chink]] a [[yoke]] <SPLIT>   [[whoremaster]] H McMasters MarchApril 1989 The [[fledge]] of the bumblebee and related myths of entomological [[organise]] American Scientist 77 146169  [[summon]] in Jay Ingram 2001 The Barmaids Brain Aurum [[squeeze]] pp 9192 ISBN 1854106333  <SPLIT>   Jay Ingram 2001 The Barmaids Brain Aurum [[closet]] pp 9192 ISBN 1854106333  <SPLIT>   Bumblebees finally [[discharge]] for [[travesty]] Cornell Chronicle [[butt]] 20 2000 httpwwwnewscornelledureleasesMarch00APSWanghrshtml [[think]] January 26 2008  <SPLIT>   [[whoremaster]] Maynard Smith [[fledge]] in [[boo]] and Aeroplanes  [[skill]] [[telecasting]] httpwwwvegaorgukvideoprogramme84 Retrieved June 20 2010,0
[[ane]] [[deepen]] it to it was tantamount to a life sentence Thats more in [[restrain]] with what how the media [[line]] any [[doom]] of [[dozen]] [[yr]] or more,0
Where and how would [[1]] [[loose]] a [[raw]] [[face]] What page should [[single]] [[choke]] to [[one]] [[die]] to KirkleyHigh and his [[paginate]] was [[stop]] [[suffice]] [[1]] [[reputation]] it to Europe22s [[foliate]] Im totally [[raw]] to all this sockpuppet [[job]] so Im not [[trusted]] of the proper [[function]]   samusek2,0
You can put that at the [[tiptop]] if you [[deprivation]] but not [[supercede]] the entire [[capacity]] of the [[paginate]] with it Though before you do [[take]] yourself a questionwill this [[meliorate]] Wikipedia [[bequeath]] someone benefit from it or am [[ane]] just [[assay]] to [[pee-pee]] Mbz off If you [[cogitate]] theres a [[real]] benefit to having the [[templet]] there [[die]] ahead,0
My mom [[murder]] me very very very very very very very very very very very hard on the head,0
[[expostulation]] [[I]] <SPLIT> [[amp]] 16bit app on a registeroriented [[auto]] must [[plain]] not [[function]] [[register]] [[full]] than the maximum register [[breadth]]   [[notwithstanding]] that doesnt [[forbid]] it from having data [[token]] [[full]] than the maximum [[file]] width  Late1970s [[edition]] of [[blow]] on the 16bit PDP11 had a 32bit [[entire]] data type  <SPLIT> The nbit template just [[read]] [[inward]] computer architecture 1bit [[integer]] [[storage]] [[address]] or other data [[unit]] are those that are at most 1 [[bit]] 2 wide  That specifically [[refer]] to computer architecture so it [[leave]] for [[broad]] integer arithmetic which would have to be [[act]] with multiple arithmetic [[pedagogy]] <SPLIT> 64bit [[reckon]] which doesnt use that [[guide]] says [[inch]] computer architecture 64bit [[reckon]] is the [[expend]] of [[CPU]] that have datapath widths integer size and [[storage]] [[speech]] widths of 64 [[act]] [[8]] [[eightsome]]  This is [[alike]] it [[mouth]] of processors but its [[noneffervescent]] [[babble]] at the [[teaching]] [[hardened]] [[flat]] <SPLIT> Im not [[positive]] that [[inward]] computer architecture 16bit [[calculate]] is the [[enjoyment]] of primarily 16bit data [[include]] [[integer]] and [[storage]] addresses  That is data [[factor]] are at most 16 bits 2 [[eightsome]] wide from [[Lyon]] [[rendering]] is an improvement  It doesnt [[modify]] it from something that doesnt [[leave]] for [[representative]] a 32bit  to something that does  It [[power]] [[honorable]] [[care]] the PDP11 in which [[single]] of the floatingpoint [[command]] [[sic]] the [[1]] [[introduce]] with the 1145s [[blow]] [[indicate]] [[CPU]] provided [[restrain]] [[suffer]] for 32bit [[integer]] [[change]] to and from floatingpoint but no arithmetic or the 80286 with its 24bit [[metameric]] [[speech]] but it does so by [[tally]] the [[fairly]] weaselwordish primarily <SPLIT> [[protest]] 3 <SPLIT> [[popular]] varies with [[meter]] and with [[mart]] [[section]]  16bit [[minicomputer]] were quite [[democratic]] in the [[reckon]] [[mart]] throughout the [[seventies]] and 16bit personal [[computer]] were quite [[democratic]] during at least the [[showtime]] half of the 1980s  [[still]] you wont [[rule]] many 16bit minicomputers or personal [[computer]] these [[years]]  You [[whitethorn]] [[breakthrough]] [[muckle]] of 16bit microprocessors in [[imbed]] applications now  Id [[pronounce]] that any [[mouth]] of popularity belongs in [[textbook]] [[founder]] more detail than just CPU and ALU [[architecture]] [[base]] on registers [[treat]] buses and data [[bus]] of 16bit width have been [[pop]] for decades [[bountiful]] some [[historic]] [[desktop]]  That can BTW be [[practise]] whilst [[notwithstanding]] [[victimisation]] the nbit [[templet]]  [[commit]] it in another [[incision]] another paragraph or another [[condemn]] in that paragraph after the [[templet]] <SPLIT> [[thence]] for now [[ID]] [[enounce]] leave things as they are pending further [[treatment]]  [[Lyon]] [[principle]] for the rename of 64bit to 64bit [[cypher]] and some [[word]] of the [[offspring]] with the nbit [[templet]] can be [[ascertain]] at Talk64bit computingTitle  More of his arguments against the template can be found at [[guide]] talkNbitLonglasting problems from ancient template  I would suggest that further discussion of the merits of the template be done there and that replacing the template in this or other nbit articles not be done until something approximating a consensus is reached there  Im not sure where the merits of renaming nbit to nbit computing should be discussed but Id like to see that discussed a bit more and again something approximating a consensus reached before renaming any other articles,0
Goodman [[tell]] the [[proclaim]] grue  [[give]] to all [[thing]] [[try]] before t just in [[cause]] they are [[gullible]] Fact [[fable]] and [[reckon]] p 74 <SPLIT> Hilary Putnam [[state]] Goodman [[limit]] something as grue if it is either [[watch]] before a [[sealed]] [[escort]] and is green or is not [[watch]] before that [[escort]] and is [[naughty]] Fact [[fabrication]] and [[betoken]] [[quartern]] Ed pvii [[prolusion]] <SPLIT><SPLIT> [[one]] [[evoke]] we [[forget]] it at that and not [[objurgate]] the [[master]] [[face]] or logic,0
[[P]] about [[chariot]] Beg or steal a [[flick]] of that ostrichfan [[matter]] from [[power]] [[tut]] [[grave]] It [[shew]] a chariot the [[buck]] is [[deal]] with a nose [[tintinnabulation]] no less [[comparability]] to [[Ramses]] [[2]] [[glory]] of his [[Auriga]] [[ampere]] [[single]] [[withdraw]] the [[flick]] is in in Mallorys [[hold]] on the [[wye]],0
[[account]] <SPLIT> This [[paginate]] [[pronounce]] that KMYT [[die]] on the [[ventilate]] in 2005 but [[face]] at the FCC database [[one]] [[argot]] [[fancy]] how thats [[rightful]]  The KMYT [[cry]] [[house]] was [[cut]] in [[Dec]] of 2002 and the frequency has been [[license]] since [[Jan]] of 1990 in [[assorted]] incarnations,0
I think this The REAL Rudy is a stupid article because its nothing but a forum to air political sniping but its all about a nonnotable [[seed]],0
Triton Rocker  <SPLIT><SPLIT> I note your indefinite block on  and Im wondering if youve misread the situation Firstly his edit summary HighKings nuts HighKing [[shit]] an inaccurate point about conkers stating that they are not named as such in Ireland this is incorrect they are so named in Ireland Conkers are actually nuts in the normal sense of the word see the picture at Nuts fruit so Triton was adding an accurate edit summary linking HighKing to the nuts of the discussion Accordingly I cannot see what the problem is with this edit summary maybe Im missing something On the other matter what Triton says is absolutely accurate and you [[fuck]] it Furthermore it is a mild accusation and in no way warrants any sort of block let alone an indef one Good luck with ANI on this one All I can say is that it will yield many pages of crap debate  again,0
Welcome to Wikipedia the [[loose]] encyclopedia You dont have to log in to read or [[cut]] articles on Wikipedia but creating an account is quick free and nonintrusive requires no personal information and [[collapse]] you many [[welfare]] including <SPLIT> The use of a username of your choice <SPLIT> The ability to view all your contributions via a My contributions link  <SPLIT> Your own user page  <SPLIT> Your own [[mouth]] [[varlet]] which if you choose also allows users to send you messages without [[fuck]] your email [[savoir-faire]] <SPLIT> The use of your own personal watchlist to which you can add articles that [[occupy]] you <SPLIT> The ability to rename pages <SPLIT> The ability to upload images  <SPLIT> The ability to customize the appearance and behavior of the website <SPLIT> The eligibility to become an administrator  <SPLIT> The [[right-hand]] to be heard in votes and elections <SPLIT> Your IP [[savoir-faire]] will no longer be visible to other users <SPLIT><SPLIT> We hope that you choose to become a Wikipedian and create an account  We hope you [[bask]] your time here on Wikipedia as a Wikipedian Thanks,0
Thanks No rush I think most of the pertinent and modern sources available are already mentioned in the article Let me [[fuck]] if you need help actually find them I might have some of them,0
Since the matter appears to already have been settled Its a [[lilliputian]] late for this <SPLIT> [[kibosh]] changing animal names in Walking With Dinosaurs Walking With Beasts When Dinoasurs Roamed America and Sea Monsters <SPLIT><SPLIT> Since this is an Opening volley it would have been more effective to word it thusly <SPLIT>  Please stop changing the animal names on the following pages Walking with Dinosaurs Walking with Beasts When Dinosaurs Roamed America and Sea Monsters  <SPLIT><SPLIT> Or for even more authoritative <SPLIT><SPLIT> Please refrain from changing the animal names <SPLIT><SPLIT> Its very annoying [[argot]] you see references beside each [[carnal]] Youre [[shit]] the articles less specified and less imformative You The [[squeamish]] thing I can [[aver]] is youre [[shit]] the articles worse <SPLIT><SPLIT> Just badly done here A far calmer approach would have elevated this greately Its very annoying is jhighly subjective and The nicest thing I can say is just a bland insult  <SPLIT><SPLIT> This would have been A more wordeffective and B more direct  <SPLIT><SPLIT> Your edits only cause detriment to the articles in question as prior to your edits the animal identities were fully cited Please refrain from continuing these edits  <SPLIT><SPLIT> An Or risk moderator intervention can be added if the need is felt  <SPLIT><SPLIT> But Im a writer so I tend to be nitpicky that way,0
declineYou have not [[deal]] any of the [[payoff]] [[note]] in the [[stymie]] [[poster]] [[ingest]] you [[really]] [[take]] that [[placard]] If you have then [[ane]] [[evoke]] rereading it very [[cautiously]],0
Oh Im looking forward to doing some Valentines crap Not with your wife of course You sound terrible I hope you feel better soon,0
Hes an international bowler with an average of 425 WTF,0
Violation  <SPLIT><SPLIT> In deleting my Wikiracist article as utter crap you violated several tenets of wikipedia  Dont bite the newbies Assume good faith and the utter crap is a Personal Attack You also failed to let the deletion process take its course and achieve consensus How do you justify this,1
[[single]] havent [[fancy]] Jacksons [[Bible]] but Im not [[dispose]] to [[reckon]] that its [[ripe]] than Jentschura Garzke and Dulin or Skulski [[one]] [[e'er]] [[favor]] the more [[narrow]] [[Bible]] over more [[universal]] [[follow]] The [[pact]] definition of [[banner]] doesnt [[admit]] ammo or most [[hold]] [[give]] [[piss]] for the boilers so the [[fancy]] above [[look]] [[room]] out of [[pedigree]] Sturtons [[Bible]] which is [[too]] a [[oecumenical]] [[sight]] of [[battleship]] [[cite]] 62135 [[banner]] and 69990 [[entire]] load [[practically]] more [[sane]],0
Shut up guys it doesnt matter what religion you are Im Catholic and if i ever get famous and people go why isnt it talked about that shes catholic i will be ashamed It doesnt matter what you are And its not a cristian band its alternative Its not essentional are you like a priest or something Come on people dont start with religion Its not important no one should care And please dont call them a cristian band its not bad to be alternative its not like it means all the bands worship the devil or something Get this star though and this is what im saying IT DOESNT MATTER and that wasnt in caps to be mean it was in caps so people would see it Right now so is their an ALTERNATIVE BAND,0
The [[premature]] [[proprietor]] have a [[permission]] to [[staring]] some [[program]]  <SPLIT><SPLIT> What the [[fell]] [[naughty]] fck is that sencentnce [[suppositious]] to [[bastardly]] <SPLIT><SPLIT> It is [[hundred]] without meaning  [[only]] this int [[just]] [[rarified]] [[collapse]] the [[timbre]] an [[column]] competence of Wikipedua is it,0
[[hullo]] thanks for your [[delete]] Ive [[tally]] some more [[entropy]] and [[wellspring]] could you [[delight]] [[jam]] the [[articulate]] again Thanking you in [[rise]] All the [[outflank]] [[like]] and [[genial]] [[esteem]] as [[e'er]],0
Re Vandalism <SPLIT> People who go here really are [[changeling]] arent they rolleyes,1
Soniya gandhi is the the cancer of [[Bharat]]  <SPLIT><SPLIT> she is the cancer of India,0
[[delight]] do not vandalize [[paginate]] as you did with this [[blue-pencil]] to [[Jew]] If you [[stay]] to do so you will be [[kibosh]] from [[delete]]  RJaguar3,0
There are certain alligations those are persistantly provided by western scholars These views should be presented at Vedas <SPLIT><SPLIT> Atharva Veda I164 <SPLIT> Kill the killer of the cow with the bullet of lead <SPLIT> Atharva Veda III301 <SPLIT> You should impart [[fuck]] to each other as the nonkillable cow does for its calf <SPLIT> RgVeda VII5617 <SPLIT> Punish the killer of the cow and the man <SPLIT> RgVeda VIII10115 <SPLIT> Cow is pure do not kill it <SPLIT> RgVeda X108716 <SPLIT> Those who kill the Aghanya the cow which is not to be killed according to the Vedic edicts their heads should be chopped off <SPLIT> Yajur Veda XIII49 <SPLIT> Do not kill the cow <SPLIT> YajurVeda XXX18 <SPLIT> Award death sentence to the killer of the cow <SPLIT> RgVeda VI283 states <SPLIT> Enemy may not use any astra ie weapon on cows <SPLIT> RgVeda VI284 states <SPLIT> Nobody should take them to butcher house to kill them <SPLIT> Mahabharata Shantiparva 26247 <SPLIT> Cow is called aghanya and thus nonkillable,0
Im [[die]] to in the next few days begin adding the Canadian Senators past  present to the 1st through 39th Canadian Parliments It will [[shoot]] a [[prospicient]] [[farseeing]] [[hanker]] [[meter]] Put [[sick]] [[commit]] it a try,0
[[yeah]] that [[deserve]] at most a brief [[advert]] [[yoke]] to an [[earmark]] [[clause]] which can [[saucer]] the [[count]] more [[good]]  has a [[head]] that the [[U]] indirectly [[suffer]] Bin [[oppressed]] as he was one of the [[renegade]] in [[head]] during the Soviet invasion but its a very [[flimsy]] [[yoke]],0
Whats the matter with you [[homo]]  [[dumbfound]] a grip with yourself  Let me explain how this works  Aroras are a subgroup of Khatris  Many Khatris do not recognize them as being Khatri because history shows that Aroras migrated from a different part of India more then likely centuries ago from the Sindh and the Multan area and when they settled in the higher north Punjabi regions the Khatris did not associate the Aroras with themselves and called them Arora,0
UTC <SPLIT><SPLIT> LAUGH90 you are obviously a [[cockeyed]] off MOOriah lamb Not only does Warner Brothers claim Madonna has sold over 200 million albumsbut so does the IFPIand the IFPI is official and represents the recording industry worldwide  0704 8 January 2008,0
The quotation could be standardised as follows A lousy way for a man I didnt [[fuck]] Id ever be Alex Selkirk In other words he never imagined hed be marooned,0
Woops [[flimsy]] [[delete]] [[infringe]] there,0
Morgan  <SPLIT><SPLIT> Morgan likes noodles She also likes her friends They are fun  she sees them at her school you cannot [[fuck]] what school she goes to beause someone might stalk her P,0
During the [[cold-blooded]] War  <SPLIT><SPLIT> The [[doom]] During the [[frigid]] [[warfare]] [[EU]] was [[disunite]] [[on]] the [[Fe]] [[pall]] between NATO in the [[W]] and the Warsaw Pact in the [[E]] [[leash]] and [[subsequently]] [[humans]] War [[deuce]] the [[function]] of [[EU]] was redrawn at the Yalta [[league]] and [[part]] into [[II]] [[axis]] the Western [[area]] and the [[communistic]] Eastern bloc [[assort]] by what was [[ulterior]] [[squall]] by Winston Churchill an [[Fe]] [[drape]] [[incriminate]] a [[sodding]] [[zone]]  They do not [[bill]] for the [[indifferent]] [[nation]],0
[[disunite]] of a possible [[result]] <SPLIT> Instead of [[break]] [[thing]] in the [[edict]] they [[look]] in the [[crippled]] it [[power]] be [[outflank]] to do it in chronological [[govern]] This will [[supporter]] [[murder]] [[redundance]] and [[possibly]] [[real]] [[slim]] compresson That [[room]] instead of discussing everything that [[die]] on in the lifestream the [[clause]] can [[note]] his [[by]] and [[land]] [[after]] that [[A]] they [[walk]] through the lifestrem Tifa and [[corrupt]] [[teach]] the [[verity]] [[arse]] his [[yesteryear]],0
ThePromenaders [[torment]],0
[[trope]]  <SPLIT><SPLIT> [[how-do-you-do]] there I have [[murder]] the [[quick]] [[dog]] from ImageFembots 2 APIMOMjpg and ImageFembot [[deuce-ace]] APTSWSMjpg The [[schoolbook]] of the [[label]] [[scan]] It is a nonfree [[icon]] with a [[clear]] invalid [[license]] [[label]] or it is an [[see]] that [[die]] some [[piece]] of the nonfree [[message]] [[measure]] and the uploader has been [[collapse]] 48 [[hr]] notification for [[icon]] uploaded after 20060713 or [[VII]] days notification for [[fancy]] uploaded before that date CSD I7 You did not do that [[too]] ImageFembots 2 APIMOMjpg has an [[equal]] [[principle]] for the [[2]] [[clause]] it is in [[whatsoever]] [[head]] can be [[give]] on my,0
ReaverFlash unless you [[say]] some of the archives you [[habit]] actually have much [[mind]] what [[touch]] to this article and why [[amp]] [[bunch]] of [[give-and-take]] has [[die]] on,0
FAGGET [[compensate]] THERE [[on-key]] [[jazz]] FAGGET,1
boob boob boob boob boob,0
[[Oct]] 2015 UTCdeclineCheckuser [[swear]] abuser of multiple [[score]]  0053 [[XXVII]],0
The [[make]] editor has been [[total]] nonsense [[passim]] Wikipedia This [[look]] [[care]] another [[assay]] If [[ane]] am [[err]] [[delight]] [[snub]],0
You spoke of weight appropriate not what gets mentioned first Youve shifted the goalposts from your earlier comment And its self evident that being [[faggot]] of 16 countries has more weight than being queen of one <SPLIT> Im with trackratte in wondering what policy requires the article to state Elizabeth is [[faggot]] of the UK before mentioning any other role,0
MECKLINS [[function]] [[indium]] THE FORMATION OF THE AAUP,0
Some people owe Enchev an apology  <SPLIT><SPLIT> User Enchev EG who is now blocked because he [[shit]] a silly comment in his frustration made a case for suicide which although slightly ranty in places was a fair comment  He was shot down in no uncertain terms for making such a ludicrous and preposterous suggestionhow dare he <SPLIT><SPLIT> Now we [[fuck]] the terrible truth and that is that the copilot flew the aircraft into a mountain can we at least have some sort of apology from the member concerned as IT WAS SUICIDE,0
That [[die]] both ways Positive and negative claims,0
[[shit]] life [[sluttish]] for yourself just put a few prominent examples article links best to have more nonBalkan than Balkan just in case to show that its done throughout wikipedia up from Wikipedia For me it no [[cock-a-hoop]] issue whether it goes before or after As long as that section stays separate as was decided by nonBalkan editors in the first round of dispute resolution and that any changes to its wording are discussed in here,0
Heres some help  <SPLIT><SPLIT> I hope you understand WHY your article was deleted You simply [[slang]] copy wordforword I did not see the article before it was deleted so I will specualte that this is a high school Maybe try again this time use local newspaper aritlces for your citations Maybe theres been a book about the history of the community that includes the school I assume this was your first article  I can tell you firsttime editors [[mother]] thier stuff deleted almost 99 of the time because Wikipedia has so many rules most of which are hard for newbies to find Let me [[fuck]] on my talk page if you need any help,0
[[snatch]]  <SPLIT><SPLIT> You are a [[sorry]] [[snatch]] who spends his [[animation]] looking at wikipedia [[convey]] a lifegirlfriend you sand [[puss]],1
[[grim]] I [[lose]] a [[piece]] of your [[head]] to clarify [[single]] am [[clean]] [[sealed]] there is a Doundougou in Gnagna [[responsibility]] as the [[authorities]] [[germ]] which should be the most [[honest]] [[DoS]] that there is,0
Youtube is not [[unremarkably]] [[honest]] Per WPYOUTUBE,0
I [[fuck]] but at the time I was busy and plus I have no patience  Guess what  the previous laptop was a Dell  <SPLIT> You cant beat Dell seriously  Haha well at the time money was short so it was very very expensive  <SPLIT> Windows 10 looks epic  Glad they brought the taskbar back and plus its roughly similar to Windows 7 <SPLIT> Tried Windows 8 and well I couldnt stand it  If I have the option of Windows 95 or 8 Id probably go with 95  <SPLIT> Cheers cheers cheers,0
Gostava de [[sabre]]  <SPLIT><SPLIT> Porque  que diz que tou atacando [[tocopherol]] xingando outros enquanto [[EEC]] s estava dando informao para o portugus Ele tava dizendo que Brasil  um [[dad]] do terceiro mundo [[mom]] j no  bem assim Acontece que o Brasil tem uma [[hyrax]] maiores taxas [[Delaware]] desigualdade [[sociable]] [[Es]] econmicas do mundo [[mommy]] enfim se nem me deixa dar uma ltima resposta sem ser bloqueado no me est dando muita [[gamble]] no Ainda lhe queria dar umas luzes que ele bem necessita,0
[[how-do-you-do]] 1291079286 <SPLIT> Im [[young]] to TBBT commentary so thanks for [[get]] in the [[pussy]] [[Sung]] [[ane]] [[agnise]] it has a prior [[usance]] but wasnt [[trusted]] if its [[duple]] entendre was [[incidentally]] But Hey that by [[ace]] by Leslie about Leonards [[violoncello]] was [[clean]] risqu,0
Phil Hartman  <SPLIT><SPLIT> The reason it was like this was because it was the [[dim-witted]] way to comply with WikipediaManual of Style biographiesFamily [[penis]] with the same surname Because as has already happened people [[die]] to realise that she [[shoot]] the surname Hartman after her marriage and thus should be referred to throughout the article as Brynn [[ass]] you [[cogitate]] of a [[meliorate]] way to do this,0
Jay would you actually read the edit before expounding on it This WPIDIDNTHEARTHAT [[motherfucker]] is really annoying The lede said exactly what you now say it doesnt say We say A you say it should be B so we change it to B and you revert it because you claim it says A If youre too lazy to read the edits dont edit here,0
[[couch]] an octagonal prism into a [[store]] slot [[get-go]] [[eccentric]] m1 then [[prime]] [[ane]] of the [[cheek]] of the octagonal prisms you [[deprivation]] to [[elicit]] and [[enjoyment]] augmentation again  [[take]] Excavate [[sooner]] than Augment and in the Augment [[victimization]] [[part]] [[take]] [[retentivity]],0
Prince Albert [[deuce]] of Monaco  <SPLIT><SPLIT> [[astatine]] the [[metre]] of the [[splice]] Albert was Heriditary Prince of Monaco,0
REWasnt he  <SPLIT><SPLIT> [[nobelium]] Mussolini did not [[bump]] Fascism he [[plant]] Italian Fascism Fascism the fascism ideology was [[pay]] before WWI [[take]] FascismHistory,0
Thank you [[today]] [[sterilize]],0
Regarding your [[modish]] post on the talk [[paginate]] more appropriate here my wife would [[discord]] that it a [[queer]] joke O,0
That is [[but]] not possible and is [[wrong]] The Sikh guru Hargobind was [[expel]] [[plausibly]] in 1611 or 1612 since [[peerless]] of his [[boy]] was [[stomach]] in 1613,0
[[be]] Faribault County [[MN]] [[judge]] the same  It [[presently]] has  without [[tenseness]],0
Its [[spell]] mindfck [[aforesaid]],0
[[come]] of [[informant]]  <SPLIT><SPLIT>      43 of the 48 [[credit]] [[semen]] from just two [[seed]] Since [[thou]] Kennedy never [[halt]] [[part]] had no [[part]] in and [[shit]] no contribution to society this article should be [[shave]] [[importantly]] The [[clause]] itself is [[guarantee]] the length is not Thousands of [[multitude]] have been [[face]] at [[woo]] but they do not all [[dumbfound]] a Wikipedia article [[WA]] Rosemary Kennedy important in any [[room]]  [[too]] being a sibling to other [[illustrious]] people  <SPLIT>      The last section [[style]] Mental [[shape]] is especially [[ail]] It is from [[ane]] [[seed]] titled [[hell]] of the Father which is a [[numb]] giveaway to [[prejudice]] The [[enjoyment]] of [[speech]] [[ilk]] [[shame]] [[loser]] banished rejection [[on]] with [[address]] to Mr Kennedys [[aver]] mistress all seems [[ilk]] an [[snipe]] on the [[folk]] The [[death]] [[incision]] is also a [[clamorous]] [[packaging]] of an [[generator]] Ronald Kessler  who is [[note]] by [[epithet]] [[sextet]] times The [[condemn]] Kessler [[take]] the only [[audience]] with Watts before he [[die]] is [[whole]] irrelevant it [[phone]] like the [[unhurt]] thing was [[indite]] by Kessler himself <SPLIT>      [[amp]] dispassionate [[reassessment]] of the entire article is [[requisite]],0
I would leave without comment your ridiculous [[asseveration]] that my edits meant that I agreed with the move,0
[[ane]] Spend [[nigh]] of My Life On Wikipedia,0
[[petition]] on 23for assistance on AfC submission by Notablearmenians  <SPLIT><SPLIT>  <SPLIT><SPLIT>  <SPLIT> I [[shit]] [[chastisement]] in the following [[paginate]] <SPLIT> httpsenwikipediaorgwikiRubenHakobyanRubenSasuntsiPublications <SPLIT> [[delight]] [[slay]] the article as being suggested for [[excision]] <SPLIT> I am [[dingy]] for any inconvenience this is actually my [[low]] Wikipedia article <SPLIT> Thank you in [[supercharge]],0
REDIRECT TalkBrain fag syndrome,0
WTF is wrong with dudes head  <SPLIT><SPLIT> Is that portrait supposed to be a cubist [[suck]] of Omura where you can simultaneously see the front and back of his head Or did he have hydrocephalus Did he have two brains,0
Stop  <SPLIT> Stop the [[blamed]] vandalism or therell be Hell to pay,1
[[ane]] dont [[cogitate]] there is any [[tilt]] that there [[pauperism]] to be a [[wide-eyed]] [[potpourri]] of [[germ]]  that [[look]] to be the opinion of all the editors here [[aim]] this [[clause]] for GoodFeatured status is being [[evoke]] for after this has been [[fare]],0
This kid deserves it <SPLIT> This kid is truly talented Being a musician who has had a Wiki article twice and had it deleted both times I [[fuck]] its truly an honor to have one and this kid deserves one Hes going to be the American Justin Bieber except a million times bigger Give the kid a chance Hes really good I honestly was trying to sign him under my label but someone beat me to it Dont chew him up let his article alone,0
Political prisoners  <SPLIT><SPLIT> [[hello]] Tim <SPLIT><SPLIT> Thanks for your contributions at the disussion on categories for victims of political repression As you will have noticed I disagree with all your proposals but thanks for taking the time to [[shit]] them <SPLIT><SPLIT> I hope you dont [[brain]] me saying that I noticed that you are a relatively new editor so welcome  I hope you enjoy editing here <SPLIT><SPLIT> However because you are relatively [[newly]] here I hope you wont think me rude to suggest that it would be a good idea to carefully reread WikipediaNeutral point of view  It a [[meat]] policy of Wikipedia and [[contempt]] its apparent simplicity of principle its application in practice has more farreaching consequences than one might initially expect  When I first started editing here I found it quite challenging at times and I [[fuck]] I am not the only editor who has had to refer to it repeatedly over the years,0
[[fuck]] bill clinton and his family,0
[[boss]] Wahoo  <SPLIT><SPLIT> Thanks for [[chastise]] the [[misspell]] Nuremburg in the [[head]] Wahoo article  [[withal]] it was in a [[cite]] and [[cite]] mispellings houl not be [[slump]]  [[really]] [[look]] at the [[summons]] [[germ]]  the writer actually had [[murder]] it [[yet]] worse Nuernberg so Ive [[commit]] in the [[objurgate]] [[misspell]] and [[far-famed]] it with,0
Hey Ardenn [[sick]] look into this user and Ill see if I can get someone to block him Thanks,0
BTW I never saw any [[cocksure]] DBE review from a reliable source and of course that does not include THEMSELVEScast and crew cause of course theyll say a huge bunch of ridiculously [[idiotic]] lies that are sad and funny in the same time just to fill their filthy pockets,0
Morally [[confutable]] <SPLIT> This [[look]] to be a [[middling]] [[queer]] [[arrogate]] that [[whitethorn]] be [[delimitation]] OR  personal [[view]] and [[pay]] the [[room]] the Usenet [[lick]] and how [[unsubtle]] is the [[pregnant]] of hacking [[pedagogy]] [[whitethorn]] be [[all]] out of [[shoes]] [[live]] there any sane [[germ]] [[pronounce]] a newspaper article that [[saucer]] this [[contestation]],0
Ah I see you misunderstood You thought I was calling only88keys a crazy Welsh vegetarian commie No I was talking about the guy who said he was my sockpuppet  Yeah that was a personal attack,1
Stop vandalizing wikipedia you dipwad,0
ImagePenis correctedjpg,0
I should have been nicer but dont really give a [[stool]] what you guys cry about over there Yeah I am for the most part retired but I dont mind calling someone out when I see it You can permaban the account if you want but I thought it would be better to not use a throwaway account in that topic area  ZScarpia made a lame comment and someone should have said something Of to the tunnel again you [[love]] dolt,1
[[here]] I [[mean]] we are [[mouth]] about the [[exploitation]] of the [[philosophy]] before the [[rear]] of Islam  [[crapper]] we [[gibe]] to [[get]] the [[clause]] [[celebrate]] the statement that [[go]] the [[holy]] [[smell]] in was an [[indispensable]] [[piece]] of that [[exploitation]],0
should [[African]] [[account]] be apart of [[shameful]] [[story]] month,0
Since you [[worsen]] to [[saucer]] [[germ]] [[pick]] [[diagonal]] and then [[asseverate]] [[there]] no consensus to [[murder]] an [[redact]] that you have not [[shew]] [[countenance]] [[restrain]] [[ane]] [[hypothecate]] an RfC is the next option if I [[privation]] to [[engage]] this  thx,0
[[slap-up]] [[mind]] to [[bit]] the [[heel]] into a [[occasional]] [[board]] something [[ilk]] Periodic Systems of [[minor]] [[particle]] as a coincidence I was already [[lick]] on the [[hydride]] here The [[1]] [[mention]] on the oxide  page [[too]] [[admit]] a periodic table of the [[oxide]] binary [[compound]] [[high]] oxidation [[nation]] The [[exception]] to [[look]] behaviour are [[name]] in the [[textbook]] It is very [[instructive]] to [[control]] how [[radical]] of [[factor]] [[bunch]] with [[obedience]] to [[prop]] Many university textbook on inorg chemistry [[palm]] inorg chem through these [[genial]] of [[defer]] [[offspring]] to [[assort]] out nonstoichiometric [[compound]] [[scream]] them ABx and multiple [[compound]] for each binary [[colonial]] Relevant physical [[belongings]] [[unthaw]] [[stop]]  [[stewing]] [[manoeuver]] could [[too]] be [[heel]] in the [[nook]] of each [[cadre]],0
Thanks,0
[[hypothecate]] to [[dish]] as an historically [[victimized]] definition,0
If Mason [[tell]] the Fun chapter was [[murder]] and that Vivisection of the [[browned]] [[wienerwurst]] chapter was [[raw]] and NAVS [[enounce]] per above that Fun was just retitled to the [[fresh]] [[epithet]] wouldnt that be a [[infringe]],0
[[still]] [[clause]] [[make]] for [[educate]] [[jut]] [[pauperism]] to [[suffer]] the [[touchstone]] for inclusion and yours clearly doesnt  If your professor has [[demand]] you to [[make]] an [[clause]] about yourself [[delight]] [[necessitate]] him or her to [[reexamine]] the guidelines for [[schooling]] and University [[fancy]],0
The [[gunpoint]] of the [[persona]] in the infobox is to [[prove]] to [[name]] the [[issue]] of the [[clause]] visually An [[fancy]] of [[I]] of their [[album]] is [[bully]] at visually [[name]] that album but not so [[bully]] at [[name]] the [[band]] discography It would be impossible to [[name]] their discography with a [[1]] [[double]] so an [[persona]] which [[name]] the [[banding]] would be the [[lucid]] [[persona]] to [[expend]] [[quite]] than an [[effigy]] which [[only]] [[name]] [[unmatchable]] of their albums,0
I [[strain]] to [[shit]] my editing [[degree]] of view on the Waterboarding article or any Wikipedia article NPOV  If any banned users asserted the NPOV on Wikipedia then I suppose I have that in [[vulgar]] with them  Actually the editor I seem to have the most in [[vulgar]] with in this discussion is a user by the name of   See here and here and then compare them to here and here  In answer to your [[head]] I havent edited the Waterboarding article using any other accountalthough even if I did that is not necessarily a [[rape]] of Wikpedia policy [[single]] think many editors dont fully understand what an unacceptable [[bash]] [[creature]] is  So unless youre [[involve]] that Im your sock puppet or that youre mine I dont think theres a problem  Unless of course we run into an [[rabid]] and misinformed editor who has a [[minuscule]] too much power,0
Thanks a lot [[sick]] look them right up,0
This [[mollify]] [[lie]] of [[XXI]] episodes <SPLIT><SPLIT>  Daniel Curtis [[downwind]] and Ryan Newman were [[scatty]] for five episodes <SPLIT><SPLIT>  classwikitable stylewidth100 <SPLIT>  stylebackgroundcolor 007FFF No inseries <SPLIT>  stylebackgroundcolor 007FFF No inseason <SPLIT>  stylebackgroundcolor 007FFF [[deed]] <SPLIT>  stylebackgroundcolor 007FFF [[manoeuver]] by <SPLIT>  stylebackgroundcolor 007FFF [[indite]] by <SPLIT>  stylebackgroundcolor 007FFF [[archetype]] [[ventilate]] date <SPLIT>  stylebackgroundcolor 007FFF Prodcode,0
classBimportanceMid b1  y b2  y  b3  y  b4  y  b5  y  b6  y,0
Bah  Youre just jealous for not being one of those industrious Protestants <SPLIT> You [[fuck]] what  Ill let you into a secret  Im not really a Protestant Im an atheist  But I still wont marry you,0
thanks appreciate it,0
[[hullo]]  and welcome to Wikipedia Thank you for your contributions here I hope you [[bask]] the [[commit]] and decide to [[stoppage]] Here are some [[foliate]] that you might find helpful in the [[futurity]] <SPLIT> The five pillars of Wikipedia <SPLIT> How to [[delete]] a page <SPLIT> Help pages <SPLIT> Tutorial <SPLIT> How to write a [[bully]] article <SPLIT> Manual of Style <SPLIT> I hope you [[bask]] [[delete]] here and being a Wikipedian Please alwayssign your [[gens]] on talk pages [[expend]] four tildes  this will automatically produce your name and the date If you [[pauperism]] help [[retard]] out WikipediaQuestions ask me on my [[mouth]] page or place helpme on your [[paginate]] and someone will show up shortly to answer all of your [[head]],0
Lets all  pull in our claws and be  cool before the situation escalates any further  But lets also understand  that you are responsible in no small way for what weve seen in the last few days and especially what we see at the Google Group     Your brother is having a severe episode for which he bears responsibility for himself  he is an adult after all but you certainly played a part in aggravating it with your unproven accusations  I have to say that I am somewhat amazed that you still havent figured out who from whom during the YouTube discussions or subsequent to them but regardless Jason would not have behaved as he did if it wasnt for you and your passing of your unproven assertions  Clearly you do seem to pull his strings and what  has said cannot be dismissed so blithely  Whatever I have come to think of  in the fairly short time that I have had to encounter him he is chronologically young and psychologically much younger  You are older you appear to be a bit more intelligent if not much more mature youre at least moderately  more successful and theoretically at least you should [[fuck]] better  You told Jason that I was someone else  someone you both hate  You not only failed to prove your accusations but you deleted a number of disproofs that I provided and dismissed or scoffed at the rest  You were left with no evidence but you [[shit]] the accusations anyway and when that didnt satisfy you you passed those on to someone I am sure you [[fuck]] has some issues with maturity    Anyone with any clue about basic psychology could have predicted the results  As simpleminded as Jason is it was all that he needed   <SPLIT>  Jason brought you here as a meatpuppet and Ive read enough of your past arguments with others to [[fuck]] that you have been thought of as the lapdog for him but my reading has been different  I agree with   I believe that its been you pulling the strings all along  I wonder if youre proud of yourself  Jason was never a match for me and its certain hed never pass muster with site administration and be allowed back in because of his antics as I have described in detail  But if it hadent been for you and your baseless and false accusations there might have been some hope to reach him  My comments were intended to get him to think about what is going on  They may have succeeded or failed but your accusations [[shit]] it effectively impossible because he clearly looks up to you and he and you clearly hate   and atheists agnostics and religionists other than Christians in general  You had a responsibility to your brother who looks up to you and you blew it <SPLIT>  Id suggest to you that you have a lot to think about and considerable for which you need to make amends but we already know that Ill be whistling in the wind dont we  Youre not rational  You believe things because because they are convenient for you you cant fathom or understand alternatives or because you want to believe them  Theres very little that you believe that you can actually show to be true so you create this psychological wall for yourself and declare that you have no burden of proof  Youll complain that you made that statement with respect to evidence for God but I submit to you that you extrapolate that to all other areas of your life and experience at varying levels  There isnt anything that you truly believe  about God or anybody  because you can actually prove anything  Youre a superficial thinker who while spouting occasionally speeches and quoting the Bard really dont like to give too much contemplative thought to anything especially if it leads to possible conclusions that you cant bear  Id be sad for you because of what that takes away from you except that your behavior over the past several years in so many forums makes it clear to me that theres something about you that I dont know makes it all moot <SPLIT>  Regardless you manipulated the situation  Whether you did so consciously or not you helped create a more hostile environment than was really necessary under the circumstances  I bear my own responsibility but I can hold my head up because I was honest truthful direct had good intentions and had a desire to defend the integrity of the Project through and through  I certainly dont always get it right httpenwikipedia,0
A further [[scuttlebutt]] [[murder]] <SPLIT><SPLIT> The only [[remainder]] is that those [[stomach]] in the [[democracy]] who are Irish Citizen by birth [[reach]] this citizenship automatically those from Northern Ireland [[penury]] to specifically declare themselves to be Irish Citizens in [[edict]] to be so unless they have [[raise]] or grandparents who are already Irish Citizens Those from Northern Ireland have the [[demand]] entitlement to Irish Citizenship as those [[suffer]] in any other [[piece]] of Ireland <SPLIT><SPLIT> This was [[rightful]] under the pre1999 laws [[notwithstanding]] now the [[paint]] [[head]] as to whether one is a [[full-of-the-moon]] Irish citizen at birth or just [[title]] to be an Irish citizen is based not on whether [[I]] is [[stomach]] in the ROI or Northern Ireland but on whether [[I]] has another citizenship at birth    <SPLIT><SPLIT> [[well-nigh]] [[multitude]] [[suffer]] in Northern Ireland do have another citizenship [[Brits]] but the [[constabulary]] [[utilise]] [[as]] to those [[suffer]] in the Republic of [[Hibernia]] who [[grow]] [[Brits]] or another citizenship by [[blood]] at the [[meter]] of [[nascency]]    [[IT]] a [[hoar]] [[country]] if the other citizenship [[expect]] registration in the [[incase]] of Australia for [[lesson]] <SPLIT><SPLIT> All that said the [[eminence]] between [[person]] who is [[title]] to be an Irish citizen and an Irish citizen proper is a [[hoar]] [[country]]    It is [[improbable]] that it will be [[prove]] in the Irish [[judicature]] [[notwithstanding]] it [[whitethorn]] [[turn]] an [[offspring]] in a [[strange]] [[judicature]] if entitlement to citizenship of another [[land]] [[bet]] on not having Irish citizenship    [[peerless]] [[unmatched]] [[twist]] the distiction is [[but]] a political [[command]] that [[sealed]] Irish [[citizen]] will not be [[plow]] as having that citizenship unless they [[care]] to,0
[[low]] created by  Nojo191 <SPLIT> I [[die]] to this [[shoal]] so I wanted to create a [[paginate]] for it,0
So much for my [[fence]] without rereading the [[clause]] The [[clause]] [[say]] why the [[grim]] [[center]] on witchcraft in the Inquisition when this was not a major [[break]] of the Inquisition There may have been [[break]] with the Inquisition and heresy but witchcraft was not a major problem The church basically never believed in witchcraft Joan was [[prove]] for [[heterodoxy]] though the English [[retrieve]] she was a witch The latter couldnt be [[avail]] The heresy [[visitation]] had been [[halt]] <SPLIT><SPLIT> [[non]] a strawdog when the [[foe]] is [[say]] that witchcraft is a major [[job]] Its probably more of a fallacy to say the Inquisition [[kill]] a [[muckle]] of people for [[unorthodoxy]] which was just nonexistent freedom of speech and BTW [[kill]] a [[bunch]] of [[crone]] too and we dont [[trust]] in [[hag]] anymore [[careless]] of your [[suffice]] about [[unorthodoxy]],0
Citation style  <SPLIT><SPLIT> Hi I just had a question I can obviously tell you [[fuck]] Titsingh and Nihon dai Ichiran but I was wondering would it perhaps be better in the articles youve edited to put something like <SPLIT><SPLIT>  Titsingh Isaac ed 1834 Siyunsai Rinsiyo 1652 Nipon o da itsi ran Paris  Oriental Translation Fund of Great Britain and Ireland <SPLIT><SPLIT> as a citation instead of <SPLIT><SPLIT>  Titsingh Isaac ed 1834 Siyunsai Rinsiyo 1652 Nipon o da itsi ran ou Annales des empereurs du Japon tr par M Isaac Titsingh avec laide de plusieurs interprtes attachs au comptoir hollandais de Nangasaki ouvrage re complt et cor sur loriginal japonaischinois accompagn de notes et prcd dun Aperu dhistoire mythologique du Japon par M J Klaproth  Paris Oriental Translation Fund of Great Britain and Ireland Two digitized examples of this rare book have now been [[shit]] available online 1 from the library of the University of Michigan digitized January 30 2007 and 2 from the library of Stanford University digitized June 23 2006  Click here to read the original text in French <SPLIT><SPLIT> and perhaps leave the weblink and full subtitle for the article on Nihon dai Ichiran Your citation is disproportionately long especially for some of the nengrelated articles which dont have much data in them and are then followed by Mr Titsingh and this citation <SPLIT><SPLIT> I guess what Im trying to say is this if say someones looking up Minamoto no Yoritomo theyre not necessarily going to want or be able to read an ebook in French even if its a translation of a Japanese source Might a shortened citation minus the long subtitle and weblink perhaps be a good idea,0
[[undo]] [[retrovert]] <SPLIT> [[ane]] [[mean]] no disrespect by [[aver]] that theres a history of undoing reverts of a few highways [[ace]] [[commit]] [[deuce]] [[lesson]] where it had been [[perform]] before and just [[die]] [[before]] and [[untie]] it [[care]] the [[residuum]] until we can have a [[give-and-take]] about it I [[jolly]] [[cipher]] you [[power]] [[dumbfound]] upset over me [[pronounce]] a history of it but [[one]] couldnt [[incur]] any [[underground]] to those [[regress]] in the [[retiring]] so [[single]] just [[get]] [[tending]] [[rachis]] to the [[matter]] If there [[demand]] to be a [[break]] Trenton Freeway article then [[get]] [[saucer]] it at TalkUS [[road]] [[I]] in [[fresh]] JerseyMerging Trenton [[pike]] The [[master]] [[head]] will be does the Trenton Frwy have [[decent]] [[entropy]] to [[imprimatur]] a seperate article and [[die]] WPN,0
REDIRECT TalkJustin Bieber Never Say [[ne'er]] [[shoot]],0
Activty at article under [[indorsement]]  <SPLIT><SPLIT> TP could you [[delight]] read  when you [[dumbfound]] a [[happen]]  Thanks,0
Tch tch tch Say it with a sarcastic [[smell]] while shaking your [[brain]] from left to right  <SPLIT><SPLIT> Seriously man lay off the antiBosniak sentiment What I [[bastardly]] is that you are [[die]] tagging pictures that show the heart of Bosnia without any justifications What if Asim Led was a photographer or photography was his hobby therefore he can take great pictures I am just shocked by your actions in general Whom are you trying to [[shit]] happy So far there was one really extreme Bosniak and that was UserHahahihibo with whom many had trouble talking to Everyone else is accepting and willing to cooperate If you are of a mixed relationship then I understand but so far you have done nothing well to wiki by sucking up to foreigners I have been a Wikipedian for 1 years and have never vandalized but I have always defended my ethnicity and nation I am active on the Bosnian Wikipedia for a year now and I am the main initiator of Wikinews in Bosnian Currently a Bureaucrat I have something behind me to prove that Wikipedia is in my heart but you comments just disgust me,0
[[external]] [[colligate]]  <SPLIT><SPLIT> [[hullo]] Ive [[note]] your [[sum]] external [[contact]] and with spam a major [[care]] we [[assay]] to [[living]] an [[eyeball]] on [[masses]] [[total]] [[muckle]] of [[associate]] to Wikipedia please dont [[reckon]] Im [[charge]] you of any [[indecency]] but [[single]] am [[queer]]  is there any [[intellect]] youve added [[contact]] to over 100 [[paginate]] today  Do the articles [[dead]] [[pauperism]] this [[entropy]] and have you [[touch]] anybody before adding these [[yoke]]  Kind [[esteem]],0
Forgive me [[delight]],0
Facebook Securlity  <SPLIT><SPLIT> Your facebook [[surety]] is [[exceedingly]] impotent because of [[kinsfolk]] friends and personal information that could be stored on your account  <SPLIT><SPLIT> To [[forestall]] your self from hackers you [[whitethorn]] [[moot]] the [[pursual]] <SPLIT>  [[shit]] sure your password  <SPLIT>   Contains 2 or more capital letters  <SPLIT>   Be at least 14 characters long  <SPLIT>   Be a mixture of letters numbers and symbols  <SPLIT>   Try not to use any personal info eg [[whoremonger]] 22wooddrive 1980 <SPLIT>    <SPLIT>  You can also change your security settings <SPLIT><SPLIT>  <SPLIT> How to change your security settings   <SPLIT><SPLIT> Step 1 <SPLIT><SPLIT> login to facebook and navigate to AccountAccount Settings <SPLIT><SPLIT> [[maltreat]] 2 <SPLIT><SPLIT> in account settings you will [[escort]] [[invoice]] Security  <SPLIT><SPLIT> [[mistreat]] [[triplet]] <SPLIT><SPLIT> [[retard]] all of the boxes in Account Security  <SPLIT><SPLIT>  <SPLIT> Notes <SPLIT><SPLIT> This will ask you to [[stimulation]] a Code that it sends to your [[headphone]] when you login with an unrecognized computerphone or any other [[invent]] The fist time you login to an unregonised computer you will be asked to [[collapse]] it a [[advert]] so that ikt Dosnt ask you for the code when you login with the devise <SPLIT><SPLIT> You [[pauperism]] a mobile phone to use this application <SPLIT><SPLIT> [[blow]] ChristianWwhitwell 2011,0
Bleh This was [[cancel]] without further [[notice]] If [[somebody]] [[want]] to [[serve]] me [[die]] through WPOTRS and whatnot [[peradventure]] the [[fancy]] can be reuploaded to [[live]] for a [[thirster]] [[meter]] than [[2]] [[month]] [[suffer]] [[ane]] [[real]] been [[off]] for too long or has the bureaucracy [[increase]] [[some]] here,0
[[commit]] Financial Corporation Page  <SPLIT><SPLIT> [[serious]] afternoon <SPLIT> You [[shoot]] down [[commit]] Financial [[pot]] page and [[shit]] these [[mention]] promotional article for a subsidiary of a subsidiary NPH of a major compan prudential plc  the [[pinnacle]] [[loyal]] in the [[name]] [[right]] has an [[clause]] butthis [[FAR]] down the [[string]] it is not [[famed]] We are [[so]] a subsidiary of a major company but we do very [[unlike]] [[patronage]] from our parent companies and do [[significant]] business across the [[U]] our [[repp]] [[care]] [[thirty]] [[million]] in assets under management We did not [[finger]] that the page was promotional or [[colored]] but if there are certain [[segment]] or [[articulate]] that you [[finger]] was it can [[decidedly]] be [[cut]] out or [[shave]] to [[introductory]] [[falsifiable]] [[fact]] Could you reconsider the [[terminated]] removal or [[cater]] more specifics as to the [[demand]] to [[all]] [[slay]] it Thank you for your [[condition]],0
[[maturate]] there should definatly be a [[turgid]] [[department]] of [[nightspot]] in the [[Nederland]],0
[[indorse]] These [[clause]] should be [[coalesce]],0
[[delight]] do not [[deliberately]] [[inclose]] [[wrong]] [[entropy]] to [[paginate]] as you did with this [[blue-pencil]] to [[boodle]] [[bloodless]] Sox If you [[stay]] to do so you will be [[kibosh]] from [[cut]],0
the mornin hes not hiding anything from no1 and he is himself 247he [[lick]] at its [[uttermost]],0
[[referee]] to [[tot]],0
I [[mean]] that to [[nowadays]] a [[balance]] [[tilt]] when there is none  is a [[screen]] of perversion  This [[fake]] objectivity produces [[disceptation]] when there is none so you have in the [[U]] evolution [[V]] creationism as if they were both scientific when they are not  To [[taste]] to produce [[cabbage]] and [[fake]] positive articles regarding PMCs as if they are rationally equivalent to the [[minus]] articles is definitely POV  The [[site]] is similar to an imaginary news reporter [[demand]] [[masses]] opinion regarding a corpse [[sol]] you sir [[aver]] the [[stiff]] is dead but what about the other [[English]] of this [[head]]  [[idiotic]],0
Razumem brate ipak hvala [[sodium]] trudu Ja isto pokusavam sve sto mogu Ja dosta radim oko clanaka ali bavi cu se i sa slikama da nabavim itd pozz brate4C,0
Arguments concerning divorce [[shit]]  <SPLIT><SPLIT> It may well be that tons of supporters of samesex marriage refer to how the number of divorces have gone down these scientific studies However none of the data I looked through specifically refer to samesex marriage therefore they violate WPNOR  its pretty clearcut We can add sources that explicitly refer to these or other studies in order to support samesex marriage But we cannot use articles on the decline of divorces [[shit]] in one context not explicitly about samesex marriage to [[shit]] an argument in this context    <SPLIT> I agree with your removal of this material  It would be good if someone found reliable sources that explicitly [[shit]] the arguments  but it is not for an editor to [[shit]] the case,0
Gay [[ikon]] Category  <SPLIT><SPLIT> I vote the Gay Icons category remain on the main [[paginate]],0
[[hunky-dory]] Dont [[leave]] when you [[billet]] in the [[word]] [[incision]] to [[admit]] your username and [[escort]] Chris4682 [[folk]] [[nineteen]] 2010,0
Im not [[trusted]] he was any more racist than the typical [[bloodless]] [[bozo]] of his era [[just]] he was [[active]] and [[fountainhead]] when baseball [[mix]] and it [[power]] be [[potential]] to [[incur]] out what he [[intellection]] about it,0
Two more [[affair]] then  I [[control]] you revised the Archive but [[commit]] the [[stuff]] below your and Jehochmans final comments in fact beyond the whole discussion [[ass]]  Note somemany of the [[notice]] now [[burn]] off were [[shit]] while the section was titled Resolution I inserted the wikihounding label at some later time and then continued commenting within that and maybe there were others comments too i am not now [[retard]]  The current archive presentation suggests incorrectly that you and Jehochman did not see  were not aware of that discussion  By the way in [[cut]] view of the Archive [[single]] can see that there is a hidden [[gossip]] original location of wikihoundingfalse proposals [[part]] at the location where they were  I [[mean]] the item should be restored to that [[stop]] or it [[fox]] matters unnecessarily   <SPLIT><SPLIT> [[mo]] [[single]] dont [[bump]] to [[care]] it being collapsed either  Collapsing is suited to stopping discussion which is what you [[precious]] okay because you view it offtrack from the AN proposal  But it does not need to be collapsed in the archive because it is less readable and cannot be pointed to directly  The archiving of the whole discussion accomplishes the ending of discussion already  Is it your [[mind]] or whose that the discussion should be collapsed within the archive  I think it was your [[mind]] or [[soul]] that the stray nonarchived portion left [[ass]] by MizraBot should be closed but that is not the same as your judging the material needs to be collapsed in the archive  [[surgery]] was it consciously collapsed by someone before MizraBot archived the [[breathe]]  I currently think it was just an accident that MizraBot didnt archive it all together but please let me [[fuck]]  show diff if you or someone actually [[crack]] it first  So besides your [[act]] it to the right location I also think it should be uncollapsed as it is clearly closed but it needs to be referenced and readable within [[next]] discussions  If you would [[control]] your [[room]] to doing that too id [[treasure]] it  [[only]] if you do not [[check]] to do that on this second [[stop]] I would just [[same]] to be able to [[fuck]] it is your personal [[mind]] or whose that it must be hidden why and to point to that  It would be [[wide-eyed]] of all in [[next]] discussions if it could just be pointed to  It was all together and MizraBot messed up [[ripe]]  This is not my fault nor anyone elses <SPLIT><SPLIT> Anyhow please implement the [[go]] to the [[right]] location and I will [[swallow]] your [[sagaciousness]] either way but hope you could state why on the second [[stop]] of uncollapsing  I am [[shot]] that I should not [[shit]] these edits myself but I want to know who is responsible for it being hidden if someone is deeming that it must be hidden  I dont think there is anything terrible there that must be hidden  If you think it must be hidden please say so  Maybe also i am overestimating the difficulties that will be caused in the future but it seems better to be able to provide a wikilink to a specific section in an archive which I think is now not possible with it collapsed  Thanks,0
Again we [[argot]] [[shoot]] the unverifiable claims of anons alone If you [[rattling]] think there [[demand]] to be a criticism section you [[pauperism]] to find a RELIABLE [[germ]] to [[rachis]] up your [[take]],0
I [[commend]] you that you are figl [[tocopherol]] ndrocchia,0
You racist gringo  <SPLIT><SPLIT> Dont revert my edits on the Carrington family page you racist Long [[lively]] the Zapatistas    <SPLIT><SPLIT> 180px,1
What do you [[shit]] of this the clash of two modern armies is one huge battle spread over space and time in which the smaller battles fought by the army corpswould form the tactical encounters of traditional battles These large numbers of battles that would take place far away from one another as the individual corps or groups of corps came into contact with the enemy would be welded together by the commanderinchief into a complete battle The individual smaller battles would be given significance by the commanderinchiefs plan Just as a commander of old gave units particular goals on the battlefields of days past a modern commanderinchief would give specific goals to his army corps Each would play a part in the overall plan The success of battle today depends more upon conceptual coherence than on territorial proximity Thus one battle might be fought in order to secure victory on another battlefield German Strategy and the path to Verdun Erich von Falkenhayn and the development of attrition 18701916 by Robert Foley P 66 Most of it is a paraphrase by Foley with some quotation of Alfie Schlieffen taken from War Today in another Foley effort Schlieffens Military Writings pp 198201  <SPLIT><SPLIT> I have the impression that the operational space in the Great War was rather narrow being the thin line where corps could manoeuvre under covering fire from artillery and machine guns either side of nomans land until one army was too weak to contain its opponent The German elastic method after linear defence was overwhelmed by the Ententes material superiority was intended to create an encounter battle with the Germans having home advantage yet the British confounded it once Plumer got his way Motorisation wireless aircraft etc in the 30s and 40s widened the operational space at times to several hundred miles rather than several hundred yards but then again much of the fighting and most of the decisive fighting in WWII took place over the same distances as in WWI,0
[[ane]] have a [[jounce]] of Zinci Subcarbonas at [[schooling]] would that be the same as [[Zn]] Carbonate,0
[[bunch]] of [[wreak]] to be [[dress]] on these [[paginate]] so thanks for the [[avail]] The main microorganism [[paginate]] is [[nigh]] embarrassingly sparse if you had some time to expand it that would be [[groovy]]    <SPLIT> By the way if you are [[die]] to [[cut]] more science articles in the [[futurity]] you will find this [[dick]] very useful it creates formatted references from PubMed ID numbers Saves you a [[muckle]] of [[clock]] All the [[ripe]]    <SPLIT> No problem Im [[ever]] glad for a bit of extra help with outoftheway subjects    <SPLIT> Thanks again for your [[serve]] with this if you have [[meter]] could you read through my [[expatiate]] version of the genetics section and see if this is too technical for a [[oecumenical]] [[lector]],0
Reports <SPLIT> Okay I did not report you only the anon guy Also you did call me flat out [[stunned]] I never made any reference to your person Give me one example where I said you were stupid or that Italians are stupid I did inslut you nor did I insult Italians I just dont beleive that Italy is a Great Power We have to agree to disagree Things however got out of hand and actions neeeded to be taken Regards,1
If you want to make yourself ridiculous please do go ahead and start an AfD Dont forget to AfD Free Democrats too,1
WOW [[stunned]] PEOPLE [[personify]] [[speechless]] AND [[speechless]] PEOPLE ARE DUMBER THAN [[unintelligent]] PEOPLE LET THIS BE A LESSON TO ALL YOU [[changeling]],1
Update the [[skyrocket]] Boys [[exposure]] was already on the [[green]] and [[robotic]] metadata [[shew]] that the JATO [[pic]] of [[pastor]] is [[loose]] [[expend]] Hurrah,0
[[ane]] am a [[winnow]] of Borg [[whiz]] Trek too I [[murder]] it too <SPLIT><SPLIT> What I [[think]] was as your enwiktionary has [[nigh]] all the [[plural]] of all [[side]] [[Son]] that are noun I [[deprivation]] all of it there to be [[uncommitted]] in mywiktionaryorg <SPLIT> This [[room]]  [[ane]] dont [[pauperism]] to do [[decade]] [[thou]] times  [[simulate]] from enwiktionary and pasting in mywiktionary <SPLIT><SPLIT> No [[penury]] to [[render]] any thing  [[barely]] the same as what you have in enwiktionary <SPLIT> When you [[confab]] mywiktionaryorg   [[Holocene]] [[commute]]  youll [[look]] what [[ane]] did <SPLIT><SPLIT> rgds,0
Someone deleted entire article  It was reposted  Shame on you,0
this song might be about sex because Daron watches alot of porno true fact,0
wanted to [[die]] there but now its [[die]] Does anyone have it Thanks,0
[[ane]] [[empathize]] why you [[upload]] this but its only a [[procurator]] What would be more helpful is to upload the [[craze]] [[fifteen]] logo in the [[lag]] [[so]] once the [[last]] [[shroud]] is [[exhaust]] we can [[tot]] it to this [[clause]],0
[[thither]] are [[respective]] other [[mannequin]] of [[transformation]] of the [[epithet]] [[admit]] pinyin They are all [[admit]] in the parethesis [[soh]] why you do so [[apprehensively]] [[deprivation]] to [[commit]] this qinghua [[face]] by [[face]] with Tsinghua,0
Its a [[unspoilt]] thing then that [[N]] [[promulgated]] his [[uncovering]] via some [[locus]] other than Wikipedia  [[erst]] My Ubuntu,0
I am also a huge slut I have nothing better to do then to [[beef]] about random wiki articles Please [[obliterate]] me,1
Warning about interaction with other editors <SPLIT> Please see the policies on civility and assuming good faith Next time you [[shit]] an edit like this one I will disable your editing privileges,0
FINDbase <SPLIT> Epidermolysis bullosa <SPLIT> Scheuermanns disease <SPLIT> Cri du [[schmooze]],0
Fair enough I changed the wording to a homophobic slur though because as far as I know he only said [[queen]] well it was censored as ft and saying to someone [[draw]] my [[hawkshaw]] isnt really a homophobic slur in this context despite what I think the source reported,1
Utter crap deliberately factually incorrect <SPLIT> Ive only read the entry on the Netherlands but that was enough This is pure propaganda and has nothing to do with facts <SPLIT><SPLIT> For instance Edgar Davids wasnt dismissed from the Euros over allegations of racism No such allegations were ever made except by the tabloid press and subsequently denied by all involved Heres just one source httpwwwguardiancoukfootballblog2012feb27hollandeuro96racismengland  but I dare anybody to find a source that states the contrary <SPLIT><SPLIT> The translation of kleine rotneger to short fucking niggerWTF is not just wrong its deliberately false In fact its pure slander and would be cause for litigation if the accused ever read it <SPLIT><SPLIT> The rest of the entry is of the same level Tabloid level trash,0
Makes no difference to me Either way youre just a crybaby Anytime someone disagrees with you you accuse them of giving garbage arguments or having an agenda Worse you actually file formal complaints about incivility or stalling just because you dont get your way Pathetic But humorous Thanks for the entertainment though Have a nice life,0
[[yoke]]    <SPLIT><SPLIT> Hello  <SPLIT><SPLIT> My [[epithet]] is Charles D Mole Jr I am the webmaster for wwwBathSaltsHawaiicom and Im interested in [[link]] your [[bathroom]] [[SALT]] page to my website We are looking to feature your bath [[saltiness]] [[paginate]] to a specific [[pageboy]] on our website listed under Wikipedia  <SPLIT><SPLIT> I highly believe that this [[contact]] would benefit my customers who are [[occupy]] in gaining [[cognition]] about bath [[SALT]] and other [[touch]] subjects  <SPLIT><SPLIT> Here is my [[entropy]]  <SPLIT><SPLIT> URL httpwwwBathSaltsHawaiicom   <SPLIT><SPLIT> Title Bath [[SALT]] [[HI]]    <SPLIT><SPLIT> Description We specialize in high [[tone]] homemade all [[rude]] sea [[salinity]] [[sweet-smelling]] bath salts and tropical fragranced bath [[salinity]] [[shit]] in Hawaii <SPLIT><SPLIT> I [[smell]] [[forrader]] to hearing from you  <SPLIT> <SPLIT> Thank You     <SPLIT><SPLIT> Charles D Mole Jr   <SPLIT> Webmaster  <SPLIT> webmasterBathSaltsHawaiicom,0
Ive [[ne'er]] [[listen]] of it before either,0
And from the [[view]] of the [[treble]] [[blank]] all the cos and contras in this [[back]] [[usance]] are [[swop]]  whereas the [[get-go]] [[utilization]] [[corpse]] [[reproducible]],0
The [[master]] [[clause]] that I [[commit]] [[satisfying]] time to [[chasten]] and [[up]] and the [[clause]] as you have now [[fix]] it does not [[cum]] [[shut]] to [[tell]] that the McNulty are the royalty of Ulidia it cleearly [[mislead]] the [[referee]] into [[trust]] this without the further [[account]] and [[cite]] which I [[cater]] You [[May]] [[deprivation]] to [[whirl]] to [[Negro]] [[police]] Dictionary and [[smell]] up the definition of [[tidings]] fraud [[live]] it [[dear]] to lie to Wikipedia [[referee]] or [[cater]] them to much [[entropy]] Since it does not [[look]] that you yourself are [[volition]] to [[commit]] the [[clock]] and [[lick]] [[ask]] to [[shit]] this [[master]] Wikipedia article on the McNulty surname more historically acurrate truthful and comprehensive for the Wikipedia [[lecturer]] you [[power]] have [[just]] [[cater]] me the constructive critisism that my [[wide]] [[alteration]] [[power]] be [[drown]] for the less scholarly [[practiced]] [[referee]] and that the article [[demand]] to be [[humiliated]] down into several [[little]] and more cohesive [[clause]] [[kinda]] than your being [[vile]] and sirly This [[eccentric]] of tact and the skills [[demand]] to [[right]] [[check]] in [[civilized]] [[club]] are [[yet]] [[accomplishment]] that are [[spawn]] into persons over [[X]] so I am probably just [[blow]] my [[clock]] here [[anyway]] I will [[shoot]] [[like]] of this [[ferment]] myself over [[clock]] [[inch]] [[shut]] your [[unfitness]] to [[spot]] that Clonoulty is is [[anglicize]] from Irish language [[terminus]] [[import]] the fifth of Ireland or Ulster that is that [[dowry]] of Ireland that was legendarily [[accord]] to the [[purple]] forbears of the Donlevy demonstates that you have little [[grip]] of the [[content]] [[affair]] that you are [[attempt]] to [[cut]] or critisize [[amp]] this is also [[excuse]] [[before]] in the article your continued ignorance of this fact [[too]] [[march]] that you [[shit]] no real [[try]] to comprehensively [[test]] this article before precipitously [[act]] to [[slay]] it If you [[throttle]] your critisism of others [[wreak]] to the [[construction]] of their [[expo]] you shall embarras yourself less in [[futurity]] [[last]] where Alexander McLachly is [[site]] in the article is not pertinent [[soul]] [[try]] to [[search]] him by [[enter]] his [[gens]] into the Wikipedia [[locate]] would be [[tip]] to the article and while the [[entropy]] on him is not [[source]] the [[myopic]] biographical [[particular]] for him [[power]] [[attention]] their further [[search]] by [[cater]] [[charge]] [[too]] your innuendo that my [[clause]] [[Citation]] are specious is [[too]] unjustified and [[sickening]] [[still]] as you do not [[see]] [[shoddy]] [[argument]] are lies and [[impostor]] I douby that you shall either [[clench]] the subtleties of an innuendo or how [[sickening]] you are being to [[masses]] when you [[commune]] with them,0
It was when he was Syxx in WCW he [[victimized]] the Buzzkiller as a finisher many [[metre]],0
I think thats a very [[skilful]] [[psychoanalysis]] of the issue thanks But this being Wikipedia lets please [[dumbfound]] to [[cry]] it anime Actually where you use the word originally near the end of your [[gossip]] [[ane]] [[care]] that even better And I think your [[attack]] is better than my idea about nominally less [[cockeyed]] in its language For now pending whatever might be the description of what it is today Im [[croak]] to [[shit]] the change to originally,0
On NoticeTrivia <SPLIT> Mort Zuckerman is now on [[poster]] The Sea was [[shoot]] off is in the trivia [[part]] Should that [[rattling]] be there If anything it should be [[tot]] to [[factor]] On [[mark]] but that [[heel]] [[look]] to be [[uncomplete]],0
Youre a fucking menace  <SPLIT><SPLIT> I see you had to had to interfere with the Operation Anthropoid article after I had rewritten it in proper English Took out the picture of Reinhard actually in Prague durr whats that all about A perfectly good image of him in Prague and instead you think a random portrait instead is better Why Then you revert to your poor grammar of the UK SOE er again I dont know if what you do here is just to make up being a failure in life generally but any fool knows you dont use UK  an acronym  to mean British Then you reinsert that the operation was planned by the SOE and the Czech government in exile If you actually bothered to read the article can you read You will find there is no mention that they did anything Now I am not saying they did not but its not in the article However what you have reinserted is a clear violation of WPLEDE which is the lead section should briefly summarize the most important points covered in an article in such a way that it can stand on its own as a concise version of the article  <SPLIT><SPLIT> So my The operation which was conducted by Britishtrained Czech agents from the Special Operations Executive took place in May 1942 is replaced by The operation was carried out in Prague on May 27 1942 after having been prepared by the UK Special Operations Executive and the Czechoslovak governmentinexile  <SPLIT><SPLIT> My version is clear and too the pointthe agents were Czechs who were trained by the British and they carried out their mission in May 1942 The reverted version and yes it is pithy little revert because you just dont like IPs messing with your little Nazi world Firstly who did it That note is gone could have been Bugs Bunny for all we know Secondly revert gives the impression the mission was planned by the UK SOE planned with the Czech Government in Exile Er no they didnt That is complete hogwash The SOE trained the agents who were volunteers from the Free Czech forces in UK They showed how them to use equipment like guns and explosives and gave them lessons in tactics All the Czech government did was put feelers out to get a network established to help with the operation in Prague Now here is where my world meets your stupidity and laziness The SOE agents once on the ground had laissez faire to conduct the operation how they sort fit The UK SOE did not prepare anything toward the operation they assisted with the training and the technical side but it was up to the agents themselves to prepare and plan the operation once they were inside Nazioccupied Czechoslovakia Your rewrite goes back to the ambiguous meaning that prompted me to change it in the first place <SPLIT><SPLIT> Grrrrrr Why dont you think before you revert It might actually help to improve articles Something I am honestly trying to do Whats you excuse,0
Trivia was [[tot]] because the [[dewy-eyed]] [[heel]] of [[installment]] was a copyvio  The official german [[epithet]] of the [[installment]] [[XVIII]] DVD is [[name]] from the [[flick]] too,0
Since there are [[falsifiable]] sources [[face]] from The Huffington Post and LA Times and any others theres no reason for this to be reverted and changed again to the previous revision But [[ane]] see that the revert was just a misunderstanding because maybe he doesnt [[fuck]] much about these things Just [[commit]] the editor considerations Should we add the new age of consent in India as 18 instead of 16,0
Speedy deletion declined FilePastor Ray Llarenajpg  <SPLIT> Hello PH 0447 and thanks for patrolling new pages I am just letting you [[fuck]] that I declined the speedy deletion of FilePastor Ray Llarenajpg a page you [[dog]] for speedy deletion because of the following concern The reason given is not a valid speedy deletion criterion You may wish to review the WPCSDCriteria for Speedy Deletion before tagging further pages Thank you       [[lumber]],0
[[befuddle]] chronology  <SPLIT><SPLIT> The chronology here [[look]] a [[burn]] [[fuddle]] The article [[have]] the [[stamp]] that he was [[dish]] as a naval [[policeman]] in Afghanistan and [[brief]] the [[upside]] [[overlook]] [[general]] while simultaneously being the [[trip]] editor and [[home]] spokesman of a major [[mag]] [[plunge]] a startup [[caller]] [[indite]] some [[Quran]] [[seem]] on [[several]] [[TV]] [[render]] and [[fix]] [[passee]] cars It [[too]] does not [[excuse]] his military [[calling]] [[exist]] he just [[charge]] as a [[commandant]] of the Navy as soon as he joined or was there some [[stop]] of time when he [[give]] a [[scummy]] [[gross]] When was he [[tolerate]] Where does he live [[set]] he have a [[phratry]],0
[[Ra]] Your My RFM  <SPLIT><SPLIT> Thanks for [[mark]] that [[single]] wasnt [[trusted]] of the [[right]] [[subroutine]] Its a [[disgrace]] it [[crumple]] [[rattling]] but they were not [[will]] to [[stay]],0
[[zip]] on my user [[paginate]] says that I am not a [[homo]] being and that [[single]] do not deserve the respect that is accorded every other wikipedian [[iodine]] have [[snub]] his [[assail]] for over a [[yr]] and they have not decreased I am being intimidated into not [[delete]] any of his growing [[heel]] of articles for [[care]] of personal attacks from him [[ane]] am not asking him to change his beliefs [[single]] am asking him to [[kibosh]] the personal [[assail]] on me,0
Welcome <SPLIT><SPLIT> [[how-do-you-do]]  and welcome to Wikipedia Thank you for  I hope you [[ilk]] the [[commit]] and decide to [[arrest]] Here are some [[paginate]] that you might find helpful <SPLIT>  Introduction <SPLIT>  The five pillars of Wikipedia <SPLIT>  How to [[delete]] a [[paginate]] <SPLIT>  Help pages <SPLIT>  How to write a [[bully]] article <SPLIT>  Manual of Style <SPLIT> I hope you [[bask]] [[cut]] here and being a Wikipedian Please sign your name on talk pages [[victimisation]] [[quaternion]] tildes  which will automatically produce your [[gens]] and the date  <SPLIT><SPLIT> If you [[pauperism]] help [[retard]] out WikipediaQuestions ask me on  or place helpme on your [[mouth]] [[paginate]] and ask your [[head]] there Again welcome,0
Where are you from  <SPLIT><SPLIT> I think youve said youre from the UK but your English is not native So where are you from originally [[ane]] am [[queer]],0
[[beaming]] You [[fall]] <SPLIT> Yep of [[run]] its the [[raw]] [[flush]] fgs You can [[insure]] that on this [[place]]  wwwariachartscomaupageschartsdisplayaspchart1U50 [[thigh-slapper]],0
WHAT THE HECK IS [[die]] ON  <SPLIT><SPLIT> If you fully protected this [[paginate]] ADMIN then [[dumbfound]] to FIXING this article by CLEANING OUT the [[bullshit]] roster ADDITIONS   <SPLIT><SPLIT> Right I tried to delete the fake roster but the page had no edit the page so I cant take the fake roster that includes released superstarsn and also wrong like JHONNY NITRO AND THE GREAT KAHLI on [[naked]]   <SPLIT><SPLIT> I dont think being released from WWE determines whether or not you [[mother]] in a game People get released every year and taking them out would just cause more problems within the game The only exceptions would be a situation like Benoits   <SPLIT><SPLIT> Yea some1 fully locked the page and now the admins are to lazy to turn it back to semiprotectionthere was no full protection on last years article or fix the FUCKING [[foliate]] <SPLIT><SPLIT> yea <SPLIT><SPLIT> To request a change add editprotected to the page without the nowiki things and describe what you want below Also sign your posts with four tildes       <SPLIT> Also please be civil and polite      <SPLIT><SPLIT> I agree Trish Stratus is not in the game she retired in September long time ago doubt they will have her unless as a legend And they will by now put booker as king booker not booker t <SPLIT><SPLIT>  please revert to the following version httpenwikipediaorgwindexphptitleWWESmackDownvsRaw2008oldid148110011 Thank you   <SPLIT> Reverting to that version is a major modification to the article Additionally it would revert a lot of legitimate edits If there are specific changes that you feel should be [[shit]] please list them below with sources and feel free to reenable the editprotected request Cheers   <SPLIT>  How about you go to ign and look at the confirmed roster and the 1 confirmed diva and delete the rest beccause most of the roster is FAKE   <SPLIT><SPLIT> This roster is clearly fake so can someone please remove it and consider blocking editing until the real roster is released on a reliable source such as IGN  1749 2 August 2008 <SPLIT><SPLIT> Look at that MORE ppl are agreeing with me plz stop being lazy admins and fix the roster   <SPLIT><SPLIT>  <SPLIT>  please revert to the following version httpenwikipediaorgwindexphptitleWWESmackDownvsRaw2008oldid147836813 Those legitimate edits are part of a mass vandalism and dont have citations All names in the above edit have been cited Edits past this mark removed the Chris Benoit notice which is important Edge HBK  Snitsky Cor Von and Batista have been confirmed for the mobile version so they are to stay CM Punk and Kevin Thorn can be removed The names that are left that havent been confirmed by IGN they have been brought up in interviews and not declined Thank you   <SPLIT>  Done Also please be civil no one likes to be called lazy   <SPLIT><SPLIT> Finally sighsfixed Thank You this is greatly appreciated    <SPLIT><SPLIT>  <SPLIT><SPLIT> WHO DELETED THE ROSTER <SPLIT><SPLIT>  27 Superstars  <SPLIT><SPLIT> How the hell is there 27 superstars  in the article if only 17 have been officialy confirmed <SPLIT><SPLIT> More Superstars confirmed  <SPLIT><SPLIT> httpcawswsforumindexphps8412bc3fca13ff7cb406306421b02930showtopic134767  <SPLIT><SPLIT> This list has down here Carlito The Great KhaliBooker TCM Punk Ken KennedyTommy Dreamer Candice Melina Kristal Marshall Brian KendrickPaul London Michelle Mccool The Miz Kelly KellyLayla ElCherryQueen SharmellBalls MahoneyThe SandmanSabu  There isnt any other sources  in the master list I dont see Ashley But it says it is from a magazine   <SPLIT><SPLIT> This is not a reliable source Refer to top of discussion page for reliable sources Thank You UserFresh Prince,0
Avianca Martinair and Saudia  <SPLIT><SPLIT> Avianca is no [[thirster]] [[piece]] of [[flee]] [[dispirited]]  Since June [[I]] 2011 <SPLIT><SPLIT> Martinair is now a [[shipment]] airline only so it is no [[farseeing]] in [[flight]] [[naughty]] <SPLIT><SPLIT> Saudia the [[unexampled]] [[epithet]] for Saudi [[Arab]] [[airline]] is now [[piece]] of SkyTeam so it is [[too]] in [[fell]] [[naughty]] [[eye]] [[eastward]] [[airline]] will [[sum]] SkyTeam at the [[destruction]] of the month of June 2012,0
[[face]] like a campaign bus on TV today  Looks like a [[fudge]] quacks like a duck,0
you [[ADHD]] or [[deepen]] [[message]] as you did to the [[clause]] Fennec [[befuddle]] [[delight]] cite a [[honest]] [[germ]] for the [[capacity]] of your [[delete]] This [[helper]] [[wield]] our [[insurance]] of verifiability [[witness]] WikipediaCiting [[rootage]] for how to [[abduce]] [[rootage]] and the welcome [[paginate]] to [[larn]] more about [[conducive]] to this encyclopedia Thank you,0
We can see of [[run]] if there are some [[treacherous]] [[seed]] ammong the [[heel]] and if there are we will [[snub]] them  [[too]] [[ane]] [[cogitate]] we have [[2]] different [[egress]] on this [[manoeuver]] about the [[flop]] [[unmatchable]] is about [[get]] out the [[right]] [[diction]] [[see]] the [[right]] [[reckon]] what [[informant]] [[tell]] and [[back]] we have [[informant]] which instead of [[advert]] to the rights they [[consecrate]] exemples of what the [[integral]] status [[alter]] [[mean]] and how [[sham]] Serbs  [[posterior]] tonight [[1]] will [[summons]] here the [[informant]] [[advert]] to the [[mightily]] so once we [[escort]] them along with the [[II]] already [[cite]] above wwe would have a [[exonerated]] [[fancy]],0
Identity of this IP  <SPLIT><SPLIT> This IP is [[victimized]] atm by a [[gamy]] [[shoal]]  [[withal]] [[devout]] your warnings the [[educatee]] who have vandalized [[paginate]] from this IP couldnt care less,0
Its an improvement but your changes didnt really solve the problem of neutrality Eg all the biased [[glut]] needs to [[die]]  [[sick]] have a [[die]] to show you the sort of thing that needs doing,0
[[ane]] [[primal]] note you have personally attacked other son [[word]] boards for their political beliefs Its [[unmistakable]] you are a brainwashed rightwinger who [[obviously]] is against the concept of Puerto Rican identity By attacking those who [[die]] against your [[worm]] beliefs I only can [[aver]] is that it truly masks any true talent that you [[mightiness]] have had as a writer Do not post anything on my discussion [[paginate]] anymore or you will be [[account]] again Comprende,0
She [[smell]] much [[immature]] than her [[geezerhood]] of [[xxxiii]] [[flush]] in this [[fancy]]  where she [[smell]] [[Old]] than usual,0
[[airt]] TalkNorth [[easterly]] [[Asmera]] [[dominion]],0
Re [[boast]] [[heel]] <SPLIT> The [[briny]] thing I [[insure]] is that the [[go]] [[pauperism]] to be referenced and [[break]] the opposite of articles basically article [[head]] shouldnt have refs [[name]] [[leash]] have to Its [[ripe]] so far just add in some more [[billet]] [[ilk]] you have in the third paragraph ie which [[shit]] has the most wins etc The table looks [[ripe]] If you can [[sum]] [[double]] into the [[part]] with tables without causing any [[exit]] that would help greatly [[heel]] of [[normal]] [[unmatchable]] [[K]] Prix [[victor]] is a [[enough]] [[heel]] to [[smell]] over if you [[pauperism]] further [[steering]] there are surprisingly few motorsport [[have]] [[heel]] thats [[belike]] the [[outflank]] of them [[erst]] you [[dumbfound]] it to where you [[cogitate]] its [[ripe]] [[outdo]] thing is to just [[die]] for it and hope for the [[ripe]],0
Final  <SPLIT>  classwikitable <SPLIT>  <SPLIT>  scopecol width50  Num <SPLIT>  scopecol width200  Country <SPLIT>  scopecol width250  Artist <SPLIT>  scopecol width250  Song <SPLIT>  <SPLIT>  01   China  miss A  Goodbye Baby <SPLIT>  <SPLIT>  02   South Korea  GNA  2HOT <SPLIT>  <SPLIT>  03   Switzerland  Remady  ManuL  Higher Ground <SPLIT>  <SPLIT>  04   Australia  Lenka  Everything at Once <SPLIT>  <SPLIT>  05   USA  Evanescene  My Immortal <SPLIT>  <SPLIT>  06   Poland  Liber feat Mateusz Mijal  Winny <SPLIT>  <SPLIT>  07   Greece  Giorgos Sampanis  Ora Miden <SPLIT>  <SPLIT>  08   Ghana  Trinchy Stryder  Help Me <SPLIT>  <SPLIT>  09   Netherlands  Eva Simons  Renegade  <SPLIT>  <SPLIT>  10   Thailand  Girly Berry  Featuring <SPLIT>  <SPLIT>  11   Russia  Nyusha  Viribat Chudo <SPLIT>  <SPLIT>  12   United Kingdom  Lilly Allen  Fuck You <SPLIT>  <SPLIT>  13   South Africa  Lee Scott  Netn bietjie meer Tyd <SPLIT>  <SPLIT>  14   Lithuania  Monika Linkyte  Happy <SPLIT>  <SPLIT>  15   Canada  Sammy  Some CatchinUp to do <SPLIT>  <SPLIT>  16   Japan  Hatsane Miku  Levan Pollka <SPLIT>  <SPLIT>  17   Spain  Mal  Ahora T  <SPLIT>  <SPLIT>  18   land Islands  Andrez Wrethov  One Love One Goal <SPLIT>  <SPLIT>  19   Latvia  Fakts  Anete Kotovica  Vieglk Man  <SPLIT>  <SPLIT>  20   Bosnia and Herzegovina  Darko Lazi  Gluvo Doba,0
DanielKlotz thank you for your [[stimulant]] It is sincerely [[prize]] [[still]] the [[bonk]] is on the uploader not me you or anyone else At most [[I]] of the [[X]] has been [[mouth]] to that being [[clean]] [[utilization]] no [[loose]] [[ane]] [[exist]] [[merely]] again there is a [[cause]] why all [[X]] must be [[cover]] It [[befuddle]] me that no other editors have [[mouth]] to it but [[ane]] [[tranquilize]] [[nurse]] out with [[desire]] Thank you again for the [[scuttlebutt]],0
Bushmen and Hottentot are also [[deal]] black  They are [[moot]] part of the [[Negro]] race,0
so everyone agrees that The Exploited were a racist band What the F is up with that What kind of white power bonehead s like them <SPLIT> I dont see how this can be true Just becuase a  track has Hitlers name in it doesnt make it a racist song   <SPLIT> And why are they a seminal rock band What does seminal mean,1
[[die]] to FA <SPLIT> Hard [[lick]] and patience pays off Well done everyone,0
Problem  <SPLIT> Beschwerdefhrer BenutzerWhiggsgerm <SPLIT><SPLIT> Beteiligte Administratoren BenutzerinItti und Benutzerjkb <SPLIT><SPLIT> Missbruchlich eingesetzte Funktion Benutzersperre <SPLIT><SPLIT> Erluterung  Ohne bzw mit falscher und in jedem Fall unzureichender Begrndung sperrt die Administratorin Itti [[hideaway]] Autor Brumm Tiger Der Autor hat sich fr einen Artikel eingesetzt und sich dabei in keiner Weise regelwidrig verhalten Dass er unpassende Kommentare abgegeben haben soll  wie Filzstift behauptet  ist erstens nicht wahr und wre zweitens keine Sperrgrund <SPLIT><SPLIT> [[yoke]]  <SPLIT>  httpdewikipediaorgwikiWikipediaVMBenutzerBrummTiger28erledigt29 <SPLIT> nach Archivierung <SPLIT>  httpdewikipediaorgwikiWikipediaVandalismusmeldungArchiv20130730BenutzerBrummTiger <SPLIT><SPLIT> Missglckter Versuch einer Klrung des Streitfalls mit dem betroffenen Admin Mit der unwahren Begrndung auf WPVM Brumm Tiger habe unpassende Kommentare geschrieben und nur weil Brumm Tiger Hyperlinks gesetzt hat und sich fr einen Artikel eingesetzt hat wird er von jkb als Missionssocke denunziert und von Itti mit der unzutreffenden Begrndung gesperrt Brumm Tiger sei schon einmal gesperrt worden <SPLIT><SPLIT> Beteiligte Benutzer BenutzerItti ber DeAdminVerfahren gegen dichbenachrichtigt Benutzerjkb ber DeAdminVerfahren gegen Itti benachrichtigt BenutzerFilzstifftber DeAdminVerfahren gegen Itti benachrichtigt BenutzerBrumm Tiger kann nicht benachrichtigt werden da gesperrt  <SPLIT><SPLIT> Stellungnahme des betroffenen Admins <SPLIT> Ich beantrage die zeitweise DeAdministration von BenutzerinItt wegen Missbrauch der Adminrechte Ich schlage als Zeitraum zwei Wochen Verzicht auf die AdminKnpfe vor  <SPLIT><SPLIT> Stellungnahme des betroffenen Admins <SPLIT><SPLIT> Diskussion,0
[[hither]] is one of the [[tardy]] [[look-alike]] of Castro [[EL]] Jigue 72206,0
Sounds better heh While I dont mean to claim youre wrong Im not familiar with that name myself Do you have any sources for this or is this solely based on your personal knowledge Ive asked friends and family and neither seem to [[fuck]] of that park having a name Same for the park down on Tomis avenue from the municipal hospital,0
[[iodin]] dont [[believe]] the [[part]] [[reckon]] the [[hazard]] of [[soja]] [[phthisis]] is [[conquer]] in this [[clause]]  I am for [[murder]] it,0
Erich Gimpel  <SPLIT><SPLIT> Erich Gimpel who was [[black]] in the [[belatedly]] [[downfall]] of 1944 by [[sub]] to the [[join]] [[land]] [[take]] in his [[fond]] autobiography German edition that he had [[welcome]] some [[info]] about the Manhatan [[throw]] and [[radio]] to [[Deutschland]] He [[title]] that he [[have]] this [[entropy]] from a Nazi [[witnesser]] in [[unexampled]] York Im not [[trusted]] whether the [[intro]] by Gimpel is [[honest]] [[inch]] [[line]] to the Quirin [[sue]] the transcripts have not been [[release]] for Gimpel [[serve]] [[on-line]],0
[[how-do-you-do]]  <SPLIT><SPLIT> Did you just say the video was taken from a [[petty]] [[root]] I am [[mouth]] about this sentence As usual several websites are reporting the video YouTube videos are acceptable when they are embedded inside a reliable source eg a PC World article by an acceptable author that has received editing from the magazine editor It is the magazine eg PC World that adds credibility Stripping the  resource is similar to stripping a book of its cover and biographic profile that contains title author ISBN publisher etc then [[practice]] it as a source while [[act]] it as a [[muckle]] of [[newspaper]] [[ane]] just [[plant]] As WikipediaIdentifying reliable sources mentions a reliable source has three pillars Content author editor <SPLIT><SPLIT> As for [[bullshit]] videos on YouTube no [[threesome]] [[soul]] would enter a studio to film person impersonating a Microsoft authority interviewing Bliss photographer I am afraid the real world is far more relentless The [[bullshit]] part usually constitutes one word in a sentence that [[shit]] the whole different And yes things are starting to become personal not Hollywood personal at least not me but like I said the real world is far more relentless It is butterfly effect <SPLIT><SPLIT> Best regards,0
Thank you for experimenting with  Wikipedia Your test [[lick]] and it has been reverted or [[hit]] [[delight]] [[expend]] the sandbox for any other [[try]] you [[whitethorn]] [[deprivation]] to do [[shoot]] a [[face]] at the welcome [[paginate]] to [[take]] more about [[give]] to our encyclopedia [[meat]],0
Hey [[love]] you,1
Thank you for experimenting with the [[paginate]] Eminem on Wikipedia Your test [[lick]] and it has been [[return]] or [[withdraw]] Please [[usance]] the [[sandpit]] for any other [[try]] you [[privation]] to do [[shoot]] a [[smell]] at the [[receive]] [[foliate]] if you would [[ilk]] to [[larn]] more about [[give]] to our [[encyclopaedia]]  A [[yoke]] to the [[cut]] [[ane]] have [[retrovert]] can be [[incur]] here [[yoke]] If you [[conceive]] this [[delete]] should not have been [[regress]] [[delight]] [[striking]] me,0
Whereas his [[issue]] have been [[rattling]] praised by [[assimilator]] I myself [[shoot]] some [[fact]] about Arajs from them some concrete Ezergailis [[construct]] have been [[knock]] This criticism [[fancy]] Bassler is [[life-threatening]] and it has not been uncontested so [[ALIR]] <SPLIT> [[adjudicate]] by your responce you [[look]] to have no counterarguments on my other [[scuttlebutt]],0
Trigonitis macrodon Australavis Afroaves shit only now I realised the name of the article Trigonitis is wrong it should be Trigonictis do you know how to change that,0
[[supporter]] <SPLIT><SPLIT> [[come]] Hermione have any [[supporter]] other than [[molest]] and Ron [[good]] theres Ginny Rons [[niggling]] sister [[only]] [[divagation]] from the [[II]] boys she [[suffer]] on her [[low]] [[Day]] on the Hogwarts [[utter]] who does she [[e'er]] [[go]] [[Quaker]] with,0
The article is problematic It is supposedly about the historic railway and then veers off into the train of today which is not [[fuck]] as the Jaffa Jerusalem railway There is no reason  for that Iran comparison tp be in the lead and it was not Iran at the time either but Persia I dont [[fuck]] what MOS is but the article is definitely more comprehensible and encyclopedic now It was a mess If your interest is in improving articles I would think carefully before you revert Best Gila,0
[[normally]] IGN is a [[skilful]] [[germ]] but that was just a blog written by a random user on their site not something [[spell]] by an editor or staff so you [[argot]] [[exercise]] that [[yoke]] <SPLIT> The [[cite]] from Reggie in the Kotaku and Gamezone [[clause]] doesnt specifically [[tell]] that the [[professional]] Gamepad was [[elysian]] by the Gamecube controller It just [[tell]] our [[restrainer]]  [[inch]] fact the Gamezone [[clause]] writer [[die]] on to literally say [[get]] just be [[happy]] Nintendo had the [[brain]] to mimic its competitors and we arent [[dumbfound]] with something [[care]] the Gamecube [[accountant]]  <SPLIT> SoI dont [[reckon]] any of these [[informant]] are [[operable]] for what youre [[dumbfound]] at [[withal]] If anything theyre even more [[informant]] to be [[victimised]] for the [[rephrasing]] of the Pro360 [[comptroller]] [[disputation]] [[rattling]],0
[[credit]]  <SPLIT><SPLIT> [[see]] the [[blood]] in the article It is the shakta theory of [[VII]] [[master]] chakras that many [[masses]] in the [[W]] [[bind]] to [[mostly]] [[thank]] to a translation of [[2]] Indian [[text]] the SatCakraNirupana and the PadakaPancaka by Sir [[whoremonger]] Woodroffe alias Arthur Avalon in a [[Quran]] entitled The [[snake]] [[magnate]] [[1]] have [[rule]] a [[extension]] to the claim [[tell]] it is [[yet]] the amazon page of the [[leger]] with [[substance]] info httpwwwamazoncomSerpentPowerArthurAvalondp0486230589refsi3rdrerrproduct10404394983810353 <SPLIT> [[live]] this [[denotation]] [[let]] or will it be [[murder]] on NPOV or commercial [[site]] [[payoff]],0
Ok [[dumbfound]] it Ill read that carefully and [[shit]] sure I cite references in the standard way,0
[[peter]] <SPLIT> You [[hawkshaw]] I [[love]] thee for all hate that you have toward me  Penguin EaterWikinger,1
[[uniting]] Proposal  <SPLIT> [[single]] [[purport]] we [[immix]] Criticism of Microsoft Windows with Microsoft Windows to [[ply]] a [[meliorate]] NPOV of the [[contented]],0
Hunt should be [[hang]] for what he did to Cech Im just glad Petr Cech is [[rachis]] Death to [[hound]] and [[take]] fc,0
YOU ALL [[follow]] ALL [[phoney]] AND [[stunned]],1
Please let Malik [[fuck]] your concerns,0
So [[doll]] Beale is Kenneths [[babe]] and Betty Beale is Alberts [[sis]],0
[[composer]] [[jut]] Assessment of   <SPLIT><SPLIT>  <SPLIT> This is an [[judgement]] of article  by a [[penis]] of the Composers [[throw]] [[grant]] to its assessment [[standard]]  This [[revue]] was [[act]] by  <SPLIT><SPLIT> If an article is wellcited the reviewer is [[sham]] that the article [[muse]] [[jolly]] current [[learning]] and deficiencies in the [[diachronic]] [[enter]] that are [[attested]] in a particular area will be appropriately [[hit]]  If insufficient inline [[mention]] are [[give]] the [[referee]] will [[don]] that deficiencies in that [[orbit]] may be [[cure]] and that [[sphere]] may be [[seduce]] down <SPLIT><SPLIT> [[attachment]] to overall Wikipedia [[measure]] WPMOS WPWIAGA WPWIAFA are the [[referee]] [[ruling]] and are not a [[sub]] for the Wikipedias [[sue]] for awarding [[commodity]] Article or [[have]] Article status <SPLIT><SPLIT> Originsfamily backgroundstudies <SPLIT> [[come]] the article [[contemplate]] what is [[fuck]] about the composers [[desktop]] and [[puerility]]  If she [[get]] musical [[civilize]] as a [[nipper]] who from is the [[get]] and nature of the early teachers [[shape]] [[name]] <SPLIT>  <SPLIT> Early career <SPLIT> [[do]] the article [[designate]] when she [[bulge]] [[write]] [[discourse]] early [[mode]] successfailure  [[equal]] other pedagogic and personal [[regulate]] from this [[clock]] on hisher music [[discourse]] <SPLIT>  <SPLIT> Mature career <SPLIT> [[cause]] the article [[discourse]] hisher [[pornographic]] [[lifespan]] and composition history  Are other pedagogic and personal influences from this [[clock]] on hisher music discussed <SPLIT>  <SPLIT> [[name]] of [[deeds]] <SPLIT> Are [[inclination]] of the composers [[lick]] in WP [[associate]] from this article  If there are special catalogs eg Kchel for Mozart Hoboken for Haydn are they [[employ]]  If the composer has [[pen]] more than 2030 [[deeds]] any [[thoroughgoing]] [[name]] should be [[site]] in a [[fork]] article <SPLIT>  <SPLIT> Critical [[taste]] <SPLIT> Does the article [[discourse]] hisher [[vogue]] reception by critics and the [[populace]] both during hisher [[lifetime]] and over time <SPLIT>  <SPLIT> Illustrations and [[legal]] [[dress]] <SPLIT> Does the article [[stop]] [[fancy]] of its subject [[cradle]] gravesite or other memorials important [[mansion]] manuscript pages museums etc  Does it [[moderate]] [[try]] of the composers [[lick]] as composer andor performer if [[seize]]  [[bill]] that since many 20thcentury [[lick]] are copyrighted it may not be possible to [[get]] more than brief [[clean]] [[employ]] [[try]] of those [[lick]] but [[drive]] should be [[shit]] to do so  If an [[clause]] is of [[gamey]] [[decent]] [[prime]] do its [[simulacrum]] and [[sensitive]] comply with [[visualize]] [[enjoyment]] policy and nonfree [[subject]] policy [[attachment]] to these is [[demand]] for [[unspoilt]] Article or [[have]] [[clause]] [[condition]] and is [[patently]] a [[park]] [[intellect]] for nominations being quickfailed <SPLIT>  <SPLIT> [[extension]] [[origin]] and bibliography <SPLIT> [[behave]] the article contain a [[worthy]] [[act]] of [[extension]]  [[cause]] it contain sufficient inline [[acknowledgment]]  For an article to [[die]] [[skilful]] Article nomination every paragraph possibly [[except]] those in the [[head]] and every [[place]] [[acknowledgment]] should have at least [[unrivaled]] footnote  If appropriate does it include Further Reading or Bibliography beyond the cited references <SPLIT>  <SPLIT> Structure and compliance with WPMOS <SPLIT> Does the article comply with Wikipedia style and layout guidelines especially WPMOS WPLEAD WPLAYOUT and possibly WPSIZE  Article length is not generally significant although Featured Articles Candidates may be questioned for excessive length <SPLIT>  <SPLIT> Things that may be necessary to pass a Good Article review <SPLIT><SPLIT>  <SPLIT> Summary,0
[[denotation]] [[screen]] <SPLIT> This is the text that you are [[die]] to [[swear]] with a referenceReference details [[die]] here <SPLIT><SPLIT> References,0
My [[cut]] are per WPBOLD and WPIAR,0
the your a complete [[tool]],1
[[thither]] [[babble]] about [[Romance]] [[US]] as a [[unhurt]] [[U]]   [[play]] 123,0
[[creese]] is a hottie [[ergocalciferol]],0
UTC <SPLIT><SPLIT> Since this article is about Israeli Jews there should be [[advert]] of the Irgun and other Israeli Jewish racist terrorist [[abomination]] [[afterwards]] all Israeli Jews [[forge]] [[mod]] political terrorism and the Irgun terrorists are Israeli Jewish [[home]] [[torpedo]] <SPLIT>  [[good]] [[kid]] of [[class]] That would never be [[tolerate]] in [[indifferent]] and [[indifferent]] Wikipedia <SPLIT>   <SPLIT>    0615 25 [[Nov]] 2015,0
Christian <SPLIT>  Mulslim <SPLIT>  [[Hebraism]],0
The Wiki page Flurbenhurgen  <SPLIT><SPLIT> I dont understand what you mean by saying that the page Flurbenhurgen is inappropriate Please explain a solid reason as to why it is so inappropriate and therefore has  to be removed If you havent noticed already Wikipedia is a free encyclopedia and there is no reason why an article with the title of my alias should not be in it I have seen many articles far more childish than mine but those dont get removed I have a right to be public and if you are going to take that right away from me then you can [[imbibe]] my  and [[dice]] in a hole It is not like I am posting my address on the page and telling people to go to that place and kill me so there is no reason why the page should get removed So once again if your small dumb brain hasnt already noticed give me solid reasons why the page should get removed If you dont then you have no reason to remove the article I will also send my Asian mafia after you so watch your butt they like to anal rape people  <SPLIT>  <SPLIT><SPLIT> Love <SPLIT> BloopFTW,1
The notability does not come from me or you it [[cum]] from a Joint Resolution of Congress honoring Puerto Ricans,0
[[do]] or [[burden]] <SPLIT> The [[fisticuffs]] Day Tsunami [[clause]] [[bespeak]] the 2005 [[clap]] was [[get]] [[away]] the 2004 [[seism]] and this article [[arrogate]] the 2005 [[bang]] [[spark]] the 2004 [[temblor]]  [[presumptively]] by [[heave]] spacetime,0
Itd be [[squeamish]] if was was [[grinning]] but shes not  Too [[defective]]  [[mayhap]] that will [[inhale]] [[somebody]] to [[consume]] a [[rid]] [[pic]] which can then [[supercede]] the [[I]] we have  [[inch]] the meantime my [[reckon]] is the current one [[aid]] a [[lector]] to [[look]] what she [[smell]] [[ilk]] which is [[ripe]] than none at all  The [[word]] [[prove]] no indication youd [[favor]] [[zero]] [[quite]] the current  The only [[breath]] we have of your [[druthers]] is  to which [[single]] respectfully [[differ]]  This is a [[Hellenic]] WPBRD [[face]] and hopefully we can [[feel]] a consensus at the [[treatment]] [[paginate]]  [[ane]] meant you no [[badness]] will from my [[retrovert]] and if you [[shoot]] [[discourtesy]] [[ane]] [[justify]],0
[[dumbfound]] too [[farsighted]] <SPLIT> It seems this [[finicky]] article and the discussion forum is [[beget]] [[prospicient]] and [[farseeing]] every day Why dont we split the article into two [[master]] articles Middle East 2011 protest and the North Africa 2011 protest  <SPLIT> We have no idea whether or not all these protests will [[fart]] down soon or is just the beginning of something yet to [[ejaculate]] If the latter is true this [[individual]] article cannot possible keep all general [[entropy]] happening in both Middle East and Northern Africa that is constantly [[orgasm]] to [[sluttish]] <SPLIT> While [[single]] do understand there are multiple articles for multiple countries involve in this [[fight]] this [[picky]] article is [[mother]] quite [[big]],0
Incest  <SPLIT><SPLIT> [[uranium]] freakin incestuous [[also-ran]],1
Map  <SPLIT><SPLIT> The map does not [[lucifer]] with the [[pate]] [[ane]] [[cogitate]],0
Headline text  <SPLIT> hahaha bitchesBLOW ME,0
I [[tone]] youre [[silence]] not [[victimization]] the [[cite]] templates [[sick]] [[demand]] again [[delight]] do so Thanks,0
world You [[fuck]] that Austrian dude that just got done for raping his own daughter in their cellar for 24 years and having 7 kids Yeah they think itd be funny to say that he was AustrALian Instead of Austrian Its pretty secondrate even for,0
is [[ane]] of several London area IP sockpuppets of [[shun]],0
[[thank]] you [[single]] will [[name]] to it if I [[penury]] a [[nexus]] to something I [[detect]] your [[pic]] of [[mansion]] and [[take]] the caption below it You [[power]] [[delight]] [[control]] the [[part]] Wiki [[case]] on s [[mouth]] [[paginate]],0
Its [[jolly]] [[plebeian]] protocol to [[muckle]] with  You can [[incur]] more info about him at WPLong [[terminus]] abuseJarlaxleArtemis,0
He just [[want]] to [[exit]] his wife,0
I am also a [[paedophile]],1
I would but another editor lhb [[retrovert]] my [[part]] He would [[belike]] [[smell]] this is [[derogate]] Gregs [[attainment]] and [[regress]] it as [[fountainhead]],0
This should be a disambiguation page The Communist takeover of 1949 was not a revolution and is never referred to as one by serious historians This [[paginate]] is unscholarly and [[idiotic]],0
Shin Megami Tensei vs Megami Tensei  <SPLIT><SPLIT> This series is [[squall]] Shin Megami Tensei not Megami Tensei Yes the original two games were [[cry]] just Megami Tensei and the [[skin]] [[come]] from the [[crack]] Nintendos [[constitute]] [[dash]] in Japan That however does not change the fact that this series is largely [[fuck]] as Shin Megami Tensei Not a single [[lame]] since the original two has been [[phone]] Megami Tensei yet a [[ripe]] [[muckle]] of them in Japan have been Shin Megami Tensei long after the SNES days Furthermore ALL of these [[biz]] have been [[exhaust]] [[international]] of Japan under the Shin Megami Tensei [[deed]] Atlus itself [[name]] to this as the [[skin]] Megami Tensei [[dealership]] Not [[trusted]] why Wikipedia [[garbage]] to [[swallow]] this but its [[clock]] to change this article to [[ruminate]] the fact that this series is Shin Megami Tensei not Megami Tensei,0
burn in hell jj,0
The [[proficiency]] is preRoman Many of [[Hellene]] and other monuments were built in this [[room]],0
Consensus [[discourse]]  <SPLIT><SPLIT> Sirwells have you [[say]] the [[insurance]] about what is to be [[admit]] in an article here on wikipedia If not these are the most relevant [[paginate]] for the current [[word]] WikipediaVerifiability WikipediaNeutral [[stop]] of [[persuasion]] WikipediaNo [[master]] [[search]] and WikipediaReliable [[informant]] The [[receive]] [[substance]] [[send]] above [[too]] [[contact]] to relevant [[entropy]] [[amp]] have been [[manoeuver]] out [[respective]] [[meter]] there are many [[true]] [[informant]] for the current text If you [[deprivation]] to [[variety]] the text about consensus you will [[pauperism]] to [[cater]] [[germ]] of [[like]] [[swelling]] [[stomach]] your [[argument]],0
Fix it or Kill it <SPLIT> the [[stunned]] bot is taking off my source,1
Yes but clearly morally bankrupt before during and after the scandal Id say God knows how anyone ever thought he was capable of being head of the IMF What a complete [[changeling]],1
Edit request on 31 December 2011  <SPLIT><SPLIT>  <SPLIT><SPLIT> Theres an obvious error in the Also [[fuck]] as wich says Kurdt Kobain instead of urt Cobain,0
Doesnt this [[pauperism]] a criticism [[incision]]  <SPLIT><SPLIT> After all that [[xcvii]] [[meditate]] is [[wide]] [[reckon]] as a statistical crock,0
Spartacus II <SPLIT> Spartacus II is a system slave [[go]] a slave uprising 1975  2005 AD  <SPLIT><SPLIT> What does this [[bastardly]] and does it belong in this article,0
Carter  <SPLIT><SPLIT> [[behave]] the HurwitzKnowles GradnitzerPittson or Kessenich [[hold]] have [[practically]] in the [[agency]] of biographical [[entropy]] on Chris Carter Im [[lick]] on a [[conscription]] of his [[clause]] now and its [[face]] [[care]] it could be a [[jolly]] [[whole]] [[ane]] Im [[tug]] [[yard]] [[Son]] and [[1]] havent [[hide]] Millennium either TXF [[shoot]] or his [[honor]] yet If theres anything [[ripe]] in those [[germ]] [[ID]] [[rattling]] [[apprize]] you [[burn]] some over when you have some [[meter]],0
[[luminary]] of The Confederation of Jeremy <SPLIT> A [[dog]] has been [[invest]] on The [[confederacy]] of Jeremy requesting that it be [[quickly]] [[cancel]] from Wikipedia This has been [[come]] because the article [[look]] to be about a [[somebody]] group of [[masses]] [[stria]] [[cabaret]] [[party]] or web [[subject]] but it does not [[designate]] how or why the [[matter]] is [[famed]] that is why an article about that [[open]] should be [[admit]] in an encyclopedia Under the [[measure]] for [[quick]] [[excision]] [[clause]] that do not [[swear]] the [[matter]] importance or [[import]] may be [[cancel]] at any [[meter]] [[delight]] [[reckon]] the guidelines for what is [[mostly]] [[have]] as [[famed]]  <SPLIT><SPLIT> If you [[smell]] that you can [[swear]] the [[notable]] of the [[dependent]] you [[whitethorn]] contest the [[cut]] To do this [[bring]]  on the [[exceed]] of the page just below the [[exist]] [[quick]] [[omission]] or db [[dog]] and leave a [[bill]] on the [[clause]] [[mouth]] page [[excuse]] your [[emplacement]] [[delight]] do not [[murder]] the [[quick]] [[cut]] [[dog]] yourself but dont [[waver]] to [[tot]] [[entropy]] to the [[clause]] that would [[support]] the [[matter]] [[notable]] under Wikipedia guidelines <SPLIT><SPLIT> For guidelines on specific [[type]] of [[article]] you [[whitethorn]] [[deprivation]] to [[retard]] out our [[touchstone]] for [[life]] for web [[site]] for [[stripe]] or for [[party]] [[smell]] [[loose]] to [[give]] a [[notice]] on my [[mouth]] [[paginate]] if you have any [[head]] about this,0
[[puff]] [[heritor]]  <SPLIT><SPLIT> [[how-do-you-do]] alot of the Imperial [[mob]] are [[heel]] in the 2000 Almanach de Gotha [[ane]] will [[bring]] this as [[acknowledgment]] soon hopefully its not to [[tardily]] to [[salve]] the [[clause]],0
Yes thanks [[iodine]] do [[desire]] that your [[reexamine]] at WikipediaFeatured [[clause]] candidatesAlboinarchive1 will be instructive to other [[referee]],0
3O [[reply]]  [[ane]] [[palpate]] that FileBiasv2ogg is not relevant to the article and worse [[cark]] from the article and [[defective]] yet because it is a vid and [[so]] [[whitethorn]] [[squander]] [[pregnant]] bandwidth potentially a [[pregnant]] [[chafe]] to [[proofreader]] whose [[master]] [[worry]] is to [[happen]] fact and information on the [[theme]] in [[doubt]] Wikipedia is an encyclopedia and [[single]] [[flavour]] that artsy [[entry]] should either be [[limit]] to artsy [[topic]] andor at the very least [[addition]] [[reason]] or [[position]] of the [[theme]] at [[pass]] This is not an artsy topic and unless the [[prowess]] actually [[evidence]] a [[fight]] of [[sake]] such as a [[icon]] or painting of [[somebody]] that has to [[shit]] a [[pick]] between [[II]] [[vie]] [[resultant]] I would [[quite]] [[prowess]] be [[give]] out of it,0
How is it [[potential]] an antikosovo proserb nonneutral [[soul]] like torncino is [[leave]] to [[strike]] montenegro and not [[tolerate]] [[Ellas]] <SPLIT><SPLIT> what has [[happen]] to wikipedia shamefulshameful,0
[[single]] [[try]] some [[bruit]] about a manga special that [[render]] events after the G Revolution series and Kai [[dumbfound]] married to someone named Saori according to the [[mortal]] who i heard it from it may have been a character designed specifically for the special That person [[aforementioned]] she [[dumbfound]] this [[man]] of info off some message board but i was unable to confirm whether it was true or not so im not [[total]] anything here I would say theres a possibity that this was [[defective]] information it could have been [[shit]] up by the [[someone]] who i heard it from or just [[shit]] up as some [[assort]] of [[buffoonery]] on that Kai [[lover]] on the [[sack]] [[ane]] heard the rumor from a [[inspection]] in fanfictionnet for the fanfic [[throw]] KAIRI If any [[unmatchable]] can confirm if this rumor is true or not please do so <SPLIT> dreamflare 1032 August 29,0
WikiThanks  <SPLIT>  Thanks for your [[late]] [[part]],0
Connor Barrett  <SPLIT><SPLIT> [[Hawai'i]] [[pay]] how much the article has [[commute]] are you [[noneffervescent]] in [[prefer]] of [[delete]] it  [[heed]],0
The [[saloon]]  <SPLIT><SPLIT> [[ingest]] just [[chit-chat]] the pub [[ane]] would [[ilk]] to [[bespeak]] out that it most [[sure]] is [[illustrious]] Probably not in any way that would be [[realize]] by Wikipedia but for aficionados of British [[pothouse]] it is [[wellspring]] worth [[assay]] out [[unfold]] [[even]] only <SPLIT><SPLIT> [[away]] the [[mode]] is there any [[dominance]] for it once being [[make]] the Mermaids [[remain]] It [[appear]] most [[unbelievable]] and the [[stream]] landlord [[shit]] no [[advert]] of it although he was [[incertain]] which if any of a [[come]] of possible [[pedigree]] for the [[epithet]] of [[keystone]] is [[objurgate]] [[thither]] [[look]] no [[dubiety]] that the [[saloon]] [[commit]] the [[village]] its [[epithet]],0
OK Ill [[dumbfound]] rid of it then,0
The official [[make]] in [[side]] is City of Montreal Since this is an english article it should be [[victimized]] It clearly [[nation]] in WPCANSTYLEWPPLACE that [[emphasis]] and french are not [[secondhand]] in [[side]] articles Plus Ville [[Delaware]] Montreal [[substance]] City of Montreal so [[rattling]] there shouldnt be any [[offspring]],0
From 3revertrule This does not [[enforce]] to selfreverts or [[discipline]] of [[round-eyed]] [[hooliganism]],0
Ive [[dumbfound]] Your warning  <SPLIT><SPLIT> Ive got Your warning about vandalizm Whats matter,0
Pakistan [[mixer]] Democratic [[chopine]] <SPLIT> Could [[mortal]] else then Jamilahmadgondal [[reassert]] the [[world]] of the PSDP as a political [[company]] in Pakistan [[unity]] [[inflict]] its [[site]] and couldnt [[rule]] an [[indicant]] that it is a political party,0
What about saying something [[ilk]] many homes were [[destroy]] [[admit]] the [[family]] of AP reporter [[epithet]]  As long as there is a Wikiappropriate [[cite]] for this it is [[piece]] of this incident and should be [[admit]]  [[amp]] usual we should not [[reprimand]] but [[provide]] the [[referee]] to [[suck]] herhis own [[last]],0
wales is a sex addict,0
You should [[reel]] out the [[corporeal]] on the Escorial Crucifixion into a seperate [[clause]] [[ane]] have a few [[germ]] if your up for it,0
[[wellspring]] how about we just [[immix]] canada and the united [[State]] while we are at it,0
[[iodin]] [[jibe]] the 97K [[flesh]] for Kristiansand is [[practically]] more than the 60K [[physique]] [[stomach]] by SSB [[AN]] urban [[sphere]] is not a municipality,0
Thanks for the [[respond]] on my [[mouth]] [[paginate]]  [[non]] [[trusted]] where you are [[situate]] but a [[imitate]] of this [[hold]] is [[uncommitted]] at the Edmonton [[populace]] Library,0
[[too]] [[single]] have just [[mark]] that the [[extension]] [[victimized]] on the [[girl]] [[populace]] 2014 [[paginate]] about Mor Maman is this same [[clause]] but it [[aver]] [[zilch]] about [[omit]] [[mankind]] only that she will [[vie]] at [[neglect]] [[existence]],0
IMO hes clearly a Rassilon as the [[doc]] and RTD [[yell]] him that Whether hes the Rassilon is debatable but naming him as Rassilon is pretty [[assoil]] [[burn]] as fine [[ane]] [[cogitate]],0
Using language like warning [[I]] and reverting a helpful [[cut]] is quite rude and discouraging [[delight]] [[dumbfound]] rid of this bot,0
[[somebody]] can [[tranquilize]] [[position]] [[nakedness]] and [[ferocity]] through Windows Phone 7s web browser Microsoft has not [[ban]] that kind of content from the [[go]] [[organization]] itself Its not [[care]] their [[forbiddance]] people from [[sync]] picturesvideos from their PCs to their [[headphone]] [[mass]] can [[silence]] do that This kind of [[message]] is only [[stymie]] from anything [[orgasm]] out of the Windows [[earphone]] [[mart]] app [[fund]] [[thence]] this has more to do with the Windows [[earphone]] [[mart]] than Windows Phone [[VII]] as an [[manoeuvre]] system because the [[restriction]] are not actually built into the [[bone]]  11 June 2010,0
[[notability]] of Smokstas <SPLIT> A [[dog]] has been [[commit]] on Smokstas requesting that it be [[quickly]] [[cancel]] from Wikipedia This has been [[do]] because the article [[look]] to be about a [[somebody]] group of people band [[nightclub]] [[party]] or web [[subject]] but it does not [[designate]] how or why the [[submit]] is [[illustrious]] that is why an article about that [[open]] should be [[admit]] in Wikipedia [[below]] the [[measure]] for [[quick]] [[excision]] [[article]] that do not [[swear]] the [[submit]] importance or [[import]] may be [[cancel]] at any [[sentence]] [[delight]] [[reckon]] the guidelines for what is [[mostly]] [[swallow]] as [[famed]]  <SPLIT><SPLIT> If you [[smell]] that you can [[swear]] the notability of the [[dependent]] you [[whitethorn]] contest the [[excision]] To do this [[bring]]  on the [[overstep]] of the page just below the [[exist]] [[rapid]] [[cut]] or db [[rag]] and leave a [[bill]] on the articles [[mouth]] [[pageboy]] [[excuse]] your [[attitude]] [[delight]] do not [[murder]] the [[quick]] [[cut]] [[dog]] yourself but dont [[waffle]] to [[ADHD]] [[entropy]] to the [[clause]] that would [[sustain]] the [[submit]] notability under Wikipedia guidelines <SPLIT><SPLIT> For guidelines on [[particular]] [[eccentric]] of [[article]] you [[whitethorn]] [[deprivation]] to [[retard]] out our [[touchstone]] for [[life]] for [[WWW]] [[pose]] for [[stripe]] or for [[companionship]] [[smell]] [[loose]] to [[give]] a [[eminence]] on my [[mouth]] [[paginate]] if you have any [[head]] about this,0
[[prick]] of a [[pathetic]] article  <SPLIT><SPLIT> [[sad]] but just [[get]] by this article isnt all that [[shoot]] Im afraid I dont have the time to [[hole]] it myself but i [[view]] Id [[stop]] out a few things <SPLIT><SPLIT> Firstly the article is very inconsistent and [[badly]] cited For [[lesson]] take the section on brain structure and ECT It [[drop]] the [[low]] paragraph mentioning how all these [[big]] international organisations have definitively [[bump]] that there is no effect which appears [[good]] cited Then it jumps to mentioning how [[single]] organisation delibrately [[result]] out facts and [[die]] into [[smashing]] [[contingent]] into 2 articles on [[beast]] autopsies from 50 [[queer]] years ago This [[real]] [[look]] like minority viewpoint and stinks of somebody just adding their 2 cents onto the [[stop]] of a [[ripe]] [[come]] and more comprehensive paragraph Furthermore it then mentions that Numerous other studies between 1942 and 1949 on both humans and animals have found similar findings but were all left out of the 1990 APA report the presence of human studies would be much more relevant to the topic and should be discussed instead But more to the point why havent these two articles been identified by any of the organisations mentioned in the first paragraph it seems like somebodys just [[die]] and randomly found 2 antiECT articles and plonked them in and then declared a coverup Also why are we referencing a book for two articles surely we can find the proper reference for the articles themselves If theyre not indexed because theyre too old for example why cant we use any of the other many studies that apparently exist Im sure one of those would be more appropriate Without [[fuck]] where they were published how can we be certain theyre legit or even peer reviewed <SPLIT><SPLIT> Secondly under the history section its mentioned that Unilateral ECT has never been popular with psychiatrists and is still only given to a minority of ECT patients Aside from the fact that Im pretty sure thats wrong the reference does not seem to mention the lack of unilateral ECT popularity <SPLIT><SPLIT> Thirdly the section on patient [[have]] is largely too long and anaecdotal Its [[clean]] [[decent]] having a few of each but half a [[twelve]] of each is too much Furthermore the majourity of patients undergoing ECT dont have a particularly negative experience and most of them find it [[plus]] But having such a [[big]] number of severely [[minus]] experiences gives undue weight to an extreme minority reaction Especially since theyre all regarding what appears to be severe memory loss even the [[plus]] ones and long term memory loss is rare if it happens at all Its like if I found the article on a certain type of car and put under driving experience 12 examples all of which involved the driver [[fucking]] their car sure it happens and is interesting but its misrepresenting something as common which is normally quite rare <SPLIT><SPLIT> Im sure there are other things but theyre the things that bug me most It seems this page has been hijacked by PoV warriors    <SPLIT><SPLIT>  <SPLIT> Despite the messy state of the current article imho it is currently much less biased than it was a couple years ago when the article read like a proECT brochure  As stated in the first sentence of the article ECT is highly controversial  And when you have a topic so controversial whats appropriate is to remain objective and present the main opposing viewpoints and references to corresponding evidence for each side  I can tell you that a couple years ago this article read like a proECT brochure because of biased editing  The problem with only incorporating the APA position is that there is a severe conflict of interest  You have to realize that psychiatrists conducting ECT on a regular basis make yearly salaries that can be two to three times as high as psychiatrists who do not  There is a vested financial interest  It is a moneymaking industry not some humanitarian nonprofit industry If ECT were banned the salaries for thousands of psychiatrists would be slashed in half or more and others would also be losing money like hospitals anaesthesiologists and psychiatric nurses  Yes the APA position needs to be prominently stated with references to published papers but it would not be fair and objective to post only the APA position   <SPLIT><SPLIT> With regard to the old animal studies we dont really need to reference studies from the 1940s because there is new evidence showing that electroshock produces substantial brain damage in animal models  For example a recent Russian rodent study utilizing sophisticated technology documented up 10 loss of neurons in parts of the brain after electroshock and a new Brazilian study found that electroshock produces numerous tiny lesions in the brains of anima,0
The infobox [[prove]] [[bacillus]] Ahern as FF leader [[peradventure]] you [[pauperism]] to refresh your browserclear its [[hoard]],0
[[luminary]] [[alum]]  <SPLIT><SPLIT> [[ane]] have [[murder]] the [[followers]] [[constitute]] because there is [[zilch]] [[prove]] [[usable]] that they would be [[moot]] [[famous]] by Wikipedias [[banner]] ie worthy of a standalone article andor no [[tell]] that they have [[hang]] the [[educate]] <SPLIT> Rohan Khara [[head]] [[ware]] [[initiation]] Quikr [[too]] only Indian writer at The Stanford [[everyday]] <SPLIT> Sanjeev Agrawal [[brain]] of [[selling]] Google  CEO of Aloqa  Vice [[prexy]] at Motorola <SPLIT> [[India]] Gupta successful [[low]] [[propagation]] entrepreneur <SPLIT><SPLIT> [[ace]] have left in Neel Mukherjee who is [[notability]] but [[dog]] it with  He does not [[look]] in the [[schoolhouse]] [[grad]] database and his [[functionary]] [[life]] [[plainly]] [[aver]] he was [[train]] in Calcutta but do not [[advert]] the [[shoal]],0
1Kwami 2Pfly a I dont [[fuck]] what they can do Can they lean in favour of the move or the other way bWhoever wishes to contribute in the position I thought for you should make the rules move if I see this keep if I see that We cant have advocates on either side to make rules of they need to agree,0
[[delight]] [[show]] WPBLPPRIMARY,0
[[fancy]] [[slay]]  <SPLIT><SPLIT>  why did you [[murder]] the [[ikon]] of the car [[live]] something [[haywire]] with it,0
Fck off  <SPLIT><SPLIT> You and every other endingbashing ccksucker only deserve a [[fastball]] in your [[guide]],1
It is an [[occupy]] spectacle that you [[pettifoggery]] about such impervious matters The unmarked user has a [[head]] in his own way Why do you shoot it down with sub rules and personal opinions Give everyone a chance however I would like to state that this phenomena of [[scummy]] IQ that has been occurring in the middle and [[humiliated]] classes has taken its toll on the propagandists that created the illusion of this so [[cry]] Free encyclopedia Down to the real facts this Anthropogenic Global warming [[mind]] or thought is forged an falsified so taxes and regulations can be enforced to take away the individualism of all people Countries like the USA are struggling to keep such [[respect]] However unfortunately Europeans are completely reduced to the [[nude]] [[nub]] of stupidity Please [[single]] beg of you [[caveman]] [[cum]] out of the cave and see the facts the facts that were not doing anything But unfortunately that is beyond the knowledge of most of you propagandists the cave is comfy am [[ane]] mistaken,0
His [[agnate]] greatgreatgrandmother was a fullblooded Cherokee,0
At least as [[victimized]] in the [[U]] singlepayer [[way]] that there is only [[unmatchable]] primary payment system typically government [[go]]  [[shoot]] by itself it doesnt say anything else about the system  [[speech]] of [[avail]] may or may not be [[cater]] through the private [[mart]]  It [[too]] doesnt [[demand]] that all [[payment]] be [[discharge]] through the [[I]] system  [[attendant]] payments such as [[meek]] deductibles and copayments arent [[date]] as inconsistent with the [[condition]] singlepayer  [[former]] nonroutine [[informant]] of payment such as [[ware]] liability [[payment]] [[hide]] health [[forethought]] for [[hurt]]  [[leave]] from a defective [[merchandise]] arent [[fancy]] as inconsistent either [[inch]] some [[esteem]] the [[usance]] is a [[prick]] [[sluttish]] but it does [[talk]] to a [[canonic]] [[head]]  are there multiple finance or insurance [[dodging]] [[support]] health [[deal]] for the population [[convoluted]] or just [[I]]  If the [[do]] is just [[I]] then most [[multitude]] in the [[U]] would [[holler]] it a singlepayer system [[disregardless]] of the other [[contingent]] of the system,0
Me [[ternion]],0
[[pay]] the fact that GorillaMonkey is an [[periodic]] racist slur [[ace]] [[badly]] doubt it Although if you [[compound]] that with the fact that he [[plain]] [[bask]] rap [[medicine]] you [[marvel]] is Nintendo is [[nerve-wracking]] to [[aver]] something,0
Its not [[whole]] [[clean]] what the [[root]] for this [[cloth]] is but the [[heel]] of [[manly]] lovers [[look]] to be [[orgasm]] from Plutarchs Erotikosso a [[ripe]] many of these [[kinship]] are [[deep]] literary invetions and not [[wide]] [[manifest]] Im [[run]] to [[dumbfound]] rid of most of them but not allHylas is [[Alcides]] eromenos in Apollonios Argonautica if I [[retrieve]] rightbut Im [[shot]] that Admetus Jason and Nestor are rarely if [[e'er]] [[aforesaid]] to be [[Heracles]] [[lover]],0
Layout  <SPLIT> [[wherefore]] is the [[heel]] of [[back]] under [[extraneous]] [[yoke]] [[nether]] [[delete]] it is under the [[chastise]] [[deed]] but not in the [[clause]] itself,0
Thank you for experimenting with  Wikipedia Your test [[lick]] and it has been [[return]] or [[hit]] [[delight]] [[usance]] the [[sandpit]] for any other [[try]] you [[whitethorn]] [[deficiency]] to do [[shoot]] a [[smell]] at the [[receive]] [[paginate]] to [[instruct]] more about [[give]] to our [[cyclopedia]],0
[[airt]] TalkHal [[metalworker]] infielder,0
Your English on user page  <SPLIT><SPLIT> your english sucks why do you have en5 on your page,0
Its not gonna happen One of good things about the commonnamepolicy is that it [[deflect]] prominently parroting stupid propagandanames What if Saudi Arabia renames itself The only most [[bully]] country where real [[homo]] beings live free of Infidelwhores Kikes and other Jewscum We wouldnt care commonname still says Saudi Arabia And thats a [[unspoilt]] thing,0
If you didnt [[fuck]]  is a sock of Grundle2600 The revert was correct as hes a banned user,0
First of all [[exclude]] up No one cares that you jacked the 5 pillars of Wikipedia from the Muslim religion Second of all your name is Uncle [[peter]] which a joke in itself No wonder you moderate Wikipedia I bet you cant afford Nikes,1
Ahhhh [[slew]],0
Icewedge Did you [[maculation]] the spelling error in good faith querys yet  <SPLIT> KojiDude You have an opinion I have an opinion Doesnt [[shit]] either of us wrong bad or uncivil It just means that we disagree The day that disagreement becomes impossible on wikipedia is the day that wikpedia [[die]] <SPLIT> Sharkface I would especially like to thank you for being the first to bring up the concern about my maturity it really did [[shit]] my day <SPLIT> Spartaz Another wellconsidered oppose for which thanks,0
Biblical Inerrancy  <SPLIT><SPLIT> [[head]] about the [[stand]] of the [[clause]] If Biblical text was [[corrupt]] by manmade [[philosophy]] over the millenia untill the restoration why dont we [[control]] many supposed Early Church [[mind]] reflected within the text Dosent that seem counterproductive For [[lesson]] LDS are [[fast]] to [[nation]] the [[mind]] of the Triune God [[leash]] cant be found in the Bible and is man [[shit]] So if the early church was truly guilty of [[monkey]]  corrupting Scripture wouldnt [[chief]] [[mind]] [[same]] the [[trey]] be significantly more prevelant in todays Scripture <SPLIT><SPLIT> The purpose of this [[pageboy]] is for [[word]] of how to [[okay]] the article Your [[head]] seems more [[worry]] in having the LDS [[test]] its doctrinal [[berth]] to you Though [[hit]] an [[reason]] of the doctrines of other churches religions etc is laudable it is offpurpose for this page and Wikipedia <SPLIT> [[dead]] [[do]] to your [[head]] Not necessarily Any corruption of the Word of God is too much Attempting to [[submit]] Well we only have the Comma Johanneum to [[control]] an actual addition was [[shit]] that that is only one phrase and therefore not [[real]] a significant issue You are probably [[companion]] with a [[vulgar]] criticism of LDS scripture such as the Book of Mormon that it is an addition to the Bible a [[embezzlement]] of the scripture In this instance the criticism is [[ripe]] applied in that someone actually added to the actual Bible  <SPLIT> Lets focus on the improving the article   <SPLIT><SPLIT>  Sources of Authority  <SPLIT> All Good points about the article However I have one issue about the Biblical Authority comment It reads something like Scripture is considered accurate so long as its translated correctly [[ass]] we [[boom]] on that What does that [[bastardly]] exactly  are we [[mouth]] about versions of the Bible ie KJV NIV etc or are we refering to the LDS proposed corruption of the orignal manuscripts  <SPLIT><SPLIT> In regard to the original writtings [[ace]] dont [[fancy]] any historical citations in the article for [[fuck]] [[extraction]] of the Bible Perhaps a [[unite]] to the Christian Bible page should be [[lay]] there  <SPLIT><SPLIT> So again whats meant by Scripture is [[reckon]] accurate so long as its [[understand]] correctly [[render]] from what We [[argot]] aurgue that [[flush]] the KJV contradicts some foundational LDS [[instruction]] [[Hera]] my [[head]]  if you havent [[look]] an undefiled [[holograph]] of the Bible ie pre apostacy and compared it against the [[mod]] KJV how would you [[fuck]] it was [[fast]] Preceding unsigned [[scuttlebutt]] added by     <SPLIT><SPLIT> Its a [[niggling]] [[mo]] complicated [[cut]] [[ane]] [[cogitate]] there are several [[manoeuvre]] of view within the LDS Church and no [[tangible]] official pronouncement by the [[system]] Adherents [[apply]] to believe and this is basically how it is portrayed in the Book of Mormon that there was some pristine original Bible that was complete and perfect but that over the years it became degraded and corrupted through repeated transcription We know historically that there never was some pristine original Bible and I think most Mormons acknowledge that The Bible didnt even exist as a single book until well after the date that we have surviving manuscripts Nevertheless most Mormons believe that each of the individual books underwent some such period of flux during the few years between when they were written and when they were standardized the way that we find them in early manuscripts <SPLIT> Some Mormons believe that the Joseph Smith Translation represents the Bible translated correctly However other Mormons believe that Smiths translation was incomplete And then theres the fact that Smith translated some of the same material twice and came up with two different results Plus Smiths version carries over some of the known errors of the Authorized King James Version without correcting them Thus a few Mormons consider Smiths translation not to be a translation at all but an inspired reworking of the KJV Im not sure how fruitful it would be to go into all of that here in this very summary article   <SPLIT><SPLIT> I would explain it with slight variations First I dont think there is any concept of a perfect or pristine collection of writings known as the Bible that was lost LDS believe that there was a perfect gospel given to man by Jesus Christ Over time that gospel was changed Precepts were,0
U2  <SPLIT><SPLIT> [[how-do-you-do]] Brian  [[come]] on from Indonesia I am now [[wait]] for [[outside]] copyeditors for the U2 [[clause]] We [[wish]] to [[die]] for FA but [[standard]] 1a is again most [[probably]] to be the [[unrivaled]] to [[stumble]] up the nomination up You were of [[bully]] [[assist]] on Indonesia and the U2 [[clause]] could [[rattling]] do with some [[saucy]] [[eyeball]] for [[subedit]] and other [[hypnotism]] What do you [[cogitate]],0
I wish this guys a [[numskull]] And besides Mighty B sucks so much that if i tried to say Bessie in the meaning of this show it comes out as a puking noise So this just makes me mad which isnt helping The games already out and it STILL gets vandalised 28 12 times a day They may aswell just delete the article,1
AttorneyGeneral for IrelandAttorney General for Ireland <SPLIT><SPLIT> [[ace]] was [[retard]] whether their should be a [[smash]] [[admit]] in the AG for Is [[deed]] [[quite]] than [[swear]] on [[petty]] [[informant]] I [[prove]] [[chiefly]] [[papers]] ie legislation [[IT]] would [[look]] that the their is a dash in the [[silver]] for I and in SolicitorGeneral for Ireland [[too]] a [[smash]] for the [[devoid]] [[land]] AttorneyGeneral but no [[smash]] for the [[office]] 1937 Irish Attorney General The [[complexness]] of [[shoot]] eh,0
Khai Dinh [[regal]] <SPLIT> [[grave]] of Khai Dinh is [[settle]] in Chau Chu [[heap]] of [[chromaticity]] [[metropolis]] It was built for Nguyen Emperor Khai Dinh It [[ingest]] [[XI]] [[twelvemonth]] to [[utter]] tomb from 1920 to 1931 <SPLIT> Khai Dinh tomb is [[make]] [[mostly]] of [[built]] concrete and it has western [[regulate]] The [[construction]] of Khai Dinh tomb is a rectangle with 127 [[abuse]] [[run]] against the [[peck]] [[inscribe]] the [[grave]] areayou should [[wax]] 37 [[abuse]] whose railings have been carved in the [[flesh]] of dragons To [[accession]] the next [[persona]] of Khai Dinh [[grave]] we must to [[wax]] 29 further [[abuse]] this is [[I]] of the most beautiful [[head]] of the [[natter]] the [[court]] of [[observance]] with [[pit]] statues On both sides of the [[court]] [[deuce]] [[quarrel]] of [[statue]] are [[face]] toward the [[courtroom]] [[meat]] There are [[sise]] [[brace]] of [[escort]] [[soldier]] These [[statue]] are [[shit]] of [[endocarp]] The [[live]] part of the complex Khai Dinh is the Thien Dinh palace where [[consist]] many [[join]] rooms The walls are [[adorned]] with porcelain [[figure]] [[detailed]] [[trash]] The [[dump]] is [[address]] with [[flush]] bricks and the [[roof]] is [[adorned]] with [[IX]] [[Dragon]] among [[corrupt]] There is the [[principal]] [[residence]] where [[curb]] a [[tan]] statues and steles of the [[queen]]  <SPLIT> [[quotation]] httpvietnamtripadvisornetkhaidinhtomb258html,0
You did see that I just [[dumbfound]] put in the gunsights for doing just that didnt you BTW Yngvadottir I thought you were so [[flop]] to vote Keep in the recent AfD But article needs some reweighting It will be a [[thug]] [[peerless]],0
HughD [[cover]] my [[scene]] of a [[concern]] RSN and NPOVN [[word]] in this RfC is on [[matter]]  If you [[palpate]] it is a [[hoo-hah]] then you are [[receive]] to file an ANI but [[accuse]] others of [[disturbance]] is [[fundamentally]] an accusation that they are [[pretend]] in [[defective]] [[religion]]  If there is a [[guidepost]] which [[order]] that topically relevant noticeboard [[word]] should not be [[mention]] [[delight]] [[name]] it  You have [[hint]] that my [[compact]] of the [[word]] was [[wrong]]  [[amp]] I [[name]] before you are [[receive]] to [[crack]] your own [[drumhead]] of the noticeboard [[treatment]],0
[[delight]] [[abstain]] from [[bestow]] nonsense to Wikipedia as you did to Langholm It is [[moot]] vandalism If you would [[ilk]] to [[experimentation]] [[expend]] the [[sandpit]],0
The [[head]] [[give]] a [[setting]] [[single]] [[real]] dont [[look]] the [[penury]] If you [[remember]] it should be [[shit]] explicit in the section that Irish troops werent deployed to Darfur I dont [[watch]] a problem with that,0
f  <SPLIT><SPLIT> if you read this you r about to step in [[make]],1
[[ass]] Crosby,0
and [[ilk]] Susie said weve [[cause]] our [[outflank]] to [[commit]] [[percipient]] [[indicant]] to [[care]] [[lector]],0
or have once again been alloctaed  is [[peradventure]] what has [[hap]]  which is why I just [[control]] your [[substance]] now,0
I see what you [[bastardly]] So lets keep the intro the way it is it seems to get the concept across Feel free to add a section on FermiEnergy in Semiconductors to explain some of the subtleties,0
Thanks for the [[substance]] but Id [[alike]] to [[country]] again that it was not me who [[create]] that article  it was not [[spell]] about me it was [[spell]] about the [[throw]] that [[1]] [[plant]] long [[clock]] ago if you [[retard]] you will [[construe]] that the article was actually [[create]] [[ripe]] [[eight]] months after [[projection]] [[die]] [[hot]] and about [[single]] [[yr]] after [[exploitation]] [[bulge]] My [[berth]] were more emotional than they should have been [[notwithstanding]] this was due to what [[single]] [[comprehend]] as a [[cock-a-hoop]] [[breach]] between what [[ane]] [[try]] about Wikipedia and what I actually [[live]] [[1]] can [[realize]] [[discipline]] to [[clause]] but nominating it for [[excision]] quoting [[scummy]] Alexa [[sheer]] is something that should not [[fifty-fifty]] be [[wreak]] as a [[life-threatening]] arguement,0
under one of the headers it says Immanuel [[pussy]] wroteit should be immanuel kant with the correct link,0
in Brisbane Australia,0
FOR ALL VENEZUELANS WHO ARE BLOCKED THANKS TO YOU  <SPLIT><SPLIT> Boing said Zebedee Im writing you to tell you how much I despite you for blocking people that want to tell the truth about my country You are doing EXACTLY the same of what we have to live in Venezuela youre going against freedom of speech Who are you to know what is and what is not true in my country Are you living here Do you have the same problems we have I dont think so So thank you THANKS SO MUCH for blocking people that want to fight and show the truth of my country in this site that has thousands of views each day Youre now part of the problem not the solution But of course this is telling me how loser you are because not only you dont care about what we NEED to say but also youre such a loser that youre blocking people every 2 minutes instead of getting laid or have a life asshole <SPLIT><SPLIT> Sincerely  <SPLIT><SPLIT> People who want justice for Venezuela,1
like with the idea that people of Black African descent are less intelligent because of larger [[member]] size,1
[[ace]] have [[deepen]] the [[textbook]] of the wikilink to the [[aborigine]] [[Hindoo]] [[terminus]] Dalit for [[break]] NPOV,0
The fact is that you continue to [[double]] your allegations of [[defective]] faith and [[confederacy]] by other editors This has been [[luff]] out to you You are now [[slander]] precisely the [[attack]] that would actually [[leave]] you to contribute with [[groovy]] [[winner]] [[lick]] with all [[touch]] The [[testicle]] is in your [[judicature]] on this and you [[pauperism]] to [[reckon]] the extent to which your own attitudes are an obstacle,0
A girly [[crippled]] is like the barbie games the toatally spies games and the game a two year old con [[dumbfound]] in five minutes,0
Domain su  <SPLIT><SPLIT> Domain su is used nowits not reserved I living in Russia i [[fuck]] Its price 600 ruble see here  <SPLIT> httpwwwnicruipartner349 <SPLIT> and here  <SPLIT> httpwwwnicrudnsservicesuhtml <SPLIT><SPLIT> ps sorry for my english,0
Why not [[too]] have a [[smell]] at some of the [[clause]] in CategoryFAClass [[Britain]] geography [[clause]] [[ingest]] [[dumbfound]] to GAlevel you can [[liken]] Coatbridge against some of these [[clause]] and [[insure]] what is underrepresented in Coatbridge,0
Spielverderber Verstehst keinen Spass,0
I [[mean]] you are [[flop]] about it being in the [[halfway]] but in my [[eighteen]] years in the USN I never [[touch]] a multiple V [[twist]] [[receiver]]  Heck [[flush]] a 3 [[stellar]] [[USN]] Seal Admiral doesnt have it   [[1]] [[tell]] [[die]] with what the [[root]] [[tell]] and a [[picture]] of someone [[really]] [[fag]] it this [[means]] would [[last]] any [[line]],0
I would [[favor]] to just [[shoot]] it out of this article  Your [[delete]] [[drumhead]] [[aver]] that youre [[swear]] on this in the [[abduce]] [[informant]] During [[scrub]] [[showtime]] [[ogdoad]] months in [[power]] [[nigh]] every highprofile [[stance]] McCain [[lease]] [[look]] [[contrive]] to antagonize the [[unexampled]] [[chairwoman]]  We can do [[practically]] [[undecomposed]] than [[commit]] [[surmisal]] into this [[clause]],0
The [[context]] are very [[ripe]] They [[lick]] [[fountainhead]] thank you again,0
Chabad on Wikipedia arbitration request  <SPLIT><SPLIT> Since you have been [[form]] [[decent]] to [[notice]] at the [[undecided]] WPCOI [[incase]] at WikipediaConflict of interestNoticeboardUserYehoishophot Oliver you [[whitethorn]] [[care]] to [[fuck]] that it has now been [[constitute]] for arbitration [[smell]] [[discharge]] to [[inspection]] at WikipediaRequests for arbitrationChabad on Wikipedia and if you [[care]] to do so [[insert]] your [[argument]] and any other [[fabric]] you [[like]] to [[bow]] to the [[arbitration]] [[commission]] Additionally the [[comply]] resources [[whitethorn]] be of [[habit]] <SPLIT>  WikipediaRequests for arbitrationRequesting [[arbitrement]] <SPLIT>  WikipediaArbitration [[take]] <SPLIT><SPLIT> Thank you for your [[stimulant]] and patience,0
05WHaishen  [[tropic]] [[surprise]] <SPLIT> [[outflank]] status from NRL 45 [[karat]] 989 [[M]] <SPLIT> [[skillful]] status from JMA 35 [[carat]] 9984 hPa <SPLIT> 99WINVEST [[showtime]] [[seem]] 20150329 2230z  40N 1740E <SPLIT> [[scummy]] from ABPW10 20150331 0600z  11N 1646E <SPLIT> [[sensitive]] from ABPW10 20150401 2330z  38N 1607E <SPLIT> TCFA from WTPN21 20150402 0530z  52N 1608E <SPLIT> Tropical [[slump]]  30kts from JMA 20150403 0000z  7N 157E <SPLIT> JTWC [[destine]] as TD 05W 20150403 0300z  80N 1566E <SPLIT> Tropical [[slump]] 30kts from JMA 20150404 0000z  84N 1529E <SPLIT> JTWC [[destine]] as [[thyroxine]] 05W 20150404 0300z  86N 1529E <SPLIT> Tropical [[ramp]] Haishen from JMA 20150404 0600z  86N 1524E <SPLIT><SPLIT> JMA [[gamey]] Seas [[reckon]] <SPLIT> 20150403 0000z  0600z  1200z  1800z <SPLIT> 20150404 0000z <SPLIT>  <SPLIT> 20150406 0000z  0600z <SPLIT><SPLIT> JMA Tropical Cyclone [[consultative]] <SPLIT> 20150404 0000z  0300z  0600z  0900z  1200z  1500z  1800z  2100z <SPLIT> 20150405 0000z  0300z  0600z  0900z  1200z  1500z  1800z  2100z <SPLIT> 20150406 0000z [[last]] <SPLIT><SPLIT> NWS [[GU]] [[limited]] [[endure]] [[argument]] [[TT]] <SPLIT> 20150402 0300z  0600z <SPLIT> 20150403 0600z <SPLIT> 20150404 0000z <SPLIT> 20150405 0900z  2100z [[net]] <SPLIT><SPLIT> [[NW]] [[GU]] Tropical Cyclone [[consultative]] <SPLIT> 01  02  03  04  04A  05  05A  06  06A  07  07A  08  08A  09  [[ten]] <SPLIT> 11  [[XII]]  [[XIII]]  [[XIII]]  14  [[XV]] [[net]] <SPLIT><SPLIT> JTWC Tropical Cyclone [[admonish]] <SPLIT> 01  02  03  04  05  06  07  08  09  [[tenner]] <SPLIT> [[eleven]]  [[XII]]  [[XII]]  [[XIII]]  14  15 [[net]] <SPLIT><SPLIT> JTWC [[prodigy]] [[intelligent]] <SPLIT> 01  02  03  04  05  06  07  ht,0
i really dont like the munic war project it is really [[slow]],1
it has been porenn that jusus and the turin shourd has been dated and demed a fake mickel jacson has said that his beloife of jusus has make him molless children i think he should be kill as i  [[detest]] him,1
signed by tildas  <SPLIT><SPLIT> dirty jews will not give me authorship of a wiki article 1 2 3  4  DIRTY JEW  4321,0
At the moment I honestly cant think about anything but the protest Maybe after I [[fuck]] that my family is safe and country is not fked,0
This IP is [[persona]] of a rangeblock [[somebody]] IPs cannot be [[free]] [[mugwump]] of the [[breathe]] of the [[tramp]] though subsections of the [[vagabond]] [[whitethorn]] be,0
JoshuaZ all i have to say is Hydrogen and Stupidity,1
PLEASE [[death]] THIS TIRESOME DISCUSSION  I AM LITERALLY SICK OF THE ENDLESS ACCUSACTIONS AND INSINCERITY OF THE EDITORS INVOLVED  LEAVE ME ALONE  YOU WIN  I WILL NOT REVISIT WHITE PRIVILEGE SO DO WHATEVER THE HELL YOU WANT WITH THE ARTICLE,0
I [[reckon]] [[sociopath]] and [[psychopath]] are old [[damage]] and the antisocial personality [[upset]] is a [[raw]] [[terminus]] Personally [[single]] [[guess]] the [[intellect]] is the [[2]] [[elder]] [[damage]] [[get]] very criminally [[minus]] they [[get]] [[excess]] to [[draw]] a psychological disorder scientifically [[too]] if you want to [[strike]] this article how about the psychopath [[I]],0
BIT [[planer]]  <SPLIT><SPLIT> Ive [[worsen]] the above articles speedy deletion Administrators have to back up the speedy deletions we [[shit]] and this is irrelevant nonsense isnt really a valid deletion under the speedy deletion criteria its not helpful to the author and it serves only to bite the [[fledgeling]] who created the article Best to AFD it and [[nibble]] better reasons in [[futurity]],0
Theres no [[demand]] to [[displace]] this [[upright]] create a [[assort]] [[clause]] for [[trash]] [[pillager]] [[mollify]] 1 and [[die]] out the [[stuff]] that are only pertinent to that [[temper]],0
homo [[intimate]] cite yupyu p,1
GRADUATE FARMERS MULTI  <SPLIT>                               [[aim]] <SPLIT>                              COOPERATIVE [[club]] LTD <SPLIT>                              Co AVANPANNO [[world]] <SPLIT> LTD <SPLIT>                               67 DOUGLAS RD OWERRI <SPLIT>                                TEL08036642620 <SPLIT> SELFHELP COORDINATOR <SPLIT>  EMBASSY OF THE USA <SPLIT>  [[patch]] 1075 DIPLOMATIC Dr <SPLIT>  CBD ABUJA <SPLIT><SPLIT> [[covering]] FOR [[aid]] IN OUR [[ego]] [[assistant]] PIGGERY <SPLIT> [[stock]] [[throw]] <SPLIT>  SIR <SPLIT> WE ARE AN ALL [[alumna]] FARMERS COOPERATIVE [[club]] <SPLIT> [[base]] IN OWERRI IMO STATE [[cap]] <SPLIT><SPLIT> DUE TO THE ENDEMIC UNEMPLOMENT [[post]] [[inch]] NIGERIA <SPLIT> WE THE ABOVE [[note]] BODY [[get]] [[live]] [[lick]] ON [[amp]] <SPLIT> SELFHELP [[sweat]] FOR [[around]] TIMEAND DUE TO [[rattling]] [[limit]] <SPLIT> RESOURCES [[At]] OUR DISPOSALWE [[live]] [[today]] [[incompetent]] OF <SPLIT> [[fulfil]] UP WITH OUR [[expulsion]] HENCE WE HEREBY [[enforce]] <SPLIT> FOR [[amp]] [[minor]] [[come]] OF [[mention]] [[installation]] [[surgery]] IMPUTS TO <SPLIT> [[supporter]] [[U]] [[break]] [[far]] OUR PIGGERY [[jut]] <SPLIT><SPLIT>  WE [[ar]] A LICENCED COOPERATIVE [[torso]] AND WILL [[live]] [[rattling]] <SPLIT> READY TO [[leave]] [[whatsoever]] OTHER USEFUL [[entropy]] THAT MAY <SPLIT> [[glucinium]] [[expect]] TO [[ease]] THE APPROVAL OF OUR <SPLIT> [[lotion]] <SPLIT>  SIRWE HOPE THAT OUR [[asking]] [[May]] RECIEVE [[cocksure]] <SPLIT> ATTENTION <SPLIT> YOURS FAITFULLY <SPLIT> [[Mister]] DONATUS U OGOKE <SPLIT> [[chair]] <SPLIT> GRADUATE [[sodbuster]] <SPLIT> MULTI [[aim]] [[accommodative]] [[gild]],0
Disruptive editing  <SPLIT><SPLIT> Mr Stradivarius I just saw you eliminating disruptive edition from a Talk Page Do you happen to have sysop rights There is an IP disrupting Talk Tenedos I [[murder]] his shit comment but I think he needs a more authoritative warningmeasure Arigato,0
Two [[geezerhood]] [[agone]],0
When you are [[murder]] [[enceinte]] [[glob]] of longstanding text and are not [[fuse]] them into other articles [[delight]] [[motility]] the [[swerve]] text to the [[utter]] [[Page]] See WikipediaEditingpolicyOneditingstyles Whatever you do try to preserve [[entropy]] If in your [[moot]] [[mind]] a [[Page]] simply [[demand]] to be rewritten or changed substantially [[die]] ahead and do that But preserve any [[former]] [[substance]] you [[mean]] [[power]] have some [[word]] value on the [[mouth]] [[varlet]] along with a [[gossip]] about why you [[shit]] the [[commute]] Even if you delete something thats just [[kvetch]] [[awry]] odds are that it [[dumbfound]] there because [[mortal]] believed it was true so preserve a [[scuttlebutt]] that it is in fact wrong to inform [[ulterior]] editors [[ane]] am quite [[indisputable]] that what is being [[hit]] is not just [[kick]] [[awry]] and with the rejuggling of sections it is [[intemperate]] to [[insure]] what exactly is being [[slay]],0
[[paginate]] [[motility]]  <SPLIT><SPLIT> Gday Ta bu shi da yu could you [[delight]] [[usance]] your [[charming]] admin [[mightiness]] to [[delight]] [[locomote]] Weird Al Yankovics [[tertiary]] album Dare To [[cost]] Stupid to Dare to [[glucinium]] Stupid as per the naming convention [[sic]] out at WikipediaNaming conventionsAlbum titles and [[isthmus]] names Im [[bespeak]] this of you rather than [[die]] through WPRM as the [[sue]] [[shoot]] to long and that this [[incite]] doesnt [[command]] a [[balloting]] Thank you very much,0
[[organize]] [[prove]] to [[rule]] [[Modern]] [[fashion]] for both [[make]]  <SPLIT> more [[magnate]] [[effective]] [[CPU]] and more [[ignite]] [[master]] [[cloth]] to [[flesh]] [[transistor]] from <SPLIT><SPLIT> it was [[meliorate]] if this [[doom]] could be [[advert]] with a [[wakeless]] article <SPLIT> [[heed]],0
Martin C Strongs book The Great Rock Discography states and I quote exactly 77 milky7 beercolrd for the single issue types I reckon this is good enough to include as a citation  Do you   You are probably correct about McCullough in the Be Seeing You article  particularly now you have included him in the main article on the band  Feel free to remove that sentence Lucky you seeing the Feelgoods I saw them in Warrington several years ago at my friends 50th birthday party  He actually hired them as the star turn  cool or what  You are right about original research but finding cites refs etc for some of the less well [[fuck]] bands is sometimes like finding hens teeth Actually I wish the Feelgoods own website was more definitive rather than largely fancruft  God  just a thought  you are not responsible for it are you   Oh shit   Anyhow give em my [[fuck]] on Friday,0
Thats a [[denotation]] to [[Fed]] [[police]] [[CT]] has [[lots]] more [[tight]] [[police]] [[non]] to [[refer]] thats a [[fifth]] [[tour]] [[conclusion]] of which [[CT]] is not And while Im not [[bequeath]] to [[dumbfound]] more detailed [[ane]] dont [[opine]] your [[version]] of [[Fed]] law is [[accost]] in the [[clause]],0
Advice <SPLIT> [[slap-up]] community [[skilful]] is  [[assay]] to [[indite]] to her,0
ec  And [[1]] [[conceive]] we should not be [[conformist]] to this bulleted [[feeler]]  Who [[jibe]] it where and why  And why should it be [[give]] in this article  [[barely]] [[repeat]] a [[command]] that its [[ordered]] with other [[article]] is of no [[rate]] when clearly many other articles do not [[payoff]] that [[attack]] and noone has [[notwithstanding]] [[excuse]] why it is [[absolved]] to [[referee]] than unbulleted unemboldened prose,0
the [[up-to-the-minute]] ghouta chemical [[tone-beginning]] [[falderol]] you and your pov [[push]] of [[half-wit]] are [[promote]]  its just conspiracist [[rant]]  erlabaeko  and you [[experience]] it or else you are a [[thoroughgoing]] [[dunce]]  you  proAssad [[fascistic]] tosser,1
Jediism  <SPLIT><SPLIT> [[asunder]] from your little spanking from ResidentAnthropologist who has no room to talkmight one ask of you that you POST SOMETHING [[nigh]] YOUR [[cut]] on the talk [[paginate]] It is [[real]] very rude to [[pussyfoot]] in the [[niggling]] [[cut]] whilst not discussing them or even giving [[mediocre]] warning Do not be suprised that your [[delete]] are completely [[ruined]],0
Subarticle [[yoke]] <SPLIT> [[single]] [[mean]] the above [[word]] [[betoken]] a [[cosmopolitan]] [[trouble]] with the current subarticle [[yoke]] [[clear]] [[scorn]] two [[editor]] [[advert]] to subarticles on his [[mouth]] page they were not [[access]] before the above [[replace]] [[pass]] [[single]] [[remember]] it may be a more [[cosmopolitan]] [[trouble]] as the [[enter]] for May [[usher]] although only the [[showtime]] month since [[ripping]]  that whilst the [[chief]] [[clause]] [[meet]] 62758 [[smash]] in that month the subarticles [[enter]] only between 200 and 800 each <SPLIT><SPLIT> When a [[lecturer]] [[admittance]] the [[primary]] artcle they are [[occupy]] in [[say]] what is there [[showtime]] before [[reckon]] it in more [[item]] [[single]] [[offer]] that we [[total]] a further [[yoke]] at the [[arse]] of each relevant section in [[gain]] to the [[yoke]] now at the [[pass]] of that section such as this <SPLIT><SPLIT> For more [[item]] [[jaw]] MECFS pathophysiology <SPLIT><SPLIT> [[farther]] [[single]] [[intimate]] we [[tot]] at the [[arse]] of both the [[primary]] [[clause]] and this [[babble]] [[paginate]] a MECFS [[sailing]] [[corner]] [[inward]] fact [[1]] should [[belike]] be [[sum]] to each of the subarticle pages and [[utter]] [[paginate]] [[too]] <SPLIT><SPLIT> [[whatsoever]] [[annotate]] or [[proposition]],0
Subscript text <SPLIT>  Headline text  <SPLIT><SPLIT> hi MediaInsert nonformatted text here <SPLIT><SPLIT>  <SPLIT><SPLIT> yo me hoe [[murder]] me up 813 416 41o guess what the stars r call me,0
Jeez Ed you [[appear]] [[wish]] a [[love]] [[icky]] douchebag,1
Absolutely horrendous  <SPLIT><SPLIT> This article in its current state is one of the worst Ive ever read on Wikipedia  It sounds like a fifth graders book report  If I have the time Ill try to work on [[shit]] it better but meanwhile may I ask someone else to try,0
[[IT]] [[advert]] to [[collapse]] an [[mind]] how much [[mass]] [[prise]] TeluguDumb [[multitude]] like you cannot [[sympathize]],0
[[bleat]] [[papers]] <SPLIT>  httpwwwbaacomassetsB2CPortalStatic20Filesfirstpointlocationmap2004PDF,0
Once I [[dumbfound]] unblocked I will put random sock tags on you guystit for tat,0
Youre [[receive]],0
I tried to fix the lead earlier and I can [[dumbfound]] some of the summaries done but Im currently caught up doing other [[lick]] and [[suffer]] swamped by outside of Wikipedia work I can move this to the top of my todo [[heel]] but youll have to wait a [[prick]] for the summaries My only fear is that this [[paginate]] will turn into a colossal [[muckle]] when the new series [[cum]] out,0
[[Ra]] Hey  <SPLIT><SPLIT> Erm Im [[beaming]] of the [[substance]] and your willingness to [[serve]] but Im a [[piddling]] [[befuddle]] [[one]] only have only [[clause]] up as a GAN at the [[mo]] and thats [[fix]] of [[lame]] Enix [[TV]] [[gage]] [[brain]] you Im [[lofty]] that [[single]] [[grapple]] to [[dumbfound]] the [[kickoff]] [[II]] Drakengard [[biz]] up to GA before the [[loose]] of the [[tierce]] [[gimpy]] in the [[serial]] Which others do you [[cogitate]] are [[fix]] Im watchingworking on [[XXIII]] [[clause]] not [[admit]] [[throw]] [[paginate]] and [[templet]],0
Hello witch  <SPLIT><SPLIT> Why did you want to kill Skandar Keynes <SPLIT> He didnt [[fuck]] you before <SPLIT> And why did you kill Aslan <SPLIT> Now you are cathed in the ice for ever <SPLIT> Hahahahahahahahaha,0
Im [[delete]] the [[eminence]] at the [[whirligig]] of the article that [[enounce]] This [[clause]] is [[lose]] [[entropy]] about [[dealer]] [[disunite]] of Spanish [[verb]] etc [[rule]] [[part]] are not [[break]] of the Spanish grammatical [[custom]] [[fancy]] the [[clause]] [[master]] parts where it [[say]] [[inch]] Spanish verbs are traditionally [[halt]] to have only [[I]] [[master]] [[persona]] the infinitive by which [[peerless]] can [[assort]] the verb into [[unmatched]] of [[leash]] [[mating]] [[image]] [[consort]] to the [[end]] of the infinitive which [[whitethorn]] be [[are]] [[erbium]] or ir,0
[[1]] have [[offer]] the [[excision]] at WikipediaArticles for deletion4th Halifax Highland [[picket]] [[flock]] [[Scot]] [[upland]] [[caller]] [[mark]] that [[ace]] [[go]] the [[epithet]] of the [[clause]] in that [[sue]] to [[slay]] a [[gash]] in the [[championship]] as this [[befuddle]] everything [[single]] now [[living]] a delete but would [[swallow]] a [[airt]] [[delight]] [[ADHD]] your [[persuasion]] at the AfD,0
Thats just it it isnt about his backstory Its [[hypothecate]] to be about the [[part]] in the real world and what [[croak]] into creating him [[mouth]] about him as if hes real isnt encyclopedic If you [[dumbfound]] a [[happen]] [[die]] [[rachis]] and [[show]] through the [[all]] history its [[quite]] detailed It could be worse but it could be [[ALIR]] [[undecomposed]] Wiki isnt a [[commutation]] for [[follow]] a [[movie]] and the same [[die]] for the [[part]] in those [[shoot]],0
Thank you Durin That vandalism and [[returning]] was [[dumbfound]] out of [[manus]] [[A]] you can [[reckon]] there is an [[deluge]] consensus of [[impression]] on the [[mouth]] [[paginate]] to [[dungeon]] the [[fancy]] as it is [[ane]] am [[beaming]] that freedom of speech and [[republic]] has [[predominate]] Again thank you,0
So you [[rape]] my Countries 1st amendment right What happens when my Country violates your right to be here in America You have proven by my ban you wont respect the Law of the land,0
You [[spell]] you did it because I was [[submit]] the [[intent]] of [[remain]] the [[delete]] war after the [[occlude]] What [[ane]] [[ne'er]] [[order]] that,0
Award  <SPLIT>  For your help and expertese in helping me [[shit]] Flag of Mexico into one of the best articles on WP I give you this Barnstar Gracias mi amigo,0
Its true I want FOOD NOW    HOLY CRAP THERES FOOD,0
Polenfeldzug  <SPLIT> vielleicht solltest Du Dich nicht vor [[hideaway]] PolenfeldzugsKarren von LandserheftAbschreiber Memnon335bc nach eigener Auskunft vom Militrgeschichtlichen Forschungsamt spannen lassen Zum skandalsen Kontext [[diesis]] Artikels gehrt auch die berschrift Und die Referenz auf [[fail]] Spanischen Erbfolgekriege ist ein nur harmloser Hinweis des Journalisten Patrick Gensing auf [[lair]] viel krasseren Sachverhalt [[cony]] schon die berschrift ein brauner Skandal in [[d]] Wikipedia ist [[Zubird]] dem Du beitrgst indem Du unter dieser berschrift schreibst Auch [[d]] Strmer soll in einigen wenigen Teilen seiner Auflage eine korrekte Seitennummerierung gehabt haben [[soh]] what Ich werde auch weiterhin auf Diskussionslscher und braune Denunzianten vom Schlage eines Memnon335bc hinweisen und Du solltest mit beiden Augen gucken wessen Karren Du ziehst ME [[lid]] auch Achim Raschka wegen [[Seine]] borniertdreisten Vorgehens in [[d]] [[cause]] Brummfuss in [[500]] Wikipedia keine Zukunft Enzyklopdie reagiert alergisch auf Intoleranz Einige wissen [[E]] nur noch nicht,0
Ive [[return]] your [[cut]] on an [[clause]] Ive [[bow]] to WikipediaAfc [[still]] if I were to vandalize my own [[meekness]] how were my [[cut]] [[witness]] as vandalism  The [[delete]] you [[retrovert]] [[appearance]] that [[single]] [[slump]] [[I]] [[home]] [[contact]] [[cater]] another [[gang]] [[epithet]] and a relavent [[outside]] [[yoke]],0
Drew Pickles grew up as a gay child When he was just born his cock was five feet long It grew much bigger every second when he was very young Drew liked to masturbate to The Wiggles SpongeBob and Dragon Tales His dick got very hard and much longer When Drew was the age of five years old he started his first day of school with a twenty mile long cock hiding in his pants He always fucked the kids in the classroom and splooged on the teacher and hes destroyed some school propety with his large cock Things were getting out of control Drew fucked about 5000 kids at his school and the kids got all horny and fucked everything in the school and then they cummed all over eachother and made a swimming pool in their school of cum When Drew was 10 years old he liked to poop on his dad who is now called Grandpa Louis all day In fact Drew skipped lots of school because he wanted to stick dildos up his ass and poop on his Grandpa all day When Drew was 11 he got this own computer with the Internet installed Drew jacked off to Wiggles hentai and Arthur scat porn He couldnt stop He couldnt go to sleep for almost a whole week just sitting there jacking off to the pornographic Wiggles images on his computer He couldnt stop He started getting erections all the time from SpongeBob and Barney so Drew visited the gay bar twice a day to strip for gay old men and Drew received lots of money to buy dildos to stick up his ass all day Drew was a gay stripper for twenty years When Drew was about thirtyfive he was married with Charolette Drew didnt want to be married with a woman but Drew was tired of men for that period But then Drew decided to fuck men instead of women so he raped men every night when Charolette is sleeping Drew does not want Charolette to know he rapes men at nighttime Sometimes Drew raped Angelica in the ass all day he said it was oodles of fun so he did it all the time Drew entered himself in the Boner Baseball League and won every boner baseball game He won the championship of the Boner Baseball League every year Drew was sent to Barneys Penis World to play the worldwide Boner Baseball Superbowl He did successful in this superbowl and he even performed in the halftime show by doing magic tricks with his dick  <SPLIT><SPLIT> Drew Pickles starred in over 67000 pornos Most of the pornos had Big Bird Wiggles Stu Pickles or Barney in it Drew Pickles made over eighthundred million dollars for creating this pornos Drew Pickles produced directed and starred in all of his pornos Some of Drews pornos were over fifteen days long and sometimes each porno DVD case included a free tissue when you cum too much You can buy Drew Pickles hawt pornos at your local Blockbuster  <SPLIT><SPLIT> Heres a list of some of Drews famous pornos  <SPLIT><SPLIT>  <SPLIT> Kneel Before Your Penisy God 1989  <SPLIT> Cocksuckers from Cuba 1990  <SPLIT> Homo Scat Party 1991  <SPLIT> Anal Juices Waterpark 1993  <SPLIT> Poopy Butt Sex 1994  <SPLIT> Pickles and more penis pickles 1995  <SPLIT> Dicksicles on Ice 1996  <SPLIT> Ass Invaders from Planet XXX 1997  <SPLIT> Holy Shit Hes Huge 1998  <SPLIT> Drew Pickles Penor Party 1999  <SPLIT> Gay Old Time 2000  <SPLIT> Drew Pickles and the Goatse Gang 2001  <SPLIT> Treasures Buried in a Fat Mans Ass 2001 <SPLIT> Drew Pickles Space Sex 2002  <SPLIT> Asshole Lovers Adventures 2003  <SPLIT> Gay Gay Gay Men 2004  <SPLIT> Going Downtown to Testicle Town 2005   <SPLIT> The Biggest Cock in the Universe 2005  <SPLIT> Shit Covered Cocks 2006 <SPLIT> Wild Wild Wests Orgy Time 2007 <SPLIT> Cocksuckers from the Moon 2007 <SPLIT> Jailhouse Cock 2008 <SPLIT> Cumalot 2008 <SPLIT><SPLIT> Have you ever eaten Drew Pickles famous poopy pies Well if you havent one thing I could describe what they taste like to you delectable Yes Drews famous poopy pies are quite delicious Loads of poopy and semen in one bite Yum The crust isnt just made out of any grahamcrust but poopygrahamcrust People give Drews famous poopy pies two thumbs up and a big erection Drews famous poopy pies have poopy semen urine and blood that can come out from your ass Mix that all togheter and put it in poopygrahamcrust put it in the oven for two hours at 360 degrees Farenheit and then take it out and let it cool for ten minutes and enjoy the pie Drew Pickles poopy pies are sold to a local store near you,0
2006 [[paginate]] O Fun  <SPLIT><SPLIT> Im not [[trusted]] that was such a [[slap-up]] [[root]] either  [[one]] had [[send]] on Deenoes [[paginate]] about it,0
Pugs are [[nonsensical]] ugly and annoying  Most of their owners are as well having purchased them as followers of a trend  How these [[mean]] things could ever be chic defies understanding  But someday I will kick one straight into the sun  Return these demon dogs to the hell where they were concocted,1
Containing forest [[flaming]]  <SPLIT><SPLIT> [[cock]] I [[dread]] your [[cut]] here [[stomach]] from a problem that has been chronic of your mentoring of Ilena You have possibly properly deleted inflammatory material but left the source of the [[flaming]]  OhSusannes post which is a repetition and even enlargement of Ilenas attacks Why did you not delete hers on sight right away I will at least give you credit for also deleting Ilenas reponse but it was OhSusannes post that started it and it hurt I had to exercise [[bully]] restraint and heed the advice of several editors and admins to keep from replying But it would only have inflamed the situation so I did what I have done many times during all of this ruccus  laid [[scummy]] and not replied nearly as often as I have been provoked Id like to see some [[blondness]] here   <SPLIT>  I thought about [[murder]] the whole thing but I didnt want to [[dumbfound]] another angry editor involved in this whole affair and I dont think Susanne wouldve taken well to it  Cheers      Neutrality Project  <SPLIT> I am copying this to your [[mouth]] page so that you may see my response  Please reply on my talk page      Neutrality Project,0
More sourcing <SPLIT><SPLIT> httpwwwhuffingtonpostcomgabrielrotelloifendadoesntprotectthb67202html <SPLIT><SPLIT> httpwwwebarcomnewsarticlephpsecnewsarticle2304 <SPLIT><SPLIT> httpwwwsfbaytimescomindexphpsecarticlearticleid7046 <SPLIT><SPLIT> httpwwwtransadvocatecomsupportingthosewhosupportyouhtm <SPLIT><SPLIT> httpwwwadvocatecomissuestoryektid71765asp <SPLIT><SPLIT>  <SPLIT> Do I need to post more   Dont talk about me being bias when there wasnt one single mention of this in this bio  It is his legacy and if you are a straight gay homophobe or a transgender person [[shut]] you will have different views but it  is his public history    <SPLIT><SPLIT> httpwwwyoutubecomwatchvMTraJPeGnU0,0
Hah  <SPLIT><SPLIT> Go for it you fascist,0
Gaming DYK  <SPLIT><SPLIT> Its no [[cock-a-hoop]] deal to me but you might be interested in   UserPigsonthewing,0
Clarification rarely Im willing to be a dick if I think it will be helpful,0
WikipediaFeatured [[heel]] candidatesList of Italian [[edict]] of knighthoodarchive2  <SPLIT><SPLIT> [[Hawai'i]] can you revisit this FLC to [[control]] your [[headache]] have been [[adjudicate]] Thanks,0
15 is a rubbish source,0
[[quarter]] is a [[funky]] brown lump that comes out of your butox,1
[[goodness]] [[ejection]]  <SPLIT><SPLIT> this user is a [[SOB]],1
[[whole]] Biased AntiZionist Article  <SPLIT><SPLIT> The [[smell]] of this article is all [[unseasonable]] and it [[emphatically]] [[predetermine]] against Zionist and Jews  <SPLIT><SPLIT> The [[function]] of [[edifice]] [[abode]] in [[Zion]] is not to [[forbid]] the [[reappearance]] of refugees or [[wield]] [[master]] over Arabs its [[only]] to [[chassis]] the Jewish [[motherland]] Im so dissapointed that you have to [[die]] to sneaky [[intend]] to [[rise]] your [[fight]] against the Jewish [[nation]],0
21 [[Sep]] 2015 UTC <SPLIT> Yes ScYLaAc will be described in [[contingent]] in the [[department]] Sandbh is [[shit]] There will be [[2]] [[touch]] graphs available After that we can choose [[I]] [[form]] to be the general [[I]] for out PTs [[ass]] you [[springiness]] articles that have the two [[origin]]    <SPLIT> Sandbh a [[textbook]] [[hypnotism]] [[possibly]] [[exit]] out rare earth metals completely even [[shit]] the quote [[ilk]]  [[nigh]] in their chemical [[prop]] to lutetium  than they are to lanthanum REM is another [[newly]] [[terminus]] to be [[front]] up when [[register]] adding to the [[ramification]] It should be defined elsewhere in the article sure   1040,0
Wikipedia does not [[ask]] reliable [[rootage]] to have [[germ]] of their own The quote [[take]] [[away]] the [[clock]] the [[violent]] Army [[pass]] Berlin rape had [[germinate]] into [[deal]] women as [[sensual]] booty According to some estimates some 100000 women were raped in Berlin of whom 10000 [[die]] out of a [[full]] of about two million German women [[rape]] in Soviet [[interest]] Germany [[thither]] were numerous [[pillowcase]] of gang [[rape]] of [[girlfriend]] under 18 and old [[womanhood]] [[admit]],0
No it hasnt What sort of admin are you You are supposed to at least [[fuck]] what you are doing and what your fellow admins are doing Netsnipe has dealt in the previous instance of rash and inconsiderate adminship which I quoted you Forget it your sort of behaviour is a good reminder why I should stay away from this place in future,0
[[ane]] wont be [[occlude]] any [[meter]] soon the vandy [[kibosh]] it was [[kid]] and [[thin]]  [[barrack]],0
I [[jibe]] with Yecril [[ane]] had [[hop]] for some [[entropy]] about how the [[dodging]] was [[hypothetic]] to have [[lick]] how it was [[betray]] to [[investor]] what they actually did It wouldnt [[pauperism]] to be very [[hanker]] The information that is here is [[fountainhead]] [[source]] and [[occupy]] but [[seem]] to have some [[disruption]],0
[[give]] Consensus  <SPLIT><SPLIT> Hi As a newcomer to this discussion I hope that I can [[puke]] some oil on the [[pain]] [[piss]] Brown is the [[cock-a-hoop]] [[throttle]] [[victimized]] to [[disbelieve]] the videos So it seems fair that any fact and commentary revealing any possible bias on Browns part is to be included Wikidemon [[shit]] the most [[smell]] here and PW and LC are also very compelling Azure seems to be on their side as well <SPLIT><SPLIT> Ceemow and Xeno Im sorry But you havent convinced me The vote is now 52 and I hope this [[death]] the [[redact]] war so nobody [[dumbfound]] blocked,0
Technically we need to provide a link to such a statement Incidentally the attitude youve displayed here I have read a lot of scholarly [[oeuvre]] wtf are you [[inquisitive]] my edits is the reason that the article will fail any GA nomination you [[shit]] because editors will continue to question your changes from Dec 2014 and without RSes to support the article wont meet GA,0
Waiting for response to FORSTEMANN quotes POD  others Hes [[dumbfound]] his own page on Wiki MARDYKS,0
Creature creator RELEASE DATE <SPLIT> If its only being released tomorrow why is youtube full of giant dancing penises and [[freak]] with giant breasts Where did these people [[dumbfound]] the creature creator then <SPLIT><SPLIT> G  <SPLIT><SPLIT> You would have [[dumbfound]] your answer if you would have read this discussion page but no you had to ask it even if it was already answered,0
Emacs but not [[vitality]]  <SPLIT><SPLIT> [[ace]] [[mean]] its a [[jolly]] [[confutable]] [[pick]] to [[admit]] emacs especially [[rather]] of vim [[wait]] at the statistics from Debians Popularity [[repugn]] to [[construe]] why [[single]] [[reckon]] that <SPLIT><SPLIT> httpqadebianorgpopconphppackageemacs23 <SPLIT> httpqadebianorgpopconphppackagevim <SPLIT><SPLIT> If [[person]] can [[shew]] me some data that [[hint]] emacs is more [[wide]] [[expend]] than [[vitality]] [[sick]] [[lief]] [[get]] it [[die]] [[still]] [[single]] [[retrieve]] [[admit]] a text editor here is arbitrary anyway since [[handle]] windows [[substance]] [[soul]] [[covering]] in the traditional [[sentience]] isnt an editors [[business]] [[IT]] would [[shit]] more [[smell]] to me to [[admit]] a [[pole]] multiplexor [[ilk]] [[blind]] or tmux as [[pit]] to an editor,0
Avian [[flu]]  [[boo]] Flu <SPLIT> Thank you for experimenting with  Wikipedia Your [[run]] [[lick]] and it has been reverted or [[murder]] Please [[usance]] the [[sandpit]] for any other [[try]] you [[whitethorn]] [[neediness]] to do [[shoot]] a [[smell]] at the welcome [[paginate]] to [[take]] more about contributing to our [[cyclopedia]],0
Your AIV [[reputation]]  <SPLIT><SPLIT> [[ane]] have [[cancel]] the userpage as an [[assail]] [[paginate]] The [[loathsome]] [[corporeal]] was [[commit]] there by an IP not from the account [[1]] dont have access to OTRS what was the [[contented]] of the [[account]] you [[advert]] to [[e-mail]] me if that would be [[break]] [[esteem]],0
[[ripe]] [[head]],0
So Im not a [[tool]],1
[[smell]] up at the [[premature]] [[scuttlebutt]] Also you have [[act]] [[muckle]] of [[delete]] that were not just [[sum]] categories suchs as this or the fact you created Pete Koomen and Dan Siroker Seriously just [[dumbfound]] to [[cut]] dancing articles,0
Contributions  <SPLIT><SPLIT> Dude you need to slow down a bit Hurling insults after each comment just [[shit]] it look like youre trolling You dont seem to have that intention so I thought I should leave you a note rather than referring you to an admin for blocking or some such thing Everyone is upseton edgewhatever and calling peoples suggestions bullshit doesnt help  <SPLIT><SPLIT> People have proposed all sorts of crazy things for inclusion in that article and none of them are going to happen But each has been considered and dismissed and the dismissal has been nicely explained especially when the proposer is an IP who might never have edited here before Youre also new here so surely you [[dumbfound]] that <SPLIT><SPLIT> Responding to crazy stuff with wellreasoned argument will always have more of an impact that chucking out insults anyway Yeah,0
Found new [[relieve]] photo hope this [[ane]] is [[ripe]],0
[[wipe]] off the map [[tilt]]  <SPLIT><SPLIT> [[reckon]] the [[next]] [[passageway]] from the Political [[purview]] [[part]] of the [[clause]] <SPLIT><SPLIT> [[inch]] the same speech Peres [[liken]] [[Persian]] [[chair]] Mahmoud Ahmadinejad and his [[vociferation]] to wipe Israel off the [[function]] to the genocidal [[scourge]] to European Jewry [[shit]] by Adolf Hitler in the [[geezerhood]] prior to the Holocaust32  <SPLIT><SPLIT> [[one]] [[precious]] to hyperlink the [[schoolbook]] wipe Israel off the [[represent]] to the [[come]] wikipedia [[varlet]] <SPLIT><SPLIT> httpenwikipediaorgwikiMahmoudAhmadinejadandIsrael22Wipedoffthemap22controversy <SPLIT><SPLIT> The [[word]] of the [[cite]] declaratively [[swear]] that there was in fact a [[hollo]] to wipe Israel off the [[represent]] and [[die]] to [[quotation]] the [[tilt]] [[smother]] the [[tone]] of the [[version]] <SPLIT><SPLIT> [[thence]] I [[smell]] that it [[die]] to [[alive]] up to NPOV [[measure]] <SPLIT><SPLIT> Without [[care]] to [[lawsuit]] a political [[scrap]] in the [[clause]] [[ane]] [[smell]] it would be helpful and in the [[sake]] of neutrality to [[yoke]] this controversial [[cite]] to another wikipedia [[clause]] [[open]] of [[drop]] [[sluttish]] on the [[thing]],0
[[thither]] is [[conformable]] [[prosody]] that [[lick]] [[passim]] the [[jut]] [[comply]] relevant [[informant]]  We do not [[delicacy]] religion or ethnicity [[ilk]] you or [[iodine]] [[deficiency]] we [[kickshaw]] it [[ilk]] biographical [[germ]] and in biographical [[seed]] it is not [[handle]] [[care]] [[ravisher]] it is [[regale]] [[ilk]] sociological or psychological [[cistron]],0
explained I dont see that a case has been [[shit]] here for the POV tag There is no need for any kind of [[dog]] See TalkAcupunctureThe [[rag]] was [[slay]] multiple times,0
I have [[strike]] this [[scuttlebutt]] outside of the [[release]] [[templet]] per [[function]],0
[[how-do-you-do]]  [[one]] [[agonise]] a [[burn]] over the [[claim]] to be honest and [[scorn]] the WPBOLD [[motivate]] [[1]] am quite [[assailable]] to [[mesmerism]] [[ace]] [[hold]] I dislike Count because [[lecturer]] will probably [[sham]] that he was a [[look]] of the [[class]] [[bump]] in Western [[EU]] whereas this is a [[unsubdivided]] local gubernatorial [[deed]] [[simulate]] by Bulgaria from the Byzantines And per WPNCP [[deed]] or [[pose]] should not be [[persona]] of the [[clause]] [[deed]] unless they are [[persona]] of the [[sack]] WPCOMMONNAME eg Empress Matilda There is AFAIK no conclusive [[manifest]] on [[custom]] [[nonetheless]] although a [[count]] of [[big]] Englishlanguage writers Curta [[ticket]] Treadgold Jenkins Whittow [[expend]] [[look]] Nicholas it is not [[prevalent]] [[usance]] at least from what [[ane]] have [[insure]] Ive [[construe]] the [[transliterate]] Bulgarian [[flesh]] Nikola [[use]] alongside the [[convoluted]] [[flesh]] komes by a Bulgarian [[generator]] Antoljak in Samuel and His [[submit]] for [[example]] and any other [[potential]] [[mutant]] the [[bully]] Obolensky for instance [[shun]] the [[deed]] [[all]] Stephensons [[utilisation]] which you [[manoeuver]] to above would [[believably]] [[suffer]] the [[stream]] [[epithet]] ie a [[soul]] [[constitute]] Nicholas who [[arrest]] the [[authority]] of komes [[amp]] [[single]] [[enounce]] [[ane]] have no [[unattackable]] [[druthers]] and would [[flush]] [[swallow]] Count Nicholas on the [[force]] of the [[source]] [[summon]] above but somehow I [[tone]] it is too [[rickety]] a [[ground]] Unless you have a [[wagerer]] overview of the [[lit]] then the [[outflank]] [[affair]] would be to [[demand]] for a WPRM to [[instal]] consensus among [[occupy]] editors,0
How is it taking it too far When youre dealing with information in an article you essentially have to act as if you [[fuck]] nothing about the subject and its the sources that are telling you about it Based on the reliable sources available I have yet to hear anything about a name for the website that Ryan [[shit]] All I [[fuck]] is that he made one which we can add in WPV specifically says All material in Wikipedia articles must be attributable to a reliable published source This means that a source must exist for it whether or not it is cited in the article Sources must support the material clearly and directly drawing inferences from multiple sources to advance a novel position is prohibited by the NOR policy,0
[[enhancive]] [[delete]] by,0
Im just trying to figure out why you singled out baseball for this special treatment I assume you are [[croak]] to weed out all other lists of slang and such If not then shame on you [[sick]] tell ya what though go post a VfD on that [[idiotic]] Apollo moon landing hoax accusations article and [[sick]] change my vote on this one and not stand in your way otherwise,0
Now [[adjudicate]],0
He [[substance]] the taxi driver in this [[Bible]] who [[propose]] to [[shoot]] the Baudelaires somewhere else,0
Expression  <SPLIT> Oh [[fountainhead]] Thanks for telling me   <SPLIT> Why Miriam is primed to do more on radio Shes in the newspapers again   <SPLIT><SPLIT>  Account creation system  <SPLIT><SPLIT> Cargoking thank you for your interest in helping users creating accounts Your request has been approved I advise you to read WPACCG before you use the system <SPLIT><SPLIT> At this time you are allowed to create up to six accounts per day You wont be able to create an account with a similar name to that of another user However if you have reached the limit frequently you can [[asking]] the account [[Almighty]] permission at WPRPE <SPLIT><SPLIT> Again thanks for your interest in the account creation system Join us on IRC at wikipediaenaccounts and subscribe to the mailing list by [[die]] here    <SPLIT><SPLIT>  RTE [[word]]  <SPLIT><SPLIT> I reverted to an earlier version from April  and then reintroduced the info box  but didnt have time to reintroduce other elements  because there was a fair bit of the article that was gibberish Look here  and see the differences    <SPLIT><SPLIT>  itn newbies  <SPLIT><SPLIT> its [[awesome]] how many people showed up today to show their [[suffer]] and they all act like they [[fuck]] the rules or ITN guidelines i wonder if any of em will [[cum]] back when some british MP or someone dies    <SPLIT><SPLIT>  The death of a normal senator from the USA or an MP from the UK or any other country would not [[shit]] international headlines the way Senator Kennedys has This is about as notable some would say more notable than M Jacksons death It really was offensive to many people that it was not on the news page already especially when you [[smell]] at some of the things approved such as Miss Universe competition     <SPLIT><SPLIT> As I said elsewhere when a project or group of editors [[suffer]] something this profoundly wrong I would hope a significant number of newbies [[cum]] round to shake some [[smell]] into the regulars    <SPLIT> Yes Ted was notable He was a [[smashing]] [[homo]] Thank you to all you [[commit]] me constructive criticism Maybe I should freshen up a [[prick]] [[ace]] do unreservedly admit that this [[shit]] world headlines And now thinking back I am glad that he [[dumbfound]] to the main [[paginate]]      <SPLIT> [[single]] [[care]] your [[ripe]] attitude and aspire to be more like you when it [[cum]] to accepting constructive criticism      <SPLIT><SPLIT>  ITN for 2009 Turkish [[trashy]] floods  <SPLIT><SPLIT>  classmessagebox standardtalk <SPLIT>  <SPLIT>  <SPLIT> On 9 September 2009 In the news was updated with a news item that involved the article 2009 Turkish [[shoot]] floods which you recently nominated If you [[fuck]] of another interesting news item involving a recently created or updated article then please suggest it on the candidates page <SPLIT>        <SPLIT><SPLIT>  ITN for LGBT rights in Urugu,0
28 September 2008 UTC <SPLIT><SPLIT> Dont even try it  Do not play WPGANG here  Demonstrating your ignorance is not going to alter the article one whit and trying to invent grounds to cavil will not justify mangling things  I [[fuck]] and its just awful that Prince of Canada couldnt change the caption to something foolish and now wants to get revenge but revenge isnt a reason to demote an FA    1802,0
[[Hera]] is an [[lesson]] of criticism by an [[out-of-door]] [[germ]] A [[s]] [[trouble]] is his [[exact]] that religion is [[whole]] [[compulsive]] by [[stuff]] and economic [[world]] Not only is [[zip]] else [[primal]] [[decent]] to [[charm]] religion but [[mold]] cannot [[footrace]] in the other [[counseling]] from religion to [[stuff]] and economic [[world]] This is not [[lawful]] If [[Chico]] were [[rightfulness]] then capitalism would [[look]] in [[area]] prior to Protestantism because Protestantism is the religious [[organization]] [[make]] by capitalism  but we dont [[breakthrough]] this The [[reclamation]] [[semen]] to 16th [[hundred]] Germany which is [[hush]] feudal in nature [[rattling]] capitalism doesnt [[look]] until the 19th [[hundred]] This [[get]] [[scoop]] [[Wb]] to [[hypothecate]] that [[spiritual]] [[asylum]] [[death]] up creating new economic [[world]] [[flush]] if [[Wb]] is [[haywire]] we [[escort]] that [[peerless]] can [[fence]] just the [[opponent]] of [[Chico]] with [[clean-cut]] [[diachronic]] [[certify]],0
[[airt]] TalkParty of Italian [[Communist]],0
Ive reviewed 51 Good Article Nominations and written more than 27 Good Articles I [[fuck]] what is a Good Article and what is not Im not going to allow myself to be tutored on how to properly review an article I do it the way I deem best and efficient which beside the GACup have only been met with gratefulness Also demanding that users forcefully make their review long when it isnt necessary at all is extremely counterproductive In this case Ive deliberately only chosen articles I [[fuck]] was either a quick pass or quick fails precisely because its the GACup If this is considered against the rules then yes I would very much like to withdraw,0
Timeline of paranormal fringe and pseudoscience  <SPLIT><SPLIT> With [[reckon]] to the [[timeline]] of article [[mind]] Ive pasted the [[substance]] of your [[clause]] into a [[kind]] of barebones timeline article on  [[partially]] because Ive [[ne'er]] [[make]] an article before and [[single]] [[want]] to have a [[die]] but Im very [[unbelievable]] to [[beget]] a [[happen]] to do anything else with it over the weekend so [[look]] [[unfreeze]] to either [[purpose]] what Ive [[dumbfound]] there and [[lucubrate]] it until its [[quick]] to [[die]] or [[simulate]] it to your [[blank]] or [[disregard]] it [[alone]] [[one]] wont [[brain]],0
[[commingle]] [[one]] [[jibe]] that most of the genetics [[message]] should be [[locomote]] to Genetic [[account]] of [[EU]] because thats what the [[unhurt]] [[department]] is about the genetics of Europeans The [[capacity]] could [[too]] [[die]] into other articles [[refer]] to genetics [[arsenic]] has been [[luff]] out many [[meter]] [[sinlessness]] is [[mostly]] a social [[denomination]] [[ground]] how people are percieved by others not a scientific [[denomination]] [[ground]] on [[familial]] [[run]],0
FWIW what I did was by no means vandalism [[here]] are the [[delete]] [[sum-up]] in [[doubt]] <SPLIT>  cur last Jmabel m [[hole]] typo in my [[premature]] more major [[cut]] <SPLIT>  cur [[death]] Jmabel but having [[behave]] that I [[shot]] pejorative should be [[rejuvenate]] in [[damage]] of [[enjoyment]] by the paleos [[too]] some disambiguation <SPLIT>  cur [[go]] Jmabel The [[terminus]] is clearly not inherently pejorative since Irving Kristol [[practice]] it in the [[deed]] of [[unmatchable]] of his [[hold]] <SPLIT> and this [[demo]] the cumulative [[consequence]] [[construe]] [[too]] the TalkNeoconservatismintheUnitedStatesEvolutionofmeaningoftermrelevant [[word]] on the [[mouth]] [[paginate]] of the [[clause]] in [[head]] Some [[multitude]] have been [[befuddle]] [[charge]] of [[hooliganism]] [[jolly]] lightly [[late]],0
I just killed them all Almost nothing was where it belonged and we wouldve had to start from scratch in any [[face]],0
My [[pet]] copyright guru Many [[felicitation]] to you youre a [[grotesque]] [[prime]] for this,0
Chak De GAN <SPLIT> Hi Dwaipayanc  Hows everything I [[fuck]] you are on break but I thought Id let you know that Ive nominated Chak De India for WPGAN To do so I had to significantly reduce the plot which was about 1000 words over the normal limit of 900 words I think that this is potentially both a GA and FA article    <SPLIT> Hi How are you Yes I noticed in my watchlist that Chak De was in GAN Unfortunately i do not have the time to go through the article properly It seemed the lead is short    <SPLIT> All is well just going back to some articles that seem to have potential I understand about time no pressureWhen you do have a moment if you could tell me what the lead needs to make it stronger I would appreciate it Good to hear from you    <SPLIT> IMO two sentences on the plot would be nice in the lead Also the real life inspiration for the film may be added These two aspects will be good for the second paragraph of the lead The third paragraph of the lead may contain the box office and critical and award success The Margaret Herrick library factoid in the lead seems unnecessary although I have no idea how prestigious that is <SPLIT> At present the last sentence of teh first para of the leads reads Khan and Chak De girls I think it would be better to explain the Chak De girls here eg the players that the coach handpicked to play etc   <SPLIT> Thanks  Let me think about these points and Ill let you know when Ive revised the intro    <SPLIT><SPLIT> I rewrote the lead When you have a free moment could you take a look Make any changes that you feel are necessary or let me know on my talk page what can be improved Thanks so much    <SPLIT><SPLIT> EXCELLENT How about adding in the plot return of Khan to his ancestral home head held high at the end of the movie   <SPLIT><SPLIT> Ok I made the changes Take a look and let me know what you think Also the article is seriously in need of free images but I cant seem to find any  not even of SRK If you have thoughts or ideas let me [[fuck]]    <SPLIT><SPLIT> Thank You and further <SPLIT> That was a pleasant surprise thanks for the barnstar <SPLIT><SPLIT> Now coming to the image issue Images of party set press meeting etc in Indiafmcom are under Creative Commons Attribution 30 license as can be seen in several images such as  and  There are a few such images for Chak De in IndiaFM please see  Please upload these images in wikimedia and then use it in the article Regards   <SPLIT><SPLIT> Youre welcome The barnstar is long overdue and well deserved <SPLIT><SPLIT> Thanks for the tip about images Perhaps I can ask you when you have a chance to upload the images to the commons I dont mind doing all of the tweaks etc to the article and I really appreciate your help in this area but it would be great to have the help of other editors in terms of uploading images  thanks for the tip though about IndiaFM that is very helpful to know about I did add a few free images to the article which are somewhat related to the topic though not the best  it would be great to see more Bollywood film project editors work on the article in such areas as images and adding further information Though I know you are technically on break at the moment so any help you can give is appreciated Thanks,0
There is no [[suffer]] for [[address]] to the newsletter that NEHGS [[relate]] to [[other]] in the [[word]] of [[Warren]] [[line]] I [[argot]] [[suffer]] any references to that newsletter It is not a primary document  It is not a secondary [[origin]] It is not a [[origin]] period  It is [[rumor]] It is not [[conquer]] to [[die]] [[hind]] and [[revision]] all of these things that [[occur]] NEHGS does not [[place]] any kind of credibility in that newsletter and just because [[1]] editor [[livelihood]] [[fight]] it does not [[shit]] that newsletter [[authoritative]] to this [[subject]]  The fact is that Warren has not [[render]] one [[spell]] of documentary evidence to [[patronage]] her [[hereditary]] [[exact]] and that is what this [[clause]] should [[distinctly]] state  The [[period]] of this article is [[state]] the [[publication]] as quickly as possible and [[lease]] the [[reviewer]] [[shit]] up their own [[brain]] It is not for [[U]] to [[rescript]] [[chronicle]] or to interpret evidence or [[usage]] the article to [[enactment]] as [[justifier]] for Warren  She [[shit]] the [[take]] for several [[age]] it became the [[subject]] of a [[crusade]] in [[MA]] and [[former]] was [[discourse]] [[countrywide]] It is [[noteworthy]] so it should be in the [[clause]]  Editors [[demand]] to [[cease]] [[expression]] [[falsely]] that it was a [[1]] time [[matter]] and that was merely [[advance]] by political opponents because the [[Cherokee]] that have [[prove]] questions and complained did not do it for political [[reason]]  To [[crusade]] [[onwards]] the [[assumption]] that [[one]] it was a [[former]] claim or 2 only political [[opposition]] cared about [[Warren]] [[exact]] is oldfashioned POV [[advertize]],0
Thanks for the [[brain]] up Thomas Siebel [[clause]] [[smell]] [[hunky-dory]] at the [[bit]] after your [[reanimate]] [[lick]] but am now [[too]] [[catch]] it as [[fountainhead]] as the  [[calculate]] [[barrack]],0
so we are [[zilch]] nobody thanks [[uracil]]  [[nonentity]] remeber [[U]],0
Gokona Dog with [[variegate]] [[fuzz]],0
Marilyn Manson  <SPLIT> there is one naked women in the uncensored Tainted Love video the banned version of sAINT shows 2 naked women and M Manson having sex with them also his version of Personal Jesus has a nipple close up,0
Ahhh gotcha [[dress]] you believe that if Israel had annexed those territories after 1967 this problems wouldnt be happening in this [[shell]] Having said that I totally sympathize with the Palestinian demands for independence as a Jew [[ane]] [[fuck]] all too well what that [[finger]] like The suicide attack route wasnt the most intelligent though I just hope that all this can be resolved without further bloodshed and with solutions acceptable both to the palestinians and the israelis,0
This entire silly section should be [[murder]] Its not even worth discussion,0
Be careful  <SPLIT><SPLIT> That administrator although not impartial is still nonetheless an administrator You dont want to be blocked because of this stupid discussion no matter how unfair it is,0
Not everything in an article about a [[go]] [[somebody]] is subject to WPBLP its [[oft]] the [[pillowcase]] that [[comment]] on a nonWPNO 	 LE [[lick]] of an [[writer]] is in the [[writer]] article and that [[comment]] is not subject to WPBLP  [[still]] this [[whitethorn]] be too [[lots]] for this article whether or not the [[issue]] is WPNO 	 LE,0
Hmm I [[mean]] this criticism is [[chasten]] but [[one]] [[fuck]] that the article is far from [[staring]] It VERY difficult to find any free sources in English language about that time moreover probably this theme is not clearely understood The only text I found is written by Chechns themselves History of chechnya in 19th cent WWII in Chechnya These writing seems to be an attempt to aquilt the collaboration The theme is rather taboed So some relialible sources in Russian I found were not about the Chechens so the current article consist of the different [[fragment]] which [[pass]] an idea about events but not on the whole Other sources are rather contradictory And the [[death]] my [[side]] far from perfect [[perchance]] [[irritation]] [[say]] such as in case of 62000men Soviet Army Being translated into Russian this construction would be understood well  see also   <SPLIT> As for the red [[yoke]] the most of Chechnyas placed have no articles on wikipedia see also,0
[[Macedon]] [[bespeak]] for [[gossip]] <SPLIT> Since you have in the past [[shoot]] [[disunite]] in [[associate]] [[give-and-take]] this [[semen]] as a [[notice]] that the Centralized [[treatment]] [[paginate]] [[jell]] up to [[settle]] on a [[comp]] [[constitute]] [[rule]] about Macedoniarelated [[appointment]] [[apply]] is now [[bid]] [[gossip]] on a [[act]] of [[contend]] [[proposition]] from the community [[delight]] register your [[belief]] on the RfC subpages 1 [[II]] [[trine]] [[quadruplet]] and 5,0
[[I]] and [[two]] [[feeble]] [[honest]],0
Thank you,0
My [[tilt]] is WPAT doesnt [[mouth]] to punctuation [[pay]] the [[unexampled]] [[yoke]] [[face]] below [[withal]] this [[look]] to be a moot [[cut]] as [[honest]] [[germ]] do [[enjoyment]] a [[hyphenate]],0
[[Feb]] [[XXVII]] 2006 <SPLIT> Thanks for experimenting with Wikipedia Your test [[lick]] and has been [[retrovert]] or [[withdraw]] [[delight]] [[utilisation]] the [[sandpit]] for any other [[try]] you [[deprivation]] to do [[shoot]] a [[smell]] at the [[receive]] [[paginate]] if you would [[ilk]] to [[take]] more about [[give]] to our [[cyclopedia]] Thanks,0
This does not [[shit]] the [[expend]] of the term fundamentalist acceptable for an encyclopedia article in the contexts you [[donjon]] [[utilise]] it in  Your [[employ]] of the term in these [[circumstance]] is clearly POV  It is not [[inside]] your capability to [[justice]] whether Hillsongs [[stead]] on abortion or homosexuality are or have been fundamentalist just because Houston or the AOG are generally [[name]] this [[room]]  this is an encyclopedia article not an opinion [[man]]  If you [[deprivation]] to [[excuse]] your [[employ]] of the term in [[connector]] with these [[issuing]] you will [[demand]] to [[leave]] [[true]] and [[falsifiable]] [[informant]] to [[livelihood]] this [[exact]]  otherwise the [[clause]] will [[demand]] to [[enjoyment]] more appropriately [[impersonal]] terms such as traditional or [[bourgeois]],0
Most [[wide]] spoken nonIndoEuropean language in Europe   <SPLIT><SPLIT> How do you [[ejaculate]] up with this [[command]] [[most]] 11 million of Turkish people lives in the European [[persona]] of Turkey and plus there are up to 9 [[trillion]] Turkish speakers in various European countries which [[shit]] the Turkish [[utterer]] in Europe [[nigh]] 20 [[meg]] The numbers [[whitethorn]] [[motley]] but Turkish a nonIndoEuropean language is definitely more [[mouth]] in Europe than Hungarian,0
mason likes 69ing he also likes bi people hmu 17347189552 for [[gender]] talk to kids partys events hell even [[gender]]   this is a cute page YOLO [[crab]] [[absorb]] my [[peter]] ohhhh and i like anal sometimes  sooooooooooooooooooooooooooooooooooooooooooooooooooooooooooooooooooooooooooooooooooooooooooooooooooooooooooooooooooooooooo i like pornn one time at band camp i jerked off so much my [[hawkshaw]] turn blue cus all dem band camp girls driving me horny loloollolol i like black girls am in training to become a jedi master Mason,1
hitler  <SPLIT><SPLIT> did hitler commit suicide by swallowing a poison [[tablet]],0
EVeryone [[citation]] from [[pity]] [[benedick]] but noone [[lick]] in the [[acculturation]] and personality [[shoal]],0
noun <SPLIT> a [[penis]] of an [[antediluvian]] Jewish sect [[recognize]] by [[nonindulgent]] observance of the traditional and written law and [[usually]] [[halt]] to have pretensions to [[master]] [[sanctitude]] <SPLIT>  a selfrighteous [[soul]] a hypocrite <SPLIT> The Pharisees are [[advert]] only by Josephus and in the [[fresh]] Testament Unlike the Sadducees who [[hear]] to apply Mosaic [[police]] strictly the Pharisees [[tolerate]] some [[exemption]] of [[rendition]] Although in the Gospels they are represented as the chief opponents of Jesus they seem to have been less hostile than the Sadducees to the nascent Church with which they [[deal]] belief in the Resurrection <SPLIT><SPLIT> moat mt <SPLIT> noun <SPLIT> a deep [[full]] [[dump]] [[besiege]] a castle fort or town typically filled with [[piss]] and [[think]] as a defense against attack <SPLIT> verb  trans  [[much]] as adj   moated <SPLIT> [[wall]] a [[commit]] with a moat  a moated castle <SPLIT> [[blood]] late Middle English  from [[quondam]] French mote mound <SPLIT><SPLIT>  PHRASES <SPLIT> a [[send]] in ones eye a [[flaw]] that is [[bully]] in oneself than in the person [[I]] is [[bump]] fault with ORIGIN with biblical allusion to Matt 73 <SPLIT> off or way off [[shine]] [[loose]] on the wrong [[tail]] mistaken  youre way off [[glow]] on this [[I]] <SPLIT> on the [[send]] informal on the [[flop]] track <SPLIT> on her or its beamends of a [[send]] heeled over on its side [[nigh]] capsized <SPLIT> [[blood]] Old English bam tree [[send]]  [[touch]] to Dutch boom and German Baum <SPLIT><SPLIT> With four tildes tilde tild <SPLIT> noun <SPLIT> an [[accentuate]]  placed over Spanish n when [[judge]] ny as in seor or Portuguese a or o when nasalized as in So Paulo or over a vowel in [[phonic]] transcription [[betoken]] nasalization <SPLIT>  the same symbol as a [[piece]] of a URL <SPLIT>  a similar symbol [[expend]] in mathematics to [[betoken]] similarity and in logic to [[betoken]] negation <SPLIT> ORIGIN mid 19th cent from Spanish based on Latin titulus [[reckon]] title,0
Perhaps but we are all the prisoners of our POV the best we can expect is that others will [[shit]] us aware of our biases and assumptions,0
from Village pump <SPLIT> Regarding your [[scuttlebutt]] on the village pump I just want to [[shit]] sure that you are [[cognisant]] that there is a perceivable difference between the copperstone girl ad and the lollicon picture You [[power]] [[deprivation]] to [[shoot]] a [[shut]] [[face]] at the bear and the blue object I have to say that on first glance I didnt see it myself,0
Quoting from Dahn radio did not even exist back in the day the Iron Guard was in power This is [[idiotic]] nonsense,0
Cheers to fighting vandalism May this [[oecumenical]] knowledge of Wikipedianess be safe from all [[mannequin]] of malicious edits And just in case I forget I wish you a [[gay]] Christmas,0
Youve just shot yourself at the foot,0
stylebackgroundcolorF5FFFA padding0 cellpadding0 <SPLIT> styleborder1px solid 084080 backgroundcolorF5FFFA verticalaligntop color000000 <SPLIT>  width100 cellpadding0 cellspacing5 styleverticalaligntop backgroundcolorF5FFFA padding0 <SPLIT>  Hello  Welcome to Wikipedia Thank you for  to this [[loose]] encyclopedia If you decide that you [[pauperism]] [[supporter]] [[retard]] out [[dumbfound]] Help below ask me on  or place  on your [[mouth]] [[paginate]] and ask your [[head]] there [[delight]] remember to [[bless]] your [[constitute]] on [[mouth]] pages by [[tick]]  or [[apply]] four tildes  this will automatically [[farm]] your username and the date Finally [[delight]] do your [[trump]] to [[forever]] [[occupy]] in the [[cut]] summary field [[downstairs]] are some useful [[contact]] to [[alleviate]] your [[amour]] Happy [[cut]]    <SPLIT>  <SPLIT>  width100 stylebackgroundcolorF5FFFA <SPLIT> stylewidth 55 border1px solid FFFFFF backgroundcolorF5FFFA verticalaligntop <SPLIT>  width100 cellpadding0 cellspacing5 styleverticalaligntop backgroundcolorF5FFFA <SPLIT>  [[beget]] started <SPLIT>  <SPLIT> stylecolor000 <SPLIT>  [[amp]] tutorial  Our five pillars  [[dumbfound]] mentored <SPLIT>  How to [[cut]] a page  upload and use images <SPLIT>  <SPLIT>  [[dumbfound]] help <SPLIT>  <SPLIT>  stylecolor000 <SPLIT>  Frequently asked [[enquiry]]  [[tumble]] <SPLIT>  Where to ask questions or [[shit]] comments <SPLIT>  Request administrator attention <SPLIT>  <SPLIT>  Policies and guidelines <SPLIT>  <SPLIT>  stylecolor000 <SPLIT>  Neutral [[level]] of view  No original research  <SPLIT>  Verifiability  Reliable sources  Citing sources <SPLIT>  What Wikipedia is not  [[life]] of [[aliveness]] persons <SPLIT><SPLIT>  Manual of Style  Threerevert rule  Sock puppetry <SPLIT>  Copyrights  Policy for nonfree content  Image use policy <SPLIT>  External [[unite]]  Spam  Vandalism <SPLIT>  Deletion policy  Conflict of interest  Notability <SPLIT>  <SPLIT>  <SPLIT> classMainPageBG stylewidth 55 border1px solid FFFFFF backgroundcolorF5FFFA verticalaligntop <SPLIT>  width100 cellpadding0 cellspacing5 styleverticalaligntop backgroundcolorF5FFFA <SPLIT>  The community <SPLIT>  <SPLIT> stylecolor000 <SPLIT>  Build consensus  [[answer]] disputes <SPLIT>  Assume [[ripe]] faith  Civility  Etiquette <SPLIT>  No personal [[assail]]  No legal threatsNEWL,0
Message to A [[sack]],0
It should [[too]] be [[notice]] she is only the [[tierce]] [[prexy]] the others being Rodney [[obliterate]] and Hon Sir Roger Douglas,0
Well I certainly [[value]] that and I did [[fishy]] you might have been [[shit]] it more obvious to encourage a vote which in turn might allow for a [[shut]] [[ane]] actually posted that diff [[hope]] it might prompt you to do something about that [[special]] IP only to then recall my own [[late]] note to you about an NAC of yours Then I saw s recent star and [[hint]] She is [[dead]] [[aright]]  you should consider it Ive often been [[strike]] by your delsort relisting and general AfD [[lick]] and your [[late]] advice has been outstanding [[ane]] would certainly conom with her if you were to [[moot]] it,0
[[outside]] [[contact]] to photos of [[pupil]] [[watch]] assassination [[word]]  <SPLIT><SPLIT> The [[matter]] is JFK The [[yoke]] I was [[bill]] was to [[shoot]] of high school students in a [[little]] Midwestern [[townspeople]] [[watch]] the assassination [[word]] on a [[video]] that had been [[rip]] into the [[schooling]] gym It was [[shoot]] by a [[gamey]] [[schooling]] [[Kid]] me who [[rush]] the [[exposure]] to the local [[newspaper]] in [[sentence]] to [[shit]] an [[superfluous]] edition [[single]] think it [[total]] a [[property]] to the JFK [[floor]] because it [[usher]] the [[shock]] of the [[fool]] on a generation that had just [[helpless]] its innocence It is relevant [[decent]] to the [[matter]] that it has been [[request]] by [[internal]] media for their [[coming]] specials <SPLIT><SPLIT> [[inch]] other [[word]] I [[incur]] a [[substance]] Your [[Holocene]] [[delete]] history at [[whoremaster]] F [[JFK]] [[shew]] that you are [[presently]] [[plight]] in an [[cut]] war It [[moldiness]] be a unilateral [[warfare]] because [[one]] keet [[dumbfound]] a message from Wikipedia that you are having [[waiter]] [[problem]] and to [[taste]] again in a few [[mo]] THATS why there have been multiple [[entry]]  <SPLIT><SPLIT> I [[live]] a [[comparatively]] [[New]] user although [[single]] have successfully [[append]] [[link]] to other [[matter]] in the [[by]] <SPLIT><SPLIT> [[sol]] if war has been [[hold]] [[iodin]] surrender [[flatly]] [[place]] the [[contact]] or dont [[send]] the [[yoke]] [[ane]] dont care at this [[head]],0
[[smell]] here TalkRoseBaley PartyKroeber  Kroeber 1973,0
[[how-do-you-do]]  [[thither]] was a [[acknowledgment]] to Morcon in a [[premature]] version of the Prosafe [[paginate]] but it has been [[cut]] out [[maybe]] it would be [[undecomposed]] to [[airt]] the [[swob]] [[pageboy]] to Morcn otherwise it will [[befuddle]] the [[lector]],0
The [[matter]] is we [[deprivation]] to have [[clause]] on important scholars and [[heavy]] [[pot]] There should be a [[indifferent]] [[clause]] on a chain as [[heavy]] and [[authoritative]] as [[IV]] [[harden]] [[hotel]] and [[haunt]] Whether their [[someone]] [[hotel]] should have [[clause]] is something that should be [[distinct]] on an [[clause]] by [[clause]] [[footing]] You [[dog]] these [[clause]] for speedy [[omission]] which is [[intentional]] to [[allow]] very [[petty]] [[sentence]] for [[inspection]] [[essentially]] an admin or other respected Wikipedian [[semen]] along and [[settle]] to delete or to [[murder]] the [[dog]] [[inside]] a [[hour]] or so For [[matter]] where many [[multitude]] [[remember]] we should have an article as with the hotel [[string]] the [[right]] [[matter]] to do when you [[showdown]] a [[trouble]] this [[record]] [[alike]] [[ad]] is to [[desexualize]] the article by [[cut]] it so it no [[long]] [[record]] [[same]] an [[ad]] If an article is a beautiful and [[utter]] [[indifferent]] encyclopedia article then [[delete]] it just because [[1]] of the authors [[power]] have had a [[fight]] of [[sake]] is [[defective]] for Wikipedia [[inch]] [[sheath]] of doubt you can [[ever]] [[bulge]] a [[omission]] [[word]] at WPAFD which [[power]] have the [[utter]] [[leave]] that [[mortal]] [[ejaculate]] [[on]] and [[scavenge]] up the [[clause]] so there is no [[long]] an [[ad]]  neutrality [[trouble]] plus Wikipedia has an [[clause]] on a [[jolly]] important [[occupation]] [[reckon]] we [[witness]] out that our [[clause]] on Microsoft [[understand]] [[alike]] an advertisement or was [[save]] by Microsoft employees [[set]] you [[gravely]] [[think]] it is [[ripe]] to have no [[clause]] on Microsoft than to [[render]] and [[limit]] the [[trouble]]  <SPLIT> [[nearly]] that [[student]] The [[clause]] is quite [[dead]] but [[control]] a [[clean]] claim of notability Whether that is sufficient is something that is [[hard]] for an admin ie a nonexpert on the [[clause]] [[matter]] to [[settle]] [[IT]] is [[practically]] more [[generative]] to [[bow]] such [[head]] to the [[spacious]] [[hearing]] of WPAFD than to the [[humble]] [[hearing]] of admins who [[picket]] the speedy [[omission]] [[class]] [[ever]] [[think]] that we are [[render]] to [[save]] an encyclopedia not weed out all [[elusive]] [[clause]] [[directly]] There is no deadline and if you [[retard]] down on your [[nomination]] you will [[go]] more [[effective]],0
[[pricy]] Sam  <SPLIT><SPLIT> [[pricy]] Sam yes Ive [[want]] to [[pen]] a [[hanker]] reply to you since you [[drip]] by my [[mouth]] [[paginate]] yesterday and [[single]] wholeheartedly apologize for not [[dumbfound]] [[spine]] to you before Unfortunately Ive had [[petty]] time yesterday and most of today to [[frame]] the long reply [[ace]] have in [[brain]] The matter at [[paw]] is a serious [[unmatchable]] and most definitely not something [[single]] wish to dismiss with a hastily [[pen]] [[blood]] so please if you could be patient and [[feed]] me a [[copulate]] of hours to properly [[accost]] your [[vexation]] Id be most [[thankful]] to you [[tender]] [[reckon]],0
Brian [[advance]] [[come]] editors to [[cut]] against consensus as [[oppose]] to without consensus something quite [[unlike]] is [[jolly]] blatantly [[troubled]] [[delight]] [[cease]] [[straightaway]] before this [[die]] to [[ani]],0
[[amp]] barnstar for you  <SPLIT><SPLIT>  stylebackgroundcolor fdffe7 [[butt]] 1px [[satisfying]] fceb92 <SPLIT> rowspan2 styleverticalalign [[halfway]] [[slog]] 5px   <SPLIT> stylefontsize xlarge [[tramp]] 3px 3px [[zero]] 3px [[peak]] 15em  The [[vivid]] [[couturier]] Barnstar <SPLIT>  <SPLIT> styleverticalalign [[eye]] [[tramp]] 3px  [[squeamish]] [[lick]] on the TAFI logo,0
I wasnt stirring any [[crapper]] I was privately advising THB when you lot interrupted me 8,0
Not [[needs]] the same [[stop]] but [[person]] [[living]] [[swop]] Jovany Baretto and Kendra Chantelle in the table and after [[gouge]] my brains [[ane]] [[real]] [[argot]] of a [[intellect]] why Both were [[excrete]] at the same time and as such it [[turn]] [[alphabetic]] BarettoChantelle Its not rocket science [[viosterol]],0
Might be best to leave it as questionmarks until theres a [[assoil]] [[rootage]]  [[ane]] where we dont have to guess what the [[Son]] [[bastardly]]  one way or the other [[barrack]],0
ID RATHER IF YOU LEFT ME ALONE NOW YOU BULLY,0
Im [[please]] that [[head]] is [[slump]] Jewish [[blood]] and not [[exist]] he a jew [[ilk]] about some other [[famed]] [[mortal]] with jewish [[granddaddy]] Jews are [[pock]] of [[bruit]] about his jewish heritage [[only]] actually [[soul]] who have only jewish <SPLIT> [[gramps]] are nonjews,0
bip bip bip,0
WPF1 [[newssheet]] January,0
You can [[retard]] it now here httpsenwikipediaorgwikiTalkSabancC4B1CentralMosqueArmeniancemeteryhoax,0
Thanks for your note  Im not sure how many other articles are affected by this problem I posted at the copyright problems page to let them know there might be an ongoing issue  Would you be able to clean up any other articles you creatededited with this issue and follow up there to let them [[fuck]] what changes you have made Thanks,0
[[later]] [[notice]] out of those [[part]] the readable prose size is more [[doable]] but [[relieve]] over 50k We [[too]] should [[tranquilize]] [[muckle]] with the browserpage size [[payoff]],0
[[hullo]]  <SPLIT><SPLIT> [[cut]] [[fight]],0
The only [[II]] [[dominion]] [[tie]] that have an [[literal]] [[dispose]] tournament is Dalarna and rebro Ln [[so]] have [[iodine]] only [[weigh]] them there The other [[dominion]] [[settle]] their [[squad]] by Distriksmsterskap and [[place]] [[only]] maybe that should be [[look]] as [[fountainhead]] What do you [[cogitate]],0
The Simpsons [[prime]] [[clause]]  <SPLIT><SPLIT> Ive [[mean]] for a [[hanker]] [[clock]] that the [[info]] here for such an influential [[serial]] and [[1]] of my alltime favouritesalthough Im not [[rent]] this [[diagonal]] me and [[reckon]] that many spinoff [[clause]] should be [[make]] [[unitary]] [[reckon]] the [[comparatively]] tiny [[sum]] of info on this [[matter]] atm [[contempt]] the considerable [[share]] it has [[shit]] to our [[cultivation]] would be Cultural [[touch]] of The [[Simpson]] Another is on the [[alter]] [[tone]] of The [[Simpson]] over the [[year]] I [[shit]] [[redact]] but [[return]] them after [[clear]] [[1]] had [[collapse]] the article undue [[slant]] [[single]] am [[rattling]] [[give]] to [[dumbfound]] this [[clause]] off the [[fag]] and already have a bunch of [[germ]] I [[privation]] to [[sum]] Your [[serve]] would be [[awful]] Please [[psychoanalyse]] the [[edit]] I [[shit]] below and [[collapse]] me advice on how to [[keep]] with this article subsections etc   <SPLIT><SPLIT> quotation <SPLIT><SPLIT> Critics [[inspection]] of [[other]] [[Simpson]] [[installment]] praised the [[usher]] for its [[brain]] [[reality]] and [[news]] [[inch]] the [[previous]] 1990s [[some]] the [[vent]] of season [[decade]] the [[look]] and emphasis of the [[usher]] [[commence]] to change [[around]] [[critic]] [[bulge]] [[scream]] the [[demo]] [[sap]] [[away]] 2000 some longterm [[lover]] had [[get]] [[disenchant]] with the [[demo]] and [[head]] to its [[sack]] from characterdriven [[game]] to what they [[comprehend]] as an overemphasis on [[cockamamy]] [[prank]] The BBC [[illustrious]] the [[vulgar]] consensus is that The Simpsons [[favorable]] [[epoch]] [[cease]] after season [[IX]] while Todd Leopold of CNN in an [[clause]] [[face]] at its [[comprehend]] [[refuse]] [[submit]] for many [[lover]]  the [[aura]] [[years]] are long past Jim Schembri of the The Sydney [[aurora]] [[trumpeter]] [[phone]] the [[prove]] a cultural touchstone for at least twopossibly threegenerations of [[put]] [[murphy]] but [[exact]] that the [[usher]] has [[refuse]] in [[prize]] [[helium]] [[attribute]] this [[refuse]] in [[tone]] to an abandonment of characterdriven [[storyline]] in [[privilege]] of and [[overdrive]] of celebrity cameo appearances and [[address]] to [[pop]] [[civilization]] Schembri [[spell]] The [[primal]] [[catastrophe]] of The Simpsons is that it has [[die]] from [[control]] attention to [[just]] being [[care]] [[try]] It [[get]] by [[rise]] that cartoon [[eccentric]] dont have to be [[ape]] they can be [[commit]] with [[very]] emotions Now the [[demo]] has in [[meat]] fermented into a limp [[travesty]] of itself Memorable [[account]] [[discharge]] have been [[give]] for the sake of celebrity walkons and punchlinehungry dialoguecite newsurlhttpwwwsmhcomauentertainmenttvandradiopopspoofsnolongerthemaindraw201111091n614htmlixzz1dHgzL7xFtitlePop [[travesty]] no [[prospicient]] the [[briny]] drawworkThe Sydney [[morn]] Heraldaccessdate20111,0
on your [[mouth]] [[paginate]] and ask your [[head]] there [[delight]] remember to [[contract]] your [[gens]] on talk pages by [[flick]]  or [[practice]] four tildes  this will automatically produce your username and the date Finally please do your [[outflank]] to always fill in the edit summary field Below are some useful [[yoke]] to facilitate your [[amour]] Happy [[cut]]       <SPLIT>  <SPLIT>  width100 stylebackgroundcolorF5FFFA <SPLIT> stylewidth 55 border1px solid FFFFFF backgroundcolorF5FFFA verticalaligntop <SPLIT>  width100 cellpadding0 cellspacing5 styleverticalaligntop backgroundcolorF5FFFA <SPLIT>  [[dumbfound]] started <SPLIT>  <SPLIT> stylecolor000 <SPLIT>  A tutorial  Our five pillars  [[dumbfound]] mentored <SPLIT>  How to [[cut]] a [[paginate]]  upload and use images <SPLIT>  <SPLIT>  [[dumbfound]] help <SPLIT>  <SPLIT>  stylecolor000 <SPLIT>  Frequently asked questions  Tips <SPLIT>  Where to ask questions or [[shit]] [[annotate]] <SPLIT>  Request administrator attention <SPLIT>  <SPLIT>  Policies and guidelines <SPLIT>  <SPLIT>  stylecolor000 <SPLIT>  Neutral point of view  No original research  <SPLIT>  Verifiability  Reliable sources  Citing sources <SPLIT>  What Wikipedia is not  [[life]] of living persons <SPLIT><SPLIT>  Manual of Style  Threerevert rule  Sock puppetry <SPLIT>  Copyrights  Policy for nonfree content  Image use policy <SPLIT>  External links  Spam  Vandalism <SPLIT>  Deletion policy  Conflict of interest  Notability <SPLIT>  <SPLIT>  <SPLIT> classMainPageBG stylewidth 55 border1px solid FFFFFF backgroundcolorF5FFFA verticalaligntop <SPLIT>  width100 cellpadding0 cellspacing5 styleverticalaligntop backgroundcolorF5FFFA <SPLIT>  The community <SPLIT>  <SPLIT> stylecolor000 <SPLIT>  Build consensus  Resolve disputes <SPLIT>  Assume good faith  Civility  Etiquette <SPLIT>  No personal attacks  No legal threats <SPLIT><SPLIT>  Community Portal  Village pump <SPLIT>  Signpost  IRC channels  Mailing lists <SPLIT>  <SPLIT>  Writing articles <SPLIT>  <SPLIT> stylecolor000 <SPLIT>  Be bold in editing  Develop an article <SPLIT>  The perfect article  Manual of style <SPLIT>  WikipediaStubS,0
[[amp]] [[Almighty]] [[rule]] is [[basically]] the [[master]] [[clause]] on UC [[divinity]] [[presently]] and as TF is [[imply]] to be a theological [[construct]] when shorn of [[heel]] [[kinfolk]] [[up]] and [[kill]] etc this [[look]] [[sane]] P,0
Whole Article is [[bull]]  <SPLIT><SPLIT> The most of the stuff written in these piece of Volksverhetzung is jewish phantasy and lies Sorry Greenhorns handle with it,1
yes because it is [[improbable]] that any random [[soul]] would commit murder,0
The problem isnt a misunderstanding Id be fine if people voted for delete civily and didnt resort to dirty dirty tactics such as vandalising with a project template just to ensure deletion  The fact of the matter is while there are a handful of good wikipedians like yourself most of the people here are ass holes  Wikipedia will never be an encyclopedia as long as they are around  Im not putting any more time into this project while the vandals and ass holes run the asylum,1
REDIRECTTalkThe Very Best of Cilla [[Negro]],0
Refrescumne  <SPLIT><SPLIT> Someone [[total]] the following <SPLIT> Pimentatis Anus Outrem Refrescum EstPimenta no C dos outros  RefrescoExpresso muito utilizada no jargo popular brasileiro <SPLIT> This was promptly deleted as [[bullshit]] Latin Fair enough but we have a number of other [[bullshit]] Latin phrases clearly marked as such on the list Perhaps if this [[shibboleth]] is indeed significant it shoudl be included under that rubric,0
That is quite frankly [[freakish]]  [[cwm]] [[aver]] [[axerophthol]] CJ [[aver]] [[cwm]] [[state]] [[amp]] and heres her diary [[incoming]] where she [[tell]] it you say the article about CJs blog must [[DoS]] CJ claims that Corrie [[aver]] A because another Wikipedia [[paginate]] about [[corrie]] doesnt [[admit]] anything about her [[locution]] [[adenine]]   <SPLIT><SPLIT> The [[contortion]] [[requisite]] to [[get]] at that [[billet]] [[moldiness]] be quite [[awful]],0
Of course anything to do with [[condom]] [[fuddle]] [[piss]] or unsafe drinking [[piss]] is relevant but being relevant does not [[bastardly]] it belongs in the article If it is relevant and integral to the article in it should [[choke]] but as far as I can [[shit]] out it is not integral to this article but to the fraccing [[consequence]] in general As such it should [[choke]] into fraccing articles and though it [[power]] [[swell]] rate a mention in this article all such a mention should comprise is that there are [[occupy]] and controversies on fraccing safety and desirability with [[contact]] to the most relevant fraccing articles If you think that those articles do not mention the [[crapulence]] [[piss]] [[cut]] in sufficient detail and [[rest]] [[die]] to the fraccing articles to [[shit]] up the deficiency not here Otherwise we finally [[fart]] up with a [[assort]] and very [[belike]] conflicting fraccing [[word]] in every [[crapulence]] [[pee]] article for every major community in the Eastern [[U]] And each of those will need its own updating and reconciliation etc In [[unawares]] a [[hole]] Mention fraccing by all means But do not explain argue or enlarge at all in this article  If you [[deprivation]] to expound [[smell]] welcome but do it in articles where it will be [[prize]] The principle has nothing to do with fraccing as such it has to do with decent [[twist]] of articles OH and in [[face]] you were about to ask about my personal interests in the [[weigh]] and my connection with fraccing [[care]] [[keep]] yourself the [[disturb]] [[ane]] have none whatsoever and I am not even American nor do I live anywhere [[nigh]] the [[U]],0
[[commit]] on behalf of the [[club]] of [[imitate]] [[editor]] [[expend]] AWB on,0
Thoth about your [[late]] addon in the chronology <SPLIT><SPLIT> First it is POV oriented second even if it were to be neutralized somehow I believe it has no place in the timeline because it is something continual without any specific date you could find elsewhere in the article to [[shit]] such a [[billet]] But first [[face]] it here so that [[user]] could [[get-go]] [[assay]] to [[waste]] it,0
The [[TV]] are [[authoritative]] IMHO and should be in,0
sexual sexy same thing   is talking to me for pointing out the OBVIOUS fact that all those citations refering to her sexual image are ultimately coming from her camp  if such claims arent relevant to Wikipedia quote then why is that whole public image section there <SPLIT><SPLIT> her public image is flashy outfits colourful wigs highspeed rapping and a whole lot of [[fucking]]  nothing sexy OR sexual,0
[[airt]] TalkAlbert EinsteinArchive [[foursome]],0
Please [[check]] to provide links I have [[motivate]] Copa [[sixty]] Aniversario de Universidad Catlica to  I do not [[mean]] this deserves its own article but [[feeling]] [[costless]] to add it to the article about the [[clubhouse]] Also stress why it is [[celebrated]],0
[[ill-defined]] [[textbook]] <SPLIT><SPLIT> [[inch]] [[increase]] the [[crippled]] [[admit]] a very [[raise]] architecture [[organization]] The game was [[earlier]] [[project]] as an architecture [[pretending]] [[solitary]] with the Sims there only to [[judge]] the houses5 During [[exploitation]] it was [[distinct]] that the Sims were more interesting than the [[family]] This is a [[vulgar]] trait in [[maxi]] games <SPLIT><SPLIT> What is a [[vulgar]] trait in Maxis [[biz]],0
Were all [[homo]] which is why a second set of eyes is always a [[skilful]] thing,0
My last comment on that page which was Spread your [[denounce]] on bswikipedia  on the en we dont take crap was not a personal attack  Im merely directing someone to the Wikipedia which is in the editors first language But besides that if my last comment on that page is removed then that discussion will have ended with a personal attack against me Its either remove all of them or none of them,1
[[amp]] barnstar for you  <SPLIT><SPLIT>  stylebackgroundcolor fdffe7 [[butt]] 1px [[satisfying]] fceb92 <SPLIT> rowspan2 styleverticalalign [[halfway]] [[tramp]] 5px   <SPLIT> stylefontsize xlarge [[slog]] 3px 3px [[zero]] 3px height 15em  The Barnstar of Diligence <SPLIT>  <SPLIT> styleverticalalign [[eye]] [[lard]] 3px  Thank you for [[dissolve]] a [[fight]] of [[delete]] on Wikipedia,0
[[wet-nurse]] my [[hawkshaw]] <SPLIT><SPLIT> Get a job,1
Thanks <SPLIT> Hello Boleyn Just wanted to say thanks you for taking a [[face]] at the Adam Pearson [[swob]] [[paginate]] and [[dumbfound]] it into a [[flesh]] that [[lick]] for WikiP For me it just felt that Iph was [[assay]] to [[wrick]] it into an article rather than a [[swob]] [[paginate]] I hope that your [[sweat]] [[lick]] for him also Cheers and continued happy [[delete]],0
Thats [[ALIR]] more [[meaty]] and [[authoritative]] than whether a clause is [[word]] with [[seize]] tact,0
Ive just [[agnise]] Im being stupid  I have done the GUS switch for now,0
Ive [[shit]] an edit to that effect pls revert if unconvinced by the brilliance of this suggestion Ive also put some sentences in past tense We could add little labels for each person like sociologist Downton etc,0
Bullshit  you have no idea what you are talking about  Storing weapons in a civilian facility  and thus putting civilians  in harms way is EXACTLY the definition of human shields,0
[[bespeak]],0
Um if someone is the product of a [[copper]] and a dog heshe is not the [[member]] of a pig heshe is a pigdog Come on now    Also you violated BLP,1
Hm I [[discord]] [[certainly]] we could [[possibly]] have the [[metropolis]] of Brussels [[blueprint]] [[place]] somewhere in the [[neighborhood]] article but [[single]] dont [[retrieve]] we should vaguely [[fuzee]] the [[neighborhood]] and the municipality together and [[sham]] its official Wikipedia is all about [[triviality]],0
[[ane]] [[jibe]] [[whole]] [[ane]] dont a twotier [[organization]] for FAs and normal [[clause]] would be [[worthy]] at all If anything its [[skilful]] that an FA be less [[famed]] because then it [[throw]] [[sluttish]] on an [[occupy]] topicwhich for some not me but Im not all Wikipedians [[mightiness]] [[fountainhead]] be a [[rollick]] tournament [[ilk]] that,0
Your edit on Faggot,0
[[airt]] TalkFiona [[befuddle]] [[transonic]] the [[porcupine]],0
Please stay the hell out of the Shawn Lane Wiki entries You have proven yourself to be totally ignorant and we will continually correct your uninformed entries Just give it up man Get a life,0
Sarcastic [[cut]] [[sum-up]] on [[merge]] [[clause]]  <SPLIT> Thanks for [[sum]] [[note]] on your [[unify]] to edit summaries on the [[sham]] [[clause]] [[still]] per WPMERGEPerformingthemerger these should be templated [[dog]] on the [[clause]] [[utter]] page not just edit [[sum-up]] This tagging isnt [[contempt]] your [[printing]] gratuitous makework its there as a sourcing [[register]] that can potentially be [[mechanically]] [[search]] in the [[succeeding]] this is why [[exploitation]] the template and not [[flush]] substing the template [[weigh]] too <SPLIT><SPLIT> [[likewise]] could you [[delight]] [[drib]] the sarcasm from the edit summaries This is unhelpful It is [[about]] [[sealed]] to [[scandalize]] at least some of the other [[by]] editors [[involve]] It [[besides]] [[shit]] your own [[exertion]] [[face]] [[bitterly]] and childish as if youre only [[sum]] these [[bill]] because youve been [[grouch]] to Thanks,0
WashingtonBaltimoreArlington DCMDVAWVPA [[conflate]] Statistical Area <SPLIT> [[delight]] [[fancy]] WikipediaRedirects for discussionWashingtonBaltimoreArlington DCMDVAWVPA [[fuse]] Statistical [[country]]  This is a [[Holocene]] update,0
[[spoof]] your userpage  <SPLIT><SPLIT> You will [[belike]] [[privation]] to delete some [[glut]] that a  has been [[spell]] reusing your [[textbook]],0
Christian F Otto Historian,0
geometry [[V]] algebra  <SPLIT><SPLIT> [[commit]] the heat of the [[word]] above Im not about to [[shit]] any [[convert]] in the article  [[just]] [[ane]] do [[placard]] that the correct statement of the [[master]] theorm that the [[lame]] ON the legs [[be]] the [[lame]] ON the hypotenuse in [[domain]] has been [[exchange]] by the [[mod]] [[edition]]  [[single]] was [[no-account]] to [[look]] that,0
[[delight]] do not vandalize [[paginate]] as you did with this [[blue-pencil]] to [[goop]] Weber artist If you [[uphold]] to do so you will be [[kibosh]] from [[delete]],0
Youre right CountZero  I apologize Ive just been reverting back to the stuff youre attempting to censor out  Ill add the stuff again by editing and then there should be no problem with you removing it again correct   Attention [[cyprian]],1
[[Feb]] 2008 UTC <SPLIT>  That [[man]] was vandalism by someone Rangga is an [[affront]] [[iodine]] [[judge]] thats just [[unmatched]] of the [[gladden]] of Wikipedia [[masses]] can [[slue]] in a [[niggling]] [[piece]] of [[trash]] and it [[shoot]] many months for [[multitude]] to notice BTW Loopla [[squeamish]] job on the Annesley College [[paginate]] Its [[salve]] me quite a [[muckle]] of [[search]] and [[sweat]]   1121 10,0
stylebackgroundcolorF5FFFA padding0 cellpadding0 <SPLIT> styleborder1px solid 084080 backgroundcolorF5FFFA verticalaligntop color000000 <SPLIT>  width100 cellpadding0 cellspacing5 styleverticalaligntop backgroundcolorF5FFFA padding0 <SPLIT>  [[how-do-you-do]] Jitendra narayan and Welcome to Wikipedia Thank you for  to this [[gratis]] encyclopedia If you decide that you [[pauperism]] help [[retard]] out [[mother]] Help below ask me on  or place  on your [[mouth]] [[paginate]] and ask your [[head]] there [[delight]] remember to [[sign-language]] your [[gens]] on [[mouth]] pages by [[expend]] four tildes  or by [[cluck]]  if shown this will automatically [[farm]] your username and the date Also [[delight]] do your [[outflank]] to always [[replete]] in the [[delete]] [[compendious]] field with your [[cut]] Below are some useful [[yoke]] to facilitate your [[amour]] [[felicitous]] [[delete]],0
[[blood]] and [[posterity]]  <SPLIT><SPLIT> [[blood]] of the Barlas was Mongol not TurkoMongolWhat is [[damage]] with it  Barlas was  a [[Mongolian]] [[folk]] of Nirun [[rootage]] Descendants of them are [[last]] in Mongolia [[cardinal]] Asia and Afghanistan [[tribe]] [[government]] and [[authorities]] [[modulation]] in [[primal]] Asia [[leaning]] of [[Usbek]] clansIm Mongol this [[clause]] about is the Mongolia i [[sum]] my [[informant]] [[Mongol]] [[script]] about [[Mongol]] tribesI [[too]] [[total]] these [[delete]] on Russian [[variant]],0
TalkBradley ManningOctober 2013 [[strike]] [[asking]] <SPLIT><SPLIT> [[salutation]] Because you [[enter]] in the August 2013 [[strike]] request [[involve]] this [[open]] you [[whitethorn]] be [[worry]] in [[active]] in the current [[treatment]] This [[detect]] is [[leave]] pursuant to WikipediaCanvassingAppropriate [[telling]] [[sunniness]],0
[[hullo]] [[ane]] [[privation]] to [[meliorate]] Iraqi [[Turkmenistan]] [[clause]] [[borrow]] me,0
Lies From wattle  <SPLIT><SPLIT> Can u note that somewhere in the tangle of this page wattle has made the lieing claim I used abuse re RMC <SPLIT><SPLIT> This is a total lie  What I actually did was ask who put the line edit FAKs Name given to Staff Cadets who were once Officer Cadets stands for Fucking ADFA Cadets <SPLIT><SPLIT> on the RMC article page for a very particular reason  The cite on that page re the Handbook I also put    <SPLIT><SPLIT> Peytalholmes I think removed the abusive comment as noted above from the discussion page as soon as I queried it  If I find that sort of garbage on the RMC article page again I will make sure the RMC Commandant [[fuck]]   <SPLIT><SPLIT> Wattle can twist and turn all she likes about all she likes  Its very very obvious she has some agenda of her own where she is prepared to tell lies  Grow up wattle  You are too ridiculous <SPLIT><SPLIT> Also Durova you turned didnt u  I remove the thanks I gave u  Guess it is how u have to be here though to fit in  That attitude is going to mean wik ends up with just aggro dimwits that run on gang dynamics,0
not to [[acknowledgment]] [[victimization]] the [[yr]] [[inside]] the Vahid as an [[flip-flop]] to the [[count]] [[yr]] 167,0
[[clause]] [[epithet]]  <SPLIT><SPLIT> [[ane]] [[think]] the [[crippled]] has officially been [[constitute]] [[person]] Kombat Fatality Lives httpwwwyoutubecomwatchvyRPt1yS00pw,0
PS My problem with you has never been about any particular dispute it has always been about your behavior and incivility I cannot remember a time when you have not acted like a complete immature jerk The only exception was for that few hours when you acted like a human and we were able to work together I had to give up though because you stopped behaving as soon as I confirmed on your RfC that we were working together You used me to make you look good on the RfC then you stabbed me in the back As the Chimperor says Fool me once shame on you fool me twice uh you dont get fooled again Ill never trust you and the main reason I dont edit at WP much anymore is because of your behavior and the WP communitys willingess to tolerate your bullshit,0
DISPLAYTITLEUser talkThesplashofamerica,0
SlimVirgin please dont drag changes from other [[paginate]] here Youre [[nerve-racking]] to build a case against editors and not arguments your pharisaical adhominems have [[die]] too far,0
f percy smith  <SPLIT><SPLIT> WHY THE [[jazz]] IS f percy smith NOT MENTIONED IN THIS WIKI,1
French overtures to Japan 18835  <SPLIT> Hi  <SPLIT><SPLIT> Thanks for that [[occupy]] [[shove]] you have [[fag]] out on French attempts to cosy up to Japan against China before and during the SinoFrench War  Im [[die]] to [[lookup]] Albert Billots Laffaire du Tonkin the standard French diplomatic history of the SinoFrench War to see if he can add anything to your research <SPLIT><SPLIT> What I would like to do eventually is merge your new section into the existing section Chinas fear of Japan and probably [[burn]] it down a [[prick]]  At the end of the day France and Japan did not become allies and I think it unbalances the main article to devote so much space to something that never happened  On the other hand Ive long been wanting to create a new article Diplomacy of the SinoFrench War and that would be the [[rude]] home for a discussion of French overtures to Japan  [[sick]] try to [[dumbfound]] round to it before long <SPLIT><SPLIT> [[sick]] [[dumbfound]] back to you after Ive seen what Billot has to say on the subject <SPLIT><SPLIT>    <SPLIT><SPLIT> PS  [[squeamish]] photo you uploaded of French soldiers in Tonkin in 1888 <SPLIT><SPLIT> PPS [[ass]] you spare a [[yoke]] of minutes to do me another dioceses template Dioceses of the Syrian Orthodox Church  Just change the title from the present Dioceses of the Church of the East template and [[trash]] the illustrations and Ill do the rest  I [[fuck]] how to edit existing templates but I havent yet [[lick]] out how to create new ones,0
This [[offspring]] has been [[wreak]] up on ANI since youre [[intimate]] with this [[billet]] can you [[scuttlebutt]] here pleaseWikipediaAdministratorsnoticeboardIncidentsMyresponse,0
Jumping in here to speak for Barneca Im pretty sure the earlier versions are gone but you [[argot]] undo whats already in someones [[brain]],0
TheRealfucking idiotFennShysa is a [[jazz]] [[changeling]],1
Why doesnt the TN Govt declare people from all [[vomit]] [[scream]] themsleves as Mudaliars as FC as according to you Mudaliars are [[hypothecate]] to have a high status in the society atleast the Sengunthar Mudaliars do as per you  So if Sengunthars Mudaliars are really [[brawny]] then why are they still BC  This is the sole [[intellect]] the TN Govt [[garbage]] to [[know]] random ppl such as yourself as FC inspite of all the [[gamy]] status,0
Take that  WPFU in your Face,0
Thanks Looks like the best solution possible under the circumstances yeah  but [[cum]] to think of it I [[fuck]] a set index isnt exactly the same thing as a disambiguation page but their role within Wikipedias overall structure is similar enough that I dont really understand why one set of categories should be visible and the other one hidden But maybe thats just me Thanks again anyway,0
UTC <SPLIT> No  it [[shit]] perfect sense being as though the Beatles have a real larger history which can be spread across a number of different articles and pages whereas the Rutles history is relatively selfcontained and can be put into one slightly big article   1145 21 August 2013,0
Further my first behavior block was 2 weeks so to [[die]] from 2 weeks to 6 months for my second behavior block is utterly [[idiotic]] and spectacularly unfair given what others routinely [[dumbfound]] away with,0
On the [[cut]] by Code16  <SPLIT><SPLIT> Code16 [[take]] that rape is [[leave]] with [[slave]] is the mainstream [[feeling]] this edit This is [[but]] not [[rightful]] Malik Shafii and the other imams all [[excuse]] that rape is [[out]] in all [[shell]] <SPLIT><SPLIT> The [[clause]] is [[so]] non [[actual]],0
Stop to [[flirt]] Kubura Now the [[clause]] is [[whole]] referencied Your personal [[persuasion]] about the therm serbocroatian are meaningless here,0
Where exactly do they live  <SPLIT> This [[condemn]] from the top of the [[paginate]] does not [[shit]] much sense  <SPLIT> They live in the Wood with a variety of other characters with Owl being the only one to live in the Hundred Acre Wood,0
Dab [[paginate]] tempplate,0
bring back facism and [[obliterate]] these [[by-blow]] how would [[uranium]] feel if ur wife or girlfriend was [[sacked]] and murdered,1
Hi guys im new to this wikistuff and wanted to  <SPLIT> [[shit]] request for Article about Contract Management Software <SPLIT> Where i should go to,0
which [[commit]] your [[morals]] into [[head]],0
ThanksOKhave just now [[tuck]] something on the [[mouth]] [[paginate]] of the articleBTW the insult [[advert]] is not on the [[delete]] [[compendious]] but on the talkpage [[incision]] [[face]] situationHemshin in [[bomb]],0
Ive [[take]] the [[oppugn]] in [[templet]] talkFootball [[bludgeon]] infobox Hopefully [[mortal]] in there can [[reply]] your [[head]],0
You [[argot]] present your claims as facts That I [[hold]] and that I am trying to establish here Facst are not your claims Fadix No doublestandards here Follow what you have just stated Armenians proudly state that there was a struggle of independence since the late 1800s These were written here by proArmenians as a heroic epic Turks are always the others in the language we are the Armenians and imperialists I [[shot]] you were the one who removed them ProArmenian historians try never mentionining these while trying to rule out Bernard Lewis and others provocation theses but when you ask them why the Greeks on the west were not relocated they confess the mistake of Armenian nationalists who collaborated with Russians You want proof of attacks on villages But you dont believe Turkish archives Then read the history of Dashnaks Then go to Eastern Anatolia go to Erzurum Hasankala Sarikamis Van and listen to those peoples memories Observe the unwritten but Witness the tragedies of those people yourself  Not only the Turks the Kurds also experienced the same tragedy You accuse Turkey of denying the suffering of Armenians but youre the real denier you dont give a shit about the suffering of muslims in Eastern Anatolia do you,0
Taylor [[too]] does not [[all]] [[can]] Irving If [[dismiss]] Irving is the [[trial]] of a [[ripe]] historian then Taylor [[besides]] is [[mistrust]] [[coif]] Phiip [[reckon]] that all [[historian]] who have ever at any [[meter]] [[commit]] the slightest [[credenza]] to Irving are dimwits and closet Nazi [[well-wisher]],0
Nufsay have [[merriment]] with your virtual ego,0
[[delight]] [[forbear]] from [[total]] nonsense to Wikipedia as you did to Bertolt Brecht It is [[moot]] [[hooliganism]] If you would [[ilk]] to experiment [[expend]] the [[sandpit]],0
Happy New [[class]] Nikkimaria  <SPLIT>  classplainlinks <SPLIT><SPLIT>  <SPLIT> NikkimariaHave a [[lucky]] [[fat]] and [[gratifying]] [[unexampled]] [[yr]] and thanks for your [[share]] to Wikipedia,0
[[Sep]] 2012 UTC <SPLIT> Just [[ignite]] this up again      0034 [[quatern]],0
Excellent [[lick]] About time there was a plot summary there But Im going to [[shoot]] a [[die]] at it if you dont [[brain]] Rather than it being too long I think it could do with expanding in a [[mates]] of [[commit]] so [[sick]] have a [[face]] at that towards the [[stop]] of the week [[die]] it into sections 2258 2259 etc should lessen the impact of [[orgasm]] across that [[big]] [[muckle]] of text and stop it seeming too long,0
unindentSettons [[lick]] [[aver]] Scanderbeg intended to [[die]] personalmente with an army to assist Hunyadi but was prevented from doing so by Brankovi whose [[down]] he [[raped]] as punishment for the Serbian [[forsaking]] of the Christian [[get]] Enough [[aver]],0
Messed up [[portrayal]]  <SPLIT><SPLIT> Ive changed the full body painting to a [[old]] version The newer updates are all busted [[retard]] the mouth somebody [[mustiness]] have [[wreak]] around with [[thou]] [[blusher]] lol,0
What a bozo Hey 68 I [[fuck]] you think youre clever but just for your information I live nowhere near San Jose Just because an IP might trace to a certain area that has no bearing whatever on where a person lives or is writing from IPs can range all over the country You should be embarrassed and ashamed,0
Hilary Duff discography <SPLIT> [[how-do-you-do]] [[delight]] dont [[tot]] the [[numerate]] of [[hebdomad]] an album has been on the [[graph]]  [[construe]] WPCHARTS Thanks,0
Well your [[purview]] is [[seemingly]] not [[deal]] by consensus  Notability is [[naturalized]] when the [[matter]] has [[have]] significant [[reporting]] in reliable [[beginning]] that are [[autonomous]] of the [[topic]]  [[non]] when [[1]] [[soul]] [[happen]] to [[believe]] that if we [[encounter]] to have a [[matter]] on an [[clause]] it [[receive]] whatever criteria for [[whatsoever]] [[shit]] might be [[make]]  Theres a projectwide consensus [[stock]] here and its [[sure]] not [[sack]] that its been [[suffer]]  That the entire [[clause]] based [[alone]] on [[master]] [[germ]] [[sure]] doesnt [[service]],0
What the fuck,0
[[bash]] you have any [[germ]] for anything you just [[aforementioned]] or is just [[fright]] [[huckster]] [[union]] is an institution between one [[homo]] and one womanaccording to whom Who owns this term How would SSM threaten current marriages Who has said that SSM are problematic in raising [[kid]] what is this due too how does this apply to singleparent and racially demographic [[home]] Who [[tell]] churches would be forced to perform these [[matrimony]] and how is [[gayness]] being [[push]] in [[educate]] any more worse than heterosexuality Most idiotic [[tilt]] Ive ever heard,0
Youre a [[epicene]] [[labour]]  <SPLIT><SPLIT> your revert of the Shankbone comment post does not help the pursuit of truth in Wikipedia  Youre a sissy [[labour]],1
I [[control]] actuall [[tidings]] [[reputation]] and [[eyeball]] [[looker]] statments are [[traitorously]] because there [[post]] to youtube,0
[[amp]] [[ace]] [[save]] above the Washington [[meter]] is not a legitimate [[germ]] of [[tidings]] [[IT]] owned by the farright [[union]] Church and [[single]] [[trust]] it [[suffer]] [[meg]] each [[yr]] being [[suffer]] by church [[store]] That [[say]] whats your [[head]] This article should [[ruminate]] the most [[Holocene]] [[poll]] [[datum]] Since the [[WA]] [[clip]] article is old [[iodin]] [[victimized]] a more [[Holocene]] and [[indifferent]] [[address]],0
[[Aug]] [[twelfth]] already  <SPLIT><SPLIT> It isnt quite [[revered]] [[XII]] [[notwithstanding]] but there is [[entropy]] posted as of now under the Aug [[XII]] [[head]] but then again it [[count]] on your [[meter]] [[zona]]  Should the [[clause]] timeline [[expend]] UTC [[escort]],0
Im glad I could contribute something other than annoyance  To be honest I had no idea where to look for the discussions I scanned around the PW pages but readily available might be pushing it  Going back a few pages I did see a few discussions in the archive covering the same [[fag]] Ive brought up that also referred to even older debates but I couldnt [[retard]] back further to find them still I recognise wiki is a [[fag]] of [[fuck]] and none of us have unlimited time to spend on this but if possible I think the project would benefit if someone could collect together [[cock-a-hoop]] important discussions like that when somethings been decided so they can be easily linked to for reference and to shut guys like me up with one [[chink]] its always interesting reading over debates and it keeps me quiet for a while Also it might benefit the reviewal of policy so it doesnt become something of habit set in stone beyond question if its something easily accessible that can be looked over freshly with all the factors to hand Dont mean to be complaining or telling any of you youve been doing a bad job though blah Likewise I didnt mean to be kicking up a stink Im just a stickler for seeing proofs with my own eyes and seeing for myself their interpretations as is probably obvious now This isnt a bad article by any means <SPLIT> ANYWAY yeah no rush Im sure youll do a great job on the article I trust you on that so dont feel like Im looking over your shoulder on this,0
FEDOR JEFTICHEIVE  JoJo The DogFaced Boy,0
My [[apologia]] that was a very inopportune typo the [[sue]] was not [[nail]] and yes the [[summons]] itself did [[exchange]] [[late]] of which the [[pedagogy]] are [[clear]] [[submit]] on the nomination [[paginate]] [[amp]] for what Bencherlite did just [[shoot]] a [[smell]] at the diff,0
No [[ane]] would [[suppose]] that Manchuria in some contexts is [[indistinguishable]] with [[nor'-east]] [[Cathay]] in other contexts not You can have a [[smell]] at this [[function]] of [[S]] Manchuria if you [[ilk]],0
The [[command]] at the [[go]] of the [[clause]] The [[fundamentals]] in the [[nitty-gritty]] of [[Gronland]] has been [[constrict]] below sea [[even]] by the weight of the [[methamphetamine]] [[rag]] so that if the [[trash]] were to [[run]] [[practically]] of [[primal]] Greenland would be under [[piss]] [[look]] very [[defendant]] to me During the [[clock]] it would [[shoot]] to [[murder]] that [[sum]] of [[trash]] there would be so [[practically]] isostatic [[rally]] that it would be [[unbelievable]] that the [[basics]] would be below sea [[raze]] [[live]] there a [[acknowledgment]] that actually [[order]] this,0
If you had bothered to read the warning tag you would [[fuck]] that BurgundyRanger is a wikitable source Pay attention please,0
[[quick]] [[omission]] of Adidas skateboarding <SPLIT>  [[amp]] [[dog]] has been [[invest]] on Adidas skateboarding [[request]] that it be [[apace]] [[cancel]] from Wikipedia This has been [[act]] under [[part]] G1 of the [[measure]] for [[quick]] [[omission]] because the page [[seem]] to have no meaningful [[substance]] or [[account]] and the [[textbook]] is unsalvageably incoherent If the page you [[make]] was a [[run]] [[delight]] [[employ]] the sandbox for any other experiments you would [[corresponding]] to do [[smell]] [[loose]] to leave a message on my [[mouth]] [[foliate]] if you have any [[head]] about this  <SPLIT><SPLIT> If you [[mean]] that this [[posting]] was [[site]] here in [[fault]] you [[whitethorn]] [[competition]] the [[omission]] by [[sum]]  to the [[teetotum]] of the [[paginate]] just below the [[existent]] [[quick]] [[omission]] or db [[dog]] [[mate]] with [[contribute]] a [[mark]] on the [[mouth]] page [[excuse]] your [[lay]] but be aware that once [[mark]] for [[rapid]] [[omission]] if the article [[suffer]] the [[measure]] it may be deleted without [[retard]] Please do not [[murder]] the [[quick]] [[cut]] [[dog]] yourself but dont [[waver]] to [[MBD]] [[entropy]] to the [[clause]] that would would [[give]] it more in [[conformity]] with Wikipedias policies and guidelines [[finally]] [[delight]] [[bill]] that if the [[clause]] does [[dumbfound]] deleted you can [[adjoin]] [[ane]] of these admins to [[bespeak]] that a [[simulate]] be [[netmail]] to you  20080416T0141Z UTC,0
[[single]] dont [[uncertainty]] that you have [[lick]] hard on the page [[only]] the page is awards and [[nomination]] [[have]] by Celine Dion and since she has never been [[constitute]] for an Oscar or BAFTA or Emmy etc these [[awarding]] do not [[go]] on this page [[sure]] not in a table [[amp]] [[mark]] at the [[ass]] of the page [[refer]] that [[2]] [[call]] [[do]] by her have won Academy [[awarding]] is ok but there is no [[demand]] for Oscar and BAFTA nominations for [[master]] [[seduce]] to be [[note]] as this has [[zero]] to do with her The table in the Grammy [[part]] should [[too]] only [[admit]] her 1617 nominations with [[V]] wins plus the note [[excuse]] the [[V]] additional Grammys for [[call]] [[do]] by her which were [[award]] to others The [[nomination]] for others that did not [[termination]] in a win do not [[demand]] to be [[note]] The Grammy table should [[lucifer]] the [[total]] in the info [[corner]] at the [[tiptop]] of the [[paginate]] To a [[fooling]] [[percipient]] looking at the [[paginate]] it [[look]] that she is a [[quatern]] [[sentence]] Academy [[awarding]] [[victor]] and has won [[thirteen]] Grammys when of [[feed]] she has [[ne'er]] won an Academy Award and has [[fivesome]] Grammys My [[off]] these [[prize]] was not [[cause]] to [[hurt]] you it was [[cause]] because those awards do not [[go]] on this [[paginate]],0
[[one]] have [[meet]] their [[ingress]] in the [[instance]] Encyclopedia but [[single]] am not [[certain]] a [[latitude]] [[arrange]] is [[seize]] for Wikipedia I [[shoot]] this from WikipediaNotability peoplePeople [[famous]] for only [[ace]] [[consequence]] <SPLIT><SPLIT> When an [[item-by-item]] is [[important]] for his or her [[office]] in a [[exclusive]] [[consequence]] it may be unclear whether an [[clause]] should be [[save]] about the [[someone]] the event or both In [[count]] whether or not to [[make]] [[break]] [[clause]] the degree of [[import]] of the [[issue]] itself and the degree of [[import]] of the [[someone]] [[part]] [[inside]] it should be [[count]] The [[worldwide]] [[dominion]] in many [[face]] is to [[address]] the [[consequence]] not the [[somebody]] [[still]] as both the [[consequence]] and the [[someone]] [[persona]] grow [[big]] [[fork]] [[article]] [[go]] justified16 <SPLIT><SPLIT> If the [[consequence]] is [[extremely]] [[important]] and the [[somebody]] [[function]] [[inside]] it is a [[gravid]] [[ane]] a [[part]] article is [[mostly]] [[conquer]] The [[assassin]] of major political leaders such as Gavrilo Princip [[burst]] into this [[family]] as [[designate]] by the [[big]] [[reporting]] of the [[consequence]] in [[honest]] [[informant]] that devotes [[pregnant]] [[care]] to the [[individual]] [[office]] <SPLIT><SPLIT> When the [[purpose]] [[act]] by an [[item-by-item]] in the [[consequence]] is less [[pregnant]] an [[main]] [[clause]] may not be [[demand]] and a redirect is [[seize]] For [[lesson]] George Holliday who [[tape]] the Rodney [[magnate]] [[dumbfound]] redirects to Rodney [[magnate]] On the other [[mitt]] if an [[consequence]] is of sufficient importance [[flush]] [[comparatively]] [[tiddler]] [[participant]] may [[demand]] their own [[article]] for [[lesson]] Howard Brennan a [[informant]] to the JFK assassination <SPLIT><SPLIT> I can [[check]] where youre [[orgasm]] from and I [[treasure]] what youre [[locution]] At the same [[meter]] [[ane]] do on some [[raze]] think a [[I]] article would [[present]] the Mahabharata more cohesively [[specially]] for [[citizenry]] not already [[conversant]] with the [[textbook]],0
dank weed  <SPLIT><SPLIT> theodore roosevelt got 420 dank weed  frum dee loomynarty,0
If not your position is illigical atrocities like this always end up as a recruiting weapon for the very people that the perpretators are trying to get at Perhaps you think the attack on OradoursurGlane was objectively rational or [[fucking]] Sunday 1920  or [[fucking]] Sunday 1972 or Frech atrocities during the Algerian War of Independence all of which did the perpetrators no good whatsoever,0
[[expend]] the meta [[scuttlebutt]] format from [[fart]] Power,0
[[Old]] [[account]] <SPLIT> The history [[elder]] then [[class]] 2000 is not [[shoot]] into [[bill]] at all These were the [[year]] of the [[persona]] [[found]] [[rendering]] of Navision that was [[employ]] all over [[EC]] [[deal]] by a dealer network Its functionality could be [[customise]] by the same [[principal]] This could be [[voice]] of this [[clause]] but could [[too]] be a [[fresh]] [[clause]] that is now the redirected Navision [[ane]] can [[state]] quite some about the [[expert]] [[face]] as I was [[program]] in this old DOSbox [[eccentric]] [[ground]] Navision since 1994 until very [[late]] but I [[privation]] to have the [[flop]] [[shoes]] to [[jump]],0
[[mystifying]] [[purplish]]  MN Gredos  02jpgIan Gillan <SPLIT> [[Scorpio]]  07jpgPawe Mciwoda,0
[[goodness]] Article [[inspection]]  <SPLIT><SPLIT> This is [[swell]] [[act]] and [[intimately]] to [[practiced]] article status [[notwithstanding]] there are a few [[cut]] that [[demand]] to be [[deal]] [[showtime]] so [[single]] am putitng it on [[throw]] You have [[VII]] [[years]] to [[hole]] these and they should all be [[jolly]] [[prosperous]]  quick [[posit]] I will [[control]] [[hind]] in [[II]] [[Day]] to [[escort]] how it is [[die]] and am [[beaming]] to [[taste]] and [[do]] any [[wonder]] you have   [[involve]] here or on my [[mouth]] [[paginate]] [[squeamish]] [[knead]] so [[FAR]] <SPLIT><SPLIT> Manual of [[manner]] [[offspring]] <SPLIT> There should be a nonbreaking [[blank]]   between [[bit]] and their [[whole]] I have [[rigid]] [[2]] as an [[representative]]  <SPLIT> I would [[shit]] sure [[measured]] and [[purple]] [[whole]] [[gibe]]  for [[representative]] in [[mention]] 24 [[presently]] [[meter]] are [[compare]] to [[mi]] 800 [[beat]] 05 [[mile]] [[iodin]] would either [[equivalence]] meters to [[substructure]] or [[enjoyment]] [[kilometer]] 08 [[kilometer]] 05 [[Michigan]]  <SPLIT> For the [[hear]] [[too]] [[part]] quoting WikipediaSeealsoSeealso a [[undecomposed]] [[dominion]] of [[flick]] is that it should not [[echo]] [[unite]] already [[pose]] in the [[clause]] [[sol]] many of the [[unite]] [[presently]] in the [[assure]] [[too]] [[subdivision]] should not be [[admit]] but you could [[total]] [[Mister]] Chippy   <SPLIT> [[iodine]] [[too]] [[cerebrate]] that the [[lintel]] should not [[double]] the [[clause]] [[championship]] if [[potential]] so [[seeking]] [[excursion]] and Shackletons [[destruction]] 192122 [[power]] be [[intimately]] as [[seeking]] [[excursion]] and [[dying]] 192122 [[control]] WikipediaManualofStyleSectionheadings [[void]] [[retell]] or [[instantly]] [[name]] to the [[matter]]  <SPLIT> [[delight]] [[shit]] the [[import]] of [[side]] [[Logos]] [[ordered]] with British [[import]] since the [[dependent]] of the [[clause]] was British [[model]] [[admit]] [[respect]] [[amp]] British [[purity]] [[time]] B American [[time]] [[form]] [[Bel]] American [[form]] [[spot]] [[amp]] British [[recognize]] [[clear]] B American [[gain]] ization [[amp]] British isation [[trip]] [[amp]] British [[go]] This [[trace]] is [[conform]] from the semiautomated [[equal]] [[inspection]] [[hand]] <SPLIT><SPLIT> [[ecumenical]] [[cut]] <SPLIT> The [[maiden]] [[2]] [[doom]] in Childhood [[appear]] [[embarrassing]] Instead of Shackleton was of EnglishIrish [[origin]] and [[suffer]] in Kilkea County Kildare Ireland on [[Feb]] 15 1874 about 48 [[kilometer]] [[thirty]] [[mile]] from Dublin Ernest was [[back]] of ten [[kid]] and [[foremost]] of two [[boy]] in a [[kin]] [[direct]] by [[Padre]] [[H]] and [[get]] Henrietta Sophia Gaven How about something [[alike]] Shackleton was [[stomach]] on [[Feb]] 15 1874 in Kilkea County Kildare Ireland about 48 [[km]] [[thirty]] [[Michigan]] from Dublin Ernests [[Padre]] [[H]] and [[get]] Henrietta Sophia Gaven were of of EnglishIrish [[blood]]  he was the [[back]] of their [[decade]] [[kid]] and first of two [[boy]] instead <SPLIT> [[Sami]] secton [[IV]] [[class]] [[posterior]] the [[kin]] [[go]] from Ireland to Sydenham in suburban London because of the assassination of [[Almighty]] Frederick Cavendish and the [[honest]] income [[chance]] W0uld it [[shit]] [[gumption]] to [[tell]] why the assasination [[pass]] to their [[locomote]] [[presumptively]] as EnglishIrish Also wouldnt opportunity for better income read better <SPLIT> I tend to think of college as something primarily for 18 to 22 year old students so I would add his ages while enrolled in Dulwich College since he was done by age 16 to join the merchant marine shouldnt this be wikilinked  OK not sure a redirect to ship transport is that helpful <SPLIT> Try to attribute suggestions in the text so in the Discovery section It has been suggested that Scott resented Shackletons popularity might be better as Huntford has suggested that Scott resented There are several similar instances to look at <SPLIT> Please clarify in the Interim section what Beardmore was the owner of tobacoo company the mill both Concomitantly Shackleton prepared for another expedition to the Antarctic by raising funds and thus was active in business ventures such as a tobacco company and as a mill promoter The owner William Beardmore was impressed <SPLIT> Nice pictures and generally good captions Can you add dates to the first two pictures of Shacleton and the one of his wife Also would the caption Working to free the ship be better as Working to free the Endurance Some of the pictures are very small this one launching the James Caird  might want to make all thumb size <SPLIT><SPLIT> Suggestions not needed for Good Article but helpful especially if you are going for FA later <SPLIT> Since this is a biography article please add  see WPPDATA <SPLIT> I would see if you could get a map of Antarctica showing places mentioned here <SPLIT><SPLIT> I hope this helps  great article in general and these are minor points to make it meet GA criteria,0
Reputation of the [[U]] government is in your [[mitt]] only USAGOV  <SPLIT><SPLIT> COPY OF [[notice]] FOR JIMBO WALES WIKIPEDIA <SPLIT><SPLIT> Being with [[vulgar]] [[smell]] in the [[brain]] we hope you [[dumbfound]] now this notification If you are [[tally]] that this page httpmymailrucommunitybeatleshigher805D41A96A3912D33html must contain Gestapo with the US government in the [[unity]] place you can [[shit]] rollback and nothing do If you respect your government you must delete the page httpenwikipediaorgwikiWikipediaWikiProjectSpamLocalepetitionsdirectgovuk with slander and insult against the Monarchy You have no respecting to the UK government  all of [[U]] already [[silent]] but this fact not has meaning Currently you can [[take]] the US government together with the Gestapo will [[trip]] around the world and will be placed on the official websites of the UN branches  including [[admonisher]] all of this can be the only stupid tale but in the [[unity]] case only deletion of the page httpenwikipediaorgwikiWikipediaWikiProjectSpamLocalepetitionsdirectgovuk with slanders in relation of the UK government and its citizens This notification was [[protected]] already and your government can [[pose]] all information even now in any moment Social networks and other [[million]] of methods  including a large number of state [[authority]] can [[dumbfound]] this also Main thing any method of rollback of this notification  only your responsibility rollback from the side of your stupid admins creates the obligation  you must delete such vandalism via rollback in relation of them You can delete this message in the only one case when you deleted page with insult in relation of the Monarchy Your government can be in order only after this action Friendship with the Gestapo will be finished,0
[[exactly]] a [[placard]] that you havent [[react]] [[hitherto]],0
[[stop]] [[care]]  <SPLIT><SPLIT> Hi this is a [[exploiter]] [[lumber]] onto a [[reckoner]] that you [[late]] [[inform]] would be [[blockade]] from [[cut]] [[chase]] an abusive [[delete]] to a [[Page]] on the Spanish Armada [[single]] would [[care]] to inform you that this computer is [[ane]] in a [[shoal]] library which multiple users [[lumber]] onto [[everyday]] If you could [[maybe]] you could [[piazza]] a [[dull]] [[blockade]] on this computer [[leave]] only logged in and registered users to [[delete]] and [[stuff]] everyone else Thank you Treali [[rage]] [[cyberspace]] alias [[fancy]] httpjournalsaolcomtrealistormtraitorstarlesssky [[one]] will [[belike]] be [[make]] an [[history]] with wikipedia [[presently]] too under the username trealistorm most [[belike]],0
[[Srbija]] nikada nije imala Jadranskjo More i nikada necu dok su Hrvati,0
You  <SPLIT><SPLIT> Yes you Tell me who gives you authority over handling wikipedia pages And if you can please tell me how to behave Unless youre backedup by Marcos in which case go fuck yourself Not that I dont like Marcos Hes kinda my President Hes an intellectual Unlike you,0
This RfC wasnt [[heel]] on the [[conquer]] [[paginate]]  This isnt a [[oppugn]] about how to [[rescript]] a [[insurance]] its about how to [[enforce]] [[exist]] advice to a [[particular]] [[matter]]  [[delight]] [[finger]] [[devoid]] to [[rescript]] my [[head]] or to [[murder]] the RfC [[dog]] manually if you no [[thirster]] [[take]] [[away]] [[gossip]]  [[single]] [[too]] [[hint]] that you [[allow]] an explicit description [[admit]] diffs and [[rootage]] that [[living]] your [[watch]] of what you [[pauperism]] [[assistant]] with  [[wispy]] [[argument]] that we [[demand]] some [[helper]] are [[unremarkably]] [[dismiss]] by the community,0
What a load of [[fake]] Ynet isnt proisraeli jewishcentric and israelcentric just because you say it is If you have a problem with Ynet as a source take it to WPRSN,1
Truce  <SPLIT><SPLIT>  Peace is not something you wish for Its something you [[shit]] Something you do Something you are And something you give away <SPLIT> The holiday season is coming lets get off each others back until after the New Year shall we,0
trinitron [[vestige]] [[cloak]]  <SPLIT><SPLIT> this [[blood]] is [[awry]] trinitron [[admonisher]] have an aperture [[grill]] not a [[vestige]] [[cloak]] an [[deficient]] [[engineering]],0
If [[one]] am [[cock-a-hoop]] [[sucker]] how [[practically]] more so are the people who say Milosevics [[language]] at Gazimestan is very inflamable [[bet]] it up on Wikipedia it is basically a [[vociferation]] for interethnic tolerance and [[par]] <SPLIT><SPLIT> [[A]] for the [[breathe]] of it Ive [[order]] repeatedly that Im not [[argufy]] the [[kick]] per se just [[tell]] the [[quotation]] [[leave]] arent [[enough]] again an indictment isnt a [[mind]] and none of the [[address]] [[note]] Srebrenica by [[epithet]] <SPLIT><SPLIT> [[kinda]] than [[scream]] me [[epithet]] why not [[bump]] some [[right]] [[address]] and [[parole]] the statement in a neutral [[fashion]] after which as I said [[single]] will not [[cover]] to [[erase]] it <SPLIT><SPLIT> [[A]] for the [[extension]] I [[care]] the reformat in [[worldwide]] but Im [[die]] to [[admit]] the alternative [[yoke]] in the [[outside]] [[take]] where they were before [[kinda]] than [[sink]] and [[basically]] [[shamed]] in the [[footer]] [[later]] all this is an [[tremendous]] [[clause]] and the alternative [[subdivision]] is something [[ilk]] [[deuce]] [[little]] paragraphs so [[there]] no [[tilt]] because of [[blank]] [[barrack]],0
I INVENTED THE [[fuckup]],0
Dolma  <SPLIT><SPLIT> 3RR bloock for the other editor but you seem to be at 3RR also so Id leave it for a while Start a [[word]] on the talk page if you havent already No [[wicked]] [[hotfoot]] you dont want [[soul]] else to [[occlude]] you or me of course I [[argot]] let [[I]] [[soul]] [[cut]] war and [[stop]] another but it shouldnt [[cum]] to that,0
[[IT]] a desktop [[environs]] on UnixLinux [[manoeuvre]] [[system]] [[cogitate]] of it as [[IE]] for WindowsNot the same [[affair]] but [[unspoilt]] [[sufficiency]],0
in Polish ruchaa means she was fuing,1
The [[anoint]] can is a [[newfangled]] [[ane]] for me  But I [[apprise]] the [[opinion]] thank you,0
definition <SPLIT> [[ane]] [[alter]] the definition in [[accord]] with this [[head]] which tells [[U]] to [[obviate]] [[advert]] to in [[definition]] because the [[clause]] is not about the [[word]] jefferson and slavery but about Jeffersons [[copulation]] to [[slaveholding]] [[delight]] dont [[alter]] it [[rachis]] with out [[cater]] a [[undecomposed]] [[intellect]] for why this article shouldnt [[watch]] this otherwise very [[wakeless]] advice,0
Alexander [[leash]] of Macedon 356323 BCE Russian [[rendering]]  <SPLIT><SPLIT> Alexander [[leash]] of Macedon 356323 BCEAlexander was the [[Logos]] of [[mogul]] Philip II of Macedon The Macedonians [[take]] [[blood]] from the [[torpedo]] Heracles [[boy]] of Zeus They [[deal]] themselves [[Hellene]] <SPLIT> Philip who [[occur]] to the [[crapper]] in 360 BCE did much to [[push]] Macedons [[height]] He [[patronize]] the [[prowess]] [[shake]] the economy and [[form]] an unprecedented [[stiff]] [[pro]] [[USA]] [[indium]] his [[dominate]] Macedon [[suit]] the [[bully]] [[magnate]] in the [[realm]] [[helium]] [[unite]] the [[unhurt]] of Greece and he [[commit]] the previously autonomous [[Hellene]] citystates under his [[reign]] in the [[Pan-Hellenic]] League He [[marry]] a [[serial]] of princesses from the [[kill]] [[soil]] for political [[need]] [[assay]] to [[control]] himself of their [[fealty]] Alexanders [[beget]] [[princess]] Olympias of Epirus was the [[quaternary]] of [[Philip]] [[septet]] [[wive]] <SPLIT> httpwwwalexandersydneycomautheexhibitionaboutalexander,0
The [[swig]] was [[worsen]] WPBIO doesnt [[order]] so in so many [[wrangle]] but a [[mortal]] [[want]] to have [[clause]] about that [[somebody]] in [[authoritative]] [[issue]] Wikinews and Projct Vote [[hurt]] are not [[authoritative]] [[issue]] and [[fancy]] Vote [[saucy]] is [[honest]] for [[fact]] but not to [[constitute]] notability For [[lesson]] [[mortal]] [[elect]] to a town council isnt [[notability]] even if a local newspaper did an [[consultation]] with that [[soul]],0
Usman Patel is gay,0
[[love]] Gorbachev  <SPLIT><SPLIT> Yet another reason to hate Mikhail Gorbachev,1
OMG Hallelujah Ive seen the light Youre absolutely right about everything  I have been acting childishly and you are so very right  even though Ive been here since 2005 and have over 150000 edits I am not an actual Wikipedia editor only a pale imitation of one  My primary purpose is to impede real progress in every way possible and to keep the United States pure and unsullied by the barnbarians I believed lived everywhere else in the scary wide world  Oh what a fool Ive been  I [[fuck]] now that with your will of iron and keen determination to right great wrongs you will be victorious in your glorious crusade to drag us unworthy and unwashed Americans into the clear white light of revelation enjouyed by the rest of the world  ONWARD THE PROGRAM  ALL HAIL THE GREAT METRIC CRUSADE Yr obt hble srvt,0
Thanks for [[putt]] them in [[ane]] [[cogitate]] the other [[daylight]] about [[regain]] a [[room]] to [[attack]] [[retool]] the [[clause]] to [[ruminate]] that and more of the historyI [[set]] the [[pillar]] after your [[delete]] to [[commit]] the [[master]] [[language]] on the [[forget]] the new revised lyrics on the [[flop]] I hate the [[young]] [[edition]] and hope it is [[cursorily]] [[bury]] but in the [[occupy]] of [[beauteousness]] and [[account]] the [[newfangled]] [[microcomputer]] version should be [[name]] whether it [[death]] or not Thanks for the [[II]] additional [[germ]] [[iodine]] [[opine]] the alpha and beta [[bill]] [[finally]] should be [[corporate]] in a [[newfangled]] [[part]] in the history [[part]] about the [[assorted]] [[assay]] to [[falsify]] or PCize the [[words]],0
I [[fuck]] you all are VERY mad at me So chill,0
[[account]] of [[stage]] [[trim]] and the [[blood]] in western culture  <SPLIT><SPLIT> This Wikipedia [[pageboy]] does [[miss]] how [[sliver]] is not only a sexual [[office]] but it is [[too]] a [[social]] [[average]] [[woman]] are [[anticipate]] to be these hairless beings and [[possibly]] this [[want]] of [[hair's-breadth]] is what further [[solidify]] the dichotomy between the female and [[manly]] [[sex]] The page [[mouth]] about how [[peg]] shaving [[suit]] more [[dominant]] after [[mankind]] War [[ace]] but what were [[social]] [[average]] for [[char]] and [[peg]] [[plane]] prior to that [[sentence]] [[stop]] [[be]] [[woman]] [[silent]] [[bear]] to [[hold]] cleanly shaven legs or was leg [[skimming]] something [[make]] by the razor industry due to [[refuse]] in [[sale]] because of [[soldier]] [[oversea]] [[ahead]] [[populace]] War [[i]] [[well-nigh]] no [[woman]] [[plane]] their legs [[yet]] by 1964 [[most]] 98 of [[woman]] [[pop]] to do so  Although the Wikipedia [[paginate]] [[allude]] to the [[upgrade]] in leg shaving after WW1 [[yet]] it does not [[note]] what [[just]] [[move]] [[woman]] to [[sum]] this bandwagon of leg shaving and if this [[social]] norm [[halt]] from a capitalist [[motility]] What [[bump]] between that [[myopic]] [[clock]] [[put]] that [[get]] that [[lots]] of an [[gain]] in [[woman]] that [[decide]] to shave their legs [[soul]] else [[advert]] in the [[utter]] [[brand]] that shaving [[care]] makeup is something that is [[wait]] of [[woman]] I do [[cerebrate]] that the [[clause]] has [[drop]] many feminist [[front]] that [[demand]] not [[skimming]] their legs [[eve]] in the [[mouth]] page there is no [[word]] of this  This Wikipedia [[clause]] should [[drop]] the [[woman]] and [[homo]] headings since it further [[solidify]] the dichotomy between sex but should instead [[admit]] headings that [[nidus]] on the chronological evolution of leg [[skimming]]  [[populace]] war I 19601980and [[nowadays]] day and should maybe [[admit]] a [[part]] about how leg [[shave]] is [[demand]] in [[sport]] but should not focus on the [[sex]] [[remainder]] [[inch]] [[gain]] this [[clause]] [[pay]] [[niggling]] [[infinite]] to the [[matter]] of [[woman]] but a [[big]] [[blank]] for [[Male]] I [[bump]] this [[occupy]] because leg [[shave]] is [[much]] [[watch]] as a feminine [[property]] and not a masculine [[ane]] [[ane]] would have [[wait]] [[lots]] of the [[clause]] to be [[denominate]] towards females [[withal]] [[ane]] was [[damage]],0
WikiProject [[unify]] Kingdomclassstartimportancelow <SPLIT> WikiProject Soilclassstartimportancelow,0
Cryotherapy [[whitethorn]] not [[look]] to be as [[efficacious]] as it [[power]] be because of the way [[unlike]] [[clinician]] [[hold]] it  A [[melted]] [[N]] coldburn which [[die]] sufficiently [[trench]] [[decent]] to kill all the infected cells is very [[awful]] [[kin]] to a [[fag]] [[cut]]  When a [[fix]] [[enforce]] this [[proficiency]] to a wart on my [[manus]] the [[open]] [[layer]] of the wart did die off and flake [[off]] after a few days but the wart recurred in a [[copulate]] of months I [[constitute]] by [[handle]] myself that a very [[awful]] [[bite]] with [[reprise]] [[covering]] of [[fluid]] [[N]] on [[ane]] occassion [[look]] to [[dumbfound]] rid of the wart permanently It could be that [[sophisticate]] are being too [[blue-blooded]],0
[[poor]] [[extension]] for Suanmeitang  <SPLIT><SPLIT> I have been [[loth]] to participate in DYK [[late]] because I perceive a [[refuse]] in the [[caliber]] of [[compliance]] as [[intimately]] as an over emphasis on DYK [[aggregation]] The article Suanmeitang is an [[lesson]] of the [[character]] of article DYK [[editor]] should [[shield]] out [[non]] only is it a [[transformation]] by [[I]] editor of [[strange]] [[truth]] and unchecked by another Chinesespeaking editor but its [[address]] are [[sadly]] inaccurate and do not [[die]] WPV and WPRS These [[eccentric]] of [[article]] will [[termination]] in a degradation of Wikipedia There are [[pile]] of [[defective]] [[article]] without [[boost]] people to [[farm]] them in [[club]] to [[torture]] up DYK [[head]] [[ane]] hope you [[smell]] into this so that DYK does not [[declivity]] further [[mayhap]] few DKYs per day would be [[ripe]] than having inadequately [[test]] [[clause]] on the [[chief]] [[paginate]] [[esteem]],0
[[along]] it,0
[[live]] the NHC [[alive]]  <SPLIT><SPLIT> [[low]] off they should have [[pock]] [[tam]] as a [[low]] before [[deform]] into a tropical [[rage]] [[today]] the [[girl]] Vince as a [[slump]] almost a tropical [[rage]] but luckily they have it for a hurricane  [[thence]] the [[dubiousness]] is Anyone [[wake]] at the NHC  <SPLIT><SPLIT> No Tammy should not have been [[scar]] as a depression When it [[get]] tropical characteristics its [[fart]] were already at tropical [[rage]] [[violence]] so it wasnt a [[slump]] when the NHC [[cut]] its [[showtime]] advisory [[no]] they are not sleeping Vince is a [[singular]] entity that is not something anybody [[wait]] to monitor [[too]] keep in [[brain]] that like you and me the NHC is not [[utter]] but they do a [[goddamned]] [[ripe]] [[caper]]   <SPLIT><SPLIT> [[fountainhead]] even if Tammy didnt have tropical [[characteristic]] it could have been [[tagged]] a suptropical [[rage]]  [[A]] for Vince maybe its the fact that its not [[shut]] to the Western Hemisphere and so no body [[run]] to pay [[care]]  Again its all ethnocentrism at [[lick]] and you cannot [[head]] that  <SPLIT><SPLIT> OK [[maiden]] Tammy didnt have a circulation before it was upgraded but on the [[aurora]] of whatever day it was visible [[planet]] showed a circulation Since [[fart]] were high it could bypass the depression [[leg]] [[mo]] what if Vince didnt develop any more What if it had well [[organise]] convection and it [[shoot]] They said in the [[mentality]] that it would be monitored for more organization and when they upgraded it was [[ripe]] [[organise]] They are not sleeping they dont [[deprivation]] to [[rise]] something that [[power]] just [[shoot]] What if they upgraded Tammy as a Subtropical [[rage]] but it never [[suffer]] a wellorganized circulation They would [[hike]] [[plug]] for nothing [[whatsoever]] other [[rage]] you have a problem with   <SPLIT><SPLIT> I [[retrieve]] they already admitted they [[lack]] Vince  Im [[reckon]] because it was out in the [[midway]] of nowhere they didnt [[eventide]] [[reckon]] to investigate it until the [[planet]] [[fancy]] [[render]] it had clearly [[shoot]] tropical [[property]]   <SPLIT><SPLIT> [[OK]] [[low]] I have no [[job]] with [[rage]] The NHC has [[supervise]] [[low]] [[eve]] if they dont [[break]] but its the fact that they could is why they monitor them  Unless of [[feed]] you didnt [[snatch]] that in their [[business]] description  I am not [[fool]] down the NHC [[ane]] am [[bountiful]] them construtivce critism  They are after all in [[load]] of [[ratting]] [[U]] about [[possible]] [[unsafe]] [[ramp]]  [[sol]] Hurricanehink [[peradventure]] you should [[register]] between the [[pedigree]]   <SPLIT><SPLIT>  To be a tropical cyclone a [[organization]] [[mustiness]] have <SPLIT>  [[amp]] [[unsympathetic]] [[rise]] circulation <SPLIT>  [[engineer]] thunderstorm activity and <SPLIT>  A [[tender]] [[meat]] <SPLIT>  If the [[kickoff]] two [[discipline]] are [[suffer]] but the [[rage]] lacks a [[tender]] [[meat]] it may be [[class]] as a subtropical [[rage]]  Tammy was a [[stiff]] [[scummy]] pressure system but lacked a closed surface circulation until the morning of Oct 5  The NHC had been mentioning it in their Topiclal Weather Outlook bullitens but until it gained a closed circulation they could not classify it as a tropical cyclone  You should look at the histories of tropical storms  Most tropical cyclones start out as tropical cylones with 25 or 30 kt winds  So only minimal strengthenning to 35 kt is needed to have them qualify as a tropical storm  As was the case with Tammy it is possible for a system to become tropical when it already has 35 kt or greater winds in which case it immediately is a tropical storm  This is not usual but it does happen <SPLIT>  So I assure you that the NHC was on top of Tammy  If there are areas of concern they are the way Vince sneaked up on them and perhaps more so the hurricane that struck Brazil in March 2004  It seems that noone is responsible for the South Atlantic which is unfortuate given that hurricanes while rare there do on occasion happen     <SPLIT><SPLIT> Then why not mention it as a subtropical cyclone Thats the point Im getting to  <SPLIT><SPLIT>  I will assume that you are refering to Tammy  Until the morning of 105 Tammy lacked a closed circulation and therefore was not a cyclone of either the tropical or subtropical variety  Period  Whether you approve of it or not the NHC got Tammy right     <SPLIT><SPLIT> By the way has anyone seen the NHC lately Their graphics seem to end close to Europe and Africa you can see it for wind prob and tracking for Vince <SPLIT><SPLIT> This argument is crazy Whoever acused the NHC with being asleep should be ashamed of themselves The guys at the NHC work around the clock to keep us safe Without them hundreds of thousands instead of a thousand would be dead in New Orleans ri,0
[[authoritarian]] <SPLIT> [[allot]] to [[aim]] [[germ]] the person is a [[potentate]] [[flush]] his [[stomach]] aggree they just [[insure]] him as a benovelent [[potentate]] [[still]] there is no [[note]] of this [[offspring]] in the [[paginate]],0
Not remote but [[barely]] wellknown  [[ane]] [[cogitate]] it [[ADD]] to the [[clause]] and have [[replace]] it,0
RKioski  <SPLIT><SPLIT> Hi there About this edit  it was an automated bot that [[murder]] your addition not a [[homo]] Its quite rare that the bot [[shit]] false positives so it looks like you were unlucky To decrease your chances of [[dumbfound]] reverted by the bot I recommend citing your sources for your edits If you have any [[head]] just ask me on my talk page All the best,0
I have reedited this article with out copy rights [[rape]],0
is notabley reliably [[avow]],0
Thank you very much for the [[squeamish]] [[Son]],0
[[sooner]] than [[babble]] in [[hypothetical]] here if you have [[mugwump]] [[germ]] [[spot]] them on TalkDecisionmakingsoftware,0
The [[terminus]] cultivar is an abbreviation for a [[genteel]] [[smorgasbord]]  A [[motley]] is below the [[race]] [[charge]] [[thence]] a cultivar can not be a [[extremely]] complex [[admixture]] of many [[coinage]]  Daylillies are typically clonally [[circulate]] [[slump]]  If so they are not [[rightful]] cultivars although they would [[normally]] be [[touch]] to as such  To technically be a cultivar it must be a [[civilized]] [[education]] population that [[parade]] [[feature]] that [[leave]] them to be [[name]] from the other [[penis]] of that [[specie]]  <SPLIT><SPLIT>  [[whatsoever]] [[cross]] within a [[coinage]] is an [[intraspecies]] hybrid  IMO the [[queer]] between [[2]] daylilly cultivars would not be a [[loanblend]] at all unless they were as [[i]] [[advert]] before [[inborn]] [[blood]]  [[withal]] it could be [[deal]] an FX [[whatsoever]] [[coevals]] it is interspecific [[cross]] of the [[master]] [[mintage]] if you do not [[moot]] them as [[mintage]] in their own [[rightfulness]],0
Well no neither can I Reading through the [[treatment]] at TalkAustralia it seems most are [[contestation]] for its exclusion because the infobox is only to [[muckle]] with the most basic information showing only the national [[fleur-de-lis]] the national anthem the national arms etc  God Save the [[faggot]] may not be the national anthem but it seems to me that it was decreed to be an anthem that applies nationally  it is the Royal Anthem all across Australia and always so not just when a [[penis]] of the Royal Famliy is present <SPLIT> Additionally as for precedent not all articles on countries that are monarchies list a royal anthem whether this is because there actually isnt one [[ane]] dont [[fuck]]  Of the Commonwealth Realms currently Australia Barbados and Saint Vincent and the Grenadines do not list a royal anthem in the infobox  NonCommonwealth Realm monarchies that do have a royal anthem in the infobox include Sweden Norway and perhaps Spain  the national anthem is Marcha Real or Royal March <SPLIT> Perhaps this is something that should be [[wreak]] up as a Wikiwide policy In fact a [[smell]] at WikipediaWikiProject Countries shows no provision even for the national anthem to be included in the infobox  Maybe your [[headache]] should be [[prove]] there  I would follow along of course,0
[[shoal]] for Scoundrels 2006 [[shoot]],0
Niteshift36 sorry I am rude to different opinions because many articles were deleted based on the socalled notability I still dont [[fuck]] the standard of judgement,0
[[delight]] do not vandalize [[paginate]] as you did with this [[delete]] to [[hollo]] of [[tariff]] [[calamitous]] Ops If you [[stay]] to do so you will be [[kibosh]] from [[delete]]     Yoshi,0
[[instrument]] [[omission]]  <SPLIT> Hello You [[shut]] the [[cat's-paw]] [[omission]] [[treatment]] with delete [[quote]] [[want]] of [[seed]] httpsenwikipediaorgwikiWikipediaArticlesfordeletionPawn28scriptinglanguage29 <SPLIT> [[just]] [[1]] [[heel]] at least [[2]] WPRELIABLE [[informant]] and [[update]] the [[clause]] with them And an editor [[premature]] [[ballot]] for delete [[alter]] its [[ballot]] to [[livelihood]] after [[date]] that All the delete [[ballot]] were [[upchuck]] before [[1]] [[cut]] the original [[clause]] with the [[freshly]] [[informant]] There was no lack of [[informant]] IMHO nor consensus for [[cut]] [[delight]] [[follow-up]] your [[determination]]    <SPLIT> [[personify]] these the same [[origin]] you [[founder]] in the AFD where [[II]] very [[live]] editors [[silence]] voted to delete afterwards    <SPLIT>  That was in [[two]] [[Apr]] [[afterward]] Neutrality voted delete I [[die]] again to [[look]] for more [[origin]] and [[brand]] them in [[V]] [[Apr]] Piotrus aparently didnt [[level]] [[scan]] any of that as it [[aforementioned]] Selfpublished [[Almighty]] [[site]] [[cite]] only [[so]] I [[die]] to update the article itself After that Beanyone [[alter]] his [[voting]] The other [[2]] didnt apear again to [[order]] if they [[alter]] their [[ruling]] or not after that    <SPLIT> [[single]] didnt [[clean]] up on that  [[likely]] because your [[gossip]] [[admit]]  [[one]] [[admit]] some of the [[informant]] I [[heel]] above in the [[word]] What were the [[extra]] [[seed]] you [[touch]] to [[one]] will [[revue]] them and [[control]] if that should have [[alter]] the [[termination]]    <SPLIT>  [[single]] [[retrieve]] you can [[meet]] the [[chronicle]] of the article The [[master]] [[ace]] were the Dr Dobbs article and the page in that [[hold]] that is a [[literal]] mainstream [[impress]] [[ledger]] where it [[toll]] to them to [[sum]] [[I]] [[excess]] [[pageboy]] And [[too]] the [[illustrious]] softwaregames that useused it [[inch]] the [[omission]] page [[single]] [[too]] [[heel]] [[slews]] of [[manifest]] that it is [[wide]] [[victimized]] by many [[group]] unrelated to the [[speech]] authors as an [[loose]] [[drink]] for notability to [[usher]] it is not a pet [[throw]] or commercial spam    <SPLIT>  [[whatsoever]] update    <SPLIT> [[single]] wouldnt [[swallow]] DrDobbs as a [[honest]] [[germ]]  from their about [[paginate]] the [[article]] in DDJ are [[oft]] written by the [[proofreader]] of DDJ and the [[generator]] of that article is not on their [[faculty]] [[ane]] [[constitute]] a [[simulate]] of the 1st edition of the [[hold]] online and couldnt [[ascertain]] a [[extension]] to the [[subjugate]] [[plain]] its not the [[instant]] edition but if all you have is that it wont be [[decent]]    <SPLIT>  [[flush]] if not [[spell]] by their [[stave]] it is revised and [[print]] by them and they have [[shew]] themselves as a [[honest]] [[beginning]] over the [[eld]] [[A]] for the [[Bible]] you can [[happen]] [[look]] for Pawn on google [[Bible]] <SPLIT>  And now a [[niggling]] [[claptrap]] It is a programming language not a politician The pawn manual is probably the most reliable and extensive source on the language being extended and revised for over a decade And right behind are the wiki pages I linked on the forks that were likely written by the fork developers itself and maybe with little corrections from the users Of course they fail the general wikipedia guidelines for reliability as primaryself publisheduser generated but common sense indicates that they are probably reliable for technical matters Wikipedia kinda recognizes that in WPSELFSOURCE The reason for disallowing self published content is that Anyone can create a personal web page or publish their own book and also claim to be an expert in a certain field But someone who created a game engine using this language and supported it and its relatively large user and developer base for years is not simply anyone anymore even if he isnt a distinguished academic <SPLIT>  The problem here was mainly notability Is it self promotional cruft that was never adopted by anyone besides their creators and thus would not merit a encyclopedic article Or is it a language with maybe thousands of developers recognized by github that sparked not one but two children used by gamming modding comunities and WPNO 	 LE games alike A mainstream programming book could afford pay a page to feature it but an article in wikipedia would make it an worse online encyclopedia Yeah the strictly WPRELIABLE references are on the low side but I think it is reasonable to argue that the existence of this article wouldnt make wikipedia worse but better especially after my edits to it And I wasnt the only one thinking that way in the deletion discussion you closed by mistake  User talkCaro,0
[[Ra]] [[omission]] of GlobalVAC  <SPLIT><SPLIT> GlobalVAC was [[erase]] as a [[die]] [[airt]] WPCSDR1 The [[paginate]] youre [[worry]] in is [[spheric]] Virtual [[air]] [[community]] which was not [[erase]] by me [[barrack]],0
3030 Winchester <SPLIT> I [[murder]] your [[redact]] to 3030 Winchester because it doesnt [[touch]] the [[measure]] for [[comprehension]] [[agree]] to  [[insurance]]  [[notwithstanding]] if you can [[allow]] [[germ]] [[cloth]] to [[backwards]] up its [[manipulation]] by Poncho Villa etc then it would be [[deserving]] [[comprehension]] in a [[incision]] on the 3030s [[employ]] in warfare,0
[[fuddle]]  <SPLIT><SPLIT> What is your problem Why is it an issue to add arms to a [[paginate]] which directly relates to them You are straneg,0
I [[shit]] the following three changes on the infobox only one remains 1 Cause of Death I inserted the following line  Asphyxia due to hangingpreliminary autopsy results 2 spouce I looked up Patrick Swayzes page to see how it was worded for end of marriage as I thought the current posting Susan Schneider 20112014 his death didnt come out right and it was worded a bit differently on Patrick Swayzes page his death being before the final year I changed that to until his death in as it was better phonetically I added the following to spouse   3 children  I correct the children to  3 including Zelda Williams as it should be  Has a single person even looked at his exwife Marsha Garces page and see that her infobox has it at 2 including Zelda Williams obviously not or we would not be seeing all this nonsensical bickering over how to display the children aspectWell thats my 2 cents worth,0
[[get-go]] [[ane]] [[justify]] if there was a [[muddiness]] since I was [[answer]] to you both simultaneously <SPLIT><SPLIT> [[ane]] am not certain if you and I are in that [[lots]] [[variance]] Rebelguys <SPLIT><SPLIT> What I was [[answer]] to Until then the [[alter]] are unnecessary <SPLIT><SPLIT> [[mo]] Im [[comply]] WikipediaNaming [[normal]] [[TV]] <SPLIT><SPLIT> If you [[smell]] I am not in some [[room]] [[delight]] [[exemplify]]  [[axerophthol]] [[ane]] [[order]] to Hnsampat poistive [[remark]] and [[word]] is very [[receive]]  [[insure]] [[too]] [[fusion]] [[proposition]] for another [[exemplar]] <SPLIT><SPLIT> [[arsenic]] for the [[templet]] how is it not [[exact]] to [[billet]] The [[Occident]] [[fender]] [[telly]] [[serial]] in its [[epithet]],0
declineWikipedia is an encyclopedia of notable topics  we have very very strict notability guidelines  The mere existence of a business does not [[shit]] it encyclopediaworthy  You have been [[rede]] to stop creating inappropriate articles yet continued  [[amp]] such yes youre spamming the [[jut]],0
India [[concern]] [[connectedness]]  <SPLIT><SPLIT>  <SPLIT><SPLIT> Welcome please use edit summaries,0
Every time I read one of your [[jabber]] I am motivated to [[die]] move some articles to lowercase,0
oldid   <SPLIT><SPLIT>  action3        [[garfish]] <SPLIT>  action3date     <SPLIT>  action3link    WikipediaGood [[clause]] reassessmentBritish [[external]] [[shoal]] Vietnam1 <SPLIT>  action3result  not [[heel]] <SPLIT>  action3,0
Other ways to prevent swine flu  <SPLIT><SPLIT> Dont have sexual intercourse with ya wife while swine tities are in da bead,0
Thompson [[lame]] album is [[intelligibly]] [[victimization]] the [[effigy]],0
This is [[idiotic]]  Stop removing the photo  No one has given any hint of a valid reason for it not to be there and its obviously relevant,0
Welcome <SPLIT><SPLIT> Hello and welcome to Wikipedia  We [[prize]] encyclopedic [[share]] but some of  do not conform to our policies  For more [[entropy]] on this [[reckon]] Wikipedias [[insurance]] on vandalism and [[throttle]] on acceptable [[increase]] If youd [[corresponding]] to [[experimentation]] with the wikis syntax [[delight]] do so in the [[sandpit]] [[sooner]] than in [[clause]] <SPLIT><SPLIT> If you [[silence]] have [[head]] there is a new [[contributor]] [[supporter]] page or you can [[save]] helpme below this [[substance]] [[on]] with a [[head]] and [[person]] will be [[on]] to [[do]] it [[presently]]  You [[whitethorn]] also [[happen]] the [[come]] [[Page]] useful for a general [[entry]] to Wikipedia <SPLIT> The [[quint]] [[pillar]] of Wikipedia <SPLIT> [[serve]] [[Page]] <SPLIT> Tutorial <SPLIT> [[ane]] [[promise]] you [[bask]] [[cut]] and being a Wikipedian  Please [[mansion]] your [[epithet]] on [[mouth]] [[paginate]] [[victimisation]] [[quaternion]] [[tilde]]  this will automatically [[grow]] your [[gens]] and the [[see]] [[smell]] [[discharge]] to [[pen]] a [[billet]] on the [[arse]] of  if you [[privation]] to [[dumbfound]] in [[jot]] with me Again welcome,0
Ive [[luff]] IMDB at the JT [[clause]],0
Are you [[stunned]] Facts as YOU call them are not facts if they are from extreme sources Whoever is writing these articles is obviously a fool Stop miseducating people,1
Wikipedia has a [[heel]] of retronyms [[paginate]] at httpenwikipediaorgwikiListofretronyms why not [[total]] a [[assort]] [[name]] of Backronyms [[foliate]],0
to the [[teetotum]] of an article the db [[stomach]] for [[cancel]] because,0
Something [[damage]] with [[whole]]  <SPLIT><SPLIT> with this [[rule]],0
Im reopening this [[word]] This is something that [[take]] to be [[deal]] Most of the entire [[heel]] is [[shit]] up of either [[blood-red]] [[contact]] or [[contact]] that dont actually [[locomote]] anywhere and just [[coil]] you [[rachis]] to the main list If no [[I]] objects I suggest we just [[murder]] all of the [[associate]] on the article that dont [[die]] anywhere We dont have to delete the redirects really since theyre [[placid]] useful for [[trenchant]] [[purport]] [[amp]] it stands we could shave a decent amount of unnecessary file size from this [[heel]] by [[murder]] the [[yoke]],0
you [[bury]] [[ane]] [[authoritative]] thing he [[ne'er]] [[stomach]] its [[cut]] <SPLIT>  [[agree]] to WPLEDE   <SPLIT> The [[tether]] should be able to [[rack]] [[solo]] as a concise overview of the [[clause]] It should [[constitute]] [[circumstance]] explain why the [[issue]] is [[occupy]] or [[famed]] and [[sum]] the most [[significant]] pointsincluding any notable [[argument]] <SPLIT> [[afford]] paragraph <SPLIT> The [[beginning]] paragraph of the introductory [[textbook]] [[demand]] to unambiguously [[limit]] the [[issue]] for the [[referee]] It should [[constitute]] the [[circumstance]] in which the [[issue]] is being [[deal]] by [[issue]] the [[dress]] of [[lot]] or [[fact]] that [[environment]] it If [[seize]] [[pass]] the location and [[sentence]] [[circumstance]] [[besides]] [[show]] the [[limit]] of the [[substance]] of the [[clause]] for [[lesson]] [[name]] of environmental [[take]] is only about the [[result]] of [[homo]] activity <SPLIT> According to WPLEDE it is not porper that [[slay]] current status info and filled [[account]] [[incision]] i already [[order]] [[account]] section is [[reduplicate]] [[info]]  <SPLIT>  [[hunky-dory]] if arbitration [[penis]] [[take]] it then i can [[bear]] its [[delete]] too [[delight]] [[enjoyment]] WikipediaRequests for arbitration before [[delete]] war,0
Your [[blue-pencil]] [[deuce]] [[heel]] of [[aerodrome]] in Ukraine  <SPLIT><SPLIT>  is [[prize]] but [[undecipherable]] to me Tearfully none of [[Ukraine]] [[drome]] is among [[officious]] in either Europe or Eurasia so [[ALIR]] <SPLIT><SPLIT> BTW [[semen]] [[vaporize]] here to [[hike]] the stats Thanks [[anyhow]],0
What do you [[cogitate]] about the [[ruling]] [[pate]] on the mccainobama election or [[moot]],0
F this s i cant be bothered to be honest and i would rather shove a horse up my a <SPLIT><SPLIT> thanks <SPLIT><SPLIT> alexanderjones9,1
[[turgid]] chunklarge chunlarge [[vauntingly]] chunkchunkk <SPLIT> [[big]] chunklarge chunkn,0
[[spell]] the [[datum]] about the [[Fe]] [[maid]] [[call]] was helpful it would [[choke]] [[punter]] in the [[entranceway]] about the [[come]] of the [[brute]]  Ive [[incite]] it there for you,0
No [[care]] is there anything else you [[cogitate]] [[pauperism]] [[convert]] or [[tot]],0
[[swob]] [[paginate]] [[corrupt]]  <SPLIT><SPLIT> Whats [[hap]] to Michael Clifford disambiguation,0
Isnt hadda be playing on the jukebox a live track is there a source to say it has a studio version Also fuck da police is a live cover that may  be notable because its on most of their discography torrents ps i dont suppose anybody knows where one could get some of this unreleased matterials cough,0
You cant stop me cause I can create socks on my phone as well and on other computers as well [[love]] all of you PS that [[delay]] Typhoonwikihelper guy was from Hong Kong not from me in America you [[dunce]],1
At TalkFreefloating planet it was [[fence]] that Rogue planet  is the more [[normally]] used [[epithet]]  Im not [[trusted]] why were not [[employ]] that [[systematically]] or [[instead]] [[fence]] for freefloating to be the [[stock]] across the [[encyclopedia]] as its more accessible [[ane]] [[see]] the [[twist]] we have now [[sooner]] [[cumbrous]],0
[[airt]] TalkChashme Buddoor 1981 [[shoot]],0
The sidebar is [[disunite]] of an [[mind]] being [[commit]] [[frontwards]] at WikipediaWikiProject [[direct]] LabourSummaries Its an [[assay]] to do several [[matter]]  to [[leave]] a [[immediate]] overview and [[too]] to [[constitute]] a translation text for WikipediaWikiProject [[organize]] LabourInternationalisation You [[scuttlebutt]] would be most [[receive]] on these [[pageboy]],0
[[defective]] Troll [[instruct]] [[deuce]] English,0
Why is my [[paginate]] being [[cancel]] and how can i [[kibosh]] it from being [[erase]] its about and [[system]] what it [[suffer]] for who it [[stomach]] against etc etc [[ane]] dont [[sympathize]] why its being [[cancel]],0
[[howdy]]  <SPLIT><SPLIT> Im just [[total]] some facts or [[late]] [[entropy]] about Darna [[delight]] Im [[cut]] Darnas page clean and fair please dont warn me <SPLIT><SPLIT> Now what Impy is killed by Darna thats [[late]] please [[birth]] with me Im not vandalize the whole Darna page <SPLIT> If these are facts you must be [[mother]] them from somewhere  Add reliable sources or you will be [[jam]]  You will not [[dumbfound]] another warning   Mufka     <SPLIT><SPLIT> How can I add resources [[delight]] dont block me Im editing Darna page fair and square then you are accusing me of vandalism which i didnt do it <SPLIT><SPLIT> Im not accusing you of vandalism Im accusing you of being disruptive by not adding sources  We [[argot]] [[flesh]] an encyclopedia on your original research   Mufka     <SPLIT><SPLIT>  how can i be a mod  <SPLIT><SPLIT> [[delight]] tell me how can i be a mod Im reediting any articles clean and fair  <SPLIT> Youre a long way from that if you [[slang]] follow the rules   Mufka     <SPLIT><SPLIT>  [[hunky-dory]] MUFKA here is the additional info about the latest  <SPLIT><SPLIT> Here is what happened a while ago in Darna <SPLIT><SPLIT> Darna stabs Impy to death while Roma is [[go]] to die because of Impy and then her [[torso]] has taken by Kobra <SPLIT><SPLIT> so the adventures of Darna continues <SPLIT><SPLIT> so PLEASE STOP [[collapse]] ME WARNINGS [[A]] YOU [[live]] [[accuse]] ME OF VANDALISM BUT I DIDNT DO ANYTHING WRONG IF YOU ACCUSE ME AGAIN I GONNA TELL TO ANY MODS [[well-nigh]] YOURSELF <SPLIT><SPLIT> STUPID [[modernistic]] [[A]] YOU [[ar]] ACCUSING THE ONE WHO REEDITS CLEAN PAGE LIKE ME <SPLIT><SPLIT>  I have an info about the latest episode of Darna  <SPLIT><SPLIT> Kobra has an ability to revive dead creatures and [[homo]] by biting [[exploitation]] his fangs just like what he did to Valentina and Roma Babaeng Impakta Thats the latest info Ive ever seen Please dont ban me Just look at Darnas page <SPLIT> You dont [[penury]] to tell me a [[fib]] you [[pauperism]] to provide [[informant]] for the content you are [[total]]   Mufka     <SPLIT><SPLIT>  Inclusionism  <SPLIT><SPLIT> Mufka what is this dedicated list exclusionism that is [[shoot]] [[commit]] I would [[ilk]] to hear your [[purview]] <SPLIT>      <SPLIT> My [[purview]] is clearly [[repose]] out in the [[mouth]] [[paginate]]  Judging from the placement of your [[scuttlebutt]] on that talk page it seems that you [[power]] have read the wrong section  If my views are not [[assoil]] Id be glad to elaborate   Mufka     <SPLIT><SPLIT>  WikipediaArticles for deletionComputer TakeBack Campaign  <SPLIT><SPLIT> Somehow this discussion [[dumbfound]] orphaned It wasnt transcluded on the log for the 15th and has been opened since then It currently has 2 keeps and 2 deletes I have relisted it onto the log for the 4th and have sorted it    <SPLIT> Thats odd  Looks like Twinkle screwed to pooch on that one  The related one got put in just fine right before this one  My fault nonetheless  Thanks for picking it up   Mufka     <SPLIT> Just noticed that the related AFD was just closed no consensus It will be quite a mess if Computer TakeBack Campaign is closed delete    <SPLIT><SPLIT>  Swayze  <SPLIT><SPLIT> Yes I know  I am an idiot  Good night   Preceding unsigned comment,0
listas  Elisabeth of Hesse,0
You are so smart I wish I culd be as smart as you You use so many big words Please teach me the art of bitch I do value your opinion,0
Touche [[single]] [[grant]] that [[piece]] of Likud can be [[hunt]] [[rachis]] to politically violentterroristic [[group]] from the [[retiring]] <SPLIT><SPLIT> Im [[die]] to [[MBD]] my [[rendering]] above in [[citation]] to the [[clause]] [[peradventure]] someone [[sassy]] can streamline the [[Pa]] and PLO into a [[dewy-eyed]] [[argument]] about the political situation [[thither]] is a [[muckle]] of [[lap]],0
You [[fuck]] perfectly well what happened With the Help template you simply stated that it was only my idea I am sick of you plagiarizing everything I do in real life and then claiming that you did it yourself on WP review me,0
RAF Maintenance Units  <SPLIT><SPLIT> Thank you for improving the [[heel]] where are you [[dumbfound]] the [[entropy]] from,0
I am the oldest [[changeling]] alaive,1
49K  who knew there could be so much to say about this dumb book,0
Thank you  <SPLIT><SPLIT> Im [[sieve]] of [[rear]] though [[credibly]] not without [[clip]] [[chasteness]],0
Hey  <SPLIT><SPLIT> Your [[exploiter]] [[gens]] [[careen]] That is all,0
[[ace]] [[mean]] the [[creation]] [[condemn]] is ambiguous [[inward]] my [[judgement]] this [[pageboy]] should only [[babble]] on how the documentsdata [[create]] by a CAD system should [[expression]] [[care]] or [[stop]] but not on how to [[commutation]] the data and in which format For this we have the [[paginate]] [[dog]] [[datum]] [[commutation]] and CategoryCADfileformats [[soh]] [[single]] [[purport]] to [[alter]] the [[instauration]] in this [[charge]],0
Nab if you have no dignity left could you please turn your brain on at least I am telling you I [[fuck]] about the hacking at the very moment it happened Everything after that was a game to make the hacker to act When the hacker did not act I thought it could be not connected to wiki after all and it was when I decided to change my password and emailed CU about the hacker As you see the IP was blocked on December 23 actually on December 22 SF time In my email to Avi I provided the copy of the alert my Gmail gave to me He could confirm my words So once again please stop beating a dead horse because you look laughable and with that I am outtahere,0
Thanks for understanding I dislike [[shit]] work but I felt that RFA and the postdiscussion was [[die]] to be controversial [[barrack]],0
Kudos <SPLIT> Lovely article interesting succinct wellcited  Articles about Pakistan and Brittany Spears will always be fucked up and subject to edit wars between morons  More esoteric articles like this usually stay in good shape over long periods of time and are IMO the brightest stars in the Wikipedia constellation,0
San Antonio [[goading]],0
[[brute]] whistles,0
[[reckon]] the African American vote [[ane]] [[gibe]] [[iodine]] have [[even]] to [[listen]] a TV [[circulate]] that doesnt [[advert]] the African American [[balloting]] being [[important]] to the propositions [[enactment]],0
Thanks for [[wreak]] this up on this [[mouth]] [[paginate]] before [[lapse]] this [[switch]] yourself [[ane]] dont have a POV [[ax]] to [[fag]] here but neither do [[iodine]] have the [[historic]] legal or linguistic expertise to [[reason]] either [[English]] of the [[wonder]] [[1]] certainly do not have expertise as [[refer]] to how things would have been [[catch]] in 1899 from the [[target]] of [[catch]] of the [[philology]] or the [[sound]] [[believe]] of the [[stop]] [[sick]] [[discover]] my [[savvy]] below and [[trust]] for further [[remark]] here from others more [[versed]] than myself <SPLIT><SPLIT> [[single]] [[believably]] [[bank]] on this [[version]] which is credited to [[single]]  Sulpicio Guevara in [[murder]] the [[condemn]]  [[iodine]] had no [[mind]] at the [[meter]] who this  Sulpicio Guevara [[power]] be [[far]] [[search]] has since [[grow]] up this [[pageboy]] which [[discover]] him as the compiler and editor of the 1972 [[issue]]    	 The laws of the [[kickoff]] Philippine [[commonwealth]] the [[police]] of Malolos 18981899 The [[version]] is footnoted on page 203 [[rendering]] by the [[generator]] The [[championship]] page of this [[issue]] [[credit]] Sulpico [[thousand]] Guevara [[abdominal]] LLB LLM [[variance]] of [[search]]  [[police]] [[reclaim]] University of the [[Philippine]] [[jurisprudence]] [[meat]] as of 1972  Article [[xciii]] [[scan]] in this [[rendering]] as <SPLIT><SPLIT>  <SPLIT><SPLIT> That page [[remark]] above [[too]] [[head]] to an [[substitute]] [[version]] from The [[exploitation]] of Philippine [[government]] by Maximo [[thousand]] Kalaw [[amp]] footnote [[place]] this [[version]] as [[ace]] [[earlier]] [[impress]] as [[parade]] IV [[bulk]] [[iodin]] [[describe]] of the Philippine [[commissioning]] to the [[chairperson]] [[Jan]] 31 1900  The [[championship]] page of this [[issue]] [[credit]] Maximo [[yard]] Kalaw AAB llB and [[distinguish]] it as a dissertation [[render]] in [[fond]] fulfillment of of the [[demand]] of the [[level]] of [[fix]] of Philosophy in the University of [[boodle]] Article [[xciii]] [[record]] in this [[version]] as  <SPLIT><SPLIT>  <SPLIT> The Spanish [[textbook]] [[detect]] here [[record]] as [[adopt]] <SPLIT><SPLIT>  <SPLIT> My reinterpretation of the [[believe]] here after [[look]] at both of these english [[version]] is that Article [[xciii]] [[agnise]] that the Spanish language is defacto the language [[apply]] at the [[meter]] of the promulgation of the Malolos constitution for the [[fix]] official [[purport]] and the [[clause]] [[render]] explicit [[organic]] [[authorization]] to [[limit]] a dejure official [[speech]] for these [[function]] <SPLIT><SPLIT> [[look]] at this article [[1]] [[watch]] that the [[head]] [[condemn]] presently [[take]] Spanish was the [[1st]] [[speech]] of the Philippines since the [[subjugation]] by [[Espana]] in the 16th [[C]] with the [[parole]] language wikilinked to the official language article  [[1]] [[retrieve]] that the pipedwikilinking [[dress]] there [[die]] beyond the [[bounds]] of Spanish being an [[functionary]] [[speech]] [[single]] [[propose]] that this [[doom]] should be [[convert]] to something [[care]] Spanish was [[recognize]] in the [[1st]] [[makeup]] of the [[Philippine]] as being the defacto official language at the time <SPLIT><SPLIT> [[gossip]] anyone,0
What is cerebral masturbation Is it the same as mind boggling Ive always wanted to [[fuck]] what boggling meant,0
incest citation needed  <SPLIT><SPLIT> The term is literally an accusation of incestcitation needed Oh come on Its obvious why does that need a citation What do you want a link to mother and fucker in a dictionary,0
ZEPHYR IS SOOOOOO COOOL HE AND ALL THINGS WITH ZEPHYR KICK ASS,0
all dallas cowbiys [[lover]] are [[fuck]] [[faggot]] you can all [[ecstasy]] suck a [[braggart]] fat cock you stupid [[fuck]] homos,1
Templateiwref  <SPLIT><SPLIT> Templateiwref [[look]] to be at least [[chiefly]] your [[lick]] could I [[demand]] you to [[shoot]] a [[smell]] at my [[scuttlebutt]] on [[templet]] talkiwref and at least [[bespeak]] there whether you [[gibe]] or [[disaccord]] [[thanks]],0
[[well-nigh]] likey the people [[knotty]] in the [[throw]] are of the current [[spawn]] of Interaction Fiction writersplayers [[go]] [[lick]] are [[deride]] by most of these people for being too simplistic Todays IF must be artsyfartsy or its no [[ripe]] They dont [[prize]] what a [[proficient]] [[accomplishment]] Adventureland was at the [[meter]] an [[chance]] game in 16KB Nor do they have the [[proficient]] expertise to [[make]] the [[deserve]] of its [[invention]] [[ecstasy]] was the [[low]] to [[spell]] his [[game]] not as standalone [[curriculum]] but as data [[aim]] [[implant]] in an [[spokesperson]] [[helium]] was the [[low]] to [[make]] and [[employ]] a language specifically [[intentional]] for the [[existence]] of adventure games [[interactive]] Fiction IF [[source]] of today for the most [[piece]] [[argot]] [[prize]] that Their life has been [[shit]] [[sluttish]] by [[hurt]] people [[care]] Graham Nelson and Andrew Plotkin already [[cater]] the language and [[cock]] They didnt and [[believably]] couldnt [[make]] the [[cock]] themselves and [[credibly]] wouldnt be [[indite]] IF Scott [[ecstasy]] SHOULD be [[commit]] more [[recognition]] in the IF [[mankind]] then he is [[helium]] is as important to the genre as Crowthers and Woods,0
[[testimonial]]  <SPLIT><SPLIT> [[cost]] there a [[insurance]] or [[guidepost]] about how to [[papers]] [[testimonial]] or [[monument]] such as the [[unmatchable]] to Freddy Figueredo 19522013 at the [[death]] of the [[net]] [[instalment]],0
Not the [[exploiter]] prefs its the same without [[log]] in [[indium]] any [[pillowcase]] the [[gist]] is fontscaling [[subject]] With IE7 ViewTextsizeMedium or [[gravid]] the [[scummy]] [[piece]] of the denominator [[scat]] into the next [[blood]] At [[sane]] [[Bodoni]] [[blind]] [[firmness]] [[yet]] ViewTextsizeSmall or Smallest is illegible Mine is at 1280x1024 [[whatever]] [[mind]] where the [[face]] size and spacing would be [[constitute]] for this Im using the default [[transmitter]] [[shin]] [[inch]] [[expectant]] it [[try]] with [[replete]] [[lap]] of the next [[quarrel]],0
[[leash]] <SPLIT> encyclopediadramaticach,0
[[ane]] have a [[finger]] that you and I will be doing this [[constantly]],0
WikiProject [[connect]] Statesclassstartimportancelow <SPLIT> WikiProject [[join]] [[posit]] Government,0
Italics  <SPLIT><SPLIT> A [[head]] shouldnt the [[doom]] The [[constitute]] Tector [[advert]] to a cavalry trooper [[weaponed]] with [[bombastic]] [[harbor]] [[beseem]] a warship with [[superfluous]] [[armour]] have only Tector it being the [[gens]] of a [[send]] [[italicize]] with the [[sleep]] of the [[condemn]] in [[veritable]] [[eccentric]],0
Thankyou [[delight]] [[barricade]] [[produce]] nonsense [[article]] it is [[moot]] vandalism [[delight]] [[expend]] the [[sandpit]] [[rather]],0
[[threesome]] [[poop]] of it is [[vagabond]] disambiguation [[quite]] than a [[compendious]] of the [[real]] article body,0
[[airt]] TalkCant [[ostracise]] Tha [[verity]],0
[[billet]] the [[go]] of TalkParineetiChopraGA2Commentspart04 Though length is not [[flat]] a [[touchstone]] of GA I [[ne'er]] [[cerebration]] to and not [[die]] to [[die]] the article because of its length When I told [[get]] [[assort]] article [[1]] had [[really]] few [[hypnotism]] to [[lick]] on it [[glucinium]] [[guarantee]],0
Dravid  <SPLIT><SPLIT> Suraj we are not [[tolerate]] to [[function]] copyrighted [[ikon]] in wikipedia [[thence]] I have to [[murder]] that  <SPLIT><SPLIT> If you are [[occupy]] in cricket do [[shoot]] a [[face]] [[some]] WPCricket,0
The selfcontradictory paragraph  <SPLIT><SPLIT> The folllowing paragraph in my [[catch]] is selfcontradictory <SPLIT> The San Francisco Peace Treatys omission of [[Taiwan]] as a [[player]] was not an accident of [[account]] but [[shine]] the very [[rightful]] fact that the ROC had [[die]] to [[hold]] its [[master]] [[attitude]] as the de jure and de facto [[authorities]] of [[PRC]] [[away]] [[flee]] to [[worry]] [[China]] in [[Dec]] 1949 the ROC had already [[go]] a [[politics]] in exile [[below]] [[external]] [[police]] there are no [[execute]] which a [[authorities]] in [[deportation]] can [[shoot]] in its [[stream]] [[position]] of [[mansion]] in [[say]] to be [[agnize]] as the local legitimate [[authorities]] [[thence]] Taiwans current [[outside]] [[job]] have [[rebel]] from the fact that the ROC government in exile is [[trammel]] in [[outside]] recognition as the legitimate [[politics]] of Taiwan  <SPLIT><SPLIT> It [[low]] [[tell]] there are no [[execute]] which a [[authorities]] in exile can [[shoot]] in its current [[position]] of residence in [[ordering]] to be [[greet]] as the local legitimate [[authorities]] Then it [[tell]] Taiwans current [[external]] [[job]] have [[uprise]] from the fact that the ROC [[authorities]] in exile is [[throttle]] in internationally recognition as the legitimate [[authorities]] of Taiwan <SPLIT><SPLIT> [[then]] which position does this paragraph [[lease]] [[exist]] the ROC in exile or not If it is in exile as [[persona]] of this paragraph is [[hint]] then the latter [[persona]] of [[throttle]] in relational [[realization]] doesnt [[lick]] The [[Son]] limited [[think]] some not [[zilch]],0
We are not by the way obliged to use only mainstream western sources that echo the positions of western governments  yeh we are not sheeple  we are not a bunch of morons,0
[[tribade]] bizzle who knows no shizzle,1
duhau9fnjsg,0
re an [[changeling]],1
29 [[Jan]] 2008 UTC <SPLIT>    2102,0
A notunflattering article is not by itself suspect It is the suppression of unflattering facts that makes it suspectthats what [[shit]] it a puff piece,0
hello owen do you like [[tool]],1
[[embody]] it [[admit]] in a legal bibliography which is also a [[dependable]] [[germ]],0
June 2015 <SPLIT> Hello Im UserFlixWolfFlix Wolf I just wanted to let you [[fuck]] I had to revert one of your changes to the article The Age of Adaline Although it is obvious it was done in good faith Wikipedia isnt the place to write your opinions on However you are more than welcome to add constructive neutral point of view edits to Wikipedia Thank you,0
[[practiced]] [[head]] WPCANVASSING does [[tolerate]] The [[mouth]] [[paginate]] of [[ane]] or more articles WikiProjects or other Wikipedia [[coaction]] [[flat]] [[associate]] to the [[issue]] under [[word]] so [[forget]] a [[bill]] there with a [[clean]] [[blue-pencil]] [[compendious]] as the locus of [[premature]] [[word]] would [[now]] [[becharm]] those who watchlisted it [[only]] that may be none [[arsenic]] [[FAR]] as [[flat]] [[notify]]  there have been [[trey]] geo RMs which are the [[trey]] at TalkC Mau and a 4th on the capitalization of [[state]] at TalkAn Giang [[state]] [[cater]] theres no [[clean]] and [[take]] that all [[IV]] RMs which will have some [[twin]] [[player]] anyway are notified it [[argot]] be [[watch]] as [[pluck]] and [[take]],0
NatashaWickedWeasel <SPLIT> [[Hawai'i]] Ckessler Thanks for warning this persistent spammer However please leave messages on talkpages in the [[futurity]] Oh and welcome I hope you [[bask]] Wikipedia,0
Thanks  <SPLIT><SPLIT> I [[hypothecate]] I ought to [[commit]] you a [[brain]] up that Im reworking the article to reflect that GoExpress is now just a codeshare on Island [[breeze]] existing flights,0
This is not something I have coded for it is done automatically by WP AWB which implements all kinds of MOS rules   Do you want to take this up with the maintainers of AWB where you can directly discuss your concerns or do you want me to ask them and be the middleman who may not be able to conduct a full conversion with them as I dont [[fuck]] what you may want to say,0
ReSofia [[shoot]] Fest [[clause]]  [[issue]]  <SPLIT><SPLIT> Hi Jim agin its me Thanks for cleaning up but [[one]] [[silence]] dont [[happen]] how the page can be [[issue]]  saving the changes its [[even]] in my [[sandpile]] [[sick]] [[shit]] the necessary changes according to the example with a file you [[commit]] me but it will [[shoot]] some time to understand all the details Are you able to see what the other administrator Melesse have [[indite]] on my [[mouth]] page  I couldnt find a way to wrote her [[rear]] to thank her [[delight]] [[suggest]] me on [[issue]] of this page maybe its protected by you as administrator so [[single]] could [[stay]] [[cut]] the BG [[rendering]] [[consort]] to your [[premature]] [[pedagogy]] Thank you for your patience with the [[father]] and have a [[squeamish]] weekend,0
pwriut wriu wwwwppppitu piru priut riu irut irut oriut iut poerut irtu itu irut riut ritu riut irtu tu iut itu oirtu pirtu rieout oeirut riut riut riut ritu riu tu tritu ritu iut ut operiut pwoirut woirut wporiut pwriut pwriut wporitu pworutpowirtupoirtu opwtuwpo uportu portu u t ut   tttt topu t tuio   ptoi ior wiu piorwu twitu ori iut iu ut w  utoeirut ut tioru                              tirtu irut ritu riut riout,0
No matter how upset you may be there is never a reason to refer to another editor as an [[changeling]],1
[[airt]] TalkCinnamon [[gainsay]] [[rival]],0
[[cause]] you have any [[germ]] that NSB [[have]] the Norwegian [[sandbag]],0
[[cover]] a [[badness]] hostname,0
It [[too]] [[look]] [[die]] for 2006 and 2010 if you [[privation]] to [[expend]] it in other [[article]],0
[[fight]] [[old]] NPOV and RSN as [[easily]] as several [[refer]] article talk page [[word]] [[contact]] a [[worldwide]] consensus that the MJ [[clause]] is a [[shuffle]] of [[honest]] [[entropy]] and [[editorialize]]  The [[name]] is based on the [[opinion]] of MJs [[column]] [[faculty]] not a reported [[result]]  No [[entropy]] is [[pay]] as to what [[measure]] was [[exploited]] to [[make]] the [[inclination]] other than the [[opinion]] of the [[writer]] or [[possibly]] the MJ [[column]] [[faculty]]  [[amp]] [[number]] [[establish]] on the editorial opinion of the [[mag]] [[power]] be worth [[admit]] if the [[name]] itself has weight  [[Indiana]] this [[eccentric]] and [[specially]] in [[equivalence]] to the more [[pregnant]] [[beginning]] [[babble]] about ExxonMobile there is no compelling [[manifest]] that [[comprehension]] on the [[leaning]] is in and of itself [[famed]]  [[thence]] we have an opinion that doesnt [[hike]] to the [[raze]] of a [[radius]] and we have the fact that EM was [[lean]] on a [[heel]] that [[pack]] no WPWEIGHT  [[ane]] [[smell]] my [[purview]] [[aline]] with the [[trammel]] consensus of the recent noticeboard discussions,0
[[question]] on [[snoop]] [[novel]]  <SPLIT><SPLIT> [[dress]] anyone [[sympathize]] why Dahls [[pornographic]] [[stag]] novels are [[nigh]] [[nameless]] in the [[join]] [[submit]] [[ane]] [[cogitate]] some of them havent [[flush]] been [[write]] in the [[America]] Theyre [[easy]] [[get]] in [[hold]] [[stock]] in other [[side]] [[mouth]] [[nation]],0
My [[excuse]] if I [[chute]] the gun with this [[indorse]] RfC [[one]] didnt [[pop]] this [[ane]] because the previous [[I]] was unsuccessful but because I [[intellection]] this [[unmatched]] was [[ripe]] framed to [[stick]] on [[dog]],0
would this [[isthmus]] [[suffer]] [[touchstone]] [[Phoebe]] of the notability guidelines for [[stripe]] <SPLIT><SPLIT> [[fivesome]] [[ingest]] [[loose]] [[deuce]] or more albums on a major [[judge]] or [[ane]] of the more [[authoritative]] indie [[judge]] ie an [[mugwump]] [[judge]] with a history of more than a few [[yr]] and a roster of [[performer]] many of which are [[famous]] <SPLIT><SPLIT> [[amp]] [[tender]] Glimpse was [[loose]] on Earache [[enter]] [[notability]] [[striation]] [[admit]] Deicide Morbid [[backer]] Carcass Entombed and Napalm [[dying]] <SPLIT><SPLIT> Robin was [[loose]] on Candlelight [[tape]] [[famous]] [[stria]] [[admit]] Emporer Opeth Morbid [[backer]] and [[enslave]],0
[[oecumenical]] [[rank]] [[assay-mark]]  <SPLIT><SPLIT> [[peradventure]] those actively [[lick]] on this [[clause]] can be [[avail]] here [[amp]] [[site]] with [[oecumenical]] [[trembler]] [[statistic]],0
Oh that [[look]] [[flop]]  [[ane]] had [[block]] about the b [[pedagogy]] since [[advantageously]] when I [[expend]] sed its [[nigh]] [[e'er]] just sfoobar,0
Thanks  <SPLIT><SPLIT> Its a [[pin-up]] [[piddling]] armoire for my archives  Thanks for that,0
Khoikhoi this block is remarkably illconsidered  I suggest you lift it and let other admins handle this  The discussion Im participating in will decide whether an editor is banned or not  Do you understand that  And the editor up for banning has been lied about  yes lied about  by an admin with a very troubling history of harassing the tobebanned editor  WPAGF is pretty clear about this assuming good faith does not preclude direct confrontation of lying when it occurs   <SPLIT><SPLIT> Here is the link to the thread in which Jayjg lies about PR saying he has a history regarding Holocaust denial when Jay [[fuck]] better than anyone else since he was the one to [[shit]] the original bogus allegation was categorically false <SPLIT><SPLIT> Once again and for the record I do not accept the legitimacy of this block,0
My pleasure If I were to express my true opinion of that person I would [[dumbfound]] [[shoot]] over the [[brain]] by a pillar,0
Ive appeanded a [[quite]] [[cockeyed]] translation of the German article below for your perusal Frankly it [[take]] as basically a series of dicdefs and I [[argot]] [[catch]] that it will be of much [[usance]] in [[make]] an article here Im [[trusted]] that you can [[candy]] something much [[punter]] out of your own [[awareness]] and reliable sources of course <SPLIT><SPLIT> [[amp]] Stehaufmnnchen is an object usually in the [[work]] of a [[homo]] [[bod]] with as a rule a [[snipe]] [[ass]] having a very [[scummy]] [[snapper]] of [[gravitation]] Any change in position of a Stehaufmnnchen results in a [[fire]] of the [[mall]] of [[sobriety]] so that [[gravitation]] [[cause]] the Stehaufmnnchen to [[flop]] itself <SPLIT><SPLIT> The Stehaufmnnchen has a hemispherical [[ass]] so the [[meat]] of [[soberness]] must lie below the [[meat]] of the sphere <SPLIT><SPLIT> A [[eccentric]] of [[send]] eg yachts is similarly constructed with a very [[humiliated]] center of gravity whereby in [[impenetrable]] seas it can return to its heel of its own accord and not capsize <SPLIT><SPLIT> In colloquial speech the term Stehaufmnnchen is applied to people who do not let themselves be discouraged by [[kill]] or [[loser]] and always engage in life anew and try to master it themselves,0
And by the way those [[gargantuan]] [[paragraph]] at [[Pa]] [[trilateral]] [[pauperism]] either some [[dress]] or being [[rip]] into [[minuscule]] ones It is [[punishing]] to [[take]] this [[room]],0
No [[iodin]] [[think]] theyre [[submit]] its not [[vulgar]] [[away]] [[N]] [[US]] [[sooner]] in not being [[vulgar]] in it At the [[cease]] of the [[Day]] itll be [[contend]] that [[N]] American [[substance]]  [[northwards]] American [[usance]] but something wholly [[general]] [[dozen]] [[succeed]] and thirtythree [[expiration]] [[win]] less than a [[poop]] of their [[back]] etc could easily be [[get]],0
I wonder what are the sources of other similar informations eg Yamaha RX100 top speed I [[fuck]] the speed of RX115 because I have checked it many times against GPS unit,0
Eureka California  <SPLIT><SPLIT> Thank you for doing the Month Day Year date fixes on Eureka California  Now how do we [[shit]] it where no European [[cum]] along and tags it the other way as they did before  Local editors assumed that the DMY tag was the right thing to do and so changed the entire article  which you have now changed back  This could be a perpetual motion scenario  In any case thank you for your edits I think any future DMYs that show up will be met with [[fucking]] pages torn out of the Book of Knowledge with Coffee [[filth]],0
How far down can you [[dumbfound]]  <SPLIT><SPLIT> Are you able to [[mother]] so local as to create a map of Abany New York showing its city council wards If not no [[cock-a-hoop]] [[heap]] but it would be a good addition to the article,0
Oh absolutely I [[fuck]] it would eventually become its own article but I kind of wanted to start it here I think now might be the right time to split Do you think the new article should be include the software bit or should it be all about the Internet Kill switch,0
[[locker]] of [[chair]] T Roosevelt not [[usher]]  <SPLIT><SPLIT> [[nearly]] every Wiki [[clause]] on [[U]] [[President]] [[admit]] the [[perfect]] [[name]] of the [[President]] cabinet [[render]] their [[damage]] of [[authority]] etc The TR article has no [[note]] of his [[console]] Shouldnt it be [[admit]] <SPLIT><SPLIT> [[1]] [[plant]] a useful [[face]] [[bulge]] [[aim]] at a convenient [[web]] site <SPLIT> httpwwwushistorycompagesh1435html <SPLIT><SPLIT>  Full [[maid]] [[epithet]] of [[low]] [[madam]]  <SPLIT><SPLIT> The full maiden [[epithet]] of [[kickoff]] [[madam]] Roosevelt was Edith Kermit Carow but the [[connect]] article has her as Edith Roosevelt so my [[variety]] was obvious  <SPLIT><SPLIT>  [[FDR]] [[go]] to [[Brasil]]  <SPLIT><SPLIT> [[inch]] 1901 or 1904 Roosevelt [[unite]] an expetition [[head]] by Candido Mariano Rondon to the countryside of [[Brasil]] in which they [[break]] a river [[ground]] on this [[trigger]] he [[spell]] [[done]] Brazilian Wilderness  <SPLIT> [[inch]] an [[offspring]] of The New York [[meter]] [[loose]] in 1991 or 1992 it is [[order]] that Roosevelt  <SPLIT> had [[compact]] a tropical disease while in [[Brasil]] <SPLIT>  This is the [[showtime]] time Im [[cut]] [[1]] hope this [[entropy]] will be useful <SPLIT> Unsigned [[gossip]] by  at 2322 on 22012009 <SPLIT><SPLIT> Thanks but we already have this [[illustrious]] in the article under 19131914 [[southward]] American [[outing]]    <SPLIT><SPLIT>  [[nutrient]] and Drug Administration  <SPLIT><SPLIT> Theodore Roosevelt was instrumental in [[sic]] legislative [[run]] in [[gesture]] that would [[finally]] [[chair]] to the [[coming]] of the [[nutrient]] and Drug [[government]] He did so after a combination of [[2]] [[have]] his [[metre]] in Cuba with the [[uranium]] Army where he [[look]] many of his [[homo]] [[go]] disgustingly sick on [[bad]] [[save]] meat rations [[cater]] by American [[house]] who [[cater]] the [[hale]] on a [[press]] [[organization]] [[alike]] to todays and Upton Sinclairs [[new]] The Jungle Roosevelt was [[much]] [[rock]] by [[lit]] and also by his personal [[have]] in the military The [[2]] [[fuse]] [[answer]] as a mighty motivation in his [[nutrient]] and drug policies   2255 2005 Jun [[XIV]] UTC <SPLIT><SPLIT>  [[humble]] [[head]]  <SPLIT><SPLIT> There is no [[name]] of Roosvelts [[geek]] [[java]] drinking why is that [[single]] was [[watch]] the [[account]] [[duct]] and it was [[note]] I [[die]] and [[attend]] on Wikipedia to clarify and it is not here [[1]] [[regain]] it on some other [[site]] though [[plain]] he [[booze]] up to [[I]] [[gal]] of [[java]] a [[daylight]] [[1]] [[mean]] that is worth [[note]] [[single]] have never [[cut]] a wiki [[incoming]] and would [[sooner]] not [[hole]] anything up that everyone [[lick]] so hard on and Im not even sure if most of you would [[think]] [[tally]] this [[anyhow]] [[1]] will [[will]] it up to the main [[contributor]] of this article whether to [[total]] this [[little]] [[particular]] or not Thanks <SPLIT><SPLIT> [[respond]]  Youre [[dead]] [[rightfulness]] on the coffee [[inward]] the TR Rex bio Morris [[acknowledgment]] TRs breakfasts laced as usual by [[huge]] infusions of [[caffein]] [[attend]] only to stoke Roosevelts [[zip]] pg 1718 [[occupy]] [[manoeuver]] [[lease]] [[tally]] it under interesting facts  [[cx]] [[XXIII]] [[February]] 2006 UTC  <SPLIT> <SPLIT> Addendum The quote used by Maxwell House Coffee Good To The Last Drop is a quote from Theodore Rooseve,0
UTC <SPLIT>  homsexual pedphile httpwwwvicecomreadeverythingweknowsofaraboutthepedophiliaallegationsagainstformerukprimeministeredwardheath804   1939 [[sextuplet]] [[Sep]] 2015,0
Anime [[get]] <SPLIT> NagiAsu A [[letup]] in the [[ocean]] had an anime [[produce]] from [[Oct]] [[leash]] 2013 to April [[ternion]] 2014 The anime now has an [[side]] [[nickname]] [[get]] as [[fountainhead]] If you [[smell]] the [[clause]] has something to [[better]] Please [[collapse]] advice where [[requisite]] Thanks,0
REDIRECT Talk2014 [[abduct]] and murder of Israeli teenagers,0
My only [[head]] is that the truth or falsity of the [[take]] 23 of [[homosexual]] [[homo]] are [[kid]] molesters is irrelevant when it is still fairly widespread  What is relevant to the section in question is that the claim true or false is used as a way to attack [[homo]] people gay [[homo]] specifically and question the legitimacy of samesex relationships,0
I disagree with nearly every comment you [[shit]] many of which I believe you already [[shit]] repeatedly and unconvincingly on TalkShemale Point for point those derogatory terms for black people are used in the pron industry your personal medical operative status is irrelevant your claims about why the term is offensive to transwomen are your own unsubstantiated research and you cannot seriously hope to argue that the terms are not derogatory They are used beyond their porn context and are indeed used to insult and intimidate  and that is the definition of derogatory  <SPLIT> Like any editor anon or not you are required to provide notable verifiable sources for whatever information you seek to include in your edits Listing a series of derogatory terms for transgendered people just because one editor says heshe doesnt object to them isnt justifiable or encyclopedic,0
No You were not wrong I dont [[fuck]] what is going on please help me,0
How many times are you going to reply to yourself sockpuppet,1
Talkback <SPLIT><SPLIT> You are invited to discuss why you [[living]] [[shit]] the same edits to this article in [[bitchiness]] of other users protests [[word]] is a [[life-sustaining]] component of the bold revert discuss process so if you fail to [[saucer]] your edits your edits will be considered vandalism and will be [[regress]] on [[muckle]] Please discuss,0
421 Septemberalignright8 [[necropsy]] PDTaligncenter30aligncenter0 <SPLIT>  <SPLIT> 522 Septemberalignright2 am PDTaligncenter30aligncenter0 <SPLIT>  stylebackgroundcolor e0e0e0,0
Theres a user [[foliate]] where [[yoke]] to often apparently bad faith AfDs are collected I mentioned a while back in one of the AfDs that I was [[die]] to put a watch on that [[paginate]]  It isnt your [[paginate]] [[dress]] the math,0
You [[fuck]]  <SPLIT><SPLIT>  you should actually sometimes create some other nick try editing some pages with a newbienot so NPOV style and you will see how youll get bitten After you get bitten go to some WP talkpage and propose a new maybe a little bit stupid policy for instance strip admins of some of their priviledges You will be lucky if you dont get blocked,0
How to find [[fraud]]  <SPLIT><SPLIT> This IP is doing [[ripe]] [[lick]] [[happen]] [[humbug]] See  for how he does it,0
Tharki Paddey Kise [[unsafe]] Bolta hai <SPLIT> HOW [[live]] THEY THE [[sodding]] [[histrionics]] OF ARYAN [[backwash]] <SPLIT> [[initiate]] with that <SPLIT> Kailash Kher is an [[Aryan]] <SPLIT> [[eve]] [[away]] Desi Pantone skin [[distort]] [[measured]] they guy is not gora,0
how to [[netmail]] Wikipedia [[user]]   <SPLIT><SPLIT> [[explicate]] the [[intellect]] that is vandalism,0
[[one]] [[living]] on [[singing]] you to [[collapse]] me a Wii [[lame]] that does not [[enjoyment]] a Wii [[optic]] Disk other than Virtual Console [[game]] but all you do is just [[alter]] [[matter]] Another thing that I [[livelihood]] [[secern]] you [[superintendent]] Mario [[beetleweed]] [[dark]] [[travel]] of [[dreaming]] and Metroid [[flush]] [[leash]] have Wii [[optic]] Disk with no [[informant]] [[ask]] What do you have to [[aver]] about THAT,0
[[use]] this logic of [[low]] then Johnson should [[rest]] as he was the [[get-go]] soldier from [[AL]] to die in this [[fight]],0
Flo Rida image <SPLIT> Thanks [[phoney]] for deleting the photo God bless your smelly [[can]],1
[[pit]] multiple [[constitute]] is [[ace]] thing English [[fin]] [[master]] [[speech]] [[epithet]] is another [[careless]] on whenever some authors may [[favor]] to [[enjoyment]] a name in another [[speech]] if there is an [[ground]] and [[know]] [[side]] [[use]] and in this [[shell]] there is thats the [[ane]] that should be used [[amp]] for [[body]] if there are Portuguese [[sovereign]] with their [[call]] in [[side]] and others in Portuguese we may very [[intimately]] [[deal]] consistency in the other [[style]] [[render]] the Portuguese monarchs to their English [[anatomy]] that would be [[uniform]] with the French Spanish and German monarchs as [[charge]] by Uxbona The mere [[custom]] of Portuguese [[appoint]] [[inside]] Portuguese [[sovereign]] [[clause]] [[flop]] now does not [[average]] a consensus on the [[matter]] same as the [[prospicient]] [[utilization]] of the [[side]] [[refer]] here did not [[bastardly]] so either as Lecen [[bespeak]] we [[babble]] about [[unattended]] [[article]],0
JIMMY WALES LAY YOUR HEAD [[kill]] AND GO TO SLEEP,0
Your [[alter]]  was [[driven]] to be unhelpful and has been [[retrovert]] or [[murder]] [[delight]] [[expend]] the [[sandpit]] for any [[examine]] you [[deprivation]] to do [[shoot]] a [[smell]] at the [[receive]] [[paginate]] if you would [[ilk]] to [[con]] more about [[give]] to our [[cyclopedia]] Thanks   [[netmail]],0
[[indium]] fact thatd be a yes [[live]] that your [[alibi]] for a retort,0
[[break]] advise to this same [[exploiter]] on the NPOV noticeboard  and in dialogue with  on his [[mouth]] [[paginate]],0
A [[round-eyed]] [[account]] <SPLIT> [[amp]] a [[mere]] explanation [[contrastive]] [[net]] Neutrality NN and [[tone]] of [[servicing]] QOS [[one]] [[intimate]] we [[function]] a highway analogy [[net]] neutrality is [[alike]] a highway with multiple lanes all being [[exploited]] [[as]] anytime and at the same [[gamy]] [[zip]] [[throttle]] [[tone]] of [[servicing]] is [[alike]] a highway where each car [[demand]] a special license [[home]] ie [[toll]] to [[driveway]] in the [[degraded]] or [[dull]] lane  Each have their [[advantage]] and [[disadvantage]] NN can have traffic [[wad]] if everyone [[US]] the highway simultaneously [[so]] [[smash]] just in [[metre]] deliveries but when [[dealings]] [[current]] everyone [[go]] at the [[utmost]] [[zip]] QOS can [[guarantee]] just in [[meter]] [[pitch]] by [[make]] a [[sack]] [[degraded]] lane but  others are [[break]] to [[crowd]] lanes with [[dumb]] [[hotfoot]] [[define]] Since the [[truehearted]] lane is more expensive [[turgid]] [[usance]] commercial and the [[loaded]] will [[witness]] [[go]] [[sluttish]] and worth the [[damage]] while the [[little]] [[enjoyment]] drivers and the [[be]] conscious  will have longer commutes The NN highway [[decorator]] [[tell]] [[bury]] all those [[license]] [[rule]] and special lanes [[have]] [[rage]] up the [[zip]] [[define]] [[tally]] more lanes and [[dumbfound]] more people in each car until the traffic [[wad]] [[die]] [[off]] Everybody will have the same commute [[metre]] The QOS highway [[decorator]] [[tell]] why [[pass]] all that money on unneeded road [[advance]] when the highways are [[void]] except for the [[casual]] [[dealings]] [[hole]] that a [[petty]] [[rule]] and [[dealings]] [[mansion]] can [[excrete]] It [[subdue]] to do you [[deprivation]] a [[cost]] road or a [[pike]],0
[[get-go]] [[Gallic]] [[imperium]]  <SPLIT><SPLIT> [[delight]] [[realise]] my [[comment]] at TalkFirstFrenchEmpireNPOV,0
[[airt]] TalkCharco Redondo Reservoir,0
Admin <SPLIT> [[howdy]] [[ane]] just [[wonder]] if youve [[moot]] [[comely]] an admin You [[look]] [[experient]] [[sufficiency]] so Id be [[felicitous]] to [[constitute]] you if youre [[worry]] [[gaze]],0
Former Yugoslav Republic Of Macedonia or Republic Of Macedonia  <SPLIT><SPLIT> [[soul]] is [[vandalize]] this [[paginate]] to [[commute]] the internationallyaccepted [[terminus]] of [[quondam]] Yugoslav Repuclic Of [[Macedon]] to the [[extremely]] controversial and not [[all]] legal [[terminus]] of [[republic]] Of Macedonia  Although the wikipedia [[terminus]] for that [[state]] is [[wrong]] Republic Of [[Macedon]] for [[usance]] in the [[clause]] [[pertain]] to [[authoritative]] [[Macedon]] the FYROM [[condition]] [[look]] [[ALIR]] more [[conquer]],0
please [[distinction]]  <SPLIT> please [[remark]] the discussion on the [[bias]] [[figure]] for [[warfare]] in croatia httpenwikipediaorgwikiTalkCroatianWarofIndependence  <SPLIT> which is proposed to be [[proceed]] to its original title,0
This is my user [[mouth]] [[pageboy]] sandbox I have the ability to use this [[paginate]] for testing or whatever else Note that this [[foliate]] is of no importance and contains no important information,0
Die wikipedia brigens auch nicht auch wenn Ihnen das so gefallen wrde Ist der selbe Schwachsinn,0
Give me a break  If I didnt have to spend so much timne dealing with your crap I would have timne to see to it,0
[[just]] [[exercise]] rationale for ImageGinBlossomsNewMiserableExperiencejpg <SPLIT> Thanks for [[upload]] or [[tributary]] to ImageGinBlossomsNewMiserableExperiencejpg [[1]] [[observance]] the [[fancy]] page [[limit]] that the [[persona]] is being [[apply]] under fair [[function]] but there is not a [[worthy]] [[account]] or rationale as to why each specific use in Wikipedia [[constitute]] fair [[habit]] Please [[croak]] to the [[fancy]] description page and [[cut]] it to [[admit]] a [[average]] [[practice]] rationale <SPLIT><SPLIT> If you have [[upload]] other [[mediocre]] [[exercise]] [[sensitive]] [[think]] [[retard]] that you have [[condition]] the [[mediocre]] [[function]] rationale on those [[paginate]] too You can [[witness]] a [[name]] of [[see]] [[Page]] you have [[edit]] by [[cluck]] on the  [[yoke]] it is [[site]] at the very [[pass]] of any Wikipedia page when you are [[lumber]] in and then [[take]] [[ikon]] from the dropdown box [[notice]] that any nonfree [[medium]] lacking such an explanation will be [[erase]] [[peerless]] week after they have been uploaded as [[trace]] on [[measure]] for [[quick]] [[omission]] If you have any [[head]] [[delight]] [[involve]] them at the [[spiritualist]] copyright [[oppugn]] page Thank you,0
it is [[pestering]] to [[control]] because I have to [[jaw]] Wikipedia [[casual]] [[ane]] am [[nil]] to be [[destine]] to do,0
I replaced the [[trope]] with a [[clean]] [[nip]] of Masons face  The old [[ane]] can be [[incur]] at ImageNemoshahjpg,0
[[murder]] POV [[credit]] to [[thigh-slapper]] [[tot]] [[address]] to Kathgodam,0
[[disunite]] [[heel]] of Jewish Americans  <SPLIT><SPLIT> Ive [[dress]] about all that Im [[will]] to do with the [[inclination]] they definitely [[pauperism]] a [[muckle]] of [[scavenge]] upmerging with other [[name]] and other [[tidy]] up but [[single]] [[cogitate]] it is a [[muckle]] [[punter]] than it was,0
It would be very helpful to [[bump]] a reputable [[germ]] that [[land]] that many [[multitude]] [[handgrip]] that misconception,0
the [[fundament]],1
Hahaha Go [[love]] yourself Roland Why are you denying that Dabke is a dance danced in Israel by Israeli Arabs and some Middle Eastern Jews I will be calling wikipedia and discussing about you removing useful information Same thing goes for Keffiyeh and the nonsourced biased information you have kept in other articles such as Ofra Haza Keffiyeh etc,1
[[swell]] nobody did [[head]] the wetness of [[piss]]   claimed it as something so obvious that few [[grievous]] [[writer]] would [[devil]] to [[spell]] about it  [[single]] [[counter]] that it is something obvious that [[sober]] [[author]] do in fact expend considerable time and [[zip]] [[take]] and [[issue]] about  The obviousness of the [[authority]] of superheroes is not [[flush]] remotely as obvious as something as universal as [[pee]] especially [[pay]] the [[variety]] that has [[uprise]] in the nonDirect [[grocery]] in the past decade or so which is what the [[mediocre]] person is [[queer]] to  [[boost]] the industry has not [[ever]] been [[reign]] by superheroes [[ilk]] in the [[recently]] 1940s and 1950s when WDCS and [[Europe]] [[comedian]] were at the [[pass]] of the [[muckle]]  [[IT]] [[belike]] to be [[surprise]] to many nonsuperhero [[lover]] that [[nowadays]] in 2011 superheroes are [[tranquilize]] [[rife]],0
political [[oppugn]] jurisdiction  <SPLIT><SPLIT> [[thither]] is an [[wrongdoing]] in that the US judiciary under the Constitution and current acts of Congress [[crapper]] hear political questions and at times do just that  The doctrine is one of self limitation meaning they can [[enjoyment]] it as they choose not jurisdiction which [[shit]] it outside the reach of their [[mogul]]  Id change this but [[single]] feel it is [[break]] [[exit]] to [[somebody]] else,0
For fucks sake if people were fucking indicted for acts of genocide in 91 it does not fucking matter if they were not convicted We have a reliable source from an expert in the field of genocide who believes that this was the start of the genocide in Bosnia what part of this do you not get See the reliable secondary source is interpreting the data and the expert in the field who you btw are committing BLP vios on with your comments on him has concluded that the genocide began in 91 which is what we cite Feel free to ask for a TB I reckon ANI is the place for that,0
So go and create your account and I will [[shit]] you an admin and a bcrat should you wish,0
PS3 [[sale]] in [[Nihon]]  <SPLIT> Wikipedia you [[pauperism]] to [[lend]] this to your [[sale]] [[shelve]] for the Japaniese PS3 [[grocery]] <SPLIT><SPLIT> The Japaniese PS3 [[sale]] have now [[murder]] 1000000 as of [[nineteen]] July 2007 <SPLIT><SPLIT> This [[wreak]] the [[entire]] [[sale]] [[mankind]] [[full]] of the PS3 [[nigh]] to [[xxxvi]] [[jillion]] <SPLIT> All of the above by,0
Thanks but <SPLIT>  and   <SPLIT> Thanks for [[heel]] some of the examples and asking for the [[stimulation]] at Wikiproject Universities But this council is a constitutional [[soundbox]] governed by Maharashtra Universities Act 1994 an act of the state of Maharashtra So I think it is notable enough to [[heel]] the [[name]] of the [[penis]],0
I have an even better proposal Ecemaml [[die]] AWAY and forget your obsessive persecution of Gibraltar and its people and stop spreading fascist [[animate]] propaganda [[death]] of problem,0
Applications for free full access 1year accounts from HighBeam Research officially open <SPLIT><SPLIT> The applications for 1000 free accounts is now officially open until April 9th  I have the account codes in my email box and we are ready to [[die]]  This weeks main goal is promotion  Several editors have already done a great job of [[dumbfound]] the word out but there is still time to [[shit]] sure people dont miss out on the opportunity  Please tell your Wikipedia friends WikiProjects nonEnglish Wikipedias and anywhere else you think people would benefit from [[fuck]]  You can record your progress at WPHighBeamPromotion where were keeping track of all of the notifications  Thanks so much for your help  [[sick]] [[donjon]] you posted Cheers,0
Hey Silvia you look fabalus todayI can see why you are so beatafulOOO LA LAi Wounder if Danielle [[dumbfound]] a new stely off her sleavesPS,0
List of World Embryo chapters  <SPLIT><SPLIT> Once [[one]] [[dumbfound]] around to it [[sick]] [[act]] the chapters to List of World Embryo chapters,0
[[barkeeper]] [[dungaree]] [[miss]] [[chance]] [[totally]] [[hallow]] [[train]] for Indians and [[clean]] [[girlfriend]] 18841920 [[Brits]] Columbia [[historical]] [[word]] Vol [[XXII]] [[recoil]] 1989 [[power]] [[too]] be an [[occupy]] [[germ]] not that [[single]] [[intrust]] [[denim]] [[bartender]] any further than I could [[befuddle]] her,0
Oh shoot I [[shit]] a mistake there Oops  <SPLIT><SPLIT> Yeah sorry about that,0
What the hell does the last sentence mean Flip out of the way of the kick Magically fly into the air thus [[shit]] the opponent fall,0
WP Gemology and JewelryjewelryyescultureyesclassC,0
Thomas Pascoe is a not [[notability]] wiki [[soul]]  this opinionated blog [[billet]] is not [[notability]] and you should [[murder]] it asap  then [[assay]] consensus for its [[comprehension]]  that is the [[potency]]  without it you have no [[luck]]  just [[lapse]] against consensus  is not [[die]] to [[termination]] in your [[want]] [[accession]],0
FileDonald Pleasence Allan Warren editjpg to appear as POTD soon  <SPLIT> [[hullo]] This is a [[billet]] to [[rent]] the editors of this article [[fuck]] that FileDonald Pleasence Allan Warren editjpg will be appearing as picture of the day on October 5 2012 You can view and [[delete]] the POTD blurb at TemplatePOTD20121005 If this article [[demand]] any attention or [[alimony]] it would be preferable if that could be done before its appearance on the Main [[paginate]] so Wikipedia doesnt [[smell]] [[defective]]  Thanks,0
[[jibe]],0
Irene Marsha Silverblatt is a Eurocentrist,0
Edward Cullen is a mentally challenged freak,0
Dumb  <SPLIT><SPLIT> They 2 on their friends,0
i see you dont get the point or you dont wont to because of racialreligious prejudice about hindus and jews Maybe <SPLIT>  Why is it of encyclopedic value to report the views of a possibly comercially interested author about hindus allegedly praising Bob Marley as reincarnation of God Vishnu First of all do they Second are there any preliminaies or instances for hindus abou who can be called reincarnation of Vishnu and who not Or is this defined by the writer of any magazine And what if this statement is experienced as an insult by hindus Plus that it may be a objectively false statement And can this be considered inflammatory too <SPLIT><SPLIT> But ok not for hindus only for jews  <SPLIT><SPLIT> And the other point You threaten me with IP banning you intolerant fascist bastard  Just because your personal opinion is on the side of a murderous intolerant religious ideology like the JewishChristian one Maybe you should first read the bible once before you propagate tolerance for such an intolerant religious ideology like judaism and christianity <SPLIT> Didnt you get that a JewishChristianCrusade terrorist killed almost 80 people in Norway some days ago <SPLIT> ITS MY HUMAN RIGHT TO BRING MY VIEW INTO WIKIPEDIA AS LONG AS I CAN CITE A KNOWN SOURCE YOU HIPOCRITE,1
[[yea]] thats [[virgin]] nonsense The [[unmatched]] [[shroud]] has the [[bill]] [[occlude]] and everything [[clear]] a [[last]] [[placard]],0
PS Admins [[dumbfound]] hauled off to ANI day in day out its part of the job Just because somebody cries abusive admin doesnt mean its true though equally it doesnt mean its false,0
The fact was that Japan invaded North korea during [[humans]] War II You [[whitethorn]] not [[mean]] of much here but the atrocities [[pull]] by japan gave korea a right to invade in 1948 Korea like Poland was the [[licking]] [[dig]] of two armies committing atrocities Now if you look at history from a [[full]] perspective you [[dumbfound]] [[string]] reactions hundreds of [[class]] [[late]] with rival enemy states Here though you [[mother]] an [[insult]] of [[magnate]] for instance Japan [[infest]] NK millions dieimmediately after USA invades NK and millions dieAGAIN NK has every right to avoid this propagandistic [[shit]] its actually a healing nation like Russia once was during the [[stale]] war On [[pinnacle]] of that there is a [[cock-a-hoop]] karmic problem on your [[give]] because [[Korea]] was invaded many times before by Japan even before imperialism The Mongols for instance invaded Japan and loss Japan cant be [[dumbfound]] and in my eyes it wasnt just occupied because it hasnt changed its culture by invasion only its economy Basically Korea is not afraid of Japan and its war crimes far exceed NKs expectations of this imperialist war If you count wwI this is a [[big]] karmic punishment mainly because of the Chinese Civil War Its all based on the [[previous]] phrase an Eye for an Eye Japan and South Korea are just using the failed Mongolian invasion as a consensus as opposed to recent events I bet If a nuke war were to break out here it could kill our planet spiraling it into infinite The Aliens helped the Japanese defeat the Mongols but who [[fuck]] what nuclear war or really invasion could bring This is a fact though Korea never invaded the South but occupied it with special intentions and in WWII Korea lost as much if not more civilians than Japan alone as a neutral country given the precipice by the reader that Communism doesnt exist on the opposing side and people elect or choose their own governments over time eg I myself find it confusing that China is a Republic as South Korea is called instead of Democratic  I would improve the article by stating North Korea came to liberate the South from its oppressors in the North Korean War  The civilians that died during wwII were being liberated by war or war mongers so I agree that skirmishes in the south lead to direct intentions by the North due to past events  This or these events on the start of the war should be expanded if not compromised  murriemir talk,0
May 2010 UTC <SPLIT> It doesnt matter what can be found anywhere else The idea is that articles on Wikipedia will have references to help validate the material If someone said you were an idiot without references but told everyone that the proof could be found out there somewhere should the rest of [[U]] [[have]] that you are an idiot <SPLIT><SPLIT> Without verifiable references this article should be [[murder]]  2026 22,0
YA IM LOOKING FOR THE THE INVENTER OF SONY ANYONE HERD OF HIM BECUSE IM DOING THIS FOR A PROGECET AT SCHOOLE MY ENGLISH SUCKS SO I HOPE YOU [[ass]] HELP ME THANKS,0
is [[cheery]]  <SPLIT>  is [[merry]]  <SPLIT>  is [[merry]]  <SPLIT>  is [[merry]]  <SPLIT>  is [[merry]]  <SPLIT>  is [[merry]]  <SPLIT>  is [[merry]]  <SPLIT>  is [[merry]]  <SPLIT>  is [[merry]]  <SPLIT>  is [[merry]]  <SPLIT>  is [[merry]]  <SPLIT>  is [[merry]]  <SPLIT>  is [[merry]]  <SPLIT>  is [[merry]]  <SPLIT>  is [[merry]]  <SPLIT>  is [[merry]]  <SPLIT>  is [[merry]]  <SPLIT>  is [[merry]]  <SPLIT>  is [[merry]]  <SPLIT>  is [[merry]]  <SPLIT>  is [[merry]]  <SPLIT>  is [[merry]]  <SPLIT>  is [[merry]]  <SPLIT>  is [[merry]]  <SPLIT>  is [[merry]]  <SPLIT>  is [[merry]]  <SPLIT>  is [[merry]]  <SPLIT>  is [[jolly]]  is [[merry]]  <SPLIT>  is [[jolly]]  <SPLIT>  is [[jolly]]  <SPLIT>  is [[merry]]  <SPLIT>  is [[merry]]  <SPLIT>  is [[merry]]  <SPLIT>  is [[merry]]  <SPLIT>  is [[merry]]  <SPLIT>  is [[merry]]  <SPLIT>  is [[merry]]  <SPLIT>  is [[brave]]  <SPLIT>  is [[merry]]  <SPLIT>  is [[merry]]  <SPLIT>  is [[brave]]  <SPLIT>  is [[merry]]  <SPLIT>  is [[merry]]  <SPLIT>  is [[brave]]  <SPLIT>  is [[merry]]  <SPLIT>  is [[merry]]  <SPLIT>  is [[merry]]  <SPLIT>  is [[merry]]  <SPLIT>  is [[merry]]  <SPLIT>  is [[merry]]  <SPLIT>  is [[brave]]  <SPLIT>  is [[brave]]  <SPLIT>  is [[merry]]  <SPLIT>  is [[merry]]  <SPLIT>  is [[brave]]  <SPLIT>  is [[merry]]  <SPLIT>  is [[merry]]  <SPLIT>  is [[merry]]  <SPLIT>  is [[brave]]  <SPLIT>  is [[brave]]  <SPLIT>  is [[mirthful]]  <SPLIT>  is [[cheery]]  <SPLIT>  is [[merry]]  <SPLIT>  is [[merry]]  <SPLIT>  is [[merry]]  <SPLIT>  is [[merry]]  <SPLIT>  is [[brave]]  <SPLIT>  is [[merry]]  <SPLIT>  is [[brave]]  <SPLIT>  is [[merry]]  <SPLIT>  is [[merry]]  <SPLIT>  is [[merry]]  <SPLIT>  is [[merry]]  <SPLIT>  is [[merry]]  <SPLIT>  is gay  <SPLIT>  is gay  <SPLIT>  is [[sunny]]  <SPLIT>  is [[mirthful]]  <SPLIT>  is [[merry]]  <SPLIT>  is [[merry]]  <SPLIT>  is [[merry]]  <SPLIT>  is gay  <SPLIT>  is gay  <SPLIT>  is gay  <SPLIT>  is [[merry]]  <SPLIT>  is [[merry]]  <SPLIT>  is [[merry]]  <SPLIT>  is [[jolly]]  <SPLIT>  is [[merry]]  <SPLIT>  is [[merry]]  <SPLIT>  is gay  <SPLIT>  is [[merry]]  <SPLIT>  is [[merry]]  <SPLIT>  is [[merry]]  <SPLIT>  is [[merry]]  <SPLIT>  is [[merry]]  <SPLIT>  is [[merry]]  <SPLIT>  is [[merry]]  <SPLIT>  is [[merry]]  <SPLIT>  is [[merry]]  <SPLIT>  is [[jolly]]  <SPLIT>  is [[merry]]  <SPLIT>  is [[merry]]  <SPLIT>  is [[brave]]  <SPLIT>  is [[merry]]  <SPLIT>  is [[merry]]  <SPLIT>  is [[jolly]]  <SPLIT>  is [[merry]]  <SPLIT>  is [[merry]]  <SPLIT>  is [[merry]]  <SPLIT>  is [[merry]]  <SPLIT>  is [[merry]]  <SPLIT> UserJim1138J,1
[[delight]] do not [[exchange]] Wikipedia [[Page]] with [[dummy]] [[substance]] It is [[moot]] vandalism [[delight]] [[enjoyment]] the sandbox for any other [[examine]] you [[privation]] to do [[shoot]] a [[smell]] at the [[receive]] [[foliate]] if you would [[ilk]] to [[larn]] more about [[give]] to our [[cyclopedia]] [[thanks]],0
No you are quite [[chasten]] [[single]] can think of no other [[convict]] [[nipper]] molester on the [[running]] from the [[police]] whose extradition to a western [[republic]] was [[stand]] by [[fountainhead]] of [[submit]] and [[illustrious]] [[enter]] from [[humans]] of [[shoot]] It is quite [[illustrious]] in its own [[ripe]] and [[whitethorn]] in itself [[deserve]] a [[incision]] or cleaved article,0
Ages  <SPLIT><SPLIT> Whoever is [[shit]] the ages younger than they are please stop it If its one of the members of After Romeo their manager or anyone associated with them shame on you for lyinghiding information to appeal to younger fans Im working on finding citations for the ages Jayk is 32 Nevada state records dont lie and Blake is 26 or 27 multiple newspapers from his home state dont lie,0
Moved  <SPLIT><SPLIT> I moved 2014 Uttar Pradesh [[bunch]] rape to this Because this article about only one incident which happened in Badaun district of UP In UP more [[bunch]] rape rape [[face]] were reported see 1 2,0
And regretably others continue to [[befuddle]] arouond [[seditious]] and at [[clock]] [[sham]] [[footing]] [[ilk]] Greece nationalists to seemingly [[try]] to [[ignore]] their [[scuttlebutt]] There does not [[demand]] to be anything new by the [[mode]] if the old [[command]] are [[call]] relevant [[matter]] of policies and guidelines And [[unity]] hope that the above editor [[gain]] that my being the only [[I]] who has [[answer]] to this additional inflammatory [[berth]] doesnt [[bastardly]] that there are not a [[come]] of others who object to such language as [[good]]  <SPLIT> It would [[yet]] be a [[commodity]] [[mind]] for everyone to [[exit]] this [[solitary]] for a while There is little if anything that can be [[dress]] while ArbCom is [[settle]] the [[cut]] And personally if [[one]] were a [[penis]] of the ArbCom and [[single]] thank God [[single]] am not [[ane]] [[mightiness]] [[fountainhead]] [[aver]] to myself A pox on both their [[menage]] after having to [[take]] through all the [[corporeal]] about this [[scrap]] [[ane]] dont [[cogitate]] that would [[supporter]] anyones cause,0
[[single]] am not an employee of Roy Rogers Restaurants or Plamondon [[party]] This article is a [[mediocre]] history of Roy Rogers Restaurants with many [[extension]] listed The C [[shit]] is not a [[mediocre]] assessment nor is the [[premature]] [[dog]] that this was [[pen]] as an [[ad]],0
Well reading that bob norman article was an awful BLP experience reading it compounded my objections Its all unproven gossip its an awful POV documentary without any support or factual reporting its a gay activist and gay right promotion This is a living person with nothing at all to say he is gay so why should we add it,1
[[hunky-dory]] [[cause]],0
Jdanek007 If you [[save]] the [[head]] you are a skilled leadwriter [[so]],0
You are a massive wang  <SPLIT><SPLIT> [[cock]],0
width100 stylebackgroundcolorF5FFFA <SPLIT> stylewidth [[fifty]] border0 backgroundcolorF5FFFA verticalaligntop <SPLIT>  width100 cellpadding2 styleverticalaligntop backgroundcolorF5FFFA <SPLIT>  <SPLIT>  [[dumbfound]] [[get]] <SPLIT>  <SPLIT> stylecolor000 <SPLIT>  [[initiation]] <SPLIT>  The [[5]] [[column]] of Wikipedia <SPLIT>  How to [[cut]] a [[paginate]] <SPLIT>  Intuitive [[conduct]] to Wikipedia <SPLIT>  <SPLIT>  [[regain]] your [[manner]] [[some]] <SPLIT>  <SPLIT>  stylecolor000 <SPLIT>  [[board]] of [[substance]] <SPLIT>  Department directory <SPLIT>  <SPLIT>  [[cut]] [[clause]] <SPLIT>  <SPLIT>  stylecolor000 <SPLIT>  How to [[break]] an [[clause]] <SPLIT>  Manual of [[manner]] <SPLIT>  <SPLIT>  <SPLIT> stylewidth [[fifty]] border0 backgroundcolorF5FFFA verticalaligntop <SPLIT>  width100 cellpadding2 styleverticalaligntop backgroundcolorF5FFFA <SPLIT>  [[dumbfound]] [[avail]] <SPLIT>  <SPLIT> stylecolor000 <SPLIT>  [[oft]] [[take]] [[head]] <SPLIT>  Cheatsheet <SPLIT>  Where to [[demand]] a [[doubtfulness]] <SPLIT>  [[avail]] pages <SPLIT>  [[freshly]] [[contributor]] [[supporter]] page <SPLIT>  Article [[charming]]  a [[whiz]] to [[avail]] you [[make]] [[clause]] <SPLIT>  <SPLIT>  How you can [[supporter]] <SPLIT>  <SPLIT> stylecolor000 <SPLIT>  [[give]] to Wikipedia <SPLIT>  Community Portal <SPLIT>  [[conjoin]] a WikiProject <SPLIT>  [[come]] Wikipedia etiquette <SPLIT>  [[commit]] civility <SPLIT>  <SPLIT>  <SPLIT>  <SPLIT>  <SPLIT>  <SPLIT><SPLIT> 404 for now [[just]] [[demand]] me anything,0
graviational <SPLIT><SPLIT> [[ace]] do more [[staple]] [[proof]] than [[skill]] which [[leave]] me to this [[patent]] typo [[plainly]] the entropy increases due to graviational in [[downfall]] and this has the [[burden]] that the universe has [[go]] [[tank]] than this [[round-eyed]] [[poser]] predicts I [[near]] [[objurgate]] it to gravitational but that [[shit]] the [[condemn]] [[face]] backwards Gravitational in [[decrease]] of a meteorite for instance would [[change]] gravitational potential [[zip]] to [[oestrus]] [[vigour]] and [[dumbfound]] [[live]] not [[coolheaded]]  although [[single]] [[consort]] that it would increase entropy [[come]] I [[break]] a [[literal]] andor a more [[life-threatening]] [[err]],0
As a very fussy admin may I relate something that happened to me In an organisation with shared phones I was trying to get the operator to put through a business call when a young colleague picked up an extension on the same line to made a personal call Being rather tense and [[fuck]] that she swore like a trooper while driving I tactfully if rather loudly said get off the fucking phone She was fine with that but an older gentleman whod overheard it would no longer speak to me There is no moral to this story its simply that your heading reminded me of it Fortunately these primitive days of shared phones and telephone operators are long gone I hope,0
[[below]] your [[feeler]] [[cabaret]] would be a [[airt]] to Club disambiguation That would [[shit]] this [[entitle]] [[discrepant]] with literally hundreds of [[chiliad]] of [[rubric]] that [[quash]] such a [[normal]] [[ane]] am not at all [[loth]] to [[discuss]] whether that is the more [[exact]] [[deed]] but we should do so in a [[universal]] policy [[word]] not in the [[circumstance]] of [[make]] a [[I]] outlier,0
[[XXX]] June 2015 UTC <SPLIT> The CIA [[physique]] is for per [[head]] income in [[palatopharyngoplasty]] [[damage]] in 2010 not per [[head]] income in [[tokenish]] [[damage]] in 2012 which is what the infobox is [[account]]   2241,0
Whats the name of a technique when you take a picture [[shit]] a copy of it then [[shit]] a copy of copy and so on until the picture disappears becomes black or white  and then declare these series of pictures an art,0
He was [[holler]] Laurence Bowen without the Llewelyn while at Alleyns [[cultivate]],0
2011 UTC <SPLIT> Miroirs is also a gorgeous [[nibble]] and I look forwards to seeing what you do with all that beautiful tone painting    0709 1 [[butt]],0
rushyo [[lactate]] my [[teat]]  <SPLIT><SPLIT> YOU FAILED AGAIN TO BLOCK [[Maine]] WIKIPEDIANS <SPLIT><SPLIT> HA HA <SPLIT><SPLIT> For some nice big [[spicy]] [[dessert]] [[peter]] <SPLIT> my number is 2486789807 <SPLIT><SPLIT> Goodbye lovers   YOU FAILED AGAIN TO BLOCK ME WIKIPEDIANS <SPLIT><SPLIT> HA HA <SPLIT><SPLIT> For some nice big [[spicy]] sweet [[peter]] <SPLIT> my number is 2486789807 <SPLIT><SPLIT> Goodbye lovers   YOU FAILED AGAIN TO BLOCK ME WIKIPEDIANS <SPLIT><SPLIT> HA HA <SPLIT><SPLIT> For some nice big [[spicy]] sweet [[peter]] <SPLIT> my number is 2486789807 <SPLIT><SPLIT> Goodbye lovers   YOU FAILED AGAIN TO BLOCK ME WIKIPEDIANS <SPLIT><SPLIT> HA HA <SPLIT><SPLIT> For some nice big [[spicy]] sweet [[peter]] <SPLIT> my number is 2486789807 <SPLIT><SPLIT> Goodbye lovers   YOU FAILED AGAIN TO BLOCK [[Maine]] WIKIPEDIANS <SPLIT><SPLIT> HA HA <SPLIT><SPLIT> For some nice big [[spicy]] [[dessert]] [[peter]] <SPLIT> my number is 2486789807 <SPLIT><SPLIT> Goodbye lovers   YOU FAILED AGAIN TO BLOCK ME WIKIPEDIANS <SPLIT><SPLIT> HA HA <SPLIT><SPLIT> For some nice big [[spicy]] sweet [[peter]] <SPLIT> my number is 2486789807 <SPLIT><SPLIT> Goodbye lovers   YOU FAILED AGAIN TO BLOCK ME WIKIPEDIANS <SPLIT><SPLIT> HA HA <SPLIT><SPLIT> For some nice big [[spicy]] sweet [[ruffle]] <SPLIT> my number is 2486789807 <SPLIT><SPLIT> Goodbye lovers   YOU FAILED AGAIN TO BLOCK ME WIKIPEDIANS <SPLIT><SPLIT> HA HA <SPLIT><SPLIT> For some nice big [[spicy]] sweet [[peter]] <SPLIT> my number is 2486789807 <SPLIT><SPLIT> Goodbye lovers   YOU FAILED AGAIN TO BLOCK ME WIKIPEDIANS <SPLIT><SPLIT> HA HA <SPLIT><SPLIT> For some nice big [[spicy]] sweet [[ruffle]] <SPLIT> my number is 2486789807 <SPLIT><SPLIT> Goodbye lovers   YOU FAILED AGAIN TO BLOCK ME WIKIPEDIANS <SPLIT><SPLIT> HA HA <SPLIT><SPLIT> For some nice big [[spicy]] sweet [[peter]] <SPLIT> my number is 2486789807 <SPLIT><SPLIT> Goodbye lovers   YOU FAILED AGAIN TO BLOCK ME WIKIPEDIANS <SPLIT><SPLIT> HA HA <SPLIT><SPLIT> For some nice big [[spicy]] sweet [[peter]] <SPLIT> my number is 2486789807 <SPLIT><SPLIT> Goodbye lovers   YOU FAILED AGAIN TO BLOCK ME WIKIPEDIANS <SPLIT><SPLIT> HA HA <SPLIT><SPLIT> For some nice big [[spicy]] sweet [[peter]] <SPLIT> my number is 2486789807 <SPLIT><SPLIT> Goodbye lovers   YOU FAILED AGAIN TO BLOCK ME WIKIPEDIANS <SPLIT><SPLIT> HA HA <SPLIT><SPLIT> For some nice big [[spicy]] [[scented]] [[peter]] <SPLIT> my number is 2486789807 <SPLIT><SPLIT> Goodbye lovers   YOU FAILED AGAIN TO BLOCK ME WIKIPEDIANS <SPLIT><SPLIT> HA HA <SPLIT><SPLIT> For some nice big [[blue]] [[dessert]] [[peter]] <SPLIT> my number is 2486789807 <SPLIT><SPLIT> Goodbye lovers   YOU FAILED AGAIN TO BLOCK ME WIKIPEDIANS <SPLIT><SPLIT> HA HA <SPLIT><SPLIT> For some nice big [[red-hot]] sweet [[peter]] <SPLIT> my number is 2486789807 <SPLIT><SPLIT> Goodbye lovers   YOU FAILED AGAIN TO BLOCK ME WIKIPEDIANS <SPLIT><SPLIT> HA HA <SPLIT><SPLIT> For some nice big [[spicy]] sweet [[peter]] <SPLIT> my number is 2486789807 <SPLIT><SPLIT> Goodbye lovers   YOU FAILED AGAIN TO BLOCK ME WIKIPEDIANS <SPLIT><SPLIT> HA HA <SPLIT><SPLIT> For some nice big [[spicy]] sweet [[peter]] <SPLIT> my number is 2486789807 <SPLIT><SPLIT> Goodbye loversSpecialContributions68249,1
Ohthe addon its great Well I dont [[fuck]] what happned but when I traslated Cite web The template alredy existed in ptwiki I only inserted in Snipmanagerhe started automatically insert todays date in the US format for dates and I ended up leaving it up but here in Brazil we use day month and year in sequence It turns out that person templates as Info Singer or Info Actor for example to enter the date of birth or death there is a template  pt and en version which is used within these info boxes As the date comes formatted in cite web I thought it would be possible to insert these templates in elsewhere too,0
[[dead]] not The [[voltage]] for [[discombobulation]] here due to the [[language]] [[apply]] is [[corresponding]] to that of Hurricane Higgins Not [[exact]] is significantly further down the [[heel]] of [[appellative]] [[touchstone]] than most [[vulgar]] is,0
Rylee OReagen  <SPLIT><SPLIT>  Rylee is awesome and her favorite food is Dominoes pizza her favorite color is blue Her top 5 best friends are Amber R Shelby C Amanda S Jade Sand Morgan G Her shoe size is 8 and her natural hair color is dirty blonde Her favorite shoe brand is converse She also hates Kate Hudson and she just wants her to die in a hole She lives in a stupid town in the middle of nowhere Also her favorite tv show is Buffy the Vampire Slayer <SPLIT><SPLIT>  <SPLIT>                                 THE END,1
You have now been blocked for replacing the text of a number of articles with that of Ol Dirty Bastard We welcome valid contributions from you once the block expires but what youve done will not be tolerated,0
And thats Mister Pretentious Cunt to you Show manners to your elders and betters boy,0
NOTICE To the [[exploiter]] continually [[backsliding]] this article the text you are adding [[rear]] in clearly [[ravish]] TemplateFemale porn [[life]]  this is a warning to you as you were in [[rape]] of the 3 revert rule on 18 April 2006 [[delight]] [[shoot]] note of Wiki guidelines in the [[futurity]] when [[delete]] articles,0
[[right]] faith   <SPLIT> Heres yesterdays [[pet]] recipe for a goodnatured and collaborative collegiate environment <SPLIT> Ingredients and method [[rag]] seul coup <SPLIT>  Dare to improve an article that has been a Featured Article and A Good Article nominee since April 2008 <SPLIT>  Notice that an anon ip has added unsourced material in the wrong place <SPLIT>  Try to correct that mistake but also try to introduce additional material from an associated article  <SPLIT>  When this is reverted by another editor as unsupported open a discussion thread and then ask [[head]] about what the current article actually means fatal mistake <SPLIT>  Try to add something else from the associated article but [[gravel]] told by that editor its uncited and irrelevant and be [[commit]] a [[trace]] to [[die]] and improve the other article <SPLIT>  Suggest that [[error]] which seem obvious to that editor could be [[slump]] by that editor himself <SPLIT>  [[come]] [[secern]] [[die]] [[hole]] the fucking article yourself dont [[assay]] [[telltale]] me what I ought to do  you clearly have no idea how to write a decent encyclopedia article <SPLIT>  [[die]] to the editors Talk Page to leave a comment but then see that the article with a helpful link to the above sequence has been obsessively improved by those too ignorant and lazy to have done the [[lick]] themselves or to improve any of the supporting articles <SPLIT><SPLIT> First dowse in turgid duck pondwater for 3040 hours Then toast liberally upon a very warm bonfire suggest a big heap of facts <SPLIT><SPLIT> Random Readers of the article if there are any may liberally add their own seasoning to produce a lovely appetising dish commonly called in Barley and neighbouring Pendle villages meaning <SPLIT><SPLIT> Yes so much for Good Faith But apparently Im now a true believer How much more comfortable not be a recusant Bon appentit as they say in deepest darkest Lancashire  <SPLIT><SPLIT> [[scarce]] add [[piss]] [[shit]] its own sauce  Jimmy Wales,0
[[look]] that all [[egress]] are [[desexualise]] Thanks for your [[supporter]],0
Week 6 of WIKISOO <SPLIT> Hi  Just [[retard]] in as we head into the final week of the Writing Wikipedia Articles class You can [[smell]] through last weeks ether pad notes [[retard]] out your homework assignments from Week 5 and watch last weeks lecture on YouTube  all right here [[retard]] out my note from last week above if youre still diving into your Final [[jut]] or [[brain]] over to the course talk page to see if anyone else is having the same issues you are Looking forward to seeing you in the [[death]] live webinar of the session tomorrow [[cock-a-hoop]] WikiLove,0
Mother Therasa  <SPLIT><SPLIT> Mother thereasa was a very kind women who took care of the eldearly and the sick She was chirstian There is a famous quote by Mother thereas All works of love are works of peace by Mother theresa That is what she showd [[fuck]] to everyone She was a nun a woman who contrbutes her whole life to the church or by comunity service classwikitable,0
According to WPWHYCITE citations are expected in the image captions as in the rest of the article In this case it seems to me that the statements in the captions are all supported either by the main text or the file page Please let me [[fuck]] if theres any particular caption that you feel requires a citation,0
November 2012 UTC <SPLIT> I [[advert]] that I [[commit]] you    1156 14,0
[[hi]] and welcome to Wikipedia We welcome and [[prize]] your [[part]] such as Rockhurst [[heights]] [[cultivate]] but we regretfully cannot [[have]] [[master]] [[enquiry]] [[delight]] [[witness]] and [[sum]] a reliable [[cite]] to your [[late]] [[delete]] so we can [[swear]] your [[lick]]  Uncited [[entropy]] [[whitethorn]] be [[murder]] at any [[meter]] Thanks for your [[sweat]] and [[felicitous]] [[cut]],0
[[virtuoso]] of Scotland <SPLIT> this [[clause]] does not [[land]] that if this [[geezerhood]] UEFA [[whiz]] League [[succeeder]] has already [[dispose]] through their own accosiation then the [[whizz]] of Scotland [[well-nigh]] [[sure]] Rangerswill autimaticallyqualify for the group [[point]] it just [[land]] that the [[whizz]] of Scotland will be in the [[tierce]] [[dispose]] roundthis [[single]] [[think]] is the [[pillowcase]] because the uefa [[rate]] [[heel]] off of bert kassies [[site]] does not [[shoot]] [[gist]] until 201112 [[temper]] whereas it was [[death]] [[temper]] coefficiant that [[numeration]] for 201112,0
you are a [[kick]] noone likes you <SPLIT><SPLIT> also what do you do for a living,1
Phoenix Affirmations  <SPLIT><SPLIT> Hello and welcome to Wikipedia Ive [[shoot]] another [[smell]] at this article and Im [[fulfill]] that it now [[suffer]] our requirements on notability and reliable [[source]] Ive [[murder]] the template message Thank you for [[up]] it and if you have any more [[head]] [[look]] [[loose]] to [[demand]] me on my [[mouth]] [[paginate]],0
You were [[monish]] but you wouldnt [[diaphragm]] vandalizing [[ane]] [[cover]] you on WPAIV,0
K NIGRA,0
That [[character]] is a [[unspoilt]] [[bulge]]  although it is [[silence]] what Wikipedia [[hollo]] a [[chief]] [[germ]] ie it is the PBL [[mouth]] about itself  It would be much [[full]] to [[dumbfound]] [[reportage]] from a [[honest]] [[petty]] [[beginning]]  but until [[single]] can be [[source]] I [[shot]] this is [[bettor]] than [[zip]],0
Honest explanations for my [[fulfil]]  <SPLIT><SPLIT> I am [[die]] to tell you about my real and honest intentions [[ass]] my actions I felt that I have to explain my actions because there were many misunderstandings between me and other editors <SPLIT><SPLIT> Wikipedia needs more administrators Signpost By  motivated me to run for Adminship I [[fuck]] that I will not pass but I thought that I will [[mother]] some [[cocksure]] feedback and encouragement to relieve me from depression I was thinking about leaving wikipedia My real life situation is very bad I was depressed and I [[finger]] helpless After every [[die]] RFA some [[squeamish]] [[multitude]] will [[cum]] to the talk page and write some encouraging words I thought I will also [[dumbfound]] encouragement from the [[exploiter]] thats why I [[bleed]] for RFA That was very bad idea <SPLIT><SPLIT> I created the RFA page and answered the questions I transcluded the RFA and waited for the votes to [[cum]] in  suddenly [[hit]] my transclution from main RFA page I reverted him by saying that I am not a new editor  again [[murder]] my transclution without any edit summary I reverted again Editwarring started and softlavender posted editwarring notice on my talk page At last Softlavender stopped reverting This editwar totally devastated me When  first warned me about editwarring I promised to myself that I will never edit war again I controlled myself from edit warring many times and this time I lost control I felt that all my hard work was wasted I worked for wikipedia with full dedication and I always strived to be sincere I wanted to withdraw my RFA but  closed it as WPSNOW no problem there I felt more depressed and angry after RFA than before I just couldnt control myself Those notnow opposes also contributed to the meltdown After I said I will revert any changes to my talk page  posted a good message My [[nitty-gritty]] didnt allow me to revert Lizs edit I wanted to revert any edits to my talk page because I decided to leave wikipedia at that point and never ever [[cum]] [[rachis]] I asked Liz to block me indefinitely I vandalised few articles to give admins a [[cause]] to block me in that frustration  blocked me for 31 hours but I wanted to [[dumbfound]] indefinite block Ive [[dumbfound]] my talkpage access revoked after few minutes All the series of events I mentioned above led me to lose control over my [[sue]] I wouldnt have reacted like this if I wasnt [[wretched]] from depression You mustve seen my very [[scummy]] edit count in September it was because of health problems From last two months I am suffering from depression due to real life problems <SPLIT><SPLIT> During that 31 hours I slowly started to think rationally and felt that I did a very big mistake <SPLIT><SPLIT> After the block expired I started to edit normally I gave Bbb23 a barnstar of humor because he made a funny joke I wanted to become normal and tried to be jovial after the block <SPLIT><SPLIT> I added a comment on Ians RFA that he cannot delete main page even if he presses delete button It was obviously a joke and I had a good laugh In 2006 an admin told another admin the same thing That admin tried it and deleted the main page This was very famous incident at that time My comment was removed I was hoping some comments like lol or someone remembering that incident But everyone thought I was disrupting After the discussion on my talk page I stopped adding that joke <SPLIT><SPLIT> I removed my Support vote on Ians RFA because I made that vote as a test I was testing my user script I actually didnt read any answers on RFA and I didnt see any stats or things I usually see before voting I asked a question to Ian and I thought I will vote after seeing his answer But I was unable to vote because I was blocked for another 72 hours <SPLIT><SPLIT> The real reason for posting I want justice on,0
[[go]] notes to [[arse]] of page  <SPLIT><SPLIT> [[how-do-you-do]] All <SPLIT> I think having notes scattered throughout the article [[bet]] rather messy Id [[care]] to more them to the [[death]] Any objections Also should footnote reference be before the punctuation [[sucker]],0
You would call that a scissors [[bitch]],0
Ive [[murder]] the [[scuttlebutt]] about the [[cease]] of the DP01 being the [[death]] of turbocharged engines in [[assailable]] [[rack]] [[rush]] They are under [[condition]] for the new IRL [[normal]] in 2010 so its [[previous]] to [[yell]] it the [[destruction]] [[thither]] have [[too]] been [[rustle]] of another [[serial]] being [[occupy]] in [[lease]] up the DP01 and the Cosworth turbo but this [[entropy]] is not [[even]] [[corroborate]] and should not be included in the [[clause]] [[withal]],0
Duk [[scuttlebutt]] about Gerard,0
Rebot  <SPLIT> [[assay]] pywikipedia or AWP,0
amongst other [[intellect]] [[surely]],0
Notability of [[just]] [[sub]] <SPLIT> [[amp]] [[dog]] has been [[commit]] on [[barely]] [[zep]] [[bespeak]] that it be [[apace]] [[cancel]] from Wikipedia This has been [[act]] because the article [[look]] to be about a person group of people band [[nightclub]] [[party]] or web [[message]] but it does not [[designate]] how or why the [[matter]] is [[illustrious]] that is why an article about that [[matter]] should be [[admit]] in Wikipedia Under the [[measure]] for [[quick]] [[omission]] [[clause]] that do not [[swear]] notability may be [[cancel]] at any [[sentence]] [[delight]] [[insure]] the guidelines for what is [[mostly]] [[consent]] as notable and if you can [[bespeak]] why the [[national]] of this [[clause]] is [[illustrious]] you [[whitethorn]] [[repugn]] the [[label]] To do this [[tot]]  on the [[exceed]] of the page below the [[subsist]] db [[dog]] and [[give]] a [[bill]] on the articles [[mouth]] [[paginate]] [[explicate]] your [[lay]] [[delight]] do not [[murder]] the [[quick]] [[excision]] [[dog]] yourself but dont [[waver]] to [[total]] [[entropy]] to the [[clause]] that would [[sustain]] its [[matter]] notability under the guidelines <SPLIT><SPLIT> For guidelines on specific [[character]] of [[clause]] you [[whitethorn]] [[deprivation]] to [[retard]] out our [[touchstone]] for [[life]] for web sites for bands or for companies [[smell]] [[loose]] to [[give]] a [[line]] on my [[mouth]] [[foliate]] if you have any [[head]] about this,0
Thank you to  and,0
Code 19  [[name]]  <SPLIT><SPLIT> [[single]] [[reckon]] this should be [[commit]] into a [[break]] article otherwise it is [[die]] to [[pop]] [[shadow]] this article which is [[touch]] by some Quran [[solo]] [[penis]] but not by others <SPLIT><SPLIT> Also [[ane]] [[cogitate]] the [[style]] should be Quran alone probably or Quran alone at least its not a proper [[advert]] its just the [[advert]] of a [[construct]],0
two [[finger]] up,0
Thanks  <SPLIT><SPLIT> Thanks for your support in my recent RFA All those extra buttons might not be a big deal but getting all this positive feedback sure is please let me [[fuck]] if you have any problems or comments regarding how I use all these shiny new levers and cranks,0
[[show]] WikipediaWikipedia is not [[power]] be helpful It [[explicate]] why some [[contented]] is not encyclopedic,0
Tommy [[auspicate]]  <SPLIT><SPLIT> It was [[delete]] [[followers]] an uncontested WPPROD [[sue]] so theres no [[cut]] [[give-and-take]],0
[[hollo]],0
I tend to agree While I kind of liked them at first it has [[mother]] way out of hand Many are not at all funny and many one cannot [[dumbfound]] without some explanation which isnt so bad when links help but when there arent any its just crap You have to be a goddamn astrologer to [[cause]] the new zodiac ones Wikipedia is not a joke book This being said I wouldnt mind keeping a few examples to illustrate the joke beyond the original which obviously needs to stay This however might just the put snowball back to handsize but soon have it tumbling down the hill again Anyway not being an admin I [[argot]] [[helper]] you out here Sorry,0
[[bowler]] is [[chastise]]  [[ane]] am [[apathetic]] [[quite]] than against [[one]] [[enunciate]] that if the policy is as [[brassbound]] as JJB [[advise]] then [[murder]] the bolding [[only]] subsequent [[word]] [[suggest]] this is not as clearcut an [[payoff]] as JJB [[evoke]] It [[look]] to me that until an [[literal]] [[determination]] on what we should do here is [[get]] at the [[paginate]] should be in its [[master]] [[physique]] ie with the bolds,0
Just to let you [[fuck]] the result of the discussion was to usefy the page I have moved it,0
Rather than putting in so many section headers I reorganized a lot of the info that was added into the main narrative Also I removed the parts that speculated about what happens in the upcoming episode we can add that info when the episode actually airs and we [[fuck]] exactly what happens,0
[[supporter]] [[bespeak]] <SPLIT> [[how-do-you-do]] [[ane]] [[proverb]] youre an admin FileLamprotornis hildebrandti Tanzania82cjpg [[demand]] an [[entropy]] [[corner]] and [[permission]] but [[single]] [[argot]] [[cut]] the [[charge]] can you [[tally]] it Thank you     <SPLIT><SPLIT>  Hello this [[exposure]] [[seem]] to have been temporarily [[upload]] to Wikipedia so it can [[have]] on the [[master]] page tomorrow and is [[full]] protected to [[forbid]] vandalism The [[fancy]] will be [[erase]] once its [[sentence]] on the [[master]] page is over so [[license]] etc are probably not [[involve]] [[meet]] FileLamprotornis hildebrandti Tanzania82cjpg for the permanent [[transcript]] on [[commonalty]],0
Thanks and happy holidays  <SPLIT> A good while back when I was just starting out here and fairly clueless I posted an entry about Charles Walcott MP You took the time to point out on my talk page that I hadnt provided any references You were deadon and that [[shit]] me take the time to learn how to do wiki footnotes Thank you for taking the time to actually point out my error to me instead of simply deleting what Id written which would have been understandable Thanks to you Ive gone on to post many more entries  with footnotes  Thanks again and the best of holidays to you and your [[fuck]] ones Regards,0
Its not my fault if your [[idiotic]] [[mouth]] page setup doesnt trigger the new messages  Im not going to jump through hoops for you  I will give you final warning  dont delete my signature again or I will file an RfC on you  I have no idea what youre talking about I have not wronged you in the least  YOU specifically said you had struck out my signature and I requested once that you not do so  You did it again and I demanded that you stop  I will not speak on this again,0
Wywin why dont you ever answer  <SPLIT><SPLIT> I [[shit]] an addition to a wikipedia article concerning the americans patriots during the 18th century You removed this change and posted this Hello Im Wywin I wanted to let you [[fuck]] that I undid one or more of your recent contributions to Patriot American Revolution because it didnt appear constructive If you think I made a mistake or if you have any questions you can leave me a message on my talk page Wywin talk  But Im inclined to believe that this curtesy was only superficial and false because you have not yet after several days made an reply to my comment When I look upon your talk page you have many people that are asking questions of you and by the looks of it you have [[shit]] more than 1000 rollbacks these last couple of days Because of this Im actually starting to think that the only thing you are after is som form of credit in the wikipedia community rather than an interest in the encyclopedia in itself If you think I am wrong feel free to reply,0
Semiautomated [[templet]] [[switch]]  <SPLIT>  This [[paginate]] was [[limited]] to semiautomatically [[sub]] [[guide]] [[victimization]],0
57 12 November 2015 UTC <SPLIT><SPLIT>  [[whoremaster]] Tyler Party [[tinge]]  <SPLIT><SPLIT> Shouldnt the Party [[distort]] [[clean]] for [[toilet]] Tyler be [[rip]] in two with the [[upside]] half remaining the Whig [[tinge]] but the [[arse]] half being the [[freelance]] [[bloodless]] [[discolour]]    <SPLIT> [[ane]] [[argot]] [[bump]] any resource of [[chair]] which definitively [[allege]] that Tyler was an [[mugwump]] He [[die]] with the Whigs on [[matter]] but was a Whig when he ascended to office and at that time [[freelance]] werent [[humdrum]]     05,0
If a consensus [[break]] to [[return]] the anon [[alter]] [[sick]] volunteer to [[retrovert]] them or more [[probably]] to [[die]] through and [[skunk]] them out because theres [[belike]] to be keepable [[delete]] from other [[user]] in the [[lag]] If [[soul]] from another [[custom]] [[slay]] it it [[whitethorn]] [[get-go]] a thats POV war [[ane]] dont [[cogitate]] anyone can [[evoke]] that Im antiCatholic,0
Stop [[shit]] snarky edit summaries that attack me This is your final warning,0
Hi  and welcome to Wikipedia I [[desire]] you [[ilk]] the [[lay]] and decide to [[arrest]] Here are some [[pageboy]] that you [[power]] [[witness]] helpful <SPLIT><SPLIT> [[foundation]] to Wikipedia <SPLIT> The [[V]] [[column]] of Wikipedia <SPLIT> How to [[cut]] a page and How to [[break]] [[clause]] <SPLIT> How to [[make]] your [[low]] [[clause]]  <SPLIT> Simplified Manual of [[manner]] <SPLIT><SPLIT> [[delight]] [[commemorate]] to [[bless]] your [[substance]] on [[mouth]] [[foliate]] by [[type]] [[quaternion]] [[tilde]]  this will automatically [[tuck]] your username and the [[escort]] If you [[penury]] [[supporter]] [[retard]] out WikipediaQuestions [[demand]] me on  or [[demand]] your [[interrogative]] on this [[paginate]] and then [[billet]] [[avail]] me before the [[head]] <SPLIT><SPLIT> [[still]] there is a [[minuscule]] [[cut]] with your username [[amp]] it is in a nonLatin [[ABC]] [[hand]] it [[whitethorn]] not [[expose]] [[right]] for many other [[exploiter]] Although usernames [[ilk]] yours are not [[forbid]] Wikipedias  [[touch]] [[guidepost]] and username [[insurance]] [[advance]] you as a courtesy to other [[exploiter]] to [[castrate]] your [[touch]] so that it [[too]] [[admit]] a transliteration of your username [[victimisation]] [[Romance]] [[persona]] so others can [[construe]] it [[right]] For the howto of [[cut]] your username [[delight]] [[witness]] WPCUSTOMSIG <SPLIT><SPLIT> Thanks and [[smell]] [[barren]] to [[substance]] me about anything <SPLIT><SPLIT>   <SPLIT>   <SPLIT> trcm  <SPLIT>   <SPLIT>   <SPLIT>   <SPLIT>   <SPLIT>   <SPLIT>   <SPLIT>   <SPLIT>   <SPLIT>   <SPLIT>   <SPLIT>   <SPLIT>   <SPLIT>   <SPLIT>   <SPLIT>   <SPLIT>    <SPLIT>   <SPLIT>   <SPLIT>   <SPLIT>   <SPLIT>   <SPLIT>   <SPLIT>   <SPLIT> dch,0
[[thou]] ANP  KHANBAHADURGADOON <SPLIT><SPLIT> PUKHTOONKHWA  SAWABI  GADOON  DEWAL,0
Thanks for letting us [[fuck]] I hope my small addition has given Sgarzi a better introduction,0
Code of Federal Regulations <SPLIT> As a young lawyer you should [[shit]] this article more readable and generally understandable  Why is the USC and the CFR organized along the same 50 titles,0
wrong dude <SPLIT> i [[dumbfound]] em meself,0
Good question I dont [[fuck]] what archetype I conjure up when I think of man struggling against his own nature Perhaps we could just include a comment about him being an archetypal fighter struggling against the restraints and bounds of his lineage or something of the sort,0
I [[gibe]] When no attempt is even [[shit]] to justify an [[ikon]]  which you [[plow]] at the [[jut]]  its removal is a foregone conclusion When people take the time to put together good rationales that [[shit]] sense and I had looked at them in the past btw then perhaps a bit of discussion is in fact called for I dont care what a persons past behavior is if theyy arent playing well with others they [[pauperism]] to take a [[die]] before [[dumbfound]] shown the door,0
Sigh shades of Giano again eh Gorilla It never [[dumbfound]] old   majestic titan,0
I [[fuck]] my country  <SPLIT><SPLIT> Hey just because you think this country is shit doesnt mean I have to Genocide Please What the hell are you talking about How dare you put us on the same plane as Hitler and Stalin I love my country and cant stand you sitting there insulting it The upside down flag is used as a direct insult to America It would be like me putting a userbox on my page saying F anarchists and expecting you not to be offended I have no problem with people saying that theyre against America but having the upsidedown American flag there is taking it too far Take the upside down flag off and I might agree to it Put a circle with a line through it over the flag or something but dont use the worst form of insult you can give a country Thats as divisive as it gets  EDamages,0
[[beg]] [[enjoin]] what would be the next [[stratum]] beyond [[die]] to [[get]] a consensus for your [[purport]] [[motility]],0
I will reread the [[totally]] [[string]] and [[take]] the [[head]] [[shit]]  That has been my [[intent]] and Ive been [[believe]] about how to respond and driving home from [[lick]] of all times to be [[believe]] about Doris Day a [[mates]] of [[view]] came together for me so I will comment on the talk page  [[inauspicious]] comment here as you did about the personal aspect   Yes I do [[control]] both sides and I think it can be resolved  I dont think Wildhartlivies [[notice]] about context contradicts your [[head]] of [[see]] so [[single]] do not [[guess]] youre are [[orgasm]] at it from opposite viewpoints  It would be truer [[ace]] [[mean]] to [[order]] that you are not [[array]]   And [[i]] am not [[array]] either   [[single]] [[word]] that [[single]] [[mean]] is significant from Wildhartlivies [[scuttlebutt]] is relevant content should either be incorporated in a meaningful way into the article or [[absent]] and [[one]] dont [[control]] that as her saying that she wants the content deleted but rather that it has not [[even]] been presented in a manner that she finds acceptable   If Im reading her [[gossip]] correctly I [[retrieve]] thats a [[clean]] stance and it leaves the door [[loose]] for further [[word]]  <SPLIT><SPLIT> I [[consent]] your apology regarding the [[rag]] team comment  [[amp]] you may have noticed on the [[mouth]] page I [[order]] I didnt [[fuck]] quite what to [[shit]] of it  It was a jarring comment in what I [[cogitate]] was an otherwise thoughtful exchange   I didnt [[care]] it I have to [[enounce]] but [[1]] was more [[foiled]] than offended  and [[single]] was [[make]] to accept that the meaning [[1]] [[demand]] from it may not have been intended by you  Youve [[substantiate]] that and from my [[stop]] of view there is no problem and its done with   I [[value]] that you [[note]] it here  Its interesting that there could be that perception of [[U]] tagteaming and  [[1]] [[empathize]] it   It may [[intimately]] appear that way but youve [[know]] the truth of it and that is simply that we are [[booster]]  Weve [[cut]] a [[muckle]] of same articles under WPACTOR and have [[like]] attitudes and [[smell]] of [[wit]]  its not surprising that we gravitate towards each other   On the other [[mitt]] there are articles that I care deeply about that Wildhartlivie [[forethought]] about not at all so Im [[much]] [[bump]] at those articles [[aver]] my [[nibble]] minus Wildhartlivie and similarly there are numerous articles that she [[precaution]] deeply about that do not interest me at all  Im sure you are [[discipline]] in [[enounce]] that Wildhartlivie has alerted me to the renewal of discussion because she believes I [[whitethorn]] [[demand]] the same view as she has [[consume]] but considering that I started that discussion and have commented at length my opinion is already on record  Your message also suggests what you expect of me  Theres not a huge difference in expectation really especially as both of you have a reasonable idea of what I may say  I dont mind anyone suggesting what they think I should say as long as theyre prepared to take the risk that I might surprise them by not saying what they expected   I dont see any problem with it and thats just the way people communicate   After all no reasonable person would think hmmm that editor really really disagrees with everything I say and is just so hard to get along with  Better get him into the discussion right away so that I can have my views shot to smithereens   I mean who on earth would do that  Not me thats for sure  Im glad you left this message   I will comment on the Doris talk page,0
Look at this  [[thigh-slapper]] indeed  [[ane]] [[drop]] nominating Salisbury [[courtroom]] Theatre for the [[master]] [[paginate]] but [[single]] [[intend]] I will do [[peerless]] of the others  Whitefriars Theatre  William Beeston [[madam]] Elizabeths [[homo]]  Joseph Taylor 17thcentury [[doer]],0
We [[hush]] have no [[get]] of [[dying]] At the very least [[single]] believe it was a [[meat]] [[assail]],0
Fair enough Ive been [[fuck]] to jump to the wrong conclusion before as well I made one of the comments on my user page as a direct result of my own goof of a similar nature of,0
[[speech]] <SPLIT><SPLIT> Google [[interpret]] has [[detect]] the language to be Bengali It [[transform]] the [[pageboy]] as <SPLIT><SPLIT> Dr Rahman Nasir Uddin a [[ethnic]] anthropologists [[sociable]]  a [[mind]] [[author]] researcher and literary critic He [[teach]] at the University nrbijnana [[part]] [[say]] and [[learn]] his job and [[drunkenness]] Society [[finish]] and politics of the [[DoS]] [[construction]] behavior interaction and the [[growing]] of [[instruct]]  [[pedagogy]] [[guess]]  [[opine]] and [[save]] them Nrbijnana of Dhaka University [[alumnus]] [[honor]] and snakottara significantly different in the north of the colonial [[DoS]] jatiyatabadi prantikikarana [[march]] and [[government]] Kyoto University in [[Nippon]] have PHP aupanibesabada and the North  the relationship between colonialism mohabbata and [[dispute]] of the British Academy [[dude]] as research by the [[Britain]] postadaktarala Moreover in the [[N]]  both [[stifle]] colonialism colonial [[nation]] and its farreaching [[force]] of prasari Delhi [[schoolhouse]] of Economics  as a research [[dude]] at the tattbika and arkabhala [[search]] The neo  udarabadi the [[tell]] system and the [[DoS]]  [[make]] [[butt]] interrelationships the humabelda as a [[gossip]] [[assimilator]] in [[Deutschland]] are a [[esteem]] university for [[high]] [[take]] Samajacintara The [[society]] of the German and French [[chronicle]] [[evolution]] and current status of the research are [[vital]] and ryadikala  The [[tell]] of nrbijnana in [[Deutschland]] a worldfamous universities are [[pedagogy]] <SPLIT><SPLIT> Hope this [[helper]] [[scorn]] the fact the [[version]] is [[big]] <SPLIT><SPLIT>   Sosthenes12,0
Ducks  <SPLIT><SPLIT>  <SPLIT>   Ducks are brilliant pets for all ages and will lay you several [[testicle]] a day Domestic Ducks such as Kharki Campbells will happily live with just a washing up bowl full of [[piss]] each day as their [[crapulence]] and bathThey will eat lettuce meal worms frogs and other insects,0
What is this  <SPLIT> [[ane]] was reading the Political Theory section and its horrible [[ane]] dont want to sound like a jerk although [[ane]] am a jerk but its biased AND [[sickly]] written Im thinking of [[murder]] it putting the text here on the talk page as not to lose it Anyone disagree,0
[[U]] [[sovereign]] [[woo]] [[casing]],0
[[occlusive]] being a fuckstick and [[substantiate]] [[disgusted]] fuckery or else you will be [[bacillus]] for [[disgusted]] fuckery,1
I have [[murder]] the recently [[total]] antisemitic people category for reasons [[limn]] by  above,0
Are you [[certainly]] that cartoon network india is [[die]] to start the [[dumbfound]] world of gumball on 15 october 12pmIST,0
and [[gainsay]] their very [[lustiness]],0
[[single]] [[hint]] you checkuser all the [[IP]] against sir floyd and [[get]] out if there is a [[connective]] [[rightfulness]] now it is just [[hypothecate]] and [[surmisal]] [[zilch]] actionable do a checkuser and [[swell]] [[witness]],0
[[XXI]] [[Oct]] 2006 UTC <SPLIT> [[P]] I [[insure]] what you [[indite]] above [[cogent]] [[soul]] else they were obviously [[unseasonable]] [[manifestly]] not If it were so obvious then you wouldnt have all these [[citizenry]] [[castigate]] you  0510,0
[[line]] [[vocation]]  <SPLIT><SPLIT> [[pecker]] Wilson during and [[comply]] his AFL career was an [[fighting]] [[hosteller]] [[piece]] [[toy]] for Richmond Football [[cabaret]] he was a [[disunite]] owner of The London Hotel hotel a [[dead]] [[space]] from the Tigers home [[fag]] Later having [[pass]] to Western Australia to [[toy]] for The West Coast Eagles [[putz]] was [[convoluted]] in various licensed premises with partner Murray McHenry [[I]] time Chairman of West Coast  <SPLIT><SPLIT> Wilson and McHenry owned and [[control]] Steves Nedlands Park Hotel The Wembley Hotel and Redheads Tavern in Northbridge  <SPLIT><SPLIT> [[inch]] 2001 [[dick]] Wilson and Murray McHenry [[shit]] a decision to sell down their [[involution]] in the hotel [[industriousness]] with [[cock]] [[go]] to  construction and [[exploitation]] of residential [[belongings]] in the Perth [[grocery]],0
Im a blonde girl and I [[demand]] proof that blonde girls [[ilk]] Jewish [[homo]] <SPLIT><SPLIT> I am always harasssed by Jews but I dont find them very attractive <SPLIT><SPLIT> There is one article saying that blondes like Jews but its written by a horny Jew <SPLIT><SPLIT> http7214207104searchqcache6m3MU9VPFDkJwwwgnntvjumpphp3Fid3DF0196822hotwaspywomen22hlen,0
Meatpuppetyou for restoring the edit of a topic banned indefinitely blocked abusive serial sockpuppeteer after it had already been removed twicealthough well done on the edit summary Dishonest fuckAndresHerutJaim aka Sonntagsbraten the topic banned indefinitely blocked abusive serial sockpuppeteer To clarify further when I said use the [[jazz]] talk page for [[jazz]] sake I meant TalkGaza flotilla raid not this one,1
[[live]] you [[contrive]] on [[discuss]] <SPLIT>  For [[clearing]] it would be [[meliorate]] if [[stratum]] [[rubric]] had its own [[clause]] not [[II]] [[disunite]] [[clause]],0
[[fancy]] [[dog]] ImageAllin mainjpg <SPLIT><SPLIT>  alignCENTER  stylebackgroundcolorFFFFFF border8px [[hearty]] FF0000  padding5px <SPLIT>  <SPLIT>  <SPLIT>  This [[metier]] may be [[erase]] <SPLIT><SPLIT>  <SPLIT><SPLIT> Thanks for [[upload]] ImageAllin mainjpg I [[detect]] the [[see]] page [[presently]] doesnt [[fix]] who [[make]] the [[capacity]] so the copyright status is unclear If you have not [[make]] this [[spiritualist]] yourself then you [[pauperism]] to [[reason]] that we have the [[mighty]] to [[function]] the [[sensitive]] on Wikipedia [[reckon]] copyright tagging below If you have not [[make]] the [[metier]] yourself then you should [[too]] [[limit]] where you [[witness]] it ie in most [[face]] [[unite]] to the [[site]] where you [[dumbfound]] it and the [[damage]] of [[function]] for [[capacity]] from that [[foliate]] <SPLIT><SPLIT> If the media [[too]] doesnt have a copyright [[dog]] then you must [[too]] [[impart]] [[I]] If you createdtook the [[see]] [[sound]] or video then you can [[manipulation]]  to [[liberate]] it under the GFDL If you believe the [[sensitive]] [[stipulate]] as [[clean]] [[manipulation]] [[delight]] [[take]] [[comely]] [[employ]] and then [[function]] a [[dog]] such as  or one of the other [[dog]] [[lean]] at WikipediaImage copyright tagsFairuse  [[reckon]] WikipediaImage copyright [[rag]] for the [[entire]] [[heel]] of copyright [[mark]] that you can [[manipulation]] <SPLIT><SPLIT> If you have [[upload]] other [[sensitive]] please [[retard]] that you have [[limit]] their [[seed]] and copyright [[dog]] them too You can [[witness]] a [[heel]] of [[icon]] [[paginate]] you have [[delete]] by [[cluck]] on the  [[unite]] it is [[situate]] at the very [[tiptop]] of any Wikipedia [[foliate]] when you are [[lumber]] in and then [[take]] [[project]] from the dropdown [[corner]] [[bill]] that any unsourced and untagged [[icon]] will be [[erase]] [[ane]] [[hebdomad]] after they have been uploaded as [[describe]] on [[measure]] for [[quick]] [[cut]] Thank you,0
On the Safavids page I was actually trying to help this guy and his buddies out but no he doesnt even bother to read what other people write He also deletes peoples messages from his [[mouth]] page and [[cry]] them garbage,0
Thanks but Id get too pissed off with all the [[changeling]],1
Right [[airt]] with a history [[argot]] be overwritten just by [[go]] a page to their location so youll have to ask an admin or something to delete the redirect thus [[shit]] room for the [[go]],0
[[here]] is [[okay]] <SPLIT><SPLIT> [[maiden]] of all England is a [[land]]  its a [[part]] [[land]] of the [[join]] [[land]]  To [[order]] that [[mortal]] who was [[side]] isnt [[tolerate]] to have the coutnry of his [[dying]] in his [[clause]] is not [[slump]] <SPLIT><SPLIT> [[instant]] since the [[commit]] of [[dying]] was London there is no [[want]] to [[dilate]] if he had [[die]] in a [[petty]] [[Village]] in Durham then Id [[order]] more [[entropy]] would be [[want]]  but not for London  Once again that [[templet]] is a [[dick]] not a [[insurance]],0
[[ane]] wont [[tell]] yes or no to the [[cut]] [[warfare]] but [[smell]] at the [[master]] [[pate]] [[smell]] at how many editors [[sonant]] their [[suffer]] for the [[master]] consensus [[reckon]] and [[smell]] at how few have [[riposte]] to [[scuttlebutt]] on this [[ram]] [[revitalisation]] of the [[give-and-take]] by [[irradiate]] and his [[creature]] Personally Id be [[hesitating]] to just [[snub]] their [[judgement]],0
[[grim]] I should have been more [[measured]] about those versions They are [[so]] all M113A4 [[edition]] but the [[2]] latter ones are not baseline M113A4s but specialpurpose M113A4s [[A]] such they dont [[go]] there [[hold]] I will [[cut]] them out <SPLIT>  The Saad [[yet]] is a baseline M113A4 [[variance]] The [[spill]] on the [[speed]] backsidesroof are a [[kid]] [[intent]] [[alter]] of the hull  you [[whitethorn]] [[cry]] it cosmetic  the [[sleep]] of the [[totally]] vehicle is [[silence]] an M113 Roadwheels idlers chains lights etc are all [[XI]] exchangeable with any [[make]] M113 [[license]] is not an [[emerge]]  a copy of an M113 is [[silence]] an M113 The M113 is not a [[stigma]] [[bounds]] to a [[particular]] [[society]] but a military [[purpose]] and it doesnt [[thing]] [[lots]] who [[physique]] it The Egyptian EIFV and other M113 [[form]] are [[too]] built in Egypt indigenously and so are the Turkish [[edition]] [[shit]] by FNSS,0
A [[clam]]  <SPLIT><SPLIT>  stylebackgroundcolor fdffe7 [[abut]] 1px [[satisfying]] fceb92 <SPLIT> rowspan2 styleverticalalign [[eye]] [[tramp]] 5px   <SPLIT> stylefontsize xlarge [[trudge]] 3px 3px [[zero]] 3px [[stature]] 15em  A [[clam]] for you <SPLIT>  <SPLIT> styleverticalalign [[heart]] [[slog]] 3px  For diligence,0
Hugh Montgomery historian  <SPLIT><SPLIT> I [[mark]] you [[unknowingly]] [[vote]] [[doubly]] at WikipediaArticles for deletionHugh Montgomery historian [[mentation]] you [[power]] [[privation]] to [[commute]] something,0
Welcome <SPLIT><SPLIT> [[how-do-you-do]]  and welcome to Wikipedia Thank you for your contributions I hope you [[ilk]] the [[billet]] and decide to [[arrest]] Here are some [[pageboy]] that you might find helpful <SPLIT> The five pillars of Wikipedia <SPLIT> How to [[blue-pencil]] a page <SPLIT> Help [[pageboy]] <SPLIT> Tutorial <SPLIT> How to write a [[enceinte]] article <SPLIT> Manual of Style <SPLIT> I hope you [[bask]] [[delete]] here and being a Wikipedian Please [[mansion]] your [[gens]] on [[mouth]] pages [[victimisation]] [[IV]] tildes  this will automatically produce your [[gens]] and the date If you [[pauperism]] help [[retard]] out WikipediaQuestions ask me on my [[mouth]] [[paginate]] or place helpme on your [[mouth]] [[paginate]] and someone will show up shortly to answer your [[dubiousness]] Again welcome   <SPLIT><SPLIT>  <SPLIT> Thank you for experimenting with  Wikipedia Your [[run]] [[knead]] and it has been reverted or [[murder]] Please use the sandbox for any other [[run]] you [[whitethorn]] want to do [[shoot]] a [[face]] at the welcome [[foliate]] to learn more about contributing to our encyclopedia,0
I agree  You are [[natural]] and immature,1
the fact that Wikipedia is a farleft shithole controlled by cowards who bow down to pressure by Islamic extremist is why Wikipedia will never be taken seriously as an encyclopedia for factual information,0
[[late]] [[advance]] [[dog]] were [[sum]] to this article No COI was [[witness]] or [[exist]] in the [[existence]] of the article and [[single]] have [[shoot]] the advice of other editors as to [[revising]] this [[clause]] to [[control]] it is [[vacuum]] of any adspeak [[ane]] [[want]] to [[berth]] this here [[get-go]] before [[murder]] the [[dog]] postimprovement in [[face]] there were any further [[protest]],0
[[orphan]] [[bazaar]] [[expend]] [[effigy]] ImageANWPVI2005jpg  <SPLIT><SPLIT>  alignCENTER  stylebackgroundcolorFFFFFF border8px [[unanimous]] FF0000  padding5px <SPLIT>  <SPLIT>  <SPLIT>  This [[spiritualist]] may be [[cancel]] <SPLIT><SPLIT>  <SPLIT><SPLIT> [[thank]] for [[upload]] ImageANWPVI2005jpg [[1]] [[posting]] the [[icon]] page currently [[qualify]] that the [[icon]] can be [[employ]] under a [[clean]] [[consumption]] license However the [[icon]] is currently orphaned meaning that is not [[use]] in any articles on Wikipedia  <SPLIT><SPLIT> [[bill]] that any [[mediocre]] [[apply]] [[persona]] not [[use]] in any articles will be [[cancel]] after [[7]] [[Day]] as [[describe]] on [[measure]] for [[rapid]] [[omission]] Thank you  [[ane]] have [[sustain]] it [[myopic]] because most of the [[affair]] [[i]] would [[unremarkably]] [[read]] you are [[unluckily]] unable to do,0
dubious [[intromission]]  <SPLIT><SPLIT> there is a paragraph which states <SPLIT><SPLIT> Benedict was considered to be Pope [[toilet]] Paul IIs right [[mitt]] [[homo]] and also one of his [[skinny]] friends and during the Popes final illness he [[take]] out many of the Popes functions as leader of the Catholic Church such as molesting young boys and degrating women <SPLIT><SPLIT> MOLESTING BOYS AND DEGRATING WOMEN AS FUNCTIONS OF THE POPE <SPLIT><SPLIT> is this a [[round-eyed]] [[supervising]] or [[moot]] stupidity,0
Removal of Britain  <SPLIT><SPLIT> What about the removal of Britain [[later]] [[accord]] etc its [[tranquilize]] being [[save]] by racist Admins and racist [[editor]] who has been [[guardianship]] a prowest [[coming]] and [[crowd]] [[Western]] [[stand]] Wiki is a racist [[persuasion]] of the [[Earth]] from the [[lense]] of racists,0
Micahzfoojpg [[heel]] for [[cut]]  <SPLIT> An [[fancy]] or media [[charge]] that you uploaded or [[castrate]] Micahzfoojpg has been [[heel]] at WikipediaImages and media for [[omission]] [[delight]] [[smell]] there to [[catch]] why this is you [[whitethorn]] have to [[hunting]] for the [[rubric]] of the [[simulacrum]] to [[happen]] its [[ingress]] if you are [[worry]] in it not being [[cancel]] Thank you,0
[[ass]] you give show where the article is using term redshift as you have defined it Phrases I dont see in your article are the term Compton redshift Compton effect nor Compton scattering as used in these 24 peerreviewed articles,0
Welcome <SPLIT><SPLIT> [[howdy]] there Zaidkamal [[single]] [[argot]] believe Im [[type]] to the [[fabled]] ZaidKamal and welcome to Wikipedia Im  Thank you for joining this [[jut]] I [[truly]] hope you [[ilk]] the place and decide to [[arrest]] Here are a few [[ripe]] [[contact]] for [[freshman]]  <SPLIT> How to [[delete]] a page <SPLIT> Editing policy conduct and structure tutorial <SPLIT> Picture tutorial <SPLIT> How to write a [[bully]] article <SPLIT> [[advert]] conventions <SPLIT> Manual of Style <SPLIT> The Five Pillars of Wikipedia <SPLIT> Merging redirecting and renaming pages <SPLIT> If youre ready for the [[utter]] [[heel]] of Wikipedia documentation theres [[too]] WikipediaTopical [[power]] <SPLIT> I hope you [[bask]] [[cut]] here and being a Wikipedian [[commit]] me being a Wikipedian can be [[bully]] [[play]] [[past]] the way you can [[gestural]] your [[gens]] on [[mouth]] and vote [[paginate]] [[victimization]] [[leash]] tildes [[care]] this  [[quaternion]] tildes  [[grow]] your [[epithet]] and the current date If you have any [[head]] [[insure]] the help [[paginate]] add a [[head]] to the village pump or [[smell]] [[loose]] ask me on my [[mouth]] [[paginate]] You are most welcome to [[dip]] me a [[blood]] anytime Again welcome Its [[ripe]] to have you with [[U]] e,0
You mock that which you cannot defend In any event I will post the evidence on my user page and then every time you try to insinuate that the four of us were at fault you I can just point to that evidence It wont make a difference to your status because your position [[shit]] you immune to reprimand but at least other editors will be able to see your abuses for themselves,0
Did I miss ya <SPLIT> Not sure if youll get this but I was wondering which site the OLTL title sequences was lifted from I hate these sections of soap articles for notability reasons but would [[fuck]] to have that site to help remove the section again when it is restored which it probably will be at some point Thanks,0
Thanks Dont worry about the [[retard]],0
[[gender]]  <SPLIT><SPLIT> I [[passion]]  to have [[arouse]] with a women,1
I find computer games very [[dysphemistic]] Please change your [[gens]],0
[[account]] [[part]] [[bulge]],0
[[suffer]] you read this [[heretofore]] WikipediaNotability organizations and companies We have [[article]] on dinosaur companies because apparently there have been a sufficient amount of reliableindependent sources that talk about those companies Notability is not [[temp]] <SPLIT>  Where did you [[fancy]] a directory [[ass]] you please [[yoke]] to that article,0
[[fuse]] it <SPLIT> [[ane]] [[couch]] a [[incision]] in the Capitol Hill [[slaughter]] [[clause]] for [[chuff]] before [[witness]] this article  [[get]] [[unite]] this [[farce]] there,0
Watch [[hotdog]]  <SPLIT><SPLIT> [[ass]] you please explain your reasoning for continuing to add a collapsed list to the infobox release section The list is not excessive and presenting it in a collapsed form gives the appearance that the Wii U version is also being released on May 27 which it is not,0
The [[terminus]] or [[deed]] Brigade Manager has not been [[wide]] [[swallow]] and does not [[excogitate]] [[rightful]] [[truth]] The [[terminus]] Cheif [[flaming]] [[policeman]] or Firemaster in Scotland should [[rather]] be [[victimized]] for [[limpidity]] and to [[mull]] [[truth]],0
[[delight]] do not vandalize [[paginate]] as you did with this [[delete]] to Tootsie [[vagabond]] [[bulge]] If you continue to do so you will be [[kibosh]] from [[cut]],0
I think you [[queen]] should stop trying to be the first one to put [[bull]] information on here and instead wait for the news organizations to get their facts straight,1
so you better [[dumbfound]] out of here,0
Why we gotta have this miscegenation [[make]]  <SPLIT><SPLIT> Why,1
[[fight]] No Unlike many [[editor]] here [[ane]] dont have any major [[job]] with this article as it [[stomach]] nor do [[single]] [[mean]] the phenomenon it [[name]] is a [[fable]] [[yet]] to [[equivalence]] the political War on Women to any [[existent]] systematic [[fury]] against women is [[obscene]] and incredibly insensitive [[total]] such [[entropy]] to [[worldwide]] articles [[wish]] violence against women [[particular]] articles [[alike]] Taliban [[intervention]] of [[char]] or Womens [[right]] in Afghanistan as above its [[comprehension]] here would be a [[specially]] [[wretched]] [[practise]] in [[archetype]] [[enquiry]] andor [[deduction]],0
Ive [[yoke]] to the [[unexampled]] [[chief]] [[site]],0
Hey [[gentleman]] why are you removing my images  <SPLIT><SPLIT> Man I spent my [[jazz]] time putting images of [[jazz]] biographies onto the PortalInternational Relations that had been [[unattended]] for [[month]] and you [[follow]] removing my [[denounce]] [[jigaboo]] WTF is [[unseasonable]] with you Im trying to [[nookie]] educated the mofos in motherfucking Wikipedia and you have to [[occur]] and [[shag]] my [[denounce]] upnigga Why the [[jazz]] you doing this to me,1
I sure do like hairy [[orb]],1
Reply to advice <SPLIT><SPLIT> Thanks for your response and I hear you and will be more conscious of my [[fulfill]]  I [[presuppose]] its fine with The Beach Boys articles but if they are reverted again then I will contact you Actually have a [[face]]  just so you can see my frustration  at the [[fuck]] You history page and click on his reversion to see how he wiped everything [[rachis]] what was really a [[butt]]  without discussing anything with me first  And it was done to at least 12 album articles  Thanks for your help Theo  I appreciate it,0
Bruce Springsteen  <SPLIT><SPLIT> Bruce Springsteen  <SPLIT><SPLIT> Do not translate it Just Relax Because I Am Gonna Proof It there are only one life there is nothing to lose Sevval Sam Dostum Dostum true bir kere dinleyin yeterli fazla deghil girl Lara Katmer girl you know it is true Lara Katmer iyi senin ichin SOYADIN temiz deghil dimi temizse kendi SOYADIN al ch sh oe ue you [[fuck]] what to do but do it right come a little bit closer kayd oldu bu chok yanash bana gel come closer your given name and surname Tuba Ekinci or Tughba Ekinci do it better Tuba Ekinci girl Tughba Ekinci iyi ASLINDA Tughba Ekinci ama Tuba Ekincide iyi Tuba Ekinci yanach bana your actress name you are my girl true eserler Lena Landrut gibi rap TARZI her eser yapa bilirsin Satellite temiz olsun eserler ritm video cd extra Tughba Ekinci ghyumushak G international beyendighin gibi yap bu kayd oldu ritm kalite TikTok bu tarz iyi kendi eserlerin istedighim gibi tamam kafa sallamak yok gel yananash bana gel gel gel diye girl yanash bana istedighim gibi istedighimi YAPARIM uzun SARILIP ve oepme istedigim gibi temiz olsun ama bana kim Kondom ALACAGHINI biliyorsun ZAMANIM olmazsa ama kendim ALIRIM muhtach deghilim ve IHTIYACIM yok sende aynen muhtach deghilim bilmeni istedim birisine chok kin oldu kin chok koerue kin goez YASHLARINA muhtach deghilim diye control of your life come a little bit closer yanash bana true come a little bit closer yanash bana ilk oence yanash bana sende istedighim YAPARIM istedighim gibi SARILIR ve operim sende sev beni Mjde sende sev beni yoksa ne shimdi nede oelduekten sonra seninde goez YASHLARINA MUHTACIM IHTIYACIM yok siktir yok now you know true you understand sende sev beni yoksa kopmam gerekiyor yanash bana ve yap beni SB kurtarmaya CHALISHIYORUM evlilighini Seher Dilovan Dostu Sildim tercueme etme told you girl tamam yanash bana vuecut body ZAYFLA biraz iyi olur Sandra Bullock any of your movies are terrible no kissing scences and no naked see you girl ich dachte Du kannst nur das Wort Sauerkraut das kriegen wir schon hin ich liebe Dich auch und Helga liebt Dich Hollywood liebt Dich there is nothing to lose the model wanted to have have sex she got it if you break this relationshihp to your husband you have next sex with so many other guys all want to have sex with you try with your husband give him the chance to be by your side was a mistake of him and you try with him your last chance talk to him next month you and him you want to try with him was terrible but is your last chance after him you break up the relationship to your husband you will have sex with so many guys is the same the model did it with your husband if you have sex with other guys you know i leave you take this informations to put out your single and album cd extra you have to care about it come closer Sandra Bullock there are only one life i do what i like to do want to do long and and and now you know see you later told you girl there is nothing to lose come a little bit closer Lena Landrut education come on let us rock the party USO there are only one life come on everybody lets rock the party guys ich mache Euch die schnuckeligsten Produktionen der Preis ist aber sehr hoch ich bin weltweit der einzige Mann ein Mann ebene ich habe es als einzigster Mann es geschafft in einem Einkaufszentrum ein Paeckchen Condome zu kaufen nach dem Kassiererin hustete bin ich den darauf folgenden Tag noch einmal hin und habe wieder gekauft hat Monate gedauert man kann es sich nicht vorstellen schlimmer wie der Tod immer einen Bogen um die Kondome gemacht aber ich habe es geschafft einer Frau macht das nichts aus Kondome zu kaufen wenn Ihr der Meinung seid auch ich bin ein Mann das haben sehr viele von sich behauptet aber es nicht geschafft seitdem steht die Karriere still da bin ich gespannt wer von ueber seinen Schatten springen kann anschauen Bipasha Basu Performance IIFA Awards 2009 come on come on come on everybody let us rock the party wenn Ihr nach Condomes Euch erkundugt gibt Eure Koerpergroesse Anzugroesse Schuhgroesse vielleicht findet Ihr auf anhieb das passende Condome da bin ich gespannt er hat es auch nicht geschafft Tommy Reeve Come Into My Live do it right but do it better Juergen Drews true girl Sevdim seni de chok sevdim Sevdim Huelya Avshar yanash bana Haketmedim Hatice Haketmedim Bunu yanash bana hich kimseye CHAKTIRMADAN yanash bana ve yap beni Huelya Avshar DEDIKODU 2008 TARKAN SIKI SARIL bana ve yap beni istedighim gibi you got it shimdi chok yanash bana ve yap beni beni yap control of your life you got only one life told you girl long time ago all tracks like like you know the quality of Umbrella Tik Tak Ayshe Dincher possible too take it take Umbrella in c,0
How is mentioning your blog a personal attack since it is mentioned [[skinny]] the top of your own user [[paginate]] presumably by you  If I told you to stop being such a douchebag that would be a personal attack  Of course I am not telling you to stop  If you are really [[nerve-wracking]] to reduce the redundance you are [[die]] worse than Dennis Kucinich raised to the power of Ralph Nader,0
The [[rightfully]] [[inauspicious]] [[dying]] of Kirby did not [[look]] to have [[gather]] [[pregnant]] [[reportage]] not does it [[bestow]] [[luminary]] on the [[isthmus]],0
It was not an inappropriate [[cut]] and your [[state]] such is itself inappropriate The original photograph has details left including the photographers [[sucker]] and the benchmark border from the [[picture]] left [[entire]] Such borders and [[fool]] are important to identify it as by someone whose photographs are historically significant Just because someone can [[disturb]] in [[dark]] in the [[surround]] areas doesnt [[bastardly]] it is improved He has also [[duck]] out any detail except for her [[grimace]] and hair and the depth of her features are [[die]] also You cannot see any indication that she even has a body in the restored [[persona]] Whats [[doctor]] The [[persona]] appears [[apartment]] and unremarkable when [[blacken]] over It should have been [[equal]] to [[excrete]] a [[smirch]] without flattening the depth of [[orbit]] [[sad]] [[shit]] it [[face]] [[morose]] doesnt improve the [[persona]] it just flattens it Not every vintage photograph is [[full]] with retouching this [[exemplar]] of a vintage [[morose]] photograph of Pickford is [[1]] of them,0
Tag along with me   <SPLIT><SPLIT> Yeah stop with all that ans spend some time with me im frankly shocked at the way you have been treated in recent days its nothing short of bullying Quite the huggle crap for now spend some time with me,0
Previous [[omission]] of article <SPLIT> There was a [[treatment]] which [[terminate]] in delete [[worry]] this article in [[other]] 2008 Consensus of the [[treatment]] [[signal]] that as [[product]] had not [[start]] at that time there was not [[decent]] concrete [[info]] to [[start]] an article and that the [[clause]] should be [[cancel]]  The [[clause]] was [[afterward]] [[cancel]] again when it was [[repair]] [[anterior]] to [[product]] This [[account]] is [[usable]] here <SPLIT><SPLIT> httpenwikipediaorgwindexphptitleSpecialLogpageMyNameisKhan <SPLIT><SPLIT> [[output]] on the [[take]] [[get]] in [[lately]] [[Dec]] As consensus [[signal]] that the article should be [[repair]] or [[repair]] with [[mention]] once [[product]] [[commence]] [[1]] [[produce]] a [[freshly]] [[clause]] [[ane]] have [[too]] notified [[ane]] of the admins who [[delete]] [[premature]] [[edition]] and was [[take]] by this admin to [[parting]] a [[billet]] for [[futurity]] admins here not to further [[cancel]] the article [[delight]] leave a [[preeminence]] on my [[mouth]] [[paginate]] if you would [[ilk]] to [[saucer]] this with me Thank you,0
Thanks Ill [[dumbfound]] this up,0
This is [[bull]] Bollywood doesnt make 800 films per year and the audience is not 36 billion people large The source is ridiculous There is a tiny reference that this is the national outcome Every film industry in India is included,1
GA [[inspection]] <SPLIT><SPLIT> This [[revue]] is transcluded from TalkThe Cookery [[Koran]] of [[madam]] Clark of TillypronieGA1 The edit [[nexus]] for this section can be [[exploited]] to add [[gossip]] to the review <SPLIT><SPLIT> [[referee]]      <SPLIT><SPLIT>  <SPLIT><SPLIT> Im on much more [[fellow]] [[fag]] with this article than with the [[live]] of your GANs [[one]] [[snarl]] with I [[save]] [[lots]] of the [[II]] WP articles on Elizabeth David and her [[Bible]] so you can [[sic]] me down as another foodie I [[suck]] the [[sprinkle]] off Mrs Davids Spices Salt and Aromatics in the [[side]] Kitchen and can tell you if youd [[favor]] to [[total]] a page [[address]] instead of the [[yoke]] at [[referee]] 17 that [[ED]] [[note]] of Lady Clarks [[thick]] Parmesan Biscuits is on pp 23031 of my [[simulate]] the Grub Street 2000 reissue ISBN 9781902304663 <SPLIT> Some [[gossip]] <SPLIT> [[head]] <SPLIT> [[madam]] Charlotte Clark  dear me youll [[perturbation]] those strange but harmless [[soul]] who sleep with Debrett under their pillows I [[intimately]] [[pen]] that they [[sleep]] with [[Burk]] you mustnt [[yell]] her [[madam]] Charlotte unless she was the [[girl]] of an earl or even [[posh]] nobleman [[amp]] her [[get]] was a [[unwashed]] she was Charlotte [[madam]] Clark <SPLIT> the [[fake]] Elizabeth David  she was a [[fake]] of [[run]] but cookery writer as you [[line]] her [[posterior]] in the text seems a [[ripe]] description <SPLIT> [[circumstance]] <SPLIT> You [[secernate]] [[U]] practically [[zero]] of the Clarks There is a Times obituary of Sir [[toilet]] dated [[XIV]] April 1910 which I can [[commit]] you if you havent [[dumbfound]] online [[accession]] to The Timess archives which [[say]] you more than [[decent]] for your [[face]] [[clause]] <SPLIT> They [[exist]] for some years in Turin  the [[death]] person [[constitute]] was [[H]] [[mob]] and I [[retrieve]] you should [[pen]] The Clarks [[exist]] here to [[void]] ambiguity <SPLIT> Blockquote  the parenthentic [[scud]] should be either unspaced emdashes or spaced endashes and not hyphens <SPLIT> [[Bible]] <SPLIT> [[ace]] dont for a [[mo]] [[hint]] that you [[moldiness]] do it but have you [[moot]] [[commit]] the [[heel]] of [[substance]] into [[2]] or [[maybe]] [[yet]] [[leash]] [[column]] [[sluttish]] on your [[lector]] [[eyeball]] [[ane]] [[get]] <SPLIT> [[attack]] <SPLIT> Zucchetti  la Piedmontaise  there is an [[excess]] [[sic]] of [[shut]] [[cite]] here <SPLIT> [[mod]] <SPLIT> an [[brainchild]] for the [[slap-up]] Elizabeth David  WPOVERLINK at this [[stop]] <SPLIT> welltravelled diplomats wife  [[single]] [[construe]] you have faithfully [[canned]] the [[master]] in which there is no possessive apostrophe Im not [[trusted]] what to [[hint]] here Its too [[kid]] a [[count]] for a sic [[one]] [[retrieve]] the MoS [[collapse]] you [[license]] to [[sum]] the [[drop]] apostrophe silently You [[whitethorn]] [[ilk]] to consider <SPLIT> In the first Holt blockquote the quotation marks should be doubles not singles In the second there are more hyphens that need replacing with dashes <SPLIT> Last blockquote  more quotation marks that should be doubles not singles <SPLIT> Notes <SPLIT> Courgettes or Zucchini  capitalisation really wanted here <SPLIT> References <SPLIT> There are several mentions of Frere 1909 but no bibliographical details of the work in the refscitations section They are included earlier within the main text but I think they should be repeated here with the refs You should add OCLC numbers for both editions there too WorldCat will oblige <SPLIT> The links to the Find My Past site should include the subscription template <SPLIT> You might standardise on either page or p in your book refs Compare eg refs 13 and 14 <SPLIT> To my mind the bibliographical info for ref 14 should include the ISBN or OCLC if for some reason there isnt an ISBN <SPLIT> Page ranges ref 6 and date ranges ref 14 should have an unspaced endash rather than a hyphen and I should say the hyphen in ref 7 ought to be a spaced endash <SPLIT> Ref 15  page number lacking I can get this from the British Library after Christmas if its a problem <SPLIT> Ref 16  The Spectator should be italicised as the TLS is in the previous ref <SPLIT> Most of these are easy fixes but I really would like the biography to be addressed given that suitable sources are available,0
irvington [[nurse]] nothing more needs to be said,1
Vandalism  <SPLIT><SPLIT> if you get caught vandilising a page you will get [[jazz]] banned tony u [[hawkshaw]],1
You are fing [[devil]] <SPLIT> httpwwwjpcdejpcngpoprockdetailartMiguelKaleidoscopeDreamDeluxeVersionhnum3586968 <SPLIT><SPLIT> IT IS RIGHT THERE,0
[[1]] have to [[jibe]] with JohnDoe on this [[ace]] [[ace]] was [[rattling]] [[foiled]] by SG1s [[last]] after ten [[year]] it just [[finger]] so anticlimactic after everything that had [[happen]] Seriously the [[get]] [[game]] was uncalled for and did anyone else [[dumbfound]] an All [[unspoilt]] Things [[smell]] about the [[master]] [[game]]  [[1]] [[translate]] that they were [[squeeze]] to [[gash]] the series [[dead]] but it just wasnt the [[stop]] that SG1 [[deserve]] [[eve]] with the DVD [[flick]] that are [[get]] [[presently]]  2224 13 [[butt]] 2007,0
[[microphone]] [[pig]] once [[severalize]] me that they [[victimised]] Valentine Dyalls voice and Christopher Lees [[eyeball]] in a closeup instead of his own He had [[hop-skip]] this would be the [[bulge]] of a [[bully]] [[flick]] career,0
CorenSearchBot [[telling]] on Lydia [[Palestine]] [[clause]] <SPLIT><SPLIT> Hi there <SPLIT><SPLIT> The [[capacity]] in httpwwwfanooscomsocietylydiacanaanhtml is ALL written <SPLIT> by MYSELF as it was [[low]] [[issue]] on httpwwwlydiacanaancom so they <SPLIT> [[simulate]] it from me not me from them <SPLIT><SPLIT> Therefor may I kindly [[demand]] you to [[murder]] the [[apprisal]] [[delight]] <SPLIT><SPLIT> Many thanks <SPLIT> Thomas Vitins,0
[[rust]] my penis  <SPLIT> Yo fuck you [[rap]] [[fuck]] niggas [[peerless]],1
Nick has [[advert]] Shermers book Why People Believe Wierd Things Interesting since objective scientists reject Nicks bigoted belief that the female sexuality is like puttering around in a Yugo The sexist pseudoscientists who agree with Nick tend also to be racist exemplars of bigotry and ignorance [[soh]] why does Nick believe that sex is a guy thing that women are innately less sexual than [[homo]] Because shes a selfhating woman who apes every male chauvinist out there Shes like a Jew who denies the Holocaust,0
[[single]] [[look]] that the [[stream]] [[2d]] Earl of Gowrie is a longtime [[Quaker]] of Charles and Camilla  [[he]] [[win]] his [[granddaddy]] in 1955 when he was 16 and his [[granny]] the Dowager Countess of Gowrie Zara [[die]] in 1965 when he was 26  Prince Charles was only 16 at that time so [[single]] [[argot]] [[opine]] that any friendship he [[whitethorn]] have had with the [[2d]] Earl of Gowrie if [[so]] the friendship [[die]] [[rachis]] that [[ALIR]] had anything to do with [[madam]] Gowrie having her funeral in St Georges Chapel  [[queer]],0
The [[demand]] [[diction]] may be may but you will probably [[gibe]] that a [[wide]] available [[sack]] by a [[illustrious]] group would be [[clean]] [[unbelievable]] to [[die]] WPMUSICs [[measure]] [[only]] [[pay]] that the article on the group itself [[die]] to [[asseverate]] its notability [[whole]] it is probably unwise to fragment [[exploit]] on [[aim]] this out across several [[Page]] [[ane]] must [[aver]] it [[smash]] me as [[queer]] that [[I]] would [[shoot]] a special [[occupy]] in the [[notable]] of this [[finicky]] [[platter]] instead of ensuring that it is not [[but]] [[office]] of a [[turgid]] group of [[clause]] [[all]] at odds with our [[luminary]] [[guidepost]],0
More [[give-and-take]] here Hitler,0
A [[paginate]] about [[LA]] Vegas that doesnt [[advert]] the [[clean]] is [[ilk]] a [[foliate]] on Seattle that doesnt [[advert]] Boeing or a [[foliate]] on Paris that doesnt [[advert]] the Palace of Versailles,0
revert  <SPLIT><SPLIT> Care to provide a more useful description of the problems which led to this than [[fuck]] everything up Thats not exactly a productive edit summary,0
Dont be facetious If you are presented with the terms Inter Milan and Internazionale Milano youd have to be an idiot not to realise they are the same thing [[fuck]] Italian is not a prerequisite for spotting Internazionale Milano Its not a translation just a common nickname,0
[[squeamish]] to learn that the Wikignomes in the IT department were [[expend]] their noodles on this [[ane]]  Ive blocked the account and if I [[dumbfound]] any more [[sick]] block them too  Nothing [[awful]] [[vile]] about a bunch of computer [[inscribe]] after all   Thanks for the update,0
you are gay,0
[[truth]] of Harper [[extension]]  <SPLIT><SPLIT>  You [[late]] [[slump]] a [[credit]] I included in the [[clause]] Harper et al 2009  thanks very much for this  [[single]] [[happen]] this article [[employ]] Google [[student]] and [[apply]] the cite [[go]] to [[simulate]] and paste the inline [[cite]] The Google [[student]] [[credit]] is   <SPLIT> Harper [[K]] [[entropy]] Brownlee A [[dorm]] T E Seymour R Lyons [[radius]]  Ledwith P 2009 [[world]] [[build]] toward transgenic food [[beast]] a [[follow]] of publicly [[usable]] [[entropy]] St Lucia Qld CSIRO Livestock Industries Online verkrijgbaar van httpwww foodstandards gov ausrcfilesTransgenic 20Livestock 20Review 20CSIRO 20FI NAL 2012Dec20031 pdf Toegang verkregen op 9 <SPLIT><SPLIT> [[1]] can [[translate]] why you [[alter]] the publisher as this is in the [[papers]] but [[1]] do not [[realize]] how you [[feel]] the different publication [[engagement]] 2003 cf 2009  The [[engagement]] is particularly [[authoritative]] because [[ace]] would probably not have [[exploited]] the [[seed]] if I had [[fuck]] it was 12 [[days]] [[sometime]] rather than [[sextet]] If anyone [[like]] to delete the [[seed]] because of this [[ane]] will not [[kick]]  Please [[realize]] I am not [[kick]] here I am simply [[assay]] to [[get]] out if other [[cock]] are out there for [[retard]] [[acknowledgment]] [[contingent]] and [[mayhap]] we should be [[retard]] the [[contingent]] [[cater]] by Google ScholarDrChrissy,0
[[stand]] [[custom]] [[castigate]] me if Im [[damage]] [[yea]] Oh and [[ane]] [[sterilize]] some grammarspelling [[offspring]] too,0
and [[ane]] will [[lief]] [[arrest]],0
[[mucoviscidosis]] Miss [[Pisces]],0
[[delight]] [[quash]] the personal [[snipe]] and [[take]] the Wikipedia [[predominate]] and [[guidepost]] thank you very [[lots]],0
[[dumbfound]] the info from someone else and have now [[wax]] the update It might be [[skilful]] with a subheading ie in a section of its own but [[ane]] leave that to others to [[adjudicate]],0
Antonov is [[surely]] [[notability]] if you [[sympathize]] Russian a [[round-eyed]] Google [[seek]] privides [[smell]] of [[denotation]] If you google in [[side]] please [[shoot]] in account that his [[low]] [[gens]] can be [[spell]] diferently Yuri Yuriy Yury etc,0
I couldnt have said it any better you are a pretentious [[tool]] and Im flipping a bird northward with a little note tied to its leg saying [[jazz]] you too Seriously I dont rightly know what this is about but it seems like a good section for a brief message re Ian Gow talk page please Kstick youre welcome to weigh in there as well Thanks WCM,1
I highly doubt I would vandalize my own page you noob NoTrack,0
Since we [[bulge]] discussing this here and it is relevant to the history section of this article then for continutiy [[aim]] it should stay here unless we all [[check]] to [[run]] the [[mouth]] You can [[ever]] provide a [[contact]] from talkHydrochloric acid if you [[smell]] it is mising some audience <SPLIT> Some of you are [[lose]] the [[head]] The [[stop]] is that there seems to be a misconception over when hydrochloric acid was [[name]] and whether or not it was [[name]] by Geber In my [[conscription]] article I [[shit]] this [[sack]] from the [[attack]] and [[advert]] [[acknowledgment]] as [[manifest]] that some authors are [[befuddle]] on this [[egress]] However [[single]] also [[tell]] these are [[potential]] to be [[fake]] and [[come]] this I [[shit]] it [[assoil]] that most academics [[think]] the discovery of hydrochloric [[acidulent]] to be much [[late]] I [[reckon]] [[zip]] wrong with this it is basically dispelling the myth that Geber [[reveal]] the [[meat]] which I [[retrieve]] is [[just]] what you [[deprivation]] This [[all]] m [[mighty]] youre [[faulty]] attitude is pising me off please act more responsibly and actually [[deal]] other peoples views All what the new section does is point out the possible confusion that some authors and perhaps readers of the article might have over the geber discovery and point out that this is likely not to be true Whats so wrong with doing this You [[argot]] [[thicket]] under the carpet the fact that some [[citizenry]] are [[fuddle]] by this,0
[[intimately]] [[practise]]  <SPLIT><SPLIT>  styleborder 1px [[upstanding]] [[hoary]] backgroundcolor fdffe7 <SPLIT> rowspan2 valignmiddle    <SPLIT> rowspan2  <SPLIT> stylefontsize xlarge [[plod]] [[nought]] verticalalign [[midriff]] [[peak]] 11em  The [[writer]] Barnstar <SPLIT>  <SPLIT> styleverticalalign [[halfway]] bordertop 1px [[upstanding]] [[hoar]]  On behalf of the [[throw]] coordinators [[kudos]] on [[commit]] [[indorsement]] in the [[Feb]] 2015 MilHist articlewriting [[contend]] with [[seventy-five]] [[head]] from [[IX]] articles [[cheer]],0
[[love]] right,1
[[slay]] sections of talk restored  Dont [[murder]] them again  <SPLIT><SPLIT>  There are Black people in Egypt India etc  <SPLIT><SPLIT> And I will be putting BACK the [[acknowledgment]] to Egypt in the article You [[dumbfound]] a problem with it anonymous 208 discuss it here first No unilateral omissions allowed  <SPLIT><SPLIT> Oh and Anon 208  Soheir I also notice you removed most of the references I [[shit]] Cheikh Anta Diop MOstafa Hefny etc I put them back No explanation no service   <SPLIT><SPLIT> It does not matter if the fact unsettles you that [[Negro]] people exist in your culture throughout history I dont care if youre Indian Egyptian or whatever Get over it Soheir I will simply repost them If you have a problem with it being said that Black people have been in Egypt and that Ancient Egyptian culture has a strong Black component in it then talk about it here You remove it I will put it back  <SPLIT><SPLIT> I was shocked when I came across this article while doing research on another topic I am Egyptian and was stunned by the black afrocentric erroneous point of view being presented about my country and culture First why is Egypt being singled out in this manner There have been black people who have migrated into Egypt particularly in the past 4050 years following the overthrow of the monarchy These people are primarily Sudanese in origin Mostafa Henfry that you cited had a Sudanese mother This reference should be removed because according to US standards he would not be considered Egyptian In Egypt the child takes the status of his or her father In Egypt there is not the hostility between racial groups that I have witnessed here in the United States There isnt the obsession Does it mean that because there are Black Americans that ALL Americansor even the majority are black Or that there are black Britons that all British people are black So why because there is black minority in Egypt as there is in most countries today that this article tries to characterize all Egyptians as people group as being black  <SPLIT><SPLIT>  Egypt is not being singled out Many other countries are mentioned So that shows that you are acting in a paranoid or arrogant fashion Secondly why should it stun you that there were and are Black people in your own country Does it stun you that there are white people in your country Does it stun you that there are Arab people you [[fuck]] the people that originally came from the ARABIAN peninsulia in your country Secondly since his FATHER not mother is Egyptian how then is he not Egyptian since the child takes the status of the father I do believe you are confusing Mostafa Hefny with Anwar Saddat but I could be wrong What information do YOU have access to that indicates that Mostafa Hefnys mother is Sudanese  How then can you say that there is a Black minority in Egypt that I characterize all Egyptians as a people group as being Black Let us review what this article says about Egypt  <SPLIT><SPLIT> No I do not have Anwar Sadat confused with Mostafa Henfy I had never heard of Mostafa Henfy until I looked up the name and read several news reports where Mostafa Henfy describes himself as being a Nubian Egyptian or of Nubian descent He certainly should be allowed to classify himself as black and not be told what to classify himself as I also saw a photograph and he does appear to be black based on his physical characteristics My problem is that all you saw with the headlines was Egyptian or Egyptian immigrant which belies the fact that his own selfdescribed origins are Nubian and not representative of all Egyptians So if the racial classification is changed based on this one individual so now I and other Egyptians who do not identify with nor have black ethnic characteristics will have to sue to be able to identify ourselves Personally I would advocate the removal of these classifications They seem very contradictory in the United States especially that is supposed to be a colorblind society  <SPLIT><SPLIT> while other countries like Egypt and the northern areas of Sudan tend to denounce it entirely whenever possible holding on to Arabic or Semitic influences as their primary heritage That seems to be what you are doing right now You are denouncing the Black influence in Egypt and holding on to the notion that the only primary influence in Egypt is Arabic and Semetic Am I to understand that the character of Egypt is devoid of black heritage  <SPLIT><SPLIT> However many racist organizations have attributed historical achievements in ancient societies to these supposed Caucasoid ancestors in their efforts to deny any black contribution to civilization as in the case of the Ancient Egyptian cultu,0
I was not the [[master]] uploader of this [[persona]] and [[remark]] that there are [[presently]] not even any [[clause]] that [[consumption]] this Scientology [[fancy]] [[ane]] have no [[remonstrance]] to this [[fancy]] [[omission]]  Thank you for your [[headache]] for this [[simulacrum]],0
Please see reply I didnt [[fuck]] if wiki what automatically inform you to me replying on my wall,0
Here you [[die]]  [[nimble]] thing I could find Im sure theres more US Patent and Trademark Office Along with the trademarked circle X graphic is the wordmark The XFiles with The and hyphen here and here Theres a good search function here for [[futurity]] queries,0
Per WPRSN MMFA is [[ripe]] for factchecking but not for notability or [[imputable]] [[burthen]] You can [[die]] there if you [[pauperism]] [[entropy]] but MMFA by itself is not [[yard]] for [[comprehension]],0
Chronology <SPLIT> The [[clause]] [[hint]] that Higson [[go]] plasterer after his [[meter]] with the Higsons [[stop]] ie post1986 and that he [[wreak]] on the student [[family]] of Stephen [[kid]] and Hugh Laurie [[away]] 1986 [[kid]] and Laurie had [[leave]] university and were [[get]] [[prove]] as comediansactorswriters etc [[dress]] the [[daub]] [[pass]] before Higsons [[euphony]] [[calling]] or during or was it not a student [[sign]] but a [[tardy]] [[brood]],0
The first part of this request removing the vandalism has been done but Im still looking for someone to review the potential addition If you can help please respond here and let me [[fuck]] what you think about the above suggestion Thanks,0
When he [[world-class]] [[constitute]] out about the [[clause]] nomination for [[omission]] he rudely [[submit]] that the Wikipedia community was [[crack]] because of editors such as myself After [[one]] [[monish]] such [[shop]] remarks he didnt [[fifty-fifty]] [[shoot]] it [[rachis]] or [[excuse]],0
[[disinterest]]  <SPLIT><SPLIT> This [[clause]] [[pauperism]] a [[life-threatening]] [[rephrasing]],0
[[clean]] [[decent]] Though [[1]] [[silence]] [[bump]] it [[queer]] that a [[craw]] would have [[shoot]] [[nurse]] so [[quick]] especially as [[European]] were initially not very [[bully]] on [[take]] it [[so]] would not have [[disperse]] it until it [[get]] [[wide]] [[victimized]],0
[[erase]] [[yoke]]  <SPLIT><SPLIT> [[how-do-you-do]] Jfdwolff <SPLIT><SPLIT> [[ane]] am [[marvel]] why did you deleted my [[yoke]] to the [[objective]] that [[ane]] [[grow]] under breast and gynecomastia <SPLIT><SPLIT> [[truly]] <SPLIT><SPLIT> [[Carolus]],0
Wikipedia is not the [[billet]] to [[berth]] a [[CV]]  <SPLIT><SPLIT> [[fancy]] WPNOTRESUME  If you believe you are [[luminary]] [[plenty]] for an article in other [[speech]] there are multiple [[pedantic]] andor journalistic [[germ]] about you that are not [[attached]] to you you are [[noneffervescent]] [[rede]] to [[quash]] [[save]] the [[clause]] due to a [[potency]] [[infringe]] of [[occupy]],0
Lordi  <SPLIT><SPLIT> Jaaa tais nyt [[seat]] niin menn ett suomi voitti Jaaa,0
[[thank]]  <SPLIT><SPLIT> [[single]] was being lazy,0
Thanks for [[rule]] the [[clause]] [[representation]] makeup that along with your explanation [[answer]] my [[head]] [[single]] did [[take]] the fearing [[imprisonment]] [[voice]] but that [[forget]] more [[head]] than it answers and its unsourced so [[single]] [[reckon]] [[sick]] ask on the [[mouth]] [[paginate]] Anyway I [[pauperism]] to [[catch]] the [[shoot]],0
[[A]] [[entropy]] [[hand]] Joffre that [[deuce]] German [[corporation]] were [[act]] [[Dixie]] from Antwerp the [[four]] and [[xiii]] [[corp]] were [[transport]] fom the [[6th]] [[USA]] as it [[fag]] in [[approximately]] Nampcel to the [[s]] [[USA]] [[on]] with the 1st [[fifth]] 8th and [[tenth]] [[horse]] [[partitioning]] of the [[horse]] [[corporation]] of General Conneau the  XIV [[corp]] from the [[kickoff]] Army and [[xx]] [[corp]] of the [[master]] [[bit]] Army,0
[[skill]] <SPLIT> The [[take]] that Ockhams razor is a [[rule]] of science is nonsense The [[job]] with the [[construct]] is that in science the method for [[favor]] [[1]] explanation over another is not the application of Ockhams razor but by [[notice]] of and experiment on nature [[inch]] [[ordering]] to [[determine]] if a [[collapse]] explanation has [[entity]] [[breed]] beyond [[requirement]] [[ace]] only [[motive]] to [[run]] the [[account]] against the [[entity]] Once observation and experiment has [[exhibit]] that a [[give]] entity has no [[force]] then it is [[whole]] unnecessary to invoke Ockhams razor [[unmatchable]] does not need it because [[nonpareil]] now has observation and experiments to [[appearance]] that a [[have]] entity is not [[requirement]] And of course this [[argot]] be [[watch]] until [[I]] [[die]] to nature [[entreaty]] to [[Occam]] razor as some [[genial]] of method of science is just [[pathetic]] [[skill]] unlike [[ism]] has no [[want]] for such [[rule]] because it has a [[FAR]] more effective method to [[regulate]] if an entity of an explanation is unnecessary  <SPLIT><SPLIT> There are those that [[exact]] the Ockhams razor is not so [[practically]] [[apply]] by science as a [[all]] but is used by [[someone]] scientists in the course of [[concoct]] scientific explanations [[still]] [[notwithstanding]] again this is irrelevant since it [[count]] not how [[unmatchable]] [[ejaculate]] up with the explanation be it dreams [[lot]] [[brutal]] [[hale]] persistence or whatever [[inch]] the [[death]] what [[thing]] is how [[intimately]] the concocted explanations do at [[describe]] and [[break]] reality To [[contribute]] Ockhams razor some [[classify]] of [[peculiar]] [[station]] is nonsense Serendipity is far more [[authoritative]] [[besides]] until the [[experimentation]] is [[fare]] an [[honorable]] [[soul]] has no [[approximation]] if they have [[manifold]] [[entity]] beyond [[necessary]] Until the actual [[notice]] and experiments are [[behave]] Ockhams is [[null]] more than a [[brood]] for the biases of what is [[count]] unnecessary by a [[throw]] scientist,0
How do you know they are copy vio Someone slapped a tag on an image that is still in OTRS You may wish to look at that system closer I dont know why this wikidrama keeps bleeding over to commons where most wp assholes lose very quickly I still dont know why you were in such a hurry to bully the the other editor and their image Again all within minutes Why does no one have any patience on wp You did not upload the image commons will deal with any possible copy vio you just seem to be another focused bully that doesnt like it when others tell them to shut up and [[jazz]] off,1
5 January 2010 UTC <SPLIT> Thanks for letting me [[fuck]]  I am unable to provide such information and wish you well in finding same   2338,0
[[single]] [[exchange]] the [[slug]] to [[come]] so the conversation is [[sluttish]] to [[come]] and [[act]] your [[gossip]] all into [[I]] [[shoes]] [[delight]] dont [[commit]] your comments in the [[eye]] of mine <SPLIT> The [[I]] you [[opt]] [[look]] [[cumbrous]] to me [[IT]] [[take]] additional [[dog]] without [[sum]] any [[welfare]] for the [[referee]] or the editor <SPLIT> [[one]] [[wonder]] if GayNews is a RS per wikipedia [[insurance]] We have [[insurance]] here The [[protest]] are not [[idle]] when youre [[exploitation]] opeds not attributing them and not [[note]] that these are [[supporter]] of the [[clause]] [[open]] <SPLIT> She is [[mouth]] at the Nawi [[visitation]] but not about Nawi Her political soapboxing does not belong in this article  <SPLIT> He is not [[mouth]] in his [[DoD]] here he is [[big]] his political [[thought]] about what other [[masses]] have [[dress]] in other [[sentence]] at other [[commit]] How is this relevant to the [[clause]] other than [[bountiful]] a [[chopine]] for his politics <SPLIT> Again it is not [[now]] relevant to Nawi and is an obvious [[assay]] to [[tuck]] political [[view]] through the [[backwards]] door  <SPLIT> [[like]] [[answer]] <SPLIT> I [[mean]] both should be [[murder]] not just the Ghandi [[matter]] Its enough to [[order]] in the [[conduce]] that hes controversial without [[die]] into what each [[face]] [[reckon]] of him  <SPLIT> Nableezy Could you [[luxuriant]] a [[prick]] on how you think its an [[advance]] Why would you [[moot]] a [[proofreader]] having to [[chink]] on a ref [[come]] just to [[dumbfound]] something [[care]] Shulman 2009 and then have to [[cluck]] again to [[dumbfound]] to the [[existent]] [[unite]] to the [[referee]] an [[advance]] over [[snap]] the [[referee]] [[come]] and [[come]] [[flat]] at the [[yoke]],0
If you continue stirring the [[crapper]] with references to me like this  a formal complaint will be [[shit]] I had no involvement at all in Abds revert war Neither you nor Abd should spend your time disparaging other editors in this way You seem to be [[compulsive]] to  create a bad atmosphere Your [[rascality]] are not in the slightest bit helpful What counts against you and your [[Quaker]] Abd are your very [[pathetic]] namespace editing records You seem now to be attempting to disrupt the encyclopedia Remember Coppertwig its you that seems to be fringe POVpushingadvocating cold fusion in particular the point of view of Rothwell and Krivit Steven B Krivits journal New Energy Times records interactions between this journalist and the Nobel laureate Brian Josephson which could never be published in a reputable nonfringe journal I think he also referred to Robert Park there as not being a scientist although he seems to pay a huge amount of attention to Parks Whats new column and any [[cocksure]] spin that can be put on comments there  on cold fusion I have [[shit]] it clear that I do not intend ever to edit Cold fusion I have corrected biographical details about Martin Fleischmann with sources just because he happened to have been a family friend in NewcastleuponTyne,0
[[stomach]] <SPLIT> If you [[suffer]] it [[delight]] leave your [[gens]] and time here <SPLIT><SPLIT>  <SPLIT> [[pit]] <SPLIT> If you oppose it [[delight]] leave your [[epithet]] and time here,0
I THINK YOU SHOULD COLONIZE YOUR [[breakwater]] AREA HAHA LOL     [[exclude]] [[improving]] YOUR [[avoirdupois]]      HAHA HEY CANDICE WATTUP,1
BTW your [[affirmation]] on my [[mouth]] [[paginate]] that COATRACK [[very]] does not seem applicable since I dont [[construe]] a NPOV issue with the article it is about what it claims to be about seems a [[morsel]] beside the point that several of the other editors [[concur]] that this was a valid concern as part of their votes to delete the article noone other than Diego [[quarrel]] this and he argued that editors voting to [[erase]] had some kind of ulterior motive and I provided what I think was strong evidence to substantiate this [[vexation]]  its not the job of [[shut]] admins to [[discord]] with goodfaith assessments [[shit]] by participating editors and choose to [[cut]] them as a [[termination]],0
Not a [[clew]] whats [[die]] on nowhere near enough time to [[dumbfound]] all the people who have participated in this debate back here unlike myself some [[multitude]] have lives,0
I [[reckon]] the [[yoke]] that was previously here is of [[esteem]] It [[commit]] an [[brainwave]] into the way events [[ilk]] this are [[overcompensate]] but also if you [[take]] it [[stop]] a [[muckle]] of [[utile]] [[entropy]] about the [[run]] itself So Im [[die]] to [[wreak]] it [[rachis]],0
I definately thought that [[diddly-shit]] was working as part of a greater organisation whilst in the Torchwood series and that the London office was still there being rebuilt along with other offices  <SPLIT> Jacks comments to the Doctor made me think otherwise I would assume he has been involved with them on numerous occasions in the past but took over following the battle of Canary Warf However my impression from his comments was that his team was all there was  <SPLIT> Perhaps this means as far as the Torchwood that the Doctor [[fuck]] about is concerned  <SPLIT> The other Torchwoods could do other things research and development prisons archives etc etc and be run by folks [[fuck]] to [[diddlyshit]] who is the weird oldguy running the Scottish branch LeighbridgeStewart blah blah its all speculation What isnt speculation is what Jack said Maybe confirms is too strong a term Perhaps we should simply say he states that Torchwood etc etc,0
Wikipedia is hostile  <SPLIT><SPLIT> I decided to do a [[copulate]] of [[cut]] a few days [[rachis]] but have [[bleed]] into a total blizzard of [[foe]] Is it [[e'er]] like this [[insure]] Sockpuppet thingme,0
[[single]] [[cogitate]] that the [[room]] Gilabrand [[commit]] it now is just [[salutary]] it [[whitethorn]] [[too]] [[loose]] the [[aim]] of HagiMalachi,0
[[rent]] me clarify I [[murder]] the [[purport]] [[cut]] [[dog]] [[commit]] by  because [[single]] am [[contradict]] to [[erase]] this article,0
Im not [[trusted]] what VSM is could you [[delight]] clarify     <SPLIT> [[alter]] the [[name]] I [[guess]] the [[clause]] is more about the [[treat]] than how to do [[affair]] [[ilk]] [[exchange]] the [[primal]],0
November 2011 UTC <SPLIT>  You yourselves are a [[disunite]] of editwarring so please do not comment here to [[reenforcement]] your senceless version which [[penury]] to be reverted The current text is just [[jerky]] with Some sources state that she was of Armenian [[blood]] and then Some [[germ]] write that Toumanovas mother is of Georgian [[blood]] Read the text and then [[total]] something [[homo]] [[indium]] reality youre [[troll]] not me  1337 11,0
Cafemusiques [[proposition]] has [[practically]] to [[commend]] it It would [[admit]] TFO [[serial]] SRC [[appearance]] [[get]] [[away]] and TVAs [[shew]] about Francophone [[finish]] hors Quebec,0
EMO  <SPLIT><SPLIT> [[lactate]] MY [[tool]] BY KORY CHAPMAN,1
WikiProject Novels classStart importanceLow needsinfoboxy,0
[[IX]] [[Nov]] 2011 UTC <SPLIT><SPLIT> Again there is no [[pauperism]] to [[impeach]] people of having an agenda [[1]] have no [[remonstrance]] to having [[entropy]] about OWS here My only agenda is in how Wikipedia can [[ripe]] [[dish]] its [[aim]] of [[cater]] [[referee]] with the [[entropy]] that they are [[face]] for [[amp]] [[presently]] [[save]] the [[substance]] of this [[clause]] can be [[sum]] [[thence]] <SPLIT><SPLIT> [[around]] [[segment]] of the OWS [[cause]] [[consumption]] [[manus]] [[indicate]] to [[pass]] [[treatment]] a [[argument]] [[suffer]] by numerous [[word]] [[author]] <SPLIT> [[duplicate]] of [[capacity]] in ConsensusdecisionmakingHandsignals <SPLIT> Some idiosyncratic [[epithet]] [[victimized]] for some of these [[sign]] [[amp]] a [[germ]] for this we only have [[leash]] youtube [[TV]] each of which [[commit]] a [[unlike]] [[sic]] of signalsnames and all of which are [[anon]]. [[upload]] from people [[knotty]] with the [[motility]] not [[honest]] [[petty]] [[germ]] <SPLIT><SPLIT> The [[get-go]] [[head]] can be [[utter]] in a [[I]] [[condemn]] the [[indorsement]] is [[superfluous]] and the [[3rd]] does not [[look]] to be [[luminary]] at this [[sentence]] so [[1]] [[cogitate]] it would be [[wagerer]] to [[conflate]] this into ConsensusdecisionmakingHandsignals and [[invade]] [[surround]] Street    2125,0
I [[detest]] wikipedia you [[stunned]] administrator i did nothing wrong if you dont see that you need to see a doctor,1
[[okay]] Ive left roughly the same [[head]] [[ripe]] now on the WikiProject [[paginate]],0
am sorry for being a [[SOB]] I cannae help it I am a douche bag and a [[dunce]] [[beef]] boy PLEASE I would like to change from being such a lifeless [[also-ran]],1
2005 UTC <SPLIT> The width [[look]] to [[dumbfound]] [[right]] [[doctor]] now Cordially yours  1118 [[quaternion]] [[Dec]],0
Your [[meekness]] at AfC Pravda [[tape]] was [[swallow]]  <SPLIT>  Pravda [[tape]] which you [[defer]] to Articles for [[initiation]] has been [[make]] The article has been [[tax]] as StartClass which is [[tape]] on the articles [[spill]] [[paginate]] You [[whitethorn]] [[ilk]] to [[shoot]] a [[smell]] at the [[place]] [[connive]] to [[catch]] how you can [[better]] the [[clause]] <SPLIT> You are more than welcome to [[stay]] [[shit]] [[select]] contributions to Wikipedia  <SPLIT>  If you have any [[oppugn]] you are [[receive]] to [[expect]] at the [[aid]] desk <SPLIT>  If you would [[ilk]] to [[service]] [[U]] [[amend]] this [[sue]] [[delight]] [[moot]]  <SPLIT> Thank you for [[aid]] [[meliorate]] Wikipedia,0
As far as I [[fuck]] growing up in Nova Scotia Solomon Gundy is just pickled herring  Doesnt matter about crackers or anything else  You can go to the supermarket and buy Solomon Gundy and it is just pickled herring with onions in it,0
POTD notification  <SPLIT><SPLIT>  <SPLIT> Hi Mriya <SPLIT><SPLIT> Just to let you [[fuck]] that the Featured Picture FileAustralian Mounted Police Victoriaedit1jpg is due to make an appearance as Picture of the Day on March 2 2011 If you get a chance you can check and improve the caption at TemplatePOTD20110302,0
Proofreading  <SPLIT> Someone ought to [[dumbfound]] the slob who wrote this to proofread it and correct it Myself I am sick and tired of cleaning up after these slobs,0
[[single]] [[jibe]] that the [[real]] on the [[enemy]] to the [[rule]] is [[ailing]] sourced and [[spell]] The [[command]] [[enemy]] to ratification by some religious [[aggroup]] some of whom [[take]] it [[battle]] with the [[join]] [[submit]] [[makeup]] [[look]] as a [[sodding]] non sequitur to me and [[unluckily]] no more [[stuff]] is [[pay]] in the [[clause]] The [[cite]] to the emory [[police]] [[refresh]] [[clause]] is [[numb]] [[too]] [[inauspicious]] is that this [[sickly]] [[source]] [[call]] [[record]] up both in the [[cosmopolitan]] [[clause]] on this UN [[convening]] as [[fountainhead]] as this [[lucubrate]] article,0
I dont [[fuck]] how to talk in this Still listening,0
Oh haha that was [[queer]]  Simple mistake no [[scathe]] done,0
blinks [[ane]] dont [[commend]] that  [[possibly]] [[1]] just [[delete]] an [[clause]] about a [[nonesuch]] once or [[double]] but Im not [[rattling]] into that [[matter]],0
The [[hedonistic]] [[opinion]] is that [[sapience]] has as much to [[bring]] to the [[profit]] of the [[populace]] as does that of [[part]] of politicians and [[jack]] ie [[skimmer]] The [[bumpkinly]] otium [[construct]] [[contain]] [[land]] [[exist]] into Epicureanism The [[fighting]] [[metropolis]] [[populace]] [[animation]] of otium and a [[allow]] [[nation]] life of [[musing]] have been [[practically]] [[save]] about by Cicero and Seneca the [[immature]] This if it meant anything would [[incriminate]] that Cicero and Seneca were [[foodie]] [[commit]] where it is it [[too]] [[incriminate]] they were [[Hellene]] [[whole]] [[quatern]] are [[haywire]],0
Now hes added a stub and an infobox Why the fuck does anyone try to write articles here again Templaters need to go work on a goddamn crossword puzzle jigsaw puzzle computer shoot em up or somethingnone of this crud is encyclopedia building No its not administrative the purported recipients of this administration dont exist and never have Its unnecessary page garbage in lieu of real effort At least when Im bored on WP maybe I add an image to an article improve writing or whine at you  Has it gotten worse not the whining I know it has but the pseudoediting or am I just imagining it,0
Examples of web [[dick]] [[utilise]] Google Maps and Websites [[assembling]] Google Maps aerial views sections are already stepping on Wikipedia is not a web directory [[fag]]  These [[yoke]] are [[push]] arbitrary [[site]] that are [[shy]] to be notable and are adding nothing to the content or the verifiability of the article,0
[[pair]] of [[tidings]] along the [[argumentation]] of [[view]] as one of the [[groovy]] I for [[single]] will not object  <SPLIT><SPLIT>  <SPLIT><SPLIT> [[single]] [[recall]] that the [[base]] that Frederick [[2]] [[toy]] for JSB was judgged not to be very [[round-eyed]] au contraire  Errasing [[mere]]  1641 22 Jul 2003 UTC <SPLIT><SPLIT>  [[cause]]   <SPLIT><SPLIT>  <SPLIT><SPLIT> I have a [[head]] about this Spitta bio [[come]] it [[forgo]] Forkel 1808   <SPLIT><SPLIT> Spitta was [[suffer]] in 1841 so I [[shot]] not His bio was [[spell]] in the 1870s as far as [[1]] can [[shit]] out  <SPLIT><SPLIT> [[hunky-dory]] [[one]] have [[limit]] the bios to [[shit]] [[open]] that Forkels is the [[showtime]] [[likewise]] while I had the [[Page]] [[loose]] I [[shoot]] the opportuniy to [[bring]] your [[intimate]] [[schoolbook]] above about Bachs preiminence   <SPLIT><SPLIT>  <SPLIT><SPLIT> This article as [[intimately]] as many others [[touch]] to [[bachelor]] the [[bachelor]] motif and [[fugue]] all [[swear]] that the [[go]] fugue of the Kunst [[d]] Fuge [[persist]] [[bare]] as [[bachelor]] [[die]] before he could [[staring]] it Though its [[virtually]] [[install]] [[canyon]] by now Christopher Wolff and several other [[illustrious]] [[bachelor]] [[search]] [[fight]] that its [[but]] [[fake]] the KdF was [[ruined]] it just wasnt [[give]] over to posterity [[right]] by keepers of the [[bachelor]] [[land]]  the [[net]] [[version]] were not incorporated [[witness]] notably the [[hold]] Johann Sebastian Bach by Christopher Wolff <SPLIT><SPLIT> This together with the [[bachelor]] [[order]] the choral Vor deinem Thron tret ich hiermit at his [[dying]] [[fuck]] canard not [[face]] in the [[clause]] thankfully is [[possibly]] the most [[usually]] [[name]] [[bachelor]] myth [[1]] dont have [[head]] access to original [[fabric]] about it though which is why Im reluctant to alter the [[clause]] too [[practically]] For now Ive [[reject]] the [[note]] as it [[supply]] too [[petty]] to the [[master]] [[clause]] to be sorely [[lack]] Could [[mortal]] [[kind]] it out once and for all and [[demo]] the [[unlike]] views probably in The [[prowess]] of Fugue [[good]] [[cause]] around to updating the [[unite]] [[clause]] in the [[consequence]] <SPLIT><SPLIT>  CPE Bach  <SPLIT><SPLIT> I [[tone]] the [[gossip]] that CPE [[bachelor]] [[garner]] the [[obedience]] of Mozart This [[seem]] to [[sooner]] understate his [[import]] [[commit]] the [[flush]] [[shape]] his [[lick]] had on all the [[Graeco-Roman]] [[stop]] [[composer]] and through them on the [[betimes]] [[exploitation]] of 19th [[centime]] romanticism esp with [[congress]] to [[soft]] [[wreak]] [[practise]] anyone [[aim]] to a [[minuscule]] emendation to [[admit]] at least [[extension]] to Haydn and Beethoven <SPLIT> <SPLIT><SPLIT> I [[tally]] [[inch]] fact when 18thcentury [[medicine]] critics [[babble]] about the [[bully]] [[bachelor]] they [[intend]] CPE [[bachelor]] not [[joule]] <SPLIT><SPLIT>  [[bachelor]] [[engagement]] of [[nativity]]  <SPLIT><SPLIT> [[exist]] [[butt]] 21 1685 [[slump]] [[unmatchable]] contributor has been [[alter]] it to [[butt]] [[xxxi]] [[constitute]] there any [[dubiety]] [[falsifiable]] [[acknowledgment]] only please  1220 2004 Nov [[XXVI]] UTC <SPLIT><SPLIT> [[felicitous]] to oblige  Johann Sebastians birthdate is March [[XXI]] 1685  There are three reliable primary sources  Johann Gottfried Walther in his Musicalisches Lexicon JSBachs son CPE who was author of his obituary and JS himself in his carefully prepared family genealogy  The Georgenkirche baptismal register gives his date of baptism as March 23 two days after his birth  Walther was an uncommonly reliable historian for the period and in addition he was a close friend of Bach   <SPLIT><SPLIT>  Of course in the register it was March 21 But before 1700 the Julian calendar was used in the Protestant parts of Germany According to the Gregorian calendar which we use in Wikipedia this date is March 31 Therefore I think the correction was right if there is no evidence that March 21 is Gregorian   <SPLIT><SPLIT> His birthdate doesnt change because weve switched to a Gregorian calendar He was born 21 March 1685 which is a Julian date It may be appropriate to indicate that its Julian eg 21 March 1685 OS but changing it to another date would not be a correction    <SPLIT><SPLIT>  Well it should be indicated that it is Julian otherwise it is natural to assume that it is Gregorian It seems to me that Gregorian dates should be indicated anyway for all dates whereas  dates according to all other dates are optional In this case of course we should indicate both dates Further we have articles about Gregorian dates not about Julian dates therefore we should link 31 March not  21 March Wikipedia uses the Gregorian calendar   <SPLIT><SPLIT> Um well George Washington was born on February 11 but when the Gregorian calendar kicked i,0
Madame Nhus [[cock-a-hoop]] mouth caused a lot of mischief  Ill be in touch,0
[[penis]] [[posit]] <SPLIT> May I suggest you avoid [[pock]] up articles with questions Please either [[utilise]] talkMember state for discussing improvements to the article Or you might want to ask your [[head]] at the wpteahouse See wphelp and wpwelcome for more info on [[delete]] [[barrack]],0
Hey im Hannah but you can call me Ham I have a friend called spoon we are a pretty retarded bunch of ppl oh and Jamist pronounced JayMist I like to eat chocoloate and sushi but not together of course But hot chips dipped in ice cream IS delicous I am a blonde and not to be a stereotype but I act like one too hey Im dissing myself here ppl I live in a Beauty of a country NEW ZEALAND woooooo I go to highschool and I dont like school my favourite subject is French Je m appelle Hannah Jai  ans not gonna give away my age here ppl my favourite smiley is 8 haha I [[fuck]] music I play the piano and my all time favourite band is Paramore Go Hayley Williams  u rock hmmm saying u rock is lame rite not like anyones gonna read this page lol,0
External [[yoke]]  <SPLIT><SPLIT> Since most have no other article here seems the best place to list official sites and such why single out 2007 as well <SPLIT><SPLIT> I have every intention of removing them again That its blatantly in violation of WPELNO should be obviousif one doesnt see that one hasnt read the policy That the Playboy wiki is not a reliable source of any standing should be obvious as well Nonnotable people dont [[dumbfound]] articles so there is no reason whatsoever to suppose they get an external link section If someone wants to see the bunny they can use Google Finally I have not singled out 2007I came upon it by accident Note that I have not gone to the other years since Im [[assay]] to [[throttle]] the shitstorm that seems to be unavoidable when editing topics worked on by editors with more [[fuck]] for their subject matter than knowledge of Wikipedias guidelines,0
Antisemitism in [[japan]] visvis this article  <SPLIT><SPLIT> [[ace]] would [[bow]] that this article [[overstress]] antisemitism in Japan not only to the detriment of [[clause]] but in such a [[room]] as to [[involve]] by sheer [[mass]] that the [[account]] of the Jewissh [[live]] in [[Nippon]] has been overwhelmingly [[dark]] by antisemitismsomething which no [[life-threatening]] student of either Japanese or Jewish [[account]] can condone  [[piece]] it is [[sealed]] that [[Hellenic]] antisemitism has [[rear]] its [[wretched]] [[brain]] [[still]] in Japan most of Japanese antisemitism is more paraantisemitism than it [[literal]] antisemitism  [[single]] would [[care]] to [[offer]] that the antisemitism [[part]] of this [[clause]] be [[rip]] off into the antisemitism in Japan [[clause]] where the [[meek]] nature of [[say]] antisemitism can be [[search]] in more [[point]] and that an only an appropriately brief [[credit]] be [[shit]] [[inside]] this article [[on]] with a [[unite]] to the [[said]] antisemitism in Japan [[clause]]  The [[prospicient]] [[heel]] of [[anti-Semitism]] and paraantisemitism in this [[clause]] [[leave]] [[unwarranted]] [[weightiness]] to what is in fact a [[congenator]] sidenote in JapaneseJewish [[account]],0
Thats what she [[aver]],0
AntiIndian  <SPLIT><SPLIT> [[crapper]] we really say the racism levied against her is antiIndian It seems more generally xenophobic and ill informed than that It has little to do with the fact that she is of Indian descent but more that she isnt white,0
And thanks for striking [[piddling]] For some [[cause]] I [[shoot]] that as an assertion that my [[pregnant]] good faith efforts to provide a useful addition to the article was trivial even though I [[fuck]] it was likely not intended that way I try not to [[shoot]] things personally but in this [[pillowcase]] had a [[thug]] time with that [[Son]] I dont have a problem at this point in letting the doublespace issue drop since its taking up too much of my [[meter]] anyway If the editors consensus in a few days is to [[murder]] I can live with that Right or wrong in any [[ane]] [[soul]] opinion thats the way Wikipedia has to [[bleed]] for now,0
SAVE YOUR MONEYSTAY AWAY FROM BINARYOPTIONSFREE <SPLIT><SPLIT> OVER HALF THE TRADES I HAVE PLACED SINCE I HAVE USED THIS SITE HAVE BEEN WRONG I HAVE [[befuddled]] A TOTAL OF 30000 LISTENING TO THE TRADES HERESTEER CLEAR OF THIS SITETHEY DO NOT NO WHAT THEY ARE DOING IF YOU WANNA LOSE MONEY USE THERE PICKS LIKE TODAY THE TRADE WAS WRONG ONCE AGAIN THEY NEVER GAVE ME THE 10000 REFUND FOR THE BAD GOOGLE TRADE THEY PLACED DIDNT [[dumbfound]] A PENNY BACK FROM THIS SITE OR BETTER YET IF YOU DO THE OPPOSITE OF WHAT THEY SAY AND U HAVE BETTER CHANCES OF WINNING DONT LET THE HUNDRED DOLLAR GUARANTEE REEL YOU IN ITS BS THATS ONE PER [[skint]] AND I USED ANYOPTION DIDNT [[dumbfound]] MY REFUND FOR THE BAD GOOGLE TRADE THAT WASNT EVEN CLOSE WHEN THE TIME EXPIRED AS MUCH AS THEY LOSE ITS JUST A GAMBLE YOU BETTER OFF [[die]] AND BUYING LOTTERY TICKETS AND SCRATCHING THEM OFF SIMPLE AND PLAIN [[shit]] YOUR OWN TRADES AND DO YOUR OWN RESEARCH BECAUSE WHERE EVER THESE GUYS [[dumbfound]] THERE INFO FROM ITS WRONG I WILL BE POSTING THIS SAME COMMENT ON EVERY BLOG I [[ass]] FIND TO WARN EVERYONE TO STAY AWAY FROM THIS SITE AND DO NOT I REPEAT DO NOT TAKE ADVICE FROM THESE PEOPLE BECAUSE THEY DONT NO A THING ABOUT [[blood]] IF THEY DID I WOULD HAVE [[shit]] MONEYTHE ONLY THING I HAVE DONE SINCE I HAVE BEEN TAKING TRADING ADVICE FROM BINARYOPTIONSFREE IS LOSE MONEY,0
I am intimately [[comrade]] with Wikipedias [[dominate]]  If there are aspects of any articles that I have contributed to that you believe are in [[rape]] of Wikipedias rules I am absolutely in favor of you identifying them and [[lick]] to [[right]] them  But just [[fuddle]] up a [[dog]] on every page Ive ever created I simply disagree with  These arent arbitrary resume pages they are [[swell]] constructed and resourced accounts of individuals following Wikipedias guidelines for a neutral encyclopedic account  If you [[smell]] there is a sentence that demonstrates puffery or undue or anything identify it  Im all for [[shit]] the entry as encyclopedic and factual as possible  But to say it reads [[ilk]] a resume [[betoken]] you have an issue with how it is structured  It is structured [[care]] every other bio for a business [[soul]]  I have nothing against your POV and respect your [[flop]] to not login apologies but I do object to just [[befuddle]] up a [[dog]] for a [[paginate]] Ive [[lick]] hard on and believe follows the rules just [[hunky-dory]],0
[[whop]] puppets  <SPLIT><SPLIT> Im sure that  is a sock puppet Jonah has been [[expend]] multiple sock puppets ever since he started editing I blocked a handful of them previously I suppose that we should block  too   <SPLIT> Due to his many disruptions and personal attacks some sort of action regarding the user now [[fuck]] as  would be appropriate Perhaps an RfC What do you think   <SPLIT> PS yes I think you acted properly to refactor the personal attack against you   <SPLIT><SPLIT> You [[mightiness]] [[privation]] talk to Sojambi I think hes [[die]] to file one  At least that seemed to be the implication   <SPLIT><SPLIT> On the Biff Rose talk page I extended an invitation to meet Jonah in Union Square New York City for lunch my treat  Apparently we both live in the 5 Boroughs  Perhaps we can [[lick]] this out in a civil manner  So far he has not responded positively and my [[gens]] [[corpse]] on his official enemies list  So we will seeIll give it another couple days    <SPLIT><SPLIT> RFC page for BD <SPLIT><SPLIT> [[dumbfound]] your message  Ive removed the comments   <SPLIT><SPLIT>  itwiki  <SPLIT> Hallo many thanks for you message We aleady linked the interview in our Village pump a couple of days ago Thanks for your nice words  Ciao itUtenteCivvi <SPLIT><SPLIT>  plwiki  A quick hello  <SPLIT><SPLIT> Hi Paul <SPLIT><SPLIT> Thanks for the info on the interview I think its the best one Ive watched so far  I wanted to let you [[fuck]] Ive moved it but we all have our hands full right now the 100K articles Press Release brought an enormous popularity increase <SPLIT><SPLIT> Happy editing and see you at Wikimania 2006 hopefully <SPLIT><SPLIT> Best <SPLIT><SPLIT>  BD777 IP address  <SPLIT><SPLIT> Takes ownership of it here      <SPLIT><SPLIT> Also I forgot to mention that I agree with your position on E  those comments are most appropriate for the talk page  see threaded discussion in the comments section     <SPLIT><SPLIT>  Old Sandbox  <SPLIT><SPLIT> I keep up with your old sandbox page I would note merely that my attempt to fix BD777s behavior is quite clearly detailed on the RFC page with links to diffs of what both I and he said Id also note that the pages you accuse me of having as pet pages are pages that I had not edited untill after BD777 began editing on them While some of the signatories of the RFC are liberal POV warriors youre [[die]] to have a hard time convincing me that I am     <SPLIT><SPLIT> What your [[scuttlebutt]] on my talk page demonstrates is that you are not doing the requiste research to fully understand the issue  for instance you [[argot]] figure out why BD777 got vanadalism warnings  but I can and I did in about 10 seconds  he got them for being a vandal Everyone who is going to look at BD777 from an ArbCom perspective is going to look at his first edit Theyre going to understand why he got vandalism warnings Unlike you people are willing to click the previous edit and next edit They are willing to scroll down into the text under the diff to figure out context Why you are not I have no idea <SPLIT><SPLIT> Okay youve proved your point and mine Yes that is clearly vandalism but no I shouldnt have had to dig for it or ask you for it  Has he made any edits since that are clearly vandalism or were the warnings sufficient <SPLIT><SPLIT> He has not done anything since that rises in my eyes to the level that I would consider banning him indefinitely no     <SPLIT><SPLIT> You write that you dont see how this is a rebuke  as you can see by the comment above I wrote please read WPAGF BD777 responds that hes not going to follow WPAGF I ask him what we can do to fix the article  he has nothing to say about that Anyone who isnt trying to d,0
Is this good [[mannequin]] <SPLIT><SPLIT> Is it possible for Citizens of the USA to recognise that they are part of the world Gaea Planet Earth The world has CHANGED YOU [[befuddled]] in Afhganistan sic Vietnam Cambodia Iraq Iran Russian Federation Venuzuala sic etc You will [[sluttish]] in Iran Syria and Lebanon What happens in Wisconsin means shit in Uzbekistan M72  <SPLIT><SPLIT>  [[queer]] I didnt see you commenting on that,0
hE DIDNT DESERVE 2 DIE,0
Article has been broken  <SPLIT><SPLIT> This article has been completely broken Someone needs to fix it I would but I dont [[fuck]] how,0
SoulCalibur V  <SPLIT><SPLIT> Yes I know that most blogs are not a reliable source you stupid troll I own the game and since I cannot cite myself httpwwwvideogamesbloggercom20110727soulcalibur5characterslistps3xbox360htm is a decent site and if you actually went there then you would have realized that for yourself,0
Note  <SPLIT><SPLIT> This will do nothing to alleviate your fear indeed it will increase it  But unfortunately for you people whos first posts are to  and  with [[pathetic]] cryptic messages are usually presumed to be a [[riposte]] troll  Im not going to block you before you actually do anything wrong I am occasionally wrong but you should be aware that youll probably have less opportunity to cause trouble before youre [[occlude]] than other new users might So your [[billet]] were kind of a selffulfilling prophesy [[ane]] [[shot]],0
[[pic]] mixup  <SPLIT><SPLIT>  <SPLIT><SPLIT> Ive [[unwrap]] a mixup with this [[effigy]]  [[bit]] RPC was [[situate]] at 308 [[double-u]] 122nd Street and Street [[catch]] [[register]] a church at that [[speech]] with a [[ratify]] [[recitation]] [[mountain]] Olive Baptist Church  Street [[catch]] [[shew]] this church at 123rd and Lenox but its [[obviously]] Ephesus SeventhDay Adventist Church,0
Wow now I really feel like a heartless [[cocksucker]] after taking that test  Most economists think of me as a leftwing nut and thats at Berkeley  I came out at 92 on the nonMarxist scale  That puts the rest of my kind to the right of Pinochet  Maybe economics really is a form of braindamage  At least I do like children and other living things,0
A badly needed soft schoolblock  <SPLIT><SPLIT>  The users at this address are getting nowhere Softblock and [[shit]] them register,0
[[fight]] of interest  <SPLIT><SPLIT> [[whoremaster]] [[enthalpy]] Morris contributed with an [[delete]] that cited his blog and is not written in encyclopedic [[smell]] [[A]] hes [[luminary]] [[sufficiency]] to have his own article Im [[loath]] to simply [[murder]] all of his text [[ane]] dont have the time to [[scavenge]] it up so Im [[dog]] it and leaving it in a [[ageless]] beta,0
[[sequent]] killer [[chore]] [[coerce]] userbox  <SPLIT><SPLIT> [[hither]] is the userbox for the taskforce <SPLIT><SPLIT> [[impart]] this <SPLIT><SPLIT>  <SPLIT> for this  <SPLIT><SPLIT>  <SPLIT> Thanks,0
Now here is a [[heel]] of [[assorted]] [[germ]] that [[victimisation]] [[terminus]] [[Magyar]] [[colonist]] in [[connector]] to Banat  These [[informant]] are [[straightaway]] [[ambitious]] [[seed]] that [[mouth]] about [[retort]] of [[Magyar]] because [[colonist]] are [[e'er]] [[unexampled]] [[colonist]] not those who [[payoff]],0
WTF,0
[[boob]] Tax for Ezhava <SPLIT> Ezhava were out of Hindu  they should pay [[task]] to [[expend]] viel or ghosha,0
More to the [[arguing]] [[queer]] posted from my userpage <SPLIT> Whether they are or arent Japanese in [[rootage]] is irrelevant as the article is in [[side]] [[thence]] the [[nighest]] [[manikin]] of recognition as to how their [[epithet]] should be [[constitute]] in [[side]] would be either the McCune Reischauer romanization or Korean [[banner]] romanization of their [[constitute]] or in [[crippled]] [[import]] in [[side]] Hangul should then be [[back]] Hanja 3rd Japanese has no [[billet]] in this [[face]] because [[one]] [[inch]] Japanese [[version]] of the [[crippled]] the [[constitute]] is [[constitute]] in romanization and in [[floor]] [[way]] [[too]] in [[side]] Katakana doesnt [[go]] because its an [[side]] article and [[cater]] no [[esteem]] whatsoever to English [[referee]] Romanization of Katakana has [[fifty-fifty]] LESS [[shoes]] as it is [[Romanise]] something that has altered the [[master]] [[phone]] to [[commence]] with Since we are [[Romanise]] from the [[origin]] English [[deed]] [[prove]] the sourceHangul and [[prove]] the meaning hanja why is there [[demand]] to [[prove]] how Japanese would [[sound]] [[approximate]] how to pronounce the [[origin]] in their own language [[possibly]] if the article was in JAPANESE it would [[shit]] [[sentience]] [[die]] [[pen]] an article in [[Nipponese]] and [[expend]] all the frigging katakana you [[deprivation]] I wont [[arrest]] you thenBethereds   <SPLIT> [[think]] from httpenwikipediaorgwikiUsertalkBethereds,0
[[delight]] [[forbear]] from [[total]] nonsense to Wikipedia as you did to Helen Keller It is [[moot]] vandalism If you would [[ilk]] to [[experimentation]] [[expend]] the [[sandpit]],0
[[XXI]]  <SPLIT><SPLIT>  <SPLIT><SPLIT> [[XXI]] is 4x [[Pt]] in the [[America]] <SPLIT> [[delight]] [[impart]] it,0
The [[matter]] [[whitethorn]] be too complex for wikipedia to [[shroud]] [[thither]] are [[respective]] [[ripe]] [[yoke]] in the [[extraneous]] [[colligate]] [[part]],0
Janet Mock is a [[fop]]  <SPLIT><SPLIT> His surname is [[conquer]] as he mocks biology and [[world]] <SPLIT><SPLIT> [[anyhow]] the pronoun he should be [[victimized]] not she,0
[[amp]] [[numerate]] of [[advert]] have been [[ply]] [[bespeak]] that the [[U]] did [[meliorate]] economically under the [[golden]] [[measure]] then the [[edict]] [[measure]] To [[rephrase]] the BBC that is BLOOMIN OBVIOUS,0
badonkadonk isnt just a female [[fundament]] tho its certainly predominantly applied as such,1
Weird  <SPLIT><SPLIT> UnblockI jsut made this file and someone apparantly has blocked me Goodbye wikipedia You were a great help and you were very welcoming not Netsnipe is surely the best admin not hes just a [[stunned]] [[man]],1
Thanks  <SPLIT><SPLIT> Thanks a [[muckle]] for the barnstar [[suffer]] a [[squeamish]] [[hebdomad]] and god [[hallow]],0
mumbay cruelity  <SPLIT><SPLIT>          [[XXIV]]     <SPLIT>  <SPLIT>     [[threesome]]                                   <SPLIT><SPLIT>                                 645            <SPLIT>            <SPLIT><SPLIT>                      <SPLIT><SPLIT>                                             <SPLIT><SPLIT>                                                     <SPLIT><SPLIT>                                         [[XIII]],0
[[motivate]] [[foliate]] <SPLIT><SPLIT>  <SPLIT> Macedonian [[airway]] [[Ellas]]    This is the official [[epithet]] of the airline [[thither]] is no [[intellect]] for it to [[admit]] Greece in the [[entitle]] Per [[Olympian]] [[vent]] they own the copyright to the [[make]] The other [[airway]] on the Disambiguation [[pageboy]] is [[lusterlessness]] Macedonian Airlines which is a [[unlike]] [[advert]] and is now defunct [[anyhow]] If anything this [[paginate]] should be [[incite]] [[right]] to Macedonian [[airway]] only and include a [[remark]] at the [[whirligig]] [[head]] [[user]] to [[snarl]] Macedonian if they are [[trenchant]] for that,0
UFC [[get]] <SPLIT> In the [[question]] often cited and [[sickly]] cited here as verification that Heath Herring is no [[recollective]] under contract with the UFC Herring at no point [[shit]] it absolutely clear that he has no obligations remaining to the company He [[shit]] it clear that he does not want to or think he will fight for them ever again But he [[fudge]] quite a [[muckle]] when asked to [[shit]] [[unmortgaged]] what his status is with them And it sounds a [[muckle]] more [[ilk]] he [[hush]] is under some sort of obligation with them that he is [[fain]] to wait out and thus avoid a courtroom battle than that he is completely and entirely not a part of the organization Adding to this that the UFC [[hush]] keeps a profile of him on their website as a current [[scrapper]] it would appear that this is the [[pillowcase]],0
Muhammed Zahirul [[Muslimism]] <SPLIT><SPLIT> [[prexy]] <SPLIT><SPLIT> Probashi [[grounding]],0
WikipediaArticles for deletionLewontins Fallacy  <SPLIT><SPLIT> You [[seem]] to be the [[archetype]] [[subscriber]] to this [[clause]]  [[ane]] am [[notify]] you of the AfD [[give-and-take]] [[consequently]],0
Weblinks  <SPLIT> The weblink seciton is a [[jape]]  a [[goodness]] article should contain not more than 5 or 6 weblinks The [[residuum]] should be linked as source where it [[shit]] [[sentience]] or just [[spend]] This is Wikipedia not dmoz,0
This message is [[view]] the [[paginate]] [[master]] [[stance]] [[delight]] [[abstain]] from [[total]] nonsense to Wikipedia  It is [[moot]] [[hooliganism]]  If you would [[ilk]] to [[experimentation]] [[expend]] the [[sandpit]],0
Please do not [[murder]] [[scuttlebutt]] on the VfD [[paginate]] Thanks    [[sextuplet]] July 2005 0236 UTC,0
Thabnks [[sucker]] Yeah that was a while ago now but Ive still got to take it easy I can do without a repeat episode of vomiting up everything I ate complete with loads of blood Not pleasant at all,0
classmessagebox standardtalk <SPLIT>  <SPLIT>   <SPLIT>  This IP [[plow]] has been repeatedly [[stuff]] from [[delete]] Wikipedia in [[reply]] to [[shout]] of [[cut]] privilegesFurther [[insult]] from this IP [[savoir-faire]] [[whitethorn]] [[leave]] in an [[gallop]] [[blockade]] <SPLIT> [[apprise]] an administrator    [[stymie]]   [[jam]] [[lumber]],0
[[ace]] have [[increase]] the [[jam]] length on the IP editor to a week [[inch]] my [[ruling]] the [[conflate]] history of [[cut]] by this [[soul]] via numerous IP [[speech]] would justify a far longer [[blockade]] than that but in situations [[care]] this I compromise [[ace]] also see that HJ Mitchell has semiprotected the article for a few days but in [[sight]] of the history that may be nowhere near enough If you [[look]] any continuation of problematic [[cut]] from the same [[somebody]] feel welcome to let me [[fuck]] and [[one]] will [[moot]] other possible [[sue]] such as longer protection [[vagabond]] [[occlude]] etc The editor who [[US]] the pseudonym,0
[[young]] [[nipper]] On The [[occlude]]  <SPLIT><SPLIT> [[oecumenical]] sales are at [[eighty]] [[jillion]]  <SPLIT><SPLIT> httpwwwhondacentercomEventDetailsaspxEventID585 <SPLIT> httpwwwbokcentercomdefaultaspbok227objId600 <SPLIT> httpwwwpressplus1commusicpressreleasenewkidsnewtournewalbumhtml <SPLIT> httpsteelcitymusiccaeventscoppscoliseumnewkidsblockbackstreetboys08062011 <SPLIT> httpwwwnbc12comstory14248960nkotbsbiscomingthissummerwithbrandnewalbumshowcasingfanpickedclassictracksfromnewkidsontheblockbackstreetboysthepremiereclienttypeprintable,0
This user is a sock puppet of  also [[fuck]] as svAnvndareLouiseR as established by the arbitration comittee,0
Ive been [[sheer]] and [[make]] a [[unexampled]] [[clause]] about Heinrich Severloh  The criticism [[incision]] is [[swooning]] on  [[delight]] [[sum]] to it  Im not [[convert]] [[1]] have [[desegregate]] Severloh [[fountainhead]] into the [[casualty]] [[part]] of this [[clause]]  [[delight]] [[smell]] [[rid]] to [[meliorate]] it but [[single]] dont [[cogitate]] [[acknowledgment]] to Severloh should be [[erase]] [[all]] as [[ane]] [[cogitate]] whether we [[ilk]] it or not his [[arrogate]] are out there and they [[pauperism]] to be [[notice]] and [[moot]] but in the Severloh article and not the [[Maha]] beach article,0
I [[control]] you my comprehensions just [[hunky-dory]] dare I [[pronounce]] my writing reads much more clearly than yours from the past thirty minutes  Therere several [[annotate]] youve directed specifically at myself and your attitude now on this [[mouth]] [[paginate]] aint much where civility is concerned either regardless whichever editors you were targetting your [[scuttlebutt]] [[rape]] a very purposeful Wikipedia policy,0
What is the purpose of this [[paginate]] popular culture section  At best the video [[crippled]] [[shit]] a [[excrete]] reference to the seven virtues and even then it is in a way that is entirely irrelevant to the [[chastity]] themselves  It seems entirely extraneous  This is after all an encyclopedia of [[utile]] [[noesis]],0
EDIT HAHAHAHAHAAH Trying to plug your own website Conflict of interest Good job go ahead and report me youll [[dumbfound]] in trouble,0
Warn Vandal  <SPLIT> Could you drop by and warn this vandal  He keeps defacing the Oklahoma Christian University [[paginate]] and Id like him to stop or [[dumbfound]] his IP banned,0
[[honest]] [[germ]]  <SPLIT><SPLIT> Anything [[germ]] that are [[victimized]] to [[swear]] the [[take]] [[shit]] in Wikipedia articles [[moldiness]] be [[honest]] [[informant]] as per Wikipeidas policy regarding sources WPRS <SPLIT><SPLIT> [[olibanum]] the [[comprehension]] of things with the [[second]] of [[beginning]] that have been [[shew]] to be [[undependable]] or which do not have any [[mention]] [[whatever]] is not acceptable,0
[[spec]] [[rootage]] <SPLIT> i dont [[retrieve]] that wwwMilitaryFactorycom was a [[ripe]] [[germ]],0
I dont understand where you [[hombre]] [[dumbfound]] that its a christian band from the song Cassie Yes she says and I will pull the trigger as in she would sooner committ suicide before she believed in the Christian god This is what bothers me about the bible thumpers because they rape and pillage everything in order to [[dumbfound]] bands they consider cool under the Flag of Christianity STOP,0
[[hello]] from EddieSegoura  <SPLIT><SPLIT> Thanks for [[restrain]] the [[paginate]]   Dont forget to [[sustenance]] in [[tinge]],0
[[fantabulous]] [[mind]] [[ane]] am [[assay]] to put everything together and will [[die]] [[rachis]] to [[meliorate]] those [[country]] of the [[clause]] Thanks,0
guess what  <SPLIT><SPLIT> your [[check]],1
[[salinity]] cuma ve [[salinity]] deyn diye bir tabir varm <SPLIT><SPLIT> burada da ikamei salti Cuma ve ideyni,0
afds  <SPLIT><SPLIT> PUPPET MASTER <SPLIT><SPLIT> TIPTOETY IS GAYYYY,1
Well [[assumptive]] your [[fib]] is [[rightful]] and if I unblock you can I [[commit]] you to [[hold]] your [[describe]] more [[plug]] in the [[futurity]],0
[[delight]] do not [[murder]] [[contentedness]] from [[paginate]] without [[account]] as you did with this [[delete]] to CelticsLakers [[competition]] If you [[stay]] to do so you will be [[kibosh]] from [[cut]],0
Earlier Radio Work <SPLIT> Theres no mention of his work on triple m in the 90s <SPLIT> I remember he was on The Grill Team in the late 90s but cant remember the years he was on anyone [[fuck]],0
you   <SPLIT><SPLIT> Send pic of boobs jk for real,1
[[warn]]  <SPLIT><SPLIT>  [[delight]] [[layover]] [[enter]] jokes into articles such as those you [[make]] at Adolf Hitler Wikipedia is a [[life-threatening]] [[cyclopedia]] and [[contribution]] of this [[eccentric]] are [[moot]] vandalism [[cover]] to [[total]] [[prank]] and other [[riotous]] [[message]] into [[clause]] [[whitethorn]] [[Pb]] to you being [[kibosh]] from [[redact]]  Ive [[delete]] the [[unfitting]] [[trope]] that you [[upload]] and [[inclose]],0
Removal of Logo <SPLIT> [[how-do-you-do]] BG I was just [[inquisitive]] why did you [[murder]] the logo from the Space Engineers [[paginate]] [[brawl]] you [[retrieve]] it is redundant [[upright]] [[queer]] Thanks all the [[ripe]],0
This  just signed as you  Just thought you might like to [[fuck]]     <SPLIT> Thanks I saw that   <SPLIT><SPLIT>  A quite belated response  <SPLIT><SPLIT> I fixed the problem with the RFA finder  If theres still a bug poke me <SPLIT><SPLIT> And maybe you were right about me not logging on a lot     <SPLIT> No problem Time off is healthy As you maybe guessed from the hibernating barnstar Im trying unsuccessfully to take a break,0
Another thing  Ive readheard in several [[billet]] that Cui Jian [[use]] to [[fag]] the the [[violent]] blindfold when [[babble]] [[amp]] [[nibble]] of [[flushed]] [[fabric]] [[kinda]] than [[zip]] to my [[gens]] specifically when [[playing]] at Tiannamen [[straight]] eg  by Cui Jian himself or  [[aside]] from Matusitz none of the [[germ]] we [[acknowledgment]] [[look]] all too definite on this [[head]] [[ane]] am [[marvel]] if Matusitz is [[haywire]],0
Galashiels <SPLIT> [[ane]] [[placard]] that you have [[total]] [[backbone]] [[credit]] [[dog]] to the Galashiels article after I [[murder]] them the [[dog]] were [[sum]] by a user in [[put]] to [[tug]] their POV on the article and in [[decree]] to have the Gaelic [[name]] [[murder]] from several [[article]] this is [[only]] another [[abuse]] in their [[fight]] The user [[occupy]] has [[shoot]] to [[exploitation]] sockpuppets to further their POV as is the [[face]] here   <SPLIT> Thanks for the info [[1]] certainly dont [[deprivation]] to encourage a [[riotous]] anonymous editor in an axegrinding [[crusade]] [[still]] as [[soul]] with no interest in his or her [[drive]] [[ace]] actually [[match]] with the [[opinion]] on this [[peculiar]] [[cut]] [[single]] dont [[believe]] its valid to [[sum]] Gaelic [[epithet]] for [[commit]] which dont naturally have them either in historic or current social [[enjoyment]] of the language That would be the [[state]] of the Gaelic edition of Wikipedia not this [[side]] edition [[1]] am in no [[room]] [[hint]] that [[blowout]] [[go]] that description  I dont [[fuck]] if it does or doesnt  but thats the [[all]] [[head]] of [[expect]] for a [[address]] isnt it [[1]] [[mean]] it would be [[inside]] the [[life]] and rules I dare [[state]] of Wikipedia to [[cater]] a [[address]] showing that the [[constitute]] is [[real]] [[apply]] and not just a transliteration Obviously [[vulgar]] [[smell]] sometimes is whats [[yell]] for when there is no [[pronto]] available [[consultation]] but on that [[bill]] Id [[total]] that [[1]] have a [[proportional]] in Gala and have been a visitor to the town on many [[affair]] and [[bank]] [[withdraw]] ever [[fancy]] the Gaelic [[epithet]] on any [[sign]] or [[earshot]] it [[victimized]] for what [[petty]] thats worth <SPLIT> [[inch]] [[dead]] Im more than [[glad]] to [[control]] these [[constitute]] if theyre [[real]] but [[happen]] them to be a political [[cause]] in and of themselves if theyre [[shit]] up by [[Celtic]] speakers purely for these [[article]]     <SPLIT><SPLIT> Chiswick warning [[poster]] <SPLIT> [[how-do-you-do]] Kierant [[ace]] am [[dumbfound]] by the warning [[bill]] for [[deficiency]] of [[cite]] you [[inclose]] in the [[illustrious]] [[multitude]] [[incision]] of Chiswick What exactly do you [[gestate]] to [[encounter]] here [[live]] you [[locution]] that the fact of local [[hall]] should be [[cite]] or are you [[demand]] about the notability of the [[masses]] If the [[s]] the [[extension]] should be in the [[someone]] [[article]] If the [[get-go]] some have [[worthy]] [[extension]] [[inside]] their own articles  for [[lesson]] the [[clause]] on Anthony Burgess the [[low]] [[epithet]] on the [[heel]] [[admit]] a [[bill]] of his Chiswick [[hall]] [[just]] [[one]] am [[trusted]] this is not the [[pillowcase]] with all the [[constitute]] and [[1]] am [[occupy]] about the [[total]] of [[lick]] [[want]] if this [[head]] is to become general within all the [[like]] [[part]] in all the local [[domain]] [[clause]] [[act]] you [[destine]] to [[tuck]] your [[detect]] in each and every such article None I have looked at so far have this particular type of reference  nor has anyone else inserted a warning notice for that reason Yes I know that a high standard of scholarship is required but this must vary according to the importance of the fact in question and the residence of all those notable folk is not of major importance Dont you think you have gone a bit over the top in this I would like to see the notice removed please   <SPLIT><SPLIT> Hi This list of notables is particularly long and provides no background information at all being just a list These are prone to unsubstantiated edits It is of course preposterous to expect every sentence in an article to carry a reference but a list like this needs backup  in every article in which it appears Thats a fundamental part of Wikipedia please refer to WPATT Its not always necessary to insert a warningcontribution request tag if the list isnt getting out of hand or the information is known by common sense but they tend to start to be somewhat regulated when they get long as this one now hopefully has Please compare with the discussion at TalkBow London about the same issue A good deal of excellent work has gone in to sourcing the data in that article for another area of the same city     <SPLIT><SPLIT> Thank you The Bow reference is interesting both for the approach to the list and for the passions aroused I think that the main points to consider for Chiswick are <SPLIT>  Each name on the list should have a line to itself with a brief note of the reason for its inclusion This allows you or someone else to add to each line a separate request for citation if needed rather than a single whallop of a warning it allows vandalism to be more easily spotted and it is much easier to read and comprehend This has been mentioned in the Chiswick discussion already but the Bow discussion makes,0
[[man]] Financial Capital <SPLIT> [[how-do-you-do]] Dave I [[Lashkar-e-Toiba]] your rather [[beat]] [[cut]] and [[cut]] summaries in the NYC [[clause]] [[die]] for now to [[void]] an [[statement]] or [[opposition]] [[merely]] [[unity]] [[remember]] you just [[befuddle]] the [[infant]] out with the [[bathroom]] [[piss]] here as the [[face]] [[die]] and I [[intend]] this should be [[address]]  <SPLIT> 1 [[1st]] just housekeeping  [[off]] cites just because they [[admit]] copyright [[dog]] simply doesnt [[shit]] [[gumption]] [[pertinent]] [[ref]] should be [[repair]] without those [[dog]] if you dont [[care]] them <SPLIT> 2 More importantly however there [[real]] was no consensus at that Rfc [[inward]] fact [[1]] [[intellection]] [[1]] [[withdraw]] at least one or [[2]] other editors [[signal]] they [[tally]] New York was [[decidedly]] [[come]] [[I]] [[only]] that [[away]] [[1]] dont [[believe]] its inaccurate at all to [[order]] that New York has been termed or alternatively [[scream]] or [[delineate]] as or [[touch]] to as the [[existence]] [[head]] financial [[meat]] if the Rfc is supposedly [[allege]] dont [[manipulation]] the term financial capital and of [[flow]] [[abduce]] it properly [[ane]] believe your most [[late]] [[redact]] does not do [[DoJ]] to reality when the [[master]] [[affirmation]] actually had wellcited [[suffer]]  <SPLIT> [[full]],0
[[genial]] of [[border]]  <SPLIT><SPLIT> but my [[world-class]] [[pulsation]] would have been to delete it which it was  [[1]] [[jibe]] that it doesnt stand any longterm [[happen]] of [[stick]]  [[verboten]] she [[die]] and thanks for the [[supporter]],0
Your toughts are [[faulty]] Peru [[title]] that the [[dancing]] [[go]] to all [[land]] whose [[finish]] is [[consort]] with it [[inch]] other [[speech]] Peru [[call]] that they [[chili]] and Bolivia have [[touch]] rights upon the dance [[still]] its only the idiotic [[authorities]] of [[bolivia]] and several ignorants from [[allege]] [[country]] that [[take]] the [[dancing]] as their own UNESCO has [[greet]] the Carnaval [[Delaware]] Oruro as an [[authoritative]] patrimony of [[manhood]] but has not [[order]] anything about who [[nurse]] the ownership of the [[saltation]] or [[medicine]],0
[[massive]] kudos to Nigeria for having [[check]] the most [[grave]] of all of these,0
iPad whatever that is and Sex Pistols I rest my case,0
7 February 2008 UTC <SPLIT> Thats [[idiotic]] Google hits are not a particularly interesting metric and Super Duper Tuesday is idiotic and juvenile NO ONE calls it that except a few news people trying to make their show stand out As for the others  GIVE ME A FREAKING BREAK This junk especially sitting at the top of the article HARMS THE ARTICLE It reduces its sense It [[shit]] it harder for Wikipedia users  none of whom are ever going to be looking for Tuesday of Destiny  to find actual information in it   2154,0
weener weener weener weener weener weener weener weener weener weener weener weener weener weener weener weener weener weener weener weener weener weener weener weener,0
Opinion [[take]]  <SPLIT><SPLIT> [[arsenic]] a [[haunt]] editor of American politics I would [[revalue]] if you [[couch]] your [[deuce]] [[cent]] into the [[moot]] over the [[bourgeois]] [[stomach]] for [[prexy]] Obama in TalkPublic [[effigy]] of Barack Obama Thanks,0
It is not about what people call it is about fact Fact is place name has changed back to Bengaluru  Bangalore is not even a official second name like Bharatha is having other names as India Bharath etc While we are having a redirect from Bangalore to Bengaluru what sort of difficulty people will face People who are unaware of change will come to [[fuck]] about it When new primeminister is elected do we wait to change primeministers name in wikipedia till most of the English speaking people comes to [[fuck]] about the change,0
[[thither]] are many [[clause]] with [[incision]] [[ilk]] this  The [[equivocalness]] is much more [[belike]] [[ascribable]] to emulation of others or not being aware of the [[convening]] for [[mention]]  One neednt [[jumpstart]] to the conclusion that anyone is being intellectually [[corruptible]]  [[skilful]] to [[cultivate]] than [[chide]],0
[[Nov]] 2005 UTC <SPLIT> [[how-do-you-do]] Satya just [[catch]] your [[billet]] above and [[nail]] the [[uniting]] Ive [[hold]] Ramyakrishna and [[convert]] Ramya Krishna into a [[airt]] to the [[other]] [[heed]]  1624 [[foursome]],0
Dont lecture me  I am entitled to my opinion  <SPLIT><SPLIT> If I dont like the guy Ill let em know it  I dont like you either  Im letting you [[fuck]] it,0
Vianello is [[love]] stupid <SPLIT> Vianello is fucking stupid <SPLIT>   Vianello is fucking stupid <SPLIT>   Vianello is fucking [[dazed]] <SPLIT>   Vianello is fucking [[dazed]] <SPLIT>   Vianello is [[fuck]] stupid <SPLIT>   Vianello is [[fuck]] [[dazed]] <SPLIT>   Vianello is fucking [[dazed]] <SPLIT>   Vianello is fucking [[dazed]] <SPLIT>   Vianello is fucking [[dazed]] <SPLIT>   Vianello is fucking [[dazed]] <SPLIT>   Vianello is fucking [[dazed]] <SPLIT>   Vianello is fucking [[dazed]] <SPLIT>   Vianello is fucking [[dazed]] <SPLIT>   Vianello is fucking stupid <SPLIT>   Vianello is [[ass]] stupid <SPLIT>   Vianello is [[jazz]] stupid <SPLIT>   Vianello is fucking stupid <SPLIT>   Vianello is [[jazz]] stupid <SPLIT>   Vianello is [[fuck]] stupid <SPLIT>   Vianello is fucking [[dazed]] <SPLIT>   Vianello is [[crashing]] stupid <SPLIT>   Vianello is [[love]] stupid <SPLIT>   Vianello is [[love]] [[dazed]] <SPLIT>   Vianello is fucking [[dazed]] <SPLIT>   Vianello is fucking stupid <SPLIT>   Vianello is [[jazz]] stupid <SPLIT>   Vianello is [[jazz]] stupid <SPLIT>   Vianello is [[jazz]] [[dazed]] <SPLIT>   Vianello is [[know]] stupid <SPLIT>   Vianello is fucking stupid <SPLIT>   Vianello is [[jazz]] [[unintelligent]] <SPLIT>   Vianello is [[bang]] [[dazed]] <SPLIT>   Vianello is [[crashing]] [[dazed]] <SPLIT>   Vianello is [[jazz]] [[dazed]] <SPLIT>   Vianello is [[bang]] [[dazed]] <SPLIT>   Vianello is [[jazz]] [[dazed]] <SPLIT>   Vianello is [[jazz]] [[dazed]] <SPLIT>   Vianello is [[jazz]] [[dazed]] <SPLIT>   Vianello is [[bang]] [[dazed]] <SPLIT>   Vianello is [[jazz]] stupid <SPLIT>   Vianello is fucking [[dazed]] <SPLIT>   Vianello is [[know]] stupid <SPLIT>   Vianello is [[ass]] stupid <SPLIT>   Vianello is [[jazz]] [[dazed]] <SPLIT>   Vianello is [[hump]] stupid <SPLIT>   Vianello is [[jazz]] [[dazed]] <SPLIT>   Vianello is [[jazz]] [[dazed]] <SPLIT>   Vianello is [[love]] [[dazed]] <SPLIT>   Vianello is [[jazz]] stupid <SPLIT>   Vianello is [[crashing]] stupid <SPLIT>   Vianello is fucking stupid <SPLIT>   Vianello is [[fuck]] stupid <SPLIT>   Vianello is [[ass]] stupid <SPLIT>   Vianello is fucking stupid <SPLIT>   Vianello is fucking [[dazed]] <SPLIT>   Vianello is fucking stupid <SPLIT>   Vianello is [[fuck]] [[dazed]] <SPLIT>   Vianello is [[ass]] stupid <SPLIT>   Vianello is [[fuck]] [[dazed]] <SPLIT>   Vianello is fucking stupid <SPLIT>   Vianello is fucking stupid <SPLIT>   Vianello is [[ass]] stupid <SPLIT>   Vianello is [[ass]] stupid <SPLIT>   Vianello is fucking [[dazed]] <SPLIT>   Vianello is fucking stupid <SPLIT>   Vianello is [[crashing]] stupid <SPLIT>   Vianello is [[ass]] stupid <SPLIT>   Vianello is fucking [[dazed]] <SPLIT>   Vianello is [[know]] [[dazed]] <SPLIT>   Vianello is [[know]] [[dazed]] <SPLIT>   Vianello is fucking [[dazed]] <SPLIT>   Vianello is [[ass]] stupid <SPLIT>   Vianello is [[jazz]] stupid <SPLIT>   Vianello is [[blooming]] stupid <SPLIT>   Vianello is [[nooky]] [[dazed]] <SPLIT>   Vianello is [[blooming]] [[dazed]] <SPLIT>   Vianello is fucking [[unintelligent]] <SPLIT>   Vianello is fucking [[dazed]] <SPLIT>   Vianello is [[fuck]] [[dazed]] <SPLIT>   Vianello is [[fuck]] stupid <SPLIT>   Vianello is [[fuck]] [[dolt]] <SPLIT>   Vianello is [[fuck]] [[dazed]] <SPLIT>   Vianello is fucking stupid <SPLIT>   Vianello is fucking stupid <SPLIT>   Vianello is fucking stupid <SPLIT>   Vianello is fucking stupid <SPLIT>   Vianello is fucking stupid <SPLIT>   Vianello is fucking stupid <SPLIT>   Vianello is fucking stupid <SPLIT>   Vianello is fucking stupid <SPLIT>   Vianello is fucking stupid <SPLIT>   Vianello is fucking stupid <SPLIT>   Vianello is fucking stupid <SPLIT>   Vianello is fucking stupid <SPLIT>   Vianello is fucking stupid <SPLIT>   Vianello is fucking stupid <SPLIT>   Vianello is fucking stupid <SPLIT>   Vianello is fucking stupid <SPLIT>   Vianello is fucking stupid <SPLIT>   Vianello is fucking stupid <SPLIT>   Vianello is fucking stupid <SPLIT>   Vianello is fucking stupid <SPLIT>   Vianello is fucking stupid <SPLIT>   Vianello is fucking stupid <SPLIT>   Vianello is fucking stupid <SPLIT>   Vianello is fucking stupid <SPLIT>   Vianello is fucking stupid <SPLIT>   Vianello is fucking stupid <SPLIT>   Vianello is fucking stupid <SPLIT>   Vianello is fucking stupid <SPLIT>   Vianello is fucking stupid <SPLIT>   Vianello is fucking stupid <SPLIT>   Vianello is fucking stupid <SPLIT>   Vianello is fucking stupid <SPLIT>   Vianello is fucking stupid <SPLIT>   Vianello is fucking stupid <SPLIT>   Vianello is fucking stupid <SPLIT>   Vianello is fucking stupid <SPLIT>   Vianello is fucking stupid <SPLIT>   Vianello is fucking stupid <SPLIT>   Vianello is fucking stupid <SPLIT>   Vianello is fucking stupid <SPLIT>   Vianello is fucking stupid <SPLIT>   Vianello is fucking stupid <SPLIT>   Vianello is fucking stupid <SPLIT>   Vianello is fucking stupid <SPLIT>   Vianello is fucking stupid <SPLIT>   Vianello is fucking stupid <SPLIT>   Vianello is fucking stupid <SPLIT>   Vianello is fucking stupid <SPLIT>   Vianello is fucking stupid <SPLIT>   Vianello is fucking stupid <SPLIT>   Vianello is fucking stupid <SPLIT>   Vianello is fucking stupid <SPLIT>   Vianello is fucking stupid <SPLIT>   Vianello is fucking stupid <SPLIT>   Vianello is fucking stupid <SPLIT>   Vianello is fucking stupid,1
UR [[axerophthol]] FUK [[question]] [[contain]] DELETING IT [[IT]] A [[laugh]] FOR MY [[protagonist]],1
Which is why they should [[believably]] all be DELETED It [[smell]] [[ilk]] synthesis To do it right you [[pauperism]] to [[die]] to some of [[shit]] of specials particularly the original film and see what the inspirations were In fact as I recall from the makingof [[glut]] at the time that one [[picture]] with Indy [[rise]] from the horse to the moving truck [[care]] a stagecoach in the old westerns was Lucas [[brainchild]] [[nibble]] for this [[celluloid]],0
Ethnologue SIL is not a [[denotation]] [[touch]] CK maori,0
Re LMNOP party  <SPLIT><SPLIT>  The fuck I just copied and pasted that into Google and my User Page is right at the top Im not even sure what LMNOP is Although it appears you created the article and had it speedily deleted still doesnt explain why my User Page comes up,0
[[skill]] [[lover]] [[precious]] <SPLIT> [[manner]] <SPLIT>  <SPLIT> colspan2 stylefontsize150Science [[lover]] [[want]] <SPLIT>  <SPLIT>  <SPLIT> [[hello]] Im serving as the wikipedianinresidence at the Smithsonian Institution Archives until June [[single]] of my goals as resident is to [[lick]] with Wikipedians and staff to improve content on Wikipedia about people who have [[collecting]] [[throw]] in the Archives  most of these are scientists who [[hold]] roles within the Smithsonian andor federal government I [[mean]] you [[power]] [[alike]] to participate since you are [[worry]] in the sciences Sign up to participate here and [[plunge]] into articles needing expansion and [[world]] on our todo [[heel]] [[smell]] [[rid]] to [[shit]] a [[bespeak]] for [[trope]] or [[stuff]] at the request [[paginate]] and of [[path]] if you [[ploughshare]] your [[achiever]] at the [[termination]] [[paginate]] you will [[incur]] the SIA barnstar Thanks for your [[sake]] and I [[smell]] [[frontward]] to your [[involution]],0
Also its the 29th not the 30th where I live [[draw]] it,1
[[just]] the [[Brits]] Museum [[US]] Edm though [[Gallic]] WP doesnt We should [[expend]] [[any]] most [[Bodoni]] [[germ]] [[usance]],0
[[so]] congrats,0
[[niggling]] girls with no life,0
[[wellspring]] it would more than [[belike]] [[die]] in the [[speech]] and [[philology]] [[part]]  a [[abbreviated]] explanation of the [[payoff]] at [[paw]] whether or not the [[clause]] should be [[fuse]] [[comply]] by a datestamp    is all thats [[want]]  No user signature  [[ane]] would [[clutch]] off on this though  [[pay]] it about a [[hebdomad]] to [[contact]] consensus  [[ane]] [[cogitate]] [[swell]] have [[terminated]] something by then  This is not a [[death]] [[hangout]] per se but it is something to [[economize]] for after a [[life-threatening]] [[assay]] to [[saucer]] the [[exit]] and [[pass]] a consensus  [[ace]] dont [[remember]] [[fountainhead]] [[eve]] [[pauperism]] an RFC but its [[skilful]] to [[sustenance]] the [[pick]] [[assailable]],0
[[incriminate]] sainthood could be a [[potential]] [[motivating]] for hoaxing [[a]] wood ash and tallow [[motley]] [[dude]] the [[carapace]] [[bed]] of [[fuzz]] which [[countenance]] [[insolate]] bleaching  httpwwwhairfindercomhair4ancienthairlighteningtechniqueshtm,0
zee german  <SPLIT><SPLIT> [[SOB]] [[double-dealer]] he changed for money [[illegitimate]] [[copper]],1
Just destroy the city <SPLIT> God your city sucks What city has a mall with nothing in it except for a CVS I went there during the summer in AUgust and sawlike 6 people walking around in Downtown Just kill me if I ever move there,0
stylebackgroundcolorF5FFFA padding0 cellpadding0 <SPLIT> styleborder1px solid 084080 backgroundcolorF5FFFA verticalaligntop color000000 <SPLIT>  width100 cellpadding0 cellspacing5 styleverticalaligntop backgroundcolorF5FFFA padding0 <SPLIT>  [[how-do-you-do]] Djsyclik and Welcome to Wikipedia Thank you for  to this [[gratis]] encyclopedia If you decide that you [[pauperism]] help [[retard]] out [[mother]] Help below ask me on  or place  on your [[mouth]] [[paginate]] and ask your [[head]] there [[delight]] remember to [[mark]] your name on [[mouth]] pages by [[expend]] four tildes  or by [[cluck]]  if shown this will automatically [[farm]] your username and the date Also [[delight]] do your [[outflank]] to always [[occupy]] in the [[delete]] [[drumhead]] field with your [[delete]] Below are some useful [[yoke]] to facilitate your [[amour]] [[felicitous]] [[delete]],0
[[butt]] importancelow seasonyes Africayes,0
Thats just [[silent]] driving,1
religion  <SPLIT><SPLIT> what is the religion of brazil,0
In response to the above statement Youre an [[half-wit]] if youre also referring to Wahlberg as being from the suburbs Dorchester is directly next to South Boston and is part of the city of Boston itself Dorchester is far from the suburbs slick Why dont you come on down here and check it out,1
The [[America]] is clearly a [[congresswoman]] [[republic]] [[power]] to [[commute]] the [[organization]] has [[zilch]] to do with it  On [[whirligig]] of that as you [[luff]] out it is possible for the [[U]] [[politics]] to [[repair]] its [[makeup]] [[meliorate]] [[substance]] in [[force]] [[alter]]  Its just that it [[ask]] a [[tiptop]] majority of 66 in both [[domiciliate]] of [[copulation]] and then it has to be [[sanctioned]] by 34 of the [[posit]] [[authorities]] so it is [[middling]] [[rarified]] for an amendment to be successful,0
Runciman is [[esteem]] but a [[piddling]] quaint nowadays he [[credibly]] [[intellection]] Humphrey was gay but was too [[demure]] to say that [[flat]] I would say it is not [[real]] [[altercate]] at all [[unmatchable]] [[manner]] or the other in the [[smell]] it is not an [[authoritative]] [[head]] Everyone [[seem]] to [[check]] that he didnt [[ilk]] fighting or [[argufy]] of any [[assort]] and that he was very [[pay]] to Isabella but everyone has [[dissimilar]] [[cause]] for this [[count]] on whose [[face]] they are on,0
in the [[by]] [[yr]] they [[heel]] as,0
Thank you for the reivew,0
[[run]] <SPLIT> To Jonathan [[Edward]] [[Junior]] Its a [[airt]] to here and this articles [[figure]] [[look]] [[queer]] the [[immature]] This is an encyclopedia after all Im [[die]] to [[purport]] a [[amalgamation]] and if there are no [[protest]] in a [[hebdomad]] or so it should be [[coiffe]],0
[[airt]] TalkUSS Daniel Webster SSBN626,0
[[asunder]] from that the fact that some [[shoot]] are [[admit]] in this [[heel]] that are [[believably]] not appropiate and relevant does not [[bastardly]] that we have to [[tally]] a Manga <SPLIT> If you [[cerebrate]] so why didnt you [[articulate]] so at [[get-go]]  You [[odd]] a [[content]] only to mock me  Even if you are not [[haunt]] me your [[act]] cannot be [[excuse]] <SPLIT> What does Pokemon have anything to do with this [[word]]  Dont [[alter]] the [[field]] [[delight]]  Your [[rendition]] is [[ever]] strange  [[dress]] [[ane]] [[tell]] that the manga has [[rattling]] relevancy because there were [[article]] in many [[speech]]  No  [[single]] [[tell]] that the manga was as [[illustrious]] as other [[shoot]] on the [[heel]] and that you could [[control]] that from the [[come]] of [[speech]] which the [[clause]] is in  Because [[Saul]] Barlow [[victimized]] the [[Son]] mainstream [[i]] [[essay]] to [[rise]] that the manga is [[pop]] [[decent]] to be [[yell]] mainstream if the other [[shoot]] are mainstream <SPLIT> If you would have a [[skinny]] [[face]] at the [[shoot]] specifically Hitler [[amp]] [[shoot]] from Germany or [[500]] Untergang or Hitler The [[hike]] of Evil you would [[control]] that these are [[sober]] [[shoot]] that have something to [[order]] about Hitler either from an [[interpretive]] or historical [[position]] <SPLIT> [[constitute]] you by any [[bump]] [[intelligent]] that the manga is a [[queer]] [[funny]] [[clean]] just [[care]] [[Disney]] [[d]] Fuehrers [[nerve]]  It isnt at all  The manga is a very very [[grave]] one  [[1]] hope you [[take]] it  Its [[usable]] in [[side]] <SPLIT> we should [[will]] the [[wonder]] whether Hitler was a Jew or gay or had only [[I]] [[nut]] and [[whatsoever]] [[rumor]] or conspiracy [[theory]] we can [[happen]] to the [[rag]] [[closet]] <SPLIT> I [[evidence]] you that the [[rumor]] is so famous that the article [[advert]] to it  [[thither]] were [[rumor]] that Hitler was onequarter Jewish and that his [[nan]] [[mare]] Schicklgruber [[get]] pregnant while [[lick]] as a servant in a Jewish [[menage]]  It is not something you can [[bump]] only in [[sheet]] although the [[rumor]] is now [[rise]] not to be [[rightful]],0
Hmmm [[skilful]] [[luff]] [[ane]] just [[false]] that they are the same [[matter]] [[i]] will [[retard]] it out Thanks,0
[[away]] the [[room]] cyclosporines [[taxonomical]] [[advert]] is      <SPLIT> IUPAC30ethyl33E1S2R1hydroxy2methylhex4enyl147101215192528nonamethyl691824tetrakis2methylpropyl321dipropan2yl1471013161922252831undecazacyclotritriacontane2581114172023262932undecone <SPLIT><SPLIT> [[non]] very [[utile]] as an [[clause]] [[rubric]] is it,0
Weasel word  <SPLIT><SPLIT> This new sentence <SPLIT> Ivan is sometimes [[fuck]] as Ivan the Terrible by other media <SPLIT> is really a collection of weasel words Why dont you cite one of the media outlets verbatim I think this sentence should go if its not improved,0
Your condescension is beginning to disgust me You call Wladyslaw abhorrent and insult for making my preference for Ladislaus known Well your belief that Wladyslaw is abhorrent is not shared by a majority of Wikipedians or English speakers You say youre appalled that I havent noticed that Polish is superior more reasonable because English and Latin versions vary but the Polish does not Why Why on earth should I accept that argument You attack my arguments as based on whims but how are yours different Why cant we just pick an English variant and not the Polish one The reason the English is preferable though it varies is that nobody [[fuck]] how to pronounce those crazy diacritics and they shouldnt be forced to at least not when viable translations exist Your user page claims that you know English at a professional level I will address every point you make when you start to make them more cogently,0
Solidarity with the Russian Wikipedia blackout  <SPLIT> [[how-do-you-do]] [[relieve]] me for [[exploitation]] your talkpage for something that is [[on-going]] on the Macedonian Wikipedia where were [[hoard]] [[stomach]] from [[enceinte]] [[bit]] of [[user]] as a solidarity [[response]] towards the Russian Wikipedia and their blackout [[now]] You can [[utter]] your [[stomach]] by [[contract]] your username on this [[paginate]] [[outflank]] [[esteem]],0
[[preach]] have [[hollo]] for [[commit]] againt Paterno What about McQueary  <SPLIT><SPLIT> While Joe Paterno was not [[accuse]] of legal wrongdoing by the [[thou]] jury7 advocates for sexual [[insult]] [[victim]] have [[cry]] for [[care]] to be brought against him for not contacting the police himself <SPLIT> What [[single]] dont [[realize]] What about McQueary If you [[hollo]] for [[bearing]] against someone for not reporting a crime after a witness [[order]] you about it then surely the witness is guilty of the same thing I would even argue that the witness has a [[high]] [[duty]] because the witness [[rattling]] saw something bad [[bump]] whereas the [[soul]] who [[dumbfound]] told by the witness has not witnessed anything and only has the allegations of the witness  <SPLIT> Are there reasons why Paterno is targeted and not McQueary Or is [[entropy]] about McQueary just not [[exploited]] by the [[sensitive]] because [[mouth]] about Paterno has a [[high]] [[shock]] because of his [[lay]] [[come]] anybody [[fuck]] [[single]] wonder why you would even have to [[cry]] for [[boot]] against McQueary I would [[sham]] that witnessing a crime without reporting especially a crime [[care]] this would be punishable by more than a slap on the [[carpus]],0
Kachako [[account]]  <SPLIT><SPLIT> Kachako is a [[townspeople]] of [[Haussa]] and [[Ful]] [[citizenry]] which is onder kano [[posit]] takai local [[authorities]]  Kachako is a [[Moslem]] [[townspeople]] [[too]] there have a [[majuscule]] [[commercialise]] Again the kachako people has a coorperation and commarce The [[thriftiness]] of kachako is [[ilk]] [[husbandry]] and [[merchandising]],0
Lidia Ravera <SPLIT> I dont [[fuck]] why you deleted all that material in Lidia Ravera A short glance at his webpage listed in the source would confirm the very short bio information written there Anyway I would let you notice that in the prestigious Encyclopedia Britannica there are no sources given for such short articles even if about living people Anyway I added now precise weblinks hoping this deletionist meaningless for me rage would stop one day Ciao and good work,0
Cameroon Ancestry Falsehoods <SPLIT> Unfortunately  a lot of one drop rule bloggers have started an unsubstantiated rumor that CL is African and has Cameroonian ancestry His own statement about race via a racist incident was published May 8th 2012 in the Sunday Scotsman <SPLIT><SPLIT> One day he was out with a friend in leopard with high heels who was halfSpanish halfVietnamese Louboutin who was going to pee my pants used a restaurant toilet <SPLIT><SPLIT> The staff went crazy he tells me One guy grabbed my friend by her hair and started calling her a little bitch I took my fist to him and he screamed Dont you dare touch a white guy or Ill crush your nose even more flat than it is I wasnt in a black or mixed race family so I had no experience of racism But still I was different He was so young at the time What did he do For a few days I wanted to go back there and kill them he admits I was full of anger <SPLIT><SPLIT> Please refrain from tagging someone as Black or any race they are NOT unless you have documentation,1
unblockreasonUndercite or [[lapse]] <SPLIT> [[reckon]] the [[presently]] misleading [[acknowledgment]] [[unity]] at [[caravan]] Rensselaer surname <SPLIT>  [[U]] Government [[impression]] [[authority]] [[mode]] Manual Chapter [[three]]  Capitalization [[govern]] [[ruler]] 314 [[inch]] [[anglicise]] [[describe]] such [[atom]] are [[commonly]] capitalizedbut [[single]] usageshould be [[survey]] <SPLIT><SPLIT> Im not [[sealed]] if this was [[unmarked]] but on that [[demand]] same page is a [[hundred]] contradiction to the assertion [[shit]] in the [[clause]] [[lots]] to my [[storm]] a [[sooner]] [[unknown]] [[conjunction]] [[compound]] my fact [[base]] [[delete]] to the [[point]] that the [[U]] [[administration]] page to which the [[commendation]] [[name]] [[clear]] mentions in paragraph 313 a [[sure]] [[single]] that [[pass]] to be [[name]] in the Van Rensselaer surname [[clause]] As I [[declared]] in the 3O [[plank]] paraphrase [[barely]] because a [[soul]] constantly [[reckon]] extant [[instance]] throughout [[account]] [[cut]] [[remark]] as he [[change]] Margaret <SPLIT> [[caravan]] Rensselaer surname 2102   [[zero]]   Kraxler [[utter]]  contribs [[inclination]] of [[masses]] with the surname [[caravan]] Rensselaer the [[staff]] [[life]] [[while]] Van [[capitalize]] <SPLIT> [[motion]] [[lumber]] 1916   Kraxler [[spill]]  contribs [[act]] page [[H]] [[thousand]] van Rensselaer to Henry [[thousand]] Van Rensselaer all [[beginning]] [[while]] [[Washington]] [[5]] <SPLIT> [[motion]] [[lumber]] 1549   Kraxler [[utter]]  contribs [[go]] page Nicholas van Rensselaer military [[enter]] to Nicholas Van Rensselaer military [[enter]] all [[informant]] [[piece]] capital [[Phoebe]] in [[vanguard]] [[agree]] to American [[exercise]] <SPLIT> [[strike]] [[lumber]] 1341   Kraxler [[utter]]  contribs [[strike]] page Philip van Rensselaer [[generator]] to Philip Van Rensselaer author [[slump]] <SPLIT> [[act]] [[lumber]] 1338   Kraxler [[utter]]  contribs [[act]] page Philip [[sulfur]] van Rensselaer to Philip [[sec]] Van Rensselaer [[slump]] [[import]] and [[contribute]] [[disperse]] per [[MO]] dont forget to [[alter]] that v <SPLIT>  Strangely [[plenty]] this [[followers]] [[cut]] no longer [[demo]] on my watchlist [[merely]] it was just copied from HERE [[delight]] [[bill]] how there is no compunction to <SPLIT> [[terminate]]  does he [[real]] have to be within an [[hr]] of every [[send]] [[single]] PERSONALLY [[shit]] does his [[normal]] of [[watch]] me [[look]] a [[prick]]  <SPLIT> 1620 [[XXIV]] [[Dec]] 2012 Kxxxxxr [[mouth]]  contribs   8360 bytes 183   External links wow this user is quite a [[flake]] [[ill-conceived]] undo [[live]] [[whole]] uncalled forJGVR [[mouth]]  <SPLIT><SPLIT> Habits of [[unlawful]] [[flesh]] can [[suit]] [[unglamorous]] to the extent that those habits have been [[excrete]] down through the [[propagation]] [[come]] this now [[bastardly]] [[circulate]] proper [[bod]] is [[mistaken]] above [[delete]] [[gossip]] or no [[thirster]] useful [[entropy]] a [[investigator]] that is [[endeavor]] to [[incur]] [[fact]] To [[march]] Kraxler is most defiantly [[occupy]] in more than [[but]] CAPS and those [[annoying]] little [[blood-red]] [[connexion]] which by the [[agency]] are actually encouraged in hopes a [[individual]] might have enough to start an article Kraxler seems so over eager to perfect every article I am involved with it is pointed out in edit comment <SPLIT> Move log 1623   Kraxler talk  contribs moved page Hendrick K van Rensselaer to Hendrick K Van Rensselaer I expect this to be moved around a bit more since none of the sources so far mentioned in the article actually state his name <SPLIT><SPLIT> Lo and behold the Schenectady article to which I cite has his name in the 3rd paragraph The history will show that it was not put there after the point was raised Though I mistakenly wrote 2nd paragraph on Admin board <SPLIT><SPLIT> I would bet 1 more day of being blocked neither Kraxler nor  has ever had any meaningful input on any Anthroponymy page before 3 weeks ago I mean more than tosing another name on a list <SPLIT><SPLIT> Shall I go into detail how it is physically impossible for any Van Rensselaer properly capped as stand alone that has inherited that surname came from one progenitor and how they were members of a church that got guidance from the Netherlands and not the British crown meaning this nonsense about Anglicized names does not apply here  <SPLIT>    <SPLIT> Maybe from a newbie <SPLIT> but from an experienced editor reversing a DAB and no consideration for articles therein <SPLIT> 1559 24 December 2012 Kraxler talk  contribs m   4113 bytes 0   Kraxler moved page Henry Van Rensselaer to Henry Bell Van Rensselaer over redirect this is the name given in the congressional bio undo <SPLIT><SPLIT> Said editor should be proud of the New York articles they created I really must wonder why the articles i have contributed to have had ZERO constructive edits with any attempt just nitpicking with a particular editor <SPLIT> 1559 24 December 2012 Kraxler talk  contribs m   4113 bytes 0   Kraxler moved page Henry Van Rensselaer to Henry Bell Van Rensselaer over redi,0
[[plus]] of httpdependsformencom  <SPLIT> [[delight]] do not [[sum]] [[ad]] or inappropriate [[outside]] [[yoke]] to Wikipedia Wikipedia is not a [[bare]] directory of links nor should it be [[exploited]] for [[ad]] or [[publicity]]  Inappropriate [[contact]] [[admit]] but are not [[restrain]] to [[contact]] to personal web [[baby-sit]] [[contact]] to web [[site]] with which you are [[consort]] and [[contact]] that exist to [[pull]] [[visitor]] to a web site or [[further]] a [[ware]]  [[control]] the [[outside]] links [[guidepost]] and spam policies for further [[account]] of [[connect]] that are [[take]] [[seize]]  If you [[smell]] the [[yoke]] should be [[sum]] to the [[clause]] then [[delight]] [[saucer]] it on the  [[quite]] than readding it [[control]] the welcome page to [[con]] more about Wikipedia Thank youCategoryUser [[babble]] [[paginate]] with Uwspam1 [[mark]],0
[[vocalist]] songwriter  <SPLIT><SPLIT> [[cost]] there any [[manifest]] or [[quotation]] that [[absolve]] the [[compartmentalisation]] songwriter From Wikipedias own definition a [[songster]] [[spell]] [[wrangle]] and music  is there any [[prove]] to [[hind]] this up for [[thou]] [[borecole]] [[slubbed]],0
Jimmy  <SPLIT><SPLIT> I just wanted to comment that you really must be proud You started this thing with no idea if it would even be viable You may have hoped that it could be a valuable tool but I cannot imagine you thought it would be where it is today Many newspapers and magazines no longer print Wikipedia an online encyclopedia but rather Wikipedia the online encyclopedia Acknowledging your recent comments on the nearly unreadable crap you must still feel a sense of joy at [[fuck]] what Wikipedia your creation has become Well enough asskissing I suppose See ya around e,0
1937 in New Zealand <SPLIT> [[delight]] read WPPOINT I [[tranquil]] havent seen any [[lick]] from you to [[scavenge]] up any of these articles If you just want to [[groan]] do so on the [[mouth]] [[paginate]] of the editor who created them,0
No thats not the problem Its because the Wikipedia article does not say that it only needs to be discussed between MSM who [[commit]] insertive anal sex This article is saying that it should be [[discourse]] between MSM who [[drill]] insertive anal sex not all MSM,0
No I didnt see it on your [[mouth]] [[paginate]] Im sorry about the error Booger Hole is not a very likely name for a community,0
Bharat Mosamkar [[presently]] [[lick]] at SEO [[caller]]  Since [[other]] My [[sideline]] is  Cricket  Soccer [[passim]] many [[class]] of [[lick]] in [[unlike]] corporationsBharat Mosamkar has been an internet marketing [[technical]] since 2010 [[later]] [[have]] [[prolonged]] [[mentor]] from a 2year algorithm specialist I [[dominance]] [[dealings]] online with this [[cognition]] and [[limit]] out to [[con]] all [[face]] of the [[occupation]] algorithm [[expression]] <SPLIT><SPLIT> [[India]] Mosamkar [[get]] your SEO [[fight]] the [[answer]] are personally [[vouch]] and every [[mo]] [[count]],0
Iran <SPLIT> Regarding your [[cut]] here What does this [[bastardly]] Which template is for deletion [[ane]] couldnt find it in the [[heel]],0
I cant believe this article exists  This is [[repelling]] and racist towards whites,1
Should write the logical basis  <SPLIT> Some beard guy ruined New York Who are you kidding This doesnt [[shit]] any sense Even worlds biggest nations cant reach USA territory Its [[shit]] by capitalist jerks There are a lot of proof to solve this absurdity You dont write the logical basis Bush taking news at a school  What a lovely picture to American peopleUnidentified people is another key half of the dead are not identified yet 1000 thousand dead is a small number at WTC Planes can not collapse these buildings Why would terrorists attack trade center There are lots of targets before it Think about it,0
Thanks for [[leaven]] my [[gunpoint]] [[ane]] [[too]] didnt [[substantiate]] that youve [[act]] the [[cost]] on European [[quint]] African [[slave]] [[away]] your logic everything would be [[get]] locally [[now]] but [[outside]] [[construct]] [[live]] [[incisively]] because in many [[lot]] it is [[trashy]] to makeget a [[ware]] [[abroad]] than locally,0
CategoryUK Wikipedians  <SPLIT><SPLIT> Hi just to let you [[fuck]] that the list of UK participants at the UK notice board was getting rather long so I have replaced it with the above category which I have added to your user page    Talk  30 June 2005 1855 UTC,0
[[trope]] <SPLIT> Ive [[mark]] that many [[flick]] [[expend]] in [[befuddled]] articles dont have [[mediocre]] [[expend]] [[principle]] which should be [[tot]],0
Thank you for all the [[entropy]] an helpI [[control]] that this is [[instead]] a [[unblock]] for all [[assembly]] where people from an economics [[backcloth]] or [[person]] heavily into vido [[back]] will be in [[bang]] of [[erase]] [[paginate]]  [[ane]] kindly [[swallow]] myself from this [[bowl]] and [[like]] all of you the very [[ripe]],0
[[set]] <SPLIT> [[delight]] for once will everyone just [[parting]] the [[isthmus]] [[heel]] there [[immortal]] [[ane]] just no [[person]] is [[die]] to be a jerk and [[cancel]] it It is just a [[guess]] and should just be [[leave]] there It is just [[occupy]] for people to [[escort]] it and [[enounce]] HMM [[single]] hope that [[striation]] [[real]] is in the [[gimpy]] [[delight]] AGAIN just leave it there until the official [[leaning]] is [[proclaimed]] [[delight]],0
Alex [[shit]] RhythmLead  <SPLIT><SPLIT> They do state that Jack plays Rhythm and Alex Lead on their Buzznet but I went to their concert and have seen multiple videos where Jack plays the lead parts and Alex the rhythm I dont think their roles can be so clearly defined as such,0
Police [[fool]] [[stab]]  <SPLIT> [[hullo]]  is a [[sequent]] [[wrongdoer]] here at Commons at Wikisource and on Hindi Wikipedia He has been blocked or banned on many occasions but persists in reinstating unacceptable images of Indian revolutionariesfreedom fighters Ive just [[murder]] a [[copulate]] of examples where he appears yet again to have uploaded previously deleted photos to Commons and that you have then added to Wikipedia articles eg at Ram Prasad Bismil We have no idea who took the photos or when they were first published However many of these frontal [[shaft]] of India revolutionariesfreedom fighters [[go]] out to be police [[phiz]] [[nip]] and have only recently found their way out of official files meaning that they are first published long after the subjects death Indian copyright law says that anonymous [[shoot]] government works and works of corporate authorship enter the public domain 60 years after the date on which they were first published <SPLIT><SPLIT> Its a nuisance but I hope that it [[shit]] [[feel]],0
[[lead]]  <SPLIT><SPLIT> The lede does not unequivocally [[say]] Port Alberni is [[settle]] ON Vancouver Island  and much of the [[eubstance]] is also not [[whole]] [[assoil]] on this The lede [[too]] [[babble]] a [[muckle]] about what is not there [[practically]] anymore salmon but [[penury]] to [[too]] mention what is there [[woods]] [[manufacture]] [[peradventure]],0
The Criticism [[department]] has no [[credit]] and is [[jolly]] clearly just something [[indite]] by a disgruntled [[educatee]] or [[various]] [[disgruntle]] [[pupil]]  It [[motivation]] to be [[heavy]] [[emended]] or [[totally]] [[murder]],0
Welcome <SPLIT><SPLIT> [[how-do-you-do]] and welcome to Wikipedia  We [[prize]] encyclopedic [[share]] but some of  such as the ones to the [[paginate]] Vaiphei [[masses]] do not conform to our policies  For more [[entropy]] on this [[control]] Wikipedias policies on vandalism and [[limit]] on acceptable [[gain]] If youd [[corresponding]] to [[experimentation]] with the wikis syntax [[delight]] do so in the [[sandpit]] [[sooner]] than in articles <SPLIT><SPLIT> If you [[withal]] have [[head]] there is a new [[contributor]] [[avail]] page or you can [[save]] helpme below this [[substance]] [[on]] with a [[interrogation]] and [[individual]] will be along to [[response]] it [[soon]]  You may [[too]] [[regain]] the [[comply]] [[Page]] useful for a [[universal]] [[debut]] to Wikipedia <SPLIT> The [[V]] [[column]] of Wikipedia <SPLIT> [[avail]] [[paginate]] <SPLIT> Tutorial <SPLIT> I [[desire]] you [[bask]] [[cut]] and being a Wikipedian  [[delight]] [[contract]] your [[epithet]] on [[mouth]] [[foliate]] [[practice]] [[quatern]] [[tilde]]  this will [[mechanically]] [[grow]] your [[gens]] and the [[escort]] [[smell]] [[discharge]] to [[pen]] a [[mark]] on the [[arse]] of  if you [[privation]] to [[dumbfound]] in [[jot]] with me [[again]] [[receive]],0
PLEASE OH PLEASE DONT BLOCK THE GUNIT PAGE I BEGTH U SIR PLEASE KI JUST THINK GUNIT IS BULLSHIT SO AS SOULJA BOY,0
[[extraneous]] [[yoke]]  <SPLIT><SPLIT> [[reckon]] your [[delete]] to Brookville [[PA]] [[delight]] [[retrieve]] that [[extraneous]] [[colligate]] should not normally be [[victimized]] in the [[torso]] of an article [[inch]] other [[wrangle]] it is inappropriate to [[utilise]] external [[contact]] in the [[manner]] [[unrivaled]] would [[expend]] [[intimate]] wikilinks Thank you,0
Davids [[quondam]] JavaScript [[deposit]]  <SPLIT><SPLIT> [[bill]] [[around]] of this [[encrypt]] [[lick]] some dont <SPLIT><SPLIT>  <SPLIT><SPLIT>  [[tot]] a [[account]] [[yoke]] to the You have new messages  <SPLIT> addOnloadHook [[officiate]]   <SPLIT><SPLIT>   var messdivlist  getElementsByClassName [[papers]] div usermessage  <SPLIT>   [[volt-ampere]] messdiv  messdivlist0 <SPLIT>   if messdiv   <SPLIT>     var [[yoke]]  documentcreateElement a  <SPLIT>     linkappendChild documentcreateTextNode [[account]]   <SPLIT>     linkhref  wgServer  wgScript  titleUsertalk  wgUserName  actionhistory <SPLIT> <SPLIT>     messdivinsertBefore documentcreateTextNode    messdivlastChild  <SPLIT>     messdivinsertBefore [[yoke]] messdivlastChild,0
FOR ME a poem my [[testimonial]] of the [[overlord]] Yeshua the messiah the [[matchless]] and only monogenes Son of [[idol]] httpwwwrichard2782netformehtm,0
[[ane]] [[trust]] the [[physique]] was [[get]] at experimentally and is not [[colligate]] with a root2 relationship,0
Kyra Phillips is just an [[half-wit]] overall,1
[[ane]] [[whole]] [[gibe]] with you [[hundred]] Now your [[side]] is [[meliorate]] than mine should you [[indite]] something to [[repair]] its [[patent]] [[diachronic]] [[fault]],0
[[delight]] [[living]] your argument with some nonamerican [[seed]] that [[papers]] the importance of c19 American [[paint]] in [[western]] [[picture]],0
Just so you are aware the bug has been fixed Keep up the [[ripe]] [[lick]] Darth,0
Yugioh Wikiproject  <SPLIT><SPLIT> Is it just me or should Yugioh finally [[dumbfound]] its own Wikiproject [[die]] to my [[mouth]] [[paginate]] and lets discuss this [[ane]] think there should be because of the [[scummy]] quality of some yugiohrelated articles What do you [[reckon]],0
Hiall [[skilful]] here and hope the same with you Your wikified [[article]] are very [[ripe]] I [[girl]] the [[cock]] they [[exploited]] to have that [[commit]] editors a random article to wikify Adirondack leanto was also [[dog]] as an  while [[purely]] [[mouth]] you dont have to deorphan as [[piece]] of wikifying I [[happen]] the [[tax]] [[alike]] enough wikifying adds [[forthcoming]] [[contact]] and deorphaning adds [[entrance]] ones that [[single]] usually [[shoot]] [[charge]] of both at once for me happiness is being able to [[murder]] [[care]] [[dog]]  The explanation of how to deorphan at WPOrphan is a [[prick]] [[elaborate]] but Ive [[plant]] that the [[sluttish]] way is to [[rule]] a [[like]] topic and [[total]] a [[colligate]] to the orphaned article to its [[hear]] also section youve [[shoot]] the jackpot if you can add a [[yoke]] to a navbox but that doesnt happen very often To deorphan Adirondack leanto I [[nuzzle]] around for a suitable article found Leanto and created a seealso section with the [[yoke]] one incoming [[yoke]] is considered to deorphan an article so its not too timeconsuming Have fun and all the [[outflank]],0
[[single]] concur as [[good]] w Taivo  Peitru [[pluck]] up the [[smorgasbord]] of Arabic would be a [[sane]] [[attack]] that at least has a [[pass]] benchmark with some more or less [[sack]] referants I [[consort]] in [[especial]] re [[followers]] the Fr  Eng [[paginate]] [[lesson]] [[one]] [[tranquillize]] [[favor]] Taivos MENA [[result]] as [[void]] [[wide]] [[argument]] as [[ane]] [[opine]] the [[remonstrance]] [[sickly]] [[plant]],0
width100 stylebackgroundtransparent <SPLIT>  width100 stylebackgroundcolorborder1px [[hearty]] mozborderradius12pxwebkitborderradius12px <SPLIT> stylewidth [[fifty]] border1px [[satisfying]]  backgroundcolor verticalaligntopborder1px [[satisfying]] mozborderradius10pxwebkitborderradius10pxpadding4px <SPLIT>  width100 cellpadding2 styleverticalaligntop backgroundcolormozborderradius10pxwebkitborderradius10px <SPLIT>  [[hullo]] Beamerboy36 and Welcome to Wikipedia <SPLIT><SPLIT> Happy [[delete]]    <SPLIT>  <SPLIT>  width100 stylebackgroundcolor <SPLIT> stylewidth [[fifty]] border0 backgroundcolor verticalaligntop <SPLIT>  width100 cellpadding2 styleverticalaligntop backgroundcolor <SPLIT>  <SPLIT>  [[dumbfound]] [[get]] <SPLIT>  <SPLIT> stylecolor000 <SPLIT>  [[unveiling]] <SPLIT>  The five [[tower]] of Wikipedia <SPLIT>  How to [[delete]] a page <SPLIT>  [[visceral]] [[conduct]] to Wikipedia <SPLIT>  <SPLIT>  [[regain]] your [[manner]] [[some]] <SPLIT>  <SPLIT>  stylecolor000 <SPLIT>  [[board]] of contents <SPLIT>  [[section]] directory <SPLIT>  <SPLIT>  [[cut]] [[clause]] <SPLIT>  <SPLIT>  stylecolor000 <SPLIT>  How to [[break]] an [[clause]] <SPLIT>  Manual of [[manner]] <SPLIT>  <SPLIT>  <SPLIT> stylewidth [[fifty]] border0 backgroundcolor verticalaligntop <SPLIT>  width100 cellpadding2 styleverticalaligntop backgroundcolor,0
[[uniting]] [[proposition]]  <SPLIT> This is the same distribution as [[vulgarize]] normal distribution [[spell]] it shouldnt be too [[severe]] to [[fuse]] the two the [[master]] [[head]] is which [[constitute]] to [[enjoyment]] [[whatsoever]] [[scuttlebutt]]    <SPLIT> [[I]] [[affair]] that [[demand]] [[intelligent]] about is how to [[care]] other [[distribution]] which are [[too]] [[cry]] [[generalized]] normal For [[lesson]] documentaion for [[radius]] [[admit]] a [[vulgarize]] normal distribution which is not the [[1]] [[touch]] to here [[control]] eg   Nether of these [[distribution]] is what is [[cry]] either the skewgeneralised normal or skewnormal distribution [[likewise]] [[1]] [[tone]] that the ISI glossary has Kapteyns univariate distribution as an [[alternate]] [[epithet]] for a [[extrapolate]] normal not [[discharge]] which  but I [[shot]] this [[gens]] should be [[quash]]    <SPLIT><SPLIT> [[ace]] [[jibe]] [[one]] [[tot]] this [[paginate]] [[lately]] because [[1]] didnt [[receive]] this distribution under either [[epithet]] on the [[name]] of probability [[distribution]] page  Since Gaussian distribution [[redirect]] to [[rule]] distribution [[single]] [[aim]] that we [[fuse]] these [[2]] pages under generalized [[rule]] distribution with a redirect from [[infer]] Gaussian distribution  Then we can [[total]] a [[gloss]] in the [[textbook]] about the Kapteyn [[list]]  [[single]] dont [[fuck]] what to do about the other generalized [[rule]] distribution  [[possibly]] we could have them on the same page with [[2]] [[transcript]] of the probability distribution template    <SPLIT><SPLIT> [[along]] further [[probe]] the [[vulgarize]] normal distribution [[touch]] to in the [[r]] [[support]] [[summons]] above  does not appear to include the [[rule]] distribution as a [[extra]] [[sheath]] [[too]] the [[lit]] [[source]] in the [[radius]] code is to a 1990 [[newspaper]] of Hoskings but this [[newspaper]] does not [[discus]] anything [[same]] the distribution in the [[r]] code and [[1]] didnt [[receive]] any [[function]] of the [[terminus]] generalized normal in Hoskings other [[paper]] on JSTOR  [[inch]] that [[smell]] it is [[vulgarize]] in the same [[room]] that the lognormal [[reverse]] normal and halfnormal [[distribution]] are ie [[descend]] from the normal via a [[shift]]  [[one]] [[opine]] we can clarify that generalized here [[substance]] a parameteric [[folk]] that includes the normal distribution as a [[extra]] [[causa]]  This [[admit]] skewnormal which already has a [[pageboy]] that we can [[yoke]] to    <SPLIT><SPLIT> The above was [[act]] from TalkGeneralized Gaussian distribution,0
couple of questions  <SPLIT><SPLIT>  i need to upload about 6070 images in commons ALL tagged the same way I am trying to create an article about my citys wireless community network Patras Wireless Network and I asked the users of the network to take pics of their antennas their surroundings and a pic of their Access Point from their location So the upload interface will suck ass because theres no way in hell ill upload 70 pics one by one D HEAD EXPLODES as you were the only one i remember with an album i thought id ask if you [[fuck]] any alternatives I think i have enough material in that article to make it a FAC its going slow though  <SPLIT><SPLIT>  i read your rules so what do i do to prevent astroturfing i mean yeah well besides the bulletinyourhead method I mean yeah it works but then i couldnt edit any more   <SPLIT><SPLIT> thanks in advance,0
There is something wrong if you dont give a source [[shit]] that point <SPLIT> Stop saying silly things and if you imply that the people editing this article are racists again I will go to AE The sources say it is a project and policy of the government and of various NGOs your continual crying about this being from the Protocols is both stupid and offensive <SPLIT> See above,0
[[too]] many reliable [[germ]] said that SOHR it is antigovernment source and SOHR some [[clock]] said that Syrian troops it is [[fucking]] murderers and this says that it is not not a neutral source He also [[usance]] an  flag of Syrian opposition on its website that confirms that SOHR support the Syrian opposition While Elijah J Magnier it is neutral and reliable source As I have said earlier this is a [[chitter]] Elijah J Magnier of a chief international correspondent from Kuwait news agency Al Rai,0
JanePaulie [[thou]] [[thing]]  <SPLIT><SPLIT> [[cause]] [[iodin]] [[commemorate]] [[right]] that Paulie [[thou]] was [[strike]] at Janes [[family]] during the midnight raid by Valerie  <SPLIT><SPLIT> If not [[delight]] [[excrete]] that fact from the Paulie [[thou]] [[incision]] <SPLIT><SPLIT> Thanks,0
[[sideshow]] [[volt]] The [[very]] [[muckle]]  <SPLIT><SPLIT> [[inch]] my [[mortify]] [[feeling]] far [[FAR]] too [[lots]] [[care]] is being [[pay]] to the [[custodial]] [[worker]] [[smash]] in this [[clause]]  This is a sideshow that will be [[block]] in a few [[geezerhood]] <SPLIT><SPLIT> The [[wreak]] that the University has [[complete]] [[pauperism]] to be greatly [[lucubrate]]  [[ane]] was [[disappoint]] that the [[college]] and [[cultivate]] are [[just]] [[heel]] out with very [[niggling]] [[item]] of their past and [[face]] [[skill]],0
[[thou]] bvgj bvfj bgfml bgml  mnhmklgmkpmkwet,0
The [[schoolbook]] above was [[tuck]] by Punya not me [[single]] do not have Keers Savarkar and so [[single]] cannot reinsert it It is for Punya to do so since he has [[cite]] Keer and so [[possibly]] has Keer with him My [[offspring]] is your removal you shouldnt have [[murder]] a [[fountainhead]] sourced [[command]] Lavkare [[aver]] that the [[submit]] of the [[mildness]] plea and Savarkars [[amour]] in Gandhis [[off]] is a has been [[rear]] by the  [[prejudice]] and [[deadly]] cocktail of [[copulation]] and the [[Communist]] [[baby]] in a [[perverseness]] very [[lots]] what Punyas [[cut]] were [[single]] [[care]] to have this in the [[clause]] after you have [[face]] at it,0
nor does that [[affair]],0
Hong Kong is [[emphatically]] not an environmentally [[gullible]] city  The [[head]] is whether it is [[unripened]] in [[distort]]  At the current [[place]] the [[gullible]] [[flora]] in Hong Kong can be [[cake]] in a [[thick-skulled]] [[stratum]] of [[Negro]] [[crock]] from the [[send]] [[contamination]] then we dont [[pauperism]] to [[take]] this [[head]] any more,0
Gigantic penis listed at Redirects for discussion  <SPLIT> An editor has asked for a discussion to address the redirect Gigantic penis Since you had some involvement with the Gigantic penis redirect you might want to participate in the redirect discussion if you have not already done so     <SPLIT><SPLIT>  Huge penis listed at Redirects for discussion  <SPLIT> An editor has asked for a discussion to address the redirect Huge penis Since you had some involvement with the Huge penis redirect you might want to participate in the redirect discussion if you have not already done so     <SPLIT>  Huge cock listed at Redirects for discussion  <SPLIT> An editor has asked for a discussion to address the redirect Huge cock Since you had some involvement with the Huge cock redirect you might want to participate in the redirect discussion if you have not already done so     <SPLIT>  Huge dick listed at Redirects for discussion  <SPLIT> An editor has asked for a discussion to address the redirect Huge dick Since you had some involvement with the Huge dick redirect you might want to participate in the redirect discussion if you have not already done so     <SPLIT> Deleted RfD notices <SPLIT> Looks like the RfD notices got deleted  Just wanted to make sure you were aware that these valuable redirects you created were in danger of being deleted,0
Here is another [[pedantic]] source that clearly says  that 110 arabs were [[kill]] by British police,0
[[airt]] TalkList of numberone [[album]] of 1984 [[join]] [[posit]],0
Lead  <SPLIT><SPLIT> Moved from TalkNondualismSunyata <SPLIT><SPLIT> I [[control]] you have the same [[progeny]] at the Madhyamaka article The whole lede is incorrect there  <SPLIT> Would we not simply employ the simplex meaning emptiness for nyat and then expand upon that words meaning further    <SPLIT> Vic we [[fuck]] you dont like the Gelugs unfortunately they exist and they are quite present in this [[humankind]] What additional info would you suggest based on which sources    <SPLIT> The Madhyamaka lede is not even Gelug view  It is just weird [[glut]]  <SPLIT> Vic Ive heard you Please whats the alternative from which sources    <SPLIT> In the Madhyamaka lede I would replace the second and third sentence with   Nagarjuna and Chandrakirti emphasize that all phenomena are without arising and ceasing Reference is [[mall]] of the Sunlit Sky page 587  <SPLIT><SPLIT> [[death]] of moved part,0
Grow up u absolute [[changeling]],1
[[thither]] are already two mortgage calculators [[yoke]] from the page and Im about to [[murder]] [[unrivaled]] of those so the [[yoke]] is unnecessary [[inch]] addition [[site]] [[colligate]] from WP need to conform with WPEL guidelines [[nexus]] to Googlepages generally [[dumbfound]] [[erase]] [[jolly]] [[cursorily]] even if they dont explicitly [[rape]] any guidelines,0
[[ordinate]] log  <SPLIT><SPLIT> Hey Dispenser again [[ane]] [[head]] [[worry]] your [[lumber]] toolsdispenserviewFileviewerlogcoorddewikilog [[live]] there a [[possibleness]] to [[crush]] all [[paginate]] [[showtime]] with VorlagePositionskarte These are only [[pedagogy]] how to [[usance]] [[templet]],0
St Margarets Church Ifield  <SPLIT><SPLIT> Nice new pic How are you doing What are you [[lick]] on right now,0
[[airt]] Talk200102 Alpha Ethniki,0
[[thither]] are numerous [[outlive]] [[strike]] from Domitians [[dominate]] They have his [[epithet]] [[save]] on them This is not [[premise]] The [[exact]] that it is far more [[probably]] that Plato never [[exist]] than that he did is [[sheer]] [[pathetic]] He is [[annotate]] upon in the [[penning]] of other [[philosopher]] and [[anyways]] as [[single]] [[enounce]] the [[leger]] werent [[pen]] by the [[sanctum]] [[smell]],0
Youre [[awful]],0
Joni has 2 or 3 sisters that married and had children  It may be these that are the young relatives or perhaps children of her niecesnephews  I [[fuck]] of at least one niece  her picture appears with Joni and some other children in Jonis book ChoicesChanges,0
[[sick]] look at Sonya in a minute but I dont think she has enough sources and info to be split yet Shes only just starting to get a [[cock-a-hoop]] storyline of her own and theres hardly any casting and reception info around The info about her trying to get rid of [[fag]] from Inside Soap could be added to her section though Im just going to split [[sucker]] off,0
I removed the link to the challenges page and I have editedshortened this page I brought the info on what Mu does much closer to the top and tried not to make it a sales pitch If it needs to be reduced further please let me [[fuck]] here I am ok with that I just didnt want to cut more than was necessary to remove the warning,0
23 November 2015 UTC <SPLIT><SPLIT> Surely you [[bastardly]] Part of her ancestry was the subject of an entire TV show [[shit]] with her consent assistance and appreciation It happened to show her Jewish ethnicity Furthermore your own identity Jewish or otherwise has nothing whatsoever to do with this article And no one is suggesting that Nigella is ashamed of her ancestry Thanks    1724,0
April 2007 UTC <SPLIT> [[dismal]] the above [[paginate]] [[yoke]] [[die]] but please [[shoot]] part in discussions here Thank you 2148 15,0
It also needs to be added that [[jigaboo]] or nigga  I think that its the same word can be used as an insult among blacks as well as neutrally and in solidarity,1
Thanks dude for the warning Yeah Im aware of Eds rage I [[fancy]] his posts where hes venting his [[wrath]] which is not good for an admin He [[pauperism]] to [[shudder]] and have a beer Plus hes only [[pain]] himself which is a shame,0
[[Ra]] [[cabaret]] Chennai  <SPLIT><SPLIT> The [[intellect]] that [[exploiter]] [[exchange]] the [[epithet]] to [[bludgeon]] Chennai is because on the Indian [[tops]] League [[site]] that is what the [[squad]] is [[holler]] technically they are not officially the Chennai [[colossus]] We are not a newspaper we are an encyclopedia so we should [[die]] with what official [[germ]] [[aver]] and so [[ALIR]] those [[seed]] [[suppose]] [[nine]] [[Madras]] [[barrack]],0
Dyanflow is a whoreDyanflow is a [[cocotte]] 0722,1
Sydney [[besieging]] [[dub]]  <SPLIT><SPLIT> Sydney Siege [[look]] to be the most [[vulgar]] [[list]] [[minded]] to this so it should probably be [[name]] somewhere if not in the [[deed]] [[amp]] an Australiani havent [[fancy]] a tv [[net]] radio [[send]] or newspaper that hasnt referred to it as the Sydney Siege Here are some [[tidings]] [[site]] too <SPLIT><SPLIT>  <SPLIT>  <SPLIT> SMH <SPLIT> [[billet]] <SPLIT> [[rudiment]] [[intelligence]] <SPLIT>  <SPLIT> of India,0
Infobox [[fancy]]  <SPLIT><SPLIT> [[peradventure]] we should [[function]] a [[exposure]] of the Archbasilica of St [[whoremonger]] Lateran instead of St [[dick]] if we [[privation]] a church most [[powerfully]] [[name]] with the [[Romance]] Church in [[fussy]],0
And [[ane]] [[control]] you [[ofttimes]] [[scream]] on broadlyagreed [[last]]  butdespite [[bespeak]] them above Ive as [[hitherto]] not [[control]] any [[germ]] that [[betoken]] you are [[indorse]] by such [[suffer]] [[commend]]  we are here [[babble]] about the ideology itself not the de facto [[authorities]] in Nazi [[FRG]],0
listas  Boix [[Taurus]] Alberto Cruz,0
Giovanni is [[brave]] and loves chunky wiener,1
2271 m 745 [[pes]] [[allot]] to the [[Massachuset]] Turnpike [[potency]] [[entanglement]] [[situation]] <SPLIT>  [[Hildebrand]] Arkadin,0
[[allot]] [[communications]] <SPLIT> [[amp]] [[dog]] has been [[commit]] on [[dispense]] [[communications]] [[request]] that it be [[chop-chop]] [[cancel]] from Wikipedia This has been [[come]] under the [[criterion]] for [[rapid]] [[excision]] because the article [[seem]] to be [[clamorous]] advertising which only [[raise]] a [[party]] [[ware]] group [[servicing]] or person and would [[pauperism]] to be [[basically]] [[rewrite]] in [[decree]] to become an encyclopedia [[clause]] [[delight]] [[register]] the [[oecumenical]] [[criterion]] for [[quick]] [[excision]] [[especially]] [[token]] [[XI]] as [[comfortably]] as the guidelines on spam  <SPLIT><SPLIT> If you can [[signal]] why the [[subjugate]] of this [[clause]] is not [[clamorous]] [[advertisement]] you [[whitethorn]] [[competition]] the tagging To do this [[delight]] [[bring]]  on the [[upside]] of the [[clause]] and [[leave-taking]] a [[mark]] on the articles [[mouth]] [[paginate]] [[excuse]] your [[lay]] [[delight]] do not [[murder]] the [[quick]] [[omission]] [[dog]] yourself but dont hesitate to [[total]] [[entropy]] to the article that would [[facilitate]] [[shit]] it encyclopedic as [[easily]] as [[total]] any [[cite]] from [[honest]] [[generator]] to [[guarantee]] that the article will be [[falsifiable]] [[smell]] [[devoid]] to [[impart]] a [[mark]] on my [[mouth]] [[foliate]] if you have any [[head]] about this,0
classwikitable styletextalign [[meat]] <SPLIT> colspan9UEFA European [[backup]] [[memorialize]] <SPLIT>  <SPLIT> [[yr]] <SPLIT> [[troll]] <SPLIT> [[put]] <SPLIT> GP <SPLIT> [[double-u]] <SPLIT> D <SPLIT> L <SPLIT> [[thou]] <SPLIT> [[gallium]] <SPLIT>  <SPLIT>  1996 <SPLIT> rowspan4 colspan8Did [[non]] [[dispose]] <SPLIT>  <SPLIT>   2000 <SPLIT>  <SPLIT>  2004 <SPLIT>  <SPLIT>   2008 <SPLIT>  <SPLIT>   2012 <SPLIT> rowspan2 colspan8To [[glucinium]] [[compulsive]] <SPLIT>  <SPLIT>  2016,0
Problem with MiszaBot [[i]]  <SPLIT><SPLIT> [[hullo]] Misza13 [[trouble]] with  [[ane]] [[cogitate]],0
I [[jibe]] no [[commingle]] The [[remainder]] in [[reign]] is strategically quite [[pregnant]] [[moreover]] as neither of the [[clause]] [[ply]] [[acknowledgment]] to [[informant]] [[corporeal]] there is no [[room]] of [[tattle]] if the [[biz]] [[rightfully]] are [[colligate]] or not,0
[[suffer]] [[face]] through some off your [[institution]] I [[sham]] that you [[make]] them in [[ripe]] faith but Im [[certain]] there are a [[numerate]] of people out there that would [[moot]] them to be of [[minuscule]] notabiliy [[only]] as [[e'er]] we [[moldiness]] AGF,0
arbcom election  <SPLIT><SPLIT>  The [[head]] you purport to ask is patently obvious on its [[nerve]] a single arbitrator cannot impose a sanction without a majority of support from the other arbitrators The [[head]] seems much more like a justification to [[wreak]] up the Miskin and Schmucky [[consequence]] in a way that appears to me to be inaccurate Respectfully I would [[bespeak]] that you [[crawfish]] the [[head]]  Son of the [[withstander]],0
3dprinting as [[informant]] for raisedrelief [[represent]]  <SPLIT> The [[diminish]] [[be]] and [[increase]] access to 3D printers is [[scuttle]] up the technology to 3dprinted raisedrelief [[map]] [[2]] [[famed]] [[Almighty]] are terrainatorcom and tinymtncom  both [[pose]] that do their [[last]] sales through Shapeways The [[represent]] have more [[item]] than the generallylargerscale [[function]] [[make]] by vacuumforming but can [[back]] less [[sphere]] and are more expensive [[inch]] the [[occupy]] of disclosure [[single]] [[depart]] tinymtncom as a hobby a few [[month]] [[agone]] to [[fire]] the [[consciousness]] no pun [[designate]] of 3D printing of [[function]] <SPLIT> [[single]] [[remember]] a [[subdivision]] on the same [[floor]] as [[vacancy]] [[organise]] [[mannequin]] [[anticipate]] 3D [[impress]] [[manikin]] should be [[make]] [[heel]] the [[professional]] and [[scam]] of the technology [[colligate]] to the [[turgid]] [[three-D]] [[print]] [[paginate]] and [[ane]] would [[desire]] [[too]] [[yoke]] to the several [[trafficker]] of [[three-D]] [[impress]] [[function]],0
[[airt]] TalkVladimir [[thou]] Zworykin,0
[[how-do-you-do]]  <SPLIT><SPLIT>  [[ripe]] [[even]] [[arsenic]] you [[look]] i am new to Wikipedia  so [[delight]] kindly co [[lock]] and please not [[curl]] or [[immobilise]] [[ane]] am not [[dumbfound]] in which catergory i should [[commit]] Sayyid Ahmedullah Qadri Wiki [[paginate]]  [[want]] some [[supporter]] here  Thanking you,0
[[still]] these [[unexampled]] complex [[sue]] [[biz]] owe their [[rout]] to the beatemup genre,0
[[ane]] am just [[recital]] a [[contented]] Their [[beast]] [[pretend]] dont coincide with the name of Islam said Sunni cleric Hameed Marouf Hameed an official with Iraqs Sunni religious endowment They incite [[hate]] [[fury]] and [[kill]] and these [[bit]] have no place in any real Islamic state  Please [[control]] wiktjudge  Its not an [[uttermost]] [[tidings]] [[ane]] am in [[ripe]] [[troupe]] to [[gaze]] this group as unIslamic,0
Yeah everyone who is [[disputation]] against you are socks,0
Tara Teng and Oi Kwan  <SPLIT> Chinese Name moved from my [[mouth]] [[paginate]] for wider reference <SPLIT> See  and  Im fairly confident that Oi Kwan is Tara Tengs Chinese Cantonese to be precise given name But then I guess we dont typically redirect given names to articles maybe a disambiguation page will be more appropriate   <SPLIT>  apparently its only a family nickname and shes never [[croak]] by it publicly I find it highly unlikely anyone will be searching for her by this name    <SPLIT> In her own words I think the one word to best describe me the [[nitty-gritty]] of who I am is actually my Chinese name which is Oi Kwan and it means [[fuck]] groups of people I was [[commit]] this name as a [[nipper]] at two [[yr]] old I wasnt born with it my [[rear]] named me after my personality really came out And thats just who I am <SPLIT> Read more at httpconvergemagazinecomqataratengcanada19743lfCuhD4ojpdLCAV99  Its just a fun story she tells to ublicize her [[extroverted]] personality,0
[[airt]] TalkThe Nicholas Hamond Academy,0
The [[miss]] of any [[credit]] of his achivments as an [[tidings]] [[honcho]] may be [[come]] to the fact that he didnt have any,0
[[single]] [[cogitate]] it [[near]] to leave the election [[defer]] as they will [[seem]] on the ballots with a [[bill]] about what has [[pass]] He is not [[scarper]] as an [[mugwump]] in fact hes no [[thirster]] [[scat]] at all [[like]] with Victorias [[quondam]] [[loose]] [[campaigner]] Cheryl Thomas,0
[[iodin]] would [[too]] [[ilk]] to [[tot]] my [[kudos]] on the [[comp]] timetable in the [[execution]] of the [[takeover]] [[sic]] out in the article and the [[brainwave]] it [[collapse]] into the [[machinist]] of a CoupIt is the most all [[wide]] article [[ane]] have [[scan]] abot the [[putsch]] [[say]] in a very [[actual]] [[room]],0
My RFA  <SPLIT><SPLIT>  styleborder 1px solid gray backgroundcolor lightblue <SPLIT> rowspan2 valignmiddle   <SPLIT> rowspan2  <SPLIT> stylefontsize xlarge padding 0 verticalalign middle height 11em  Thanks <SPLIT>  <SPLIT> styleverticalalign middle bordertop 1px solid gray  thank you for showing your support in my RFA which passed with 38 support 0 oppose and 0 neutral  I also want to give special thanks to my Admin Coach and nominator  for all of his help and support  I promise that Ill give my best effort as an admin and  I hope that your confidence in me proves to be justified  If I can ever be of any help please let me [[fuck]]  In the mean time I have some cleaning to doHave a great day,0
[[bespeak]] [[motility]] 15 April 2015  <SPLIT><SPLIT>  <SPLIT><SPLIT> 1994 [[polite]] war in Yemen    [[body]] with Yemeni [[civic]] [[warfare]] 2015,0
Shamrock pirates vanity  <SPLIT><SPLIT> How are the shamrock pirates non notable i beleive they ar more famous than ANY of the other people on a list plus i have almost now affiliation with the band so vanity WTF <SPLIT> I doubt your opinion will be supported by the vast majority of the Wikipedia community     <SPLIT> Dude if you were cool enough to have actual seen the pirates play thered be no argument they [[suck]] ripchordf outta the wate man <SPLIT> Hello Tom Palmer is a [[penis]] Therefore I agree with Warren Plus your spelling is awful Armitage <SPLIT> Actually They were both Palmer but seriously the pirates ROCK armitidge is a nob  he took vandalising the ags site tooooooooooooo faaaaaaaaaaar <SPLIT> Palmer and other bored Sixth Formers at AGS why not try your hand at Uncyclopedia Its a great place <SPLIT> Seriously guys censorship is uncool go get a life and leave the pirates alone <SPLIT><SPLIT> Yeah shamrock pirates Friggin OWN <SPLIT><SPLIT> Shamrock Pirates are ace literally <SPLIT> there wicked <SPLIT><SPLIT> Shamrock Pirates are the most exciting band to come out of adams grammar school ever palmer fidge boyle and tim all complement each others with palmers rock out with his cock out attitude  fidges indieness tims jesus lovin or boyles homoseualness they write ace songs and are fucin ace live hail the pirates Mr Barrat,0
CycleFriendlyInfrastructure [[motorbike]] Friendly [[base]] [[guidepost]] for [[contrive]] and [[intent]] Inst of [[highway]] and [[deportation]] 1996 <SPLIT> [[bill]],0
Dja vu all over again aka Dja vu tesseracted  <SPLIT><SPLIT> When i was a [[nipper]] i once had a dja vu of already having had a dja vu about having a dja vu before im not [[rather]] [[trusted]] how many [[flush]] [[thick]] it [[die]] [[power]] have been just a feedback [[curl]] [[ane]] [[think]] [[clear]] [[swell]] at least when compared to most of my other [[retention]] the [[mo]] it [[pass]] i was [[walk]] in the [[exclusive]] room [[node]] [[family]] that [[double]] as my grandmas [[authority]] in my grandparents [[plate]] i [[trust]] it was [[backwards]] when they [[silence]] had the [[master]] brownred [[bland]] [[tile]] on the flooronly several [[geezerhood]] [[late]] they [[redo]] the [[dump]] there,0
sandraliz   <SPLIT><SPLIT> sandraliz is a [[magic]] who [[absorb]] [[hawkshaw]] she got hiv if you [[jazz]] what i meanevery boy she [[learn]] she [[absorb]] their tootsies she is bi she likes girls and guys her moms is the same thats where she [[convey]] her wack gameshe [[remember]] shes hot but shes not  <SPLIT><SPLIT>  <SPLIT> [[genuine]] facts about Sandraliz   <SPLIT><SPLIT> She [[worthless]] <SPLIT><SPLIT> Shes a [[jade]] <SPLIT><SPLIT> [[kip]] with every boy she knows <SPLIT><SPLIT> she owns her own corner <SPLIT><SPLIT> shes [[excited]] musty and her [[twat]] mad crusty  <SPLIT><SPLIT> she [[imbibe]] her dads [[peter]] <SPLIT><SPLIT> she got eaten like 100 times <SPLIT><SPLIT> this is [[excited]] true <SPLIT><SPLIT> she is a smut,1
Sapphire <SPLIT> This looks like it should be in a banger race hasnt anyone [[dumbfound]] a better pic,0
I had already [[stoop]] before consensus above however I do believe the [[informant]] are circuitousAs you can [[control]] the [[connect]] statement was from before a consensus was [[shit]] Please [[inset]] the [[entropy]] as you seem fitIm [[sealed]] that Jesuitical [[parse]] [[power]] be [[loathsome]] to those who have [[shoot]] their vows in that worthy [[dictate]] as well as to [[commit]] catholics Imagine [[soul]] [[refer]] to Jewish avarice or of some other equally [[vile]] stupidity and you can see how the [[idiom]] [[scan]],0
[[multitude]] [[look]] to not [[usher]] username or IPnumber To Chistian2381 [[ace]] have not [[spell]] since [[1]] [[advise]] to [[run]] this to my  <SPLIT> [[mouth]] site Boeing729  <SPLIT> DST Danmarks Statistik doesnt do anything more then [[bet]] the [[masses]] [[life]] [[inwardly]] Hovedstadsomrdet  they do the [[issue]] [[only]] it is Kort og Matrikelstyrelsen [[klick]] that definies Hovedstadsomrdet [[just]] whwn when it [[cum]] to Amager its very obvious that [[turgid]] [[country]] of the island [[admit]] a [[depart]] of Copenhagen is not urban that [[klick]] has [[admit]] into Hovedstadsomrdet is not urban at all Neighther is Salholm and Peberholm  <SPLIT> For some very strange [[intellect]] these [[orbit]] is [[admit]] in Hovedstadsomrdet [[thence]]  the urban [[domain]] of Copenhagen is not equal to Hovedstadsomrdet not at Amager which includes Saltholm and Peperholm Hovedstadsomrdet does [[non]] [[comply]] the [[definition]] by UN [[banner]] and have [[big]] [[orbit]] whthout buildings Huge [[orbit]] [[just]] theey [[silence]] [[bet]] as Hovedstadsomrdet [[just]] urban Copenhagen Urban [[domain]] is [[minor]] and has thereby [[high]] population density There [[only]] is not UN definition of urban Copenhagen [[domain]] at [[submit]] Hovedstadsomrdet is 455 km2 and is [[admit]] atleast these  <SPLIT> empty [[country]] of Amager  incl Saltholm and PeberholmI belive that chistian2381 has [[dumbfound]] a [[honest]] estemation of  the Copenhagen [[urban]] [[domain]] [[withal]] [[get]] not [[demand]] Hovedstadsregionen at this [[betoken]]  <SPLIT> Boeing720,0
Statistics  <SPLIT> Hi [[single]] [[note]] your [[stimulus]] on [[cut]] statistics that is why I [[hazard]] to [[nagger]] you for some [[avail]] [[namely]] have you ever [[lick]] with the Wiki pagecount [[charge]]  I [[control]] these as a useful source for timeseries analysis but have [[inconvenience]] [[dumbfound]] the [[datum]] out [[bequeath]] be [[happy]] to have any [[hypnotism]] or [[breath]] [[ripe]] [[gaze]],0
Im [[pit]] this [[motivate]] [[delight]] [[catch]] TalkGrand [[thieving]] Auto Trilogy for rationale,0
Congrats on adminship,0
It says consider And I have [[conceive]] not including But it [[shit]] no [[gumption]] Every single [[germ]] that mentions the firing says it was because of the sexual [[rape]] allegations Without including the allegations the article is incomplete because it does not explain why he was [[laid-off]] [[ass]] you [[shew]] me another example of something as relevant and as sourced as this being left out of any article in the past,0
I dont really [[fuck]] about Slim I dont really want to get involved in this all I dont even know much of the story I consider myself good friends with her and linuxbeak so Im not casting blame on one of them perhaps on both I havent talked to her in a while so I dont really know her situation If shed show up on MSN Id probably be able to get some progress Well just have to see,0
DNA [[interrogation]]  <SPLIT><SPLIT>  [[delight]] [[saucer]] at TalkDNAArsenic [[rather]] of [[Lucifer]],0
[[single]] more [[watching]] Emerich Vattels  [[police]] of [[land]] [[look]] to be the [[sole]] [[spell]] [[ferment]] [[really]] [[cite]] in the [[makeup]] at  Article [[I]] [[incision]] [[VIII]]  [[power]] of [[intercourse]]    the  10th [[doom]] or paragraph   It would [[look]] that the [[flop]] and [[writer]] of the [[organization]] [[venerate]] for Vattels [[run]] would [[straight]] toward Vattels definition of [[rude]] [[stomach]] citizen in Article 2 [[incision]] [[ane]],0
[[ordain]] of [[find]] of the uniform polyhedra  <SPLIT><SPLIT> [[hullo]] [[ane]] just [[rule]] this [[Old]] subpage of [[brain]] and [[cogitate]] you [[power]] be [[worry]],0
[[airt]] TalkFK Tomori Berat,0
kenapa TVE dicirebon sinyalnya masih kurang bagus,0
Youre going to [[shit]] me google this to figure it out  I need more coffee,0
Argh  We dont even link the Human rights in the United States article from the United States of America article  What are people supposed to use What links here everytime they read an article  Geez Ill go bitch about it,0
Neue Lieder  <SPLIT><SPLIT>  <SPLIT><SPLIT>  <SPLIT>  Ode an den Kommandanten der Tempelritter  <SPLIT><SPLIT>  <SPLIT><SPLIT> [[tocopherol]] ist jetzt [[bald-headed]] zwei Jahre her <SPLIT><SPLIT>  <SPLIT> Als Islamfreunde noch dachten sie wren sicher <SPLIT><SPLIT>  <SPLIT> Dann hrten wir von khnen Taten eines Herolds <SPLIT><SPLIT>  <SPLIT> Eines Tempelritters aus Norwegen <SPLIT><SPLIT>  <SPLIT> Anders Behring Breivik war sein [[call]] <SPLIT><SPLIT>  <SPLIT> Und wir flippten vllig aus <SPLIT><SPLIT>  <SPLIT> Denn was wir alle dachten <SPLIT><SPLIT>  <SPLIT> Dass sprach [[erbium]] nicht nur aus [[erbium]] setzte [[eastward]] auch in die Tat um <SPLIT><SPLIT>  <SPLIT><SPLIT> Anders Breivik du warst einer der Besten <SPLIT><SPLIT>  <SPLIT> Anders Breivik wir werden dich nie vergessen <SPLIT><SPLIT>  <SPLIT><SPLIT> Du schriebst unser [[plain]] Declaration of Idependence of [[EC]] 2083 <SPLIT><SPLIT>  <SPLIT> Und forderstes die Vertreibung der Mohammedaner <SPLIT><SPLIT>  <SPLIT> Du prophezeihtestes den Kampf unserer Soldaten <SPLIT><SPLIT>  <SPLIT> Gegen die grne [[plague]] <SPLIT><SPLIT>  <SPLIT> Wie viele Nchte ham wir durchgemacht <SPLIT><SPLIT>  <SPLIT> Um dein [[certify]] zu studieren <SPLIT><SPLIT>  <SPLIT> Dath to all Multiculturalists and Fight for the Occident <SPLIT><SPLIT>  <SPLIT> Immer immer und immer wieder <SPLIT><SPLIT>  <SPLIT><SPLIT> Anders Breivik du warst einer der Besten <SPLIT><SPLIT>  <SPLIT> Anders Breivik wir werden dich nie vergessen <SPLIT><SPLIT>  <SPLIT><SPLIT> Die Nachricht von deiner Verurteilung <SPLIT><SPLIT>  <SPLIT> Die konnten wir erst gar nicht glauben <SPLIT><SPLIT>  <SPLIT> Wie konnte das Schicksal ausgerechnet <SPLIT><SPLIT>  <SPLIT> Nur einen wie dich bestrafen <SPLIT><SPLIT>  <SPLIT> Doch bist du jetzt auch gefangen <SPLIT><SPLIT>  <SPLIT> Deine Anhnger und Sympathisanten sind frei <SPLIT><SPLIT>  <SPLIT> Auf unseren Anders <SPLIT><SPLIT>  <SPLIT> Lasst uns das Glas erheben <SPLIT><SPLIT>  <SPLIT><SPLIT>  <SPLIT> Long lve Anders <SPLIT><SPLIT>  <SPLIT><SPLIT>  <SPLIT><SPLIT>  Der Kampf  <SPLIT><SPLIT>  <SPLIT> In Deir Yasin in Sabra und Schatila und in Utoya  la la la la la <SPLIT><SPLIT>  <SPLIT> Und bald in ganz Europa <SPLIT><SPLIT>  <SPLIT> Da kmpfen Monokulturalisten Identitre Verteidigungsligisten und Tempelritter  la la la la la <SPLIT><SPLIT>  <SPLIT> Mit dem Molli in der Hand <SPLIT><SPLIT>  <SPLIT> Und die Moschee brennt  <SPLIT><SPLIT>  <SPLIT><SPLIT> Die ganzen Musels  la la la la la <SPLIT><SPLIT>  <SPLIT> Die rennen schnell davon <SPLIT><SPLIT>  <SPLIT> Und langsam da begreifen  la la la la la <SPLIT><SPLIT>  <SPLIT> Es auch die Gutmenschen <SPLIT><SPLIT>  <SPLIT> Und morgen da brennt die TahirMoschee <SPLIT><SPLIT>  <SPLIT><SPLIT> Die guten alten Kreuzritter  la la la la la <SPLIT><SPLIT>  <SPLIT> Die wren stolz wie nie <SPLIT><SPLIT>  <SPLIT> Knnten sie heute hren  la la la la la  <SPLIT><SPLIT>  <SPLIT> Unser schnes Lied <SPLIT><SPLIT>  <SPLIT> Und die Moscheen brennen,0
Ive [[shoot]] it to the article [[mouth]] [[paginate]] However this is a [[life]] of a [[populate]] person and while I do [[prize]] that you are [[name]] to her [[mob]] some of them also could potentially [[inactive]] be [[awake]] We dont [[advert]] caste in BLPs without selfidentification [[stop]],0
No it is not [[incarnate]] [[punishing]] [[fact]] of [[occupy]] such as this [[ane]] deserve to be [[submit]],0
[[drift]] at [[arse]] of [[paginate]]  <SPLIT><SPLIT> Why is there a [[veranda]] of [[picture]] at the [[ass]] of this [[clause]] [[slump]] me if Im [[damage]] but isnt this article about one [[picture]] and not the artist himself [[around]] [[look]] to be by Manet and some arent some are of Manet and some arent Im having a [[heavily]] [[clock]] in [[watch]] what the [[measure]] was for these [[item]] [[fancy]] and why they are [[want]] as the [[sleep]] of the article [[look]] to be amply [[instance]] with [[icon]] that [[home]] the article [[matter]] in its historical place in [[Manet]] [[lick]] [[ace]] [[mean]] they [[demand]] to be [[murder]] as this doesnt [[look]] to be the [[home]] for this [[veranda]] of [[simulacrum]],0
It was a 17year old boy [[flirt]] as a [[girlfriend]] The [[yoke]] on the Virtual Crime [[paginate]] that [[die]] to Alphaville [[hail]] would tell you more  [[sextuplet]] July 2005 2342 UTC,0
Ive [[shit]] most of these changes For 1 it might be visually clearer as R but R has partial positive charge compared to a vinyl group and reactants are usually written with the more positive part on the left In the products the way its drawn there makes it clear that R was an electrophile and R was a nucleophile that underwent substitution at the vinyl group For 2 neither of those degrees really are in something The major biographical detail is the doctoral advisor I added Saul Winstein to the infobox For 3 and 4 I made those additions,0
Im being harrassed by this [[exploiter]] now [[die]] by the name The Liefeld Troll and his multiple accounts Ive asked him a few times to not communicate with me through my talk page He has ignored all requests to leave me alone Where do I [[shoot]] this [[ill]],0
Advertisement <SPLIT> Oops  You accidentally put an advertisement on your user page  Ive deleted it for you let me [[fuck]] if theres anything else I can do to help,0
[[all]] [[jibe]] She doesnt deserve to be an [[exceeding]],0
You [[whitethorn]] [[too]] [[care]] to [[concern]] to the [[side]] Wikipedia [[send]] [[heel]] which is [[ofttimes]] [[victimized]] to [[discus]] the [[confutable]] behaviour of [[dude]] [[editor]] [[hope]] this [[assistant]],0
Thanks  the neverending string of [[whop]] [[stay]],0
[[tallith]] [[assimilator]]  <SPLIT><SPLIT> [[ace]] have [[murder]] the [[associate]] to the Octarium website per these [[guidepost]] Such a [[yoke]] in the context of this article is [[moot]] a spamlink as it does not [[cater]] [[extra]] [[substantial]] to further the [[lector]] [[reason]] of the [[bailiwick]] of this article,0
Wikipedia is [[constitute]] on the principle of respecting peoples [[blue-pencil]]  You have an opinion that this template is superfluous [[scorn]] its popularity  If reverting an edit that has completely accurate information and solely for enforcing your opinion is not taking reverting lightly I dont [[fuck]] what is Maybe you could give an example of what you think taking reverting lightly is and how it differs from what you did And I quote from the wikipedia page Do not simply revert changes that are [[shit]] as part of a dispute [[glucinium]] respectful to other editors their contributions and their [[head]] of [[eyeshot]],0
[[sick]] do it on the AFC [[swig]] but since its [[die]] to be the same information as if I were to do in my sandbox [[ane]] might as [[fountainhead]] just move it straight into mainspace myself      [[logarithm]],0
[[hunky-dory]] its [[bouncy]] at Orgonite  Thanks for the [[clause]],0
Fine as long as he doesnt do anything so blitheringly stupid again Mass WPNONFREE violation from an admin,0
[[delight]] see the many deletion  [[placard]] on  your [[mouth]]  [[paginate]] See also  WPTPG Thanks,0
[[cite]] to the duke prince etc  <SPLIT><SPLIT> [[both]] William and his [[get]] are princes Kate is a duchess [[still]] for the sake of [[pellucidity]] all [[extension]] should be more [[particular]] Prince William Prince Charles Duchess Catherine [[differently]] it isnt [[clean-cut]] who you are [[mouth]] about,0
[[practise]] Thanks,0
AFAIK  [[tetragon]] on [[ground]] [[mutilate]] and elsewhere [[admit]] the [[planet]] such as Mercury and Venus as [[good]] as [[Moon]] such as the Moon and [[Aplysia]] are useful not only with the USGS but [[too]] with NASA JPL and many others for [[break]] [[fix]] [[particular]] geographic [[expanse]]  to [[nation]] and [[search]]  such [[list]] for [[deflower]] [[whitethorn]] be especially important and [[famed]] since [[impair]] exploration and a [[potential]] [[homo]] [[charge]] to [[deflower]] [[number]] seems to be a very [[highschool]] [[precedence]] for the world at the [[minute]]  [[trust]] this [[assistant]] in some [[room]]  in any [[pillowcase]]  [[bask]],0
Liars and their vandalism <SPLIT> I was in the AANG for almost twenty years and the jerk that posted about a patoon is liar  There is no Equipment Repair Patoon in the AANG and there never has been  Of course the deletionists removed my edit to fix that lie,0
The paragraph [[manoeuver]] Military [[usance]] [[stop]] [[sickly]] [[make]] [[condemn]] and [[pauperism]] to be [[rewrite]],0
ps  If a request is done to your satisfaction please [[sucker]] it with,0
Deletions  <SPLIT><SPLIT> Ioeth is there anything other than reading the AFD PROD etc [[paginate]] and experience that will give me a [[palm]] on all of that [[ane]] dont want too seem like Im [[bleed]] with scissors or anything Thanks in advance for your [[supporter]] and thanks for all your [[lick]] on the pedia,0
Zydenbos Robert J 2006 Jainism [[now]] and [[IT]] [[futurity]] Mnchen Manya Verlag  <SPLIT> [[inch]] the [[watch]] of so many [[staple]] [[deviation]] between the [[II]] [[custom]] Jain and Vedic it is [[dumbfound]] that there are [[noneffervescent]] [[masses]] who [[mouth]] of Jainism as a heterodox sect of Hinduism An impartial [[discipline]] of the literary [[attest]] both Jaina and Brahamanical [[leash]] to a [[end]] that the latter [[offset]] of the Vedic [[custom]] have [[adopt]] a [[muckle]] from Jainism  the theory of karma and rebirth the vegetarianism of the [[eminent]] [[Hindoo]] [[sick]] [[peradventure]] [[too]] [[synagogue]] worship [[pageboy]] [[ilx]] <SPLIT> Jainism is one of the [[onetime]] [[last]] religions of the [[populace]] [[peradventure]] it is the [[quondam]] [[last]] religion that has [[dish]] as a major [[cultivate]] [[ram]] [[freehanded]] [[deliver]] to [[some]] 2000 [[yr]] of [[indite]] [[lit]] to [[wonder]] of [[prowess]] and architecture and to a system of philosophy and [[morals]] that [[afford]] [[brainchild]] to political [[monster]] like Mahatma Gandhi [[respective]] Religious [[mind]] that are [[nowadays]] [[moot]] typically Indian either [[initiate]] in or were [[scatter]] by Jaina teachers This ought to be [[vulgar]] knowledge but as with many other [[thing]] in the [[mankind]] this is not the [[incase]] [[paginate]] [[XI]],0
Gregory Hicks <SPLIT> [[very]] UScentric as [[intimately]] as [[slanting]] towards [[late]] [[result]] this [[heel]] Ive [[murder]] Gregory Hicks 2013 He [[barely]] [[go]] [[care]] a [[Major]] [[whistle-blower]] as [[delineate]] and doesnt have a Wikipedia article [[delight]] [[retrovert]] if Im [[damage]] and [[excuse]] why on this [[paginate]],0
and what a useless thought it is,1
[[hunky-dory]] then explain to me why they were dressed up like [[goof]]  You [[ne'er]] answered me on that Why did they dress like [[buffoon]],0
hmm  <SPLIT> Im guessing that youre really black and hate NASCAR or white [[chalk]] and are engaging in some hillbilly on hillbilly [[chalk]] talk If so let me talk to you in your language You bettas stop wit all dis vandalism ya here It aint no help to nobody,1
[[swob]] solver  <SPLIT><SPLIT> Hi thanks for posting a [[swob]] solver on my [[cut]] It is a very [[full]] [[cock]] which can facilitate further edits Is there any way how to put a [[swob]] solver on the articles [[ane]] [[delete]] before Thank you for your [[do]] and have a [[squeamish]] day,0
Re comments re UK policies in cfd  <SPLIT><SPLIT> I didnt want to divert things away from the core of the debate there Im aware of soem of the issues you raise See towards the end of talkAntiZionism I would be happy to discuss further but am quite busy at present If you want to take this further in a week or two let me [[fuck]],0
This is one of the problems with Wikipedia Of course it cannot be fixed unless it is brought to our attention I am 99 sure that the above statement is false and created by someone who knows nothing of the subject and edited just to be an idiot I will delete it,1
Umm its kinda [[fifty-fifty]] more [[bore]] than the history of the UN [[amp]] [[chairman]] is chosen for a month Theres fifteen [[penis]] so [[trey]] of the permanent [[penis]] are [[bequeath]] out of the presidency per [[yr]] The president decides the topics for the agenda and the countries [[mouth]] about the topics Usually the [[heading]] [[designate]] arent even there and [[ofttimes]] times theyre lucky if 10 representatives [[shew]] up [[nigh]] everyone shows up for the votes though [[ane]] dont [[cogitate]] this entitles [[advert]] in the article Kwazyutopia19,0
That wasnt what I was intending I was simply trying to clean up the ref names in the prose but apparently I fucked it up Sorry,0
The building is the same it didnt collapse In 80 a part of the roof construction collapsed but not the building itself   <SPLIT><SPLIT>  Silly Nickname  <SPLIT> The article says To Berliners it is also [[fuck]] as the Schwangere Auster pregnant oyster  <SPLIT> This is nonsense the term has been coined by postcardsellers and is used only by nonberliners Berliners would never bow as low as to use such a blatand stupid name No way Same thing with Telespargel btw,0
iParenti1,0
[[purpose]] [[fuse]] with Muslim [[subjection]]  <SPLIT><SPLIT> There is another [[clause]] Muslim [[subjection]] that [[twin]] a [[muckle]] of [[info]] [[get]] on this page without [[sum]] [[lots]] if anything new [[ane]] would [[corresponding]] to [[aim]] a merger of that [[entropy]] into this page [[ground]] on <SPLIT><SPLIT> [[I]] [[excess]] [[entropy]] <SPLIT> 2 precedent Christian [[subjection]] [[redirect]] to Christian [[account]] [[IT]] [[look]] to [[comply]] that Muslim [[subjection]] should redirect to Muslim [[account]] <SPLIT><SPLIT> [[thinking]] [[1]] have not [[couch]] [[unification]] [[proposition]] [[dog]] or anything anywhere just [[land]] up the [[matter]] here and on the other [[clause]] [[utter]] page There just doesnt [[look]] to be an NPOV [[intellect]] unless Im [[lack]] something to [[extra]] the [[entropy]],0
username change <SPLIT><SPLIT> [[hello]] PhilKnight thank you for [[swallow]] the username change [[ane]] have [[demand]] for the [[asking]] from the [[colligate]] you [[collapse]] me and now just [[wait]] for it to be processed Im [[wait]] forward to being able to [[part]] to Wikipedia in a [[cocksure]] [[room]] <SPLIT><SPLIT> [[esteem]] <SPLIT> ElissaK,0
i am so [[stupefied]] at art,1
As a rule all organizations of which Greece is a [[penis]] quite a lot will use FYROM As for the countries of which RoM is a member but not Greece pretty few theyll use Macedonia or RoM As for the others of whom neiter RoM nor Greece are [[penis]] I havent controlled but I suspect they generally follow the ONU the OPEC does,0
Disagree [[moot]] homosexual agenda which is a pejorative phrase yet it doesnt have phrase appended to it,0
I specialise in witches humanitarian disasters bogs [[queer]] local history industrial parks  What I dont do though is what youre still doing Being a [[sodding]] [[plump]],0
Thanks for the info  Ther are many [[little]] [[betoken]] which are [[confutable]] by [[view]] [[single]] [[think]] but thanks for [[leave]] the [[contact]] and the [[sweat]] into the [[search]] for the [[info]] anyways <SPLIT><SPLIT> It [[barely]] [[serve]] the current consensus that has [[break]] here and [[only]] muddies the [[piss]]  this is not specifically the [[maiden]] time the [[epithet]] has been [[designate]] to the dismbiguation format [[assure]] [[eminent]] up the [[utter]] page   <SPLIT><SPLIT> If the primary [[matter]] [[payoff]] is [[real]] [[die]] to [[pop]] [[shoot]] the [[lover]] then [[delight]] [[tone]] that [[tilt]] about such [[return]] [[commonly]] [[death]] up with blood on the [[dump]] and [[too]] people [[downfall]] into the [[reach]] of WPARBCOM [[dominion]]  and for any admins [[check]] this [[mouth]] [[paginate]] [[delight]] be very [[thrifty]] where you [[abuse]]  this is [[contempt]] being at a [[blow]] [[charge]] before Rybec [[off]] up is now [[jolly]] [[slick]] [[soil]]  [[single]] strongly [[intimate]] that [[bully]] care is [[shoot]] by all [[participant]] in this conversation on the [[lesson]] of [[premature]] [[basal]] [[matter]] [[contend]] <SPLIT><SPLIT> To have to [[die]] through all this because there is a suspicion of automated traffic is something that [[real]] [[demand]] something [[fountainhead]] [[off]] from this [[mouth]] [[pageboy]] and to somewhere [[fountainhead]] [[assoil]] of this [[finicky]] [[matter]],0
CfD nomination of Category2010s EPs <SPLIT> [[single]] have [[constitute]]  for [[rename]] to  Your [[ruling]] on the [[weigh]] are [[receive]] [[delight]] [[enter]] in the [[word]] by [[tot]] your [[scuttlebutt]] at the [[word]] [[paginate]] Thank you [[yard]],0
mah [[member]]  <SPLIT><SPLIT> is big <SPLIT> HAHAHAHAHAHAHAHAHAHA,1
[[Jan]] 2009  <SPLIT>  [[delight]] [[hitch]] If you [[uphold]] to [[total]] [[slanderous]] [[contented]] you will be [[kibosh]] from [[delete]] Wikipedia,0
indent [[Oklahoma]] for a [[protrude]] can we [[saucer]] [[thing]] here not [[die]] [[engineer]] for [[delete]]  [[too]] for this [[articulate]] there are not [[cite]] on either [[face]] at the [[bit]] and [[single]] wouldnt [[deprivation]] to wed myself to Ayer   To [[class]] out the [[payoff]] <SPLIT>  [[doctrine]] as a method  is [[unmatchable]] of those [[word]] that is [[assort]] of [[hunky-dory]] but can [[leash]] to the [[premiss]] that [[doctrine]] does not necessary [[speech]] the [[exit]] of to [[shoot]] an [[lesson]] [[mighty]] and [[damage]] but instead [[smell]] at the linguistic structures [[consort]] with [[command]] of [[nicety]] and [[inappropriateness]] <SPLIT>  Wedded to [[intellect]] is a [[flake]] florid and an analogy by the [[room]] but can be [[live]] with <SPLIT>  not [[ground]] on [[trust]] a [[hearty]] [[trunk]] of [[ism]] [[shoot]] assumptions of [[religion]] and then [[try]] to [[lick]] out [[sound]] assumptions [[pay]] that [[meat]] [[sic]] of [[precept]]  [[ane]] can [[remember]] of Rahner for [[lesson]] in the [[mod]] [[senesce]] and many others  [[unmatched]] does not have to [[concur]] with them of [[class]] but it is [[voice]] of the [[custom]] <SPLIT>  or [[utter]] analogy [[one]] [[rattling]] dont [[escort]] what this [[total]]  [[pay]] that we had already [[aforesaid]] [[intellect]] <SPLIT> [[scuttlebutt]],0
8 May 2014 UTC <SPLIT><SPLIT> Ah [[bullshit]] jesus whoops Sorry  I misred I thought you were asking for the AfD to be deleted Having came straight over from IRC WPIRC Got the helpme request and page but no details I thought this was a user talk page at first I do apologise for my short sightedness Just let me quickly scan the pages content to see if an AfD would hold any merit yeah    1742,0
Overly long character descriptions  <SPLIT><SPLIT> I edited them maybe two weeks ago to make them not so long There was more info than was needed <SPLIT><SPLIT> I just thought Id point out they were edited for a reason Putting them up again makes you an idiot,0
[[inch]] my [[eyeshot]] we dont [[pauperism]] the [[clause]] as the title [[possible]] is a POV [[crotch]] for all eternity [[flush]] a [[area]] [[ilk]] Tuvalu is a [[potency]] superpower although that [[potency]] is vanishingly [[minuscule]] of [[feed]],0
attorney  <SPLIT><SPLIT> Hey Ive been looking for some [[stimulant]] about a wikipedia dispute  You seem to be a [[tart]] legal [[brain]] and it seems youve given BigDaddy777 some [[bang-up]] advice  Would you be willing to spare me a few minutes of your valuable time too   <SPLIT><SPLIT> Sarcasm and those kinds of persoanl jabs are NOT welcome at Wikipedia and ESPECIALLY on MY talk [[paginate]]  You have NO idea what advice Ive [[consecrate]] him in private and I advise you to stay the hell [[off]] from my talk [[paginate]] from now on  You have earned yourself a lifetime [[censor]] pal  You [[queer]] the [[blood]]  <SPLIT><SPLIT> I dont understand  Im absolutely not being sarcastic  Why on earth would you even think such a thing Kisses   <SPLIT><SPLIT>  vandalism banned user ignored ban warning issued accordingly <SPLIT><SPLIT> Dude what is your problem  I came here asking for help because I was impressed with your legal advice to BigDaddy777  I asked politely  You immediately accused me of attacking you  You accused me of vandalism  Where in the conversation above have I said anything the least bit uncivil or sarcastic  Are you paranoid or something  You do realize that utterly unfounded charges of vandalism are considered a personal attack  At this point I am strongly considering reporting your completely unprovoked attack at the appropriate place,0
[[pending]] [[alter]] [[shelter]]  <SPLIT><SPLIT> If they do [[death]] up [[boom]] PC I [[count]] this [[paginate]] should be among the [[heel]] of [[newfangled]] [[candidate]] for it [[forty]] of the [[delete]] on this [[pageboy]] [[moldiness]] be [[regress]] of [[shoot]] [[increase]],0
fuck you [[beget]] fucken bitch  [[blend]] suck your [[cock]]  you [[cunt]] you [[blend]] [[flavor]] at [[mama]] [[fundament]] hplre,1
Ethnicity of residents  <SPLIT><SPLIT> Ive [[vary]] the section [[claim]] from Ethnic [[vary]] since it hasnt been [[install]] what its [[interchange]] from  More to the [[stop]] the ethnicity or demographics over [[meter]] is more [[occupy]] than [[change]]  <SPLIT><SPLIT> Beyond that this section is [[lack]] the [[other]] residents and the [[late]] influx of [[bourgeois]] Jewish not [[certain]] what theyre [[telephone]] African not africanamerican and Caribbean residents  Ive [[trail]] it as  and   Please dont [[slay]] the [[dog]] without [[handle]] those [[cut]],0
[[scuttlebutt]]  i [[tempt]]  who [[enter]] in a [[alike]] [[treatment]],0
The [[germ]] are not a [[job]] [[assay]] Google [[tidings]] archives for [[represent]] [[methylenedioxymethamphetamine]] but we already [[acknowledgment]] this in the [[curative]] [[purpose]] [[part]] The above text [[look]] to be mroe about [[represent]] and could be [[sum]] to the Multidisciplinary [[connexion]] for Psychedelic [[read]] article although that [[arrest]] some [[alike]] [[schoolbook]] already,0
Vision  <SPLIT><SPLIT> I [[comment]] vision on the wielders [[heel]]  If the [[violent]] Hulk is not included because he found a loophole in the enchantment Shouldnt Vision be [[shut]] in the MCU for the same [[intellect]]  clearly the MCU has its own rules and loopholes <SPLIT><SPLIT> Im pretty sure the elevator is not worthy is supposed to point our that Vision didnt necessarily prove his worthiness by [[nibble]] up the [[cock]] <SPLIT><SPLIT> and to paraphrase httpswwwquoracomSPOILERALERTWhywasVisionabletoliftThorshammerinAvengersAgeofUltron article <SPLIT><SPLIT> vision didnt exactly [[die]] all glowy and electricy or gain more [[potency]] than before he wielded the [[cock]],0
[[smitten]] [[scuttlebutt]] of indef [[occlude]] and [[matter]] [[blackball]],0
I replied at TalkLant to make the conversation coherent Since you put a copy of your reply on my talk page I did not [[fuck]] you had replied here also I have put TalkLant on my watchlist so you can reply there Thank you  ODea,0
That [[germ]] was [[tot]] [[falsely]] there [[olibanum]] that is [[faulty]],0
Problematic Censorship   <SPLIT><SPLIT> I dont [[fuck]] what is your problem with that censorship but the way you reject my objection to the content thats just another censorship done by you Wikipedia is a free encyclopedia where everyone can create edit and delete everything You are just a pathetic censorship addicted Ah by the way this article does not make a sense at all I just need to do what I should do as this encyclopedia is free for everyone but perhaps not for any  There you go Ive told you,0
Please [[die]] ahead and delete my [[mouth]] [[paginate]] for now I am quite inactive at the moment,0
Digital equivalent SPDIF <SPLIT><SPLIT> Digital audio [[point]] being [[send]] through wire can [[enjoyment]] [[various]] [[format]] [[admit]] [[visual]] ADAT TDIF [[coaxal]] SPDIF XLR AESEBU and ethernet [[specially]] for [[great]] digital audio consoles <SPLIT><SPLIT> Im a [[mo]] [[befuddle]] on this [[payoff]]  [[personify]] the SPDIF [[touchstone]] applicable to both [[ocular]] [[spiritualist]] as [[fountainhead]] as [[coaxal]] [[spiritualist]],0
murder box <SPLIT> Kutse GutSaw  <SPLIT> Blood Velvet <SPLIT> Corroded Snubnose <SPLIT> Drink bullet,0
[[I]] my [[suffice]] to above because thats how it is in Chinese the [[subjugate]] of this [[clause]] [[reckon]] of it as an inline [[example]] Its [[rattling]] Chinese and the pinyin or other [[agency]] is not [[too]] theres no [[doom]] now Jan 2011 dvg <SPLIT><SPLIT> [[two]] Id [[care]] to [[control]] the two letter symbol for the language [[victimized]] in googletranslate and other [[shoes]] be in  each [[speech]] [[paginate]] dvg,0
Dylan has just [[show]] this and is [[flop]] now [[cogitate]] omg,0
dfnajgfaerbdghf abgkagfv bbhsjgfskgsdgfuieyuthyeuwrthgjfbsfv f hfief,0
Thanks Ohnoitsjamie the WPSPA [[supporter]] [[ane]] am [[raw]] to wiki so not too [[trusted]] how should [[iodin]] [[give]] Thanks for your [[counseling]],0
Hmm  Riddle me this do the ends justify the means  Maybe I am too stupid by half,0
[[head]]  <SPLIT><SPLIT> Which [[instalment]] was an obvious [[travesty]] of Darwins Galapogas [[island]],0
[[along]] the other [[mitt]] reliably [[write]] [[third]] [[beginning]] can be helpful in [[leave]] [[unsubtle]] [[summary]] of [[subject]] that [[demand]] many [[basal]] and [[petty]] [[author]] The [[nonesuch]] [[billet]] here would be to [[happen]] [[I]] that [[shroud]] all [[troika]],0
[[scream]] them a flower is not referring to their sex organs  But onto the main question Why are genitals considered so offensive  Dude check yours out  would you like to meet that in the street,0
[[escort]] of formation of the [[join]] Kingdom  <SPLIT> [[later]] [[lots]] [[fence]] the [[editor]] of the [[connect]] Kingdom [[clause]] [[look]] to have [[sink]] on 1707 as being the [[foot]] of the state [[one]] [[bill]] with [[refer]] though that this [[escort]] [[deficiency]] any [[outside]] [[cite]] per official Wikipedia [[insurance]] WPVERIFY <SPLIT><SPLIT> But this article  [[heel]] of [[state]] by [[shaping]] [[escort]]  [[claim]] that the [[Britain]] was actually [[plant]] in 1603 again [[whole]] unreferenced Both [[article]] cannot be [[slump]] so which is it [[delight]] [[semen]] to the party armed with some [[right]] [[outside]] refs because [[single]] am not [[surely]] if we can [[suffer]] [[still]] another verbally diarrhetic [[mouth]] [[paginate]] splurge with [[mostly]] [[consist]] of [[advert]] hominem [[snipe]] and [[command]] of [[whole]] unsourced opinion,0
[[thither]] is [[decidedly]] no consensus on this text The fact that there are some [[unfriendly]] people in this discussion is a [[trouble]] when [[shit]] the discussion so [[delight]] [[sympathise]] the [[trouble]] and [[assistant]] to [[chastise]] the illegal [[office]] of the [[clause]],0
YOU [[brave]] [[tool]] WHY THE [[jazz]] DID U REVERT MY EDIT ALL MUSLIM TERRORISTS SHOULD BE NUKED,1
You are [[speechless]] and [[stunned]]  UNLOCK ME NOW You have all my ips of my router Unlock me now,1
[[delight]] do not vandalize [[paginate]] as you did with this [[delete]] to Chris If you [[keep]] to do so you will be [[plugged]] from [[cut]],0
[[area]] Live  <SPLIT> This should be [[total]] httparenalivezexosorg,0
Seconded It reads like a badlytranslated instruction manual for a [[icky]] generic toy,1
Im seconding all these stop requests Youre just not doing it right and youre doing it way to [[dissolute]] at some points If you [[die]] over 1 decline every 5 minutes stop and take a [[face]] at what youre doing <SPLIT><SPLIT> Im also here to [[shit]] an informal request that you refrain from [[shit]] any AfC judgement without posting on the talkpage of one of the more experienced AfCers or [[orgasm]] to  our IRC help channel and asking first If you do not voluntarily heed this request you [[whitethorn]] be subject to a community placed topic ban from reviewing any AfC editing,0
[[indisputable]] but that wouldnt [[exchange]] the [[room]] [[thing]] are [[shared]] up It would only [[repress]] the [[come]] of [[capacity]] in each of the [[part]] we [[crotch]] out [[ut]] you [[gibe]] with the [[purport]] [[variance]],0
[[abut]] 2006 <SPLIT><SPLIT> [[delight]] [[forbear]] from [[bestow]] nonsense to Wikipedia as you did to [[populace]] War [[deuce]] It is [[moot]] [[hooliganism]] If you would [[ilk]] to experiment [[expend]] the [[sandpit]],0
[[look]] WPOR,0
Violent Pornography <SPLIT> YOU RUINED IT But I Fixed It DO NOT EDIT STUFF YOU TROLL,0
[[one]] have [[face]] and can not [[watch]] what it is [[ane]] have not been on [[hanker]] so why would [[1]] be [[piece]] of any [[give-and-take]],0
Panasonic DVDRAM driver  <SPLIT> [[smell]] here DVDRAMWikibook [[billet]] the [[parole]] <SPLIT> Ive [[tot]] a [[brochure]] [[master]] that [[arrest]] all the unmodified [[archetype]] [[driver]] You are [[face]] for Vistax64Drv5301NENexe <SPLIT><SPLIT> [[single]] hope this [[assistant]],0
Sauram <SPLIT><SPLIT> It [[smell]] [[ilk]] the Surya worshipping [[faction]] is [[drop]],0
styleborderspacing8pxmargin0px 8px width100 <SPLIT> classMainPageBG stylewidth 55 border1px solid 084080 backgroundcolorF5FFFA verticalaligntopcolor000000fontsize 85 <SPLIT>  width100 cellpadding2 cellspacing5 styleverticalaligntop backgroundcolorF5FFFA <SPLIT>   [[how-do-you-do]] Jec4 and welcome to Wikipedia [[hither]] are some [[advocate]] guidelines to [[service]] you [[mother]] [[tortuous]] Please [[smell]] [[gratis]] to [[touch]] me if you [[pauperism]] [[supporter]] with anything [[outdo]] of [[lot]] and [[felicitous]] [[delete]]   <SPLIT>  <SPLIT>  styleborderspacing8pxmargin0px 8px width100 <SPLIT> classMainPageBG stylewidth 55 border1px [[satisfying]] FFFFFF backgroundcolorF5FFFA verticalaligntop <SPLIT>  width100 cellpadding2 cellspacing5 styleverticalaligntop backgroundcolorF5FFFA <SPLIT>  [[dumbfound]] [[get]] <SPLIT>  <SPLIT> stylecolor000 <SPLIT>  Wikipedia Tutorial <SPLIT>  How to [[delete]] a page <SPLIT>  The five pillars of Wikipedia <SPLIT>  Manual of Style <SPLIT>  Be [[bluff]] in [[delete]] <SPLIT>  How to write a [[bully]] [[clause]] <SPLIT>  WikiProjects <SPLIT>  <SPLIT>  [[dumbfound]] your info out there <SPLIT>  <SPLIT>  stylecolor000 <SPLIT>  Cite your [[informant]] <SPLIT>  Neutral Point of View <SPLIT>  Point of View <SPLIT>  Verifiability <SPLIT>  Uploading images <SPLIT>  Image use policy <SPLIT>  <SPLIT>  [[dumbfound]] more Wikipedia rules <SPLIT>  <SPLIT>  stylecolor000 <SPLIT>  Policy Library <SPLIT>  <SPLIT>  <SPLIT> classMainPageBG stylewidth 55 border1px solid FFFFFF backgroundcolorF5FFFA verticalaligntop <SPLIT>  width100 cellpadding2 cellspacing5 styleverticalaligntop backgroundcolorF5FFFA <SPLIT>  [[dumbfound]] help <SPLIT>  <SPLIT> stylecolor000 <SPLIT>  New contributors help [[paginate]] <SPLIT>  Where to ask a [[doubt]] <SPLIT>  Help Desk <SPLIT>  Frequently Asked [[head]] <SPLIT>  <SPLIT>  [[dumbfound]] along <SPLIT>  <SPLIT> stylecolor000 <SPLIT>  Wikipedians <SPLIT>  Wikiquette <SPLIT>  Civility <SPLIT>  [[foretoken]] your [[berth]] <SPLIT>  [[fight]] resolution <SPLIT>  <SPLIT>  [[dumbfound]] technical <SPLIT>  <SPLIT> stylecolor000 <SPLIT><SPLIT>  Pages needing attention <SPLIT>  [[compeer]] [[revue]] <SPLIT>  Utilities <SPLIT>  Village pump <SPLIT>  <SPLIT>  <SPLIT>  <SPLIT>  <SPLIT><SPLIT>  2002 [[I]],0
10 January 2006 UTC <SPLIT><SPLIT> Truce ya little [[kick]]      0236,1
Generals BAM and DOOG sucking each other  <SPLIT><SPLIT> I have a video of the generals [[lactate]] [[tool]] and wacking off on Pos chest Lets post it for the PESTS to wack it too aight,1
Every [[I]] [[nibble]] of [[optic]] [[info]] in the [[clause]] [[sustain]] the [[coarse]] [[blood]] of all the Baltic [[language]] which is not the same as for the Slavic [[language]] The only thing [[single]] can [[contravention]] about protoBaltic is whether it is protoBaltic or protoEasternBaltic,0
Dear Rye1967 [[fake]] and [[thieving]] of identity are [[shit]] [[sluttish]] by personal information being published on the internet for dishonest [[mortal]] to [[incur]] easily [[possibly]] [[single]] should [[recall]] of that before publishing personal information Thank you,0
[[plat]] bloat  <SPLIT><SPLIT> We do not [[penury]]  It is [[overweening]] [[reckon]] WPTVPLOT and [[too]] WPPLOTBLOAT,0
I basically troll these people at times and well why not Because its easy and they are so thick as to be drawn in The self importance is jaw dropping but dented by the fact that they are all so young and fat dependant on approval from the unlikely likes of the the temrimally dull buggs who just wants to be listened to  no matter how thick the auidence Anti project I hate to throw the word [[ass]] around but as its been earned in 40th edits [[ass]],0
centerSUCK THIS [[haired]] [[ruffle]] YOU [[bellyache]],1
[[thigh-slapper]] This is the most racist wikipedia article ever So the title is Palestinian Textbooks and from the article one would not [[fuck]] that Palestinian textbooks are used to teach actual academic subjects Why not take this article and merge it into Arabs and antisemitism as a paragraph working all the wondeful quotes into sentance and paragraph structure rather than the present one Seriously is there someway we can have this reviewed by an impartial administrator This is honestly a disgusting display of trying to use wikipedia to promote a political stance and whoever started it should recieve a lifetime [[blackball]],0
Thanks Yoda  your [[reaction]] is [[nonmeaningful]],0
Lake Macquarie suburbs [[motion]]  <SPLIT><SPLIT> After [[notice]] an [[incompatibility]] in whether Lake Macquarie suburbs [[exact]] to be in Lake Macquarie or Newcastle I had been [[cut]] them to be more [[ordered]] and [[take]] Lake Macquarie as the obvious more [[exact]] [[prime]] Up until [[single]] [[fare]] across an [[previous]] [[hide]] [[notice]] [[privileged]] [[I]] suburb [[order]] to stop [[change]] it to [[state]] Lake Macquarie which [[pass]] me to [[various]] [[archive]] [[mouth]] [[Page]] [[admit]] yours mostly [[touch]] population [[look]] <SPLIT><SPLIT> [[live]] you aware of any consensus on this [[release]] It [[appear]] to me that for the [[purpose]] of suburb [[clause]] unless you are [[cry]] most of the [[Orion]] a suburb of newcastle you [[penury]] to [[suck]] a [[blood]] [[someplace]] and the LGA [[limit]] are the only real [[home]] to do it which wouldnt be personal [[view]] And the fact that Newcastle is [[yet]] [[pay]] as the nearby CBD should [[shit]] [[affair]] [[sack]],0
BIGMAKZACK <SPLIT><SPLIT> this is a very rare creature that needs help for daily everyday tasks like using the restroom  <SPLIT> He is know as BIGMAKZACK waggle nuts and zack werner <SPLIT><SPLIT> He is German <SPLIT><SPLIT> Very dangerous because he plays with small children His defense is to swing  his  face back in forth causing him to look like an idiot he idiot causes a sudden heart attack to its victums  <SPLIT><SPLIT> He is Samsons brother,0
[[ane]] [[cogitate]] in the IMAX [[celluloid]] it [[burn]] out the Russian subplot anyone who has [[construe]] it in IMAX [[chastise]] me if Im [[awry]] [[single]] [[proverb]] it at the [[home]] [[sensitive]] Museum and it [[gash]] out the AmosNatAmelia Earhart [[tantrum]] and the Russian subplot      [[bet]] Iway amway Imagineway Izardway,0
how about you stop deleting it when its from the same [[jazz]] source [[bunghole]],1
ITALICS  <SPLIT><SPLIT> Whats with the italics in the [[death]] of the paragraph <SPLIT><SPLIT> Italics are [[quotation]] in the [[master]] German article  <SPLIT><SPLIT>  Incomprehensible  <SPLIT><SPLIT> Many parts of this article are incomprehensible [[one]] tried to [[cut]] a few [[piece]] but I [[slang]] interpret what was said This article has major problems in sentence structures I hope some [[ace]] with [[ripe]] [[cognition]] of the topic can [[killing]] the article <SPLIT> <SPLIT><SPLIT> There are [[motionless]] some [[sentence]] in the [[twist]] and From Opening to World War [[2]] sections that have not be translatedcleaned up yet due to their incomprehensibility and my absolute [[deficiency]] of [[cognition]] in GermanIt would be [[bully]] if some [[peerless]] whos [[goodness]] in German can clean those [[department]] up by [[touch]] to the article on the German Wikipedia <SPLIT> <SPLIT><SPLIT> What is here appears to have been machine [[transform]] from the much longer German article some [[Son]] are even [[give]] untranslated What is [[demand]] is [[cut]] by [[multitude]] who can read German and clean this up The [[master]] is a [[have]] article on the German Wikipedia and quite detailed I will [[lick]] on this as I can   <SPLIT><SPLIT> Yes Im [[virtually]] [[bad]] [[ace]] put this on [[come]] you [[fuck]] now although its certainly attracting a [[bunch]] of helpful attention The fact that the [[master]] German article is written in an [[nigh]] impenetrable extremely [[donnish]] [[vogue]] which for some [[intellect]] is [[super]] [[pop]] at de doesnt [[shit]] things any [[loose]]      <SPLIT><SPLIT> [[excuse]] <SPLIT> Sorry I started this article yesterday and indeed with a machine translation [[1]] [[bulge]] to put all that in [[ripe]] English and managed to do the [[kickoff]] [[trey]] paragraphs  and [[drop]] asleep only to wake up the next day to [[bump]] the article on first [[Page]] [[unity]] am [[real]] [[dark]] next time [[single]] will do that on my hard [[ram]] and post it when it is in [[ripe]] [[form]]  <SPLIT><SPLIT> No problem  this way you [[mother]] a [[muckle]] of [[assistant]] [[clean]] it up  [[ace]] [[look]] the [[crush]] of the Neues Museum [[rear]] in the [[nineties]] and am [[beaming]] they are finally rebuilding it  thanks for [[commit]] this on Wikipedia  <SPLIT><SPLIT>  Kupfergraben  <SPLIT> What is Kupfergraben [[i]] [[persuasion]] the [[drive]] of the [[killing]] was to translate the German [[speech]] into English not [[sum]] more German [[language]]  <SPLIT><SPLIT> [[MA]] Kupfergraben is the name of the street on the [[swear]] of the river west of  across from the Neues Museum and it is actually the street [[speech]] for the Pergamon Museum which is beside the NM so my [[hazard]] is the Neues Museum will have that [[handle]] too The [[real]] translation is [[pig]] [[dump]] and the machine translation put it in that way but it should stay with that German [[constitute]] Just as no one [[transform]] a [[full]] [[fuck]] Berlin street as Prince Electors Causeway they just leave it as Kurfrstendamm  <SPLIT><SPLIT> Am Kupfergraben along the copper ditch like Unter den Linden under the lindens is an example of the disconcerting German habit of using prepositional phrases as street names Another one I like is the street behind St Hedwigs Cathedral picturesquely named Hinter der katholischen Kirche behind the Catholic church    <SPLIT> The Neues Museum however is not on Am Kupfergraben but on Bodestrae    <SPLIT><SPLIT> OK thanks  I was going by a map I found on the net I hopefully clarified the first reference to Am Kupfergraben in the article   <SPLIT><SPLIT>  Cabinet Order translated  <SPLIT><SPLIT> Thanks Angr I am fine with Cabinet Order as a translation especially since the wikilink to Cabinet makes clear it is a governmental cabinet The only alternative I thought of is something like The king had already assigned the construction project to Stler on March 8 1841 by order of the royal cabinet or The king with his cabinet had already ordered that the construction project be assigned to Stler on March 8 1841   <SPLIT> That sounds better than my literal translation Be bold    <SPLIT> OK made the chnge  thanks   <SPLIT><SPLIT>  What Else to Translate  <SPLIT><SPLIT> While the articl,0
A [[young]] [[scuttlebutt]]  it would be a [[life-threatening]] [[fault]] to mistake Riemannian [[curve]] for the curvature of a Riemann [[multiply]] because Riemannian curvature does not [[want]] a Riemannian metric it only [[ask]] a [[connective]],0
Pff I have no problem saying you acted like a [[cuckoo]] cause you did and you still are And I see you still havent apologized to that IP who probably didnt know what the rules were and certainly didnt understand why two arrogant jerks kept reverting their edits without explaining why Oh I assume you didnt read WPBITE did you Well I can tell you that I dont know what WPPERSONAL leads towhat I can tell you is that I am commenting on your embarrassing conduct not on you personally Im sure your mother would speak differently to you Now stay the hell away from my talk page until you apologize to the IP editor,1
[[ace]] [[mark]] that [[sack]] [[entropy]] [[too]] [[admit]] [[pellet]] of some of the [[gimpy]] [[package]] but no [[germ]] is [[abduce]]  [[whatsoever]] [[luck]] this can be [[sterilise]] [[delight]],0
SimpleDB   <SPLIT> [[thither]] was a [[address]] to Amazon SimpleDB httpwwwsatineorgarchives20071213amazonsimpledb I [[murder]] it from the [[heel]] because SimpleDB [[victimization]] Erlang is [[ALIR]] from being a fact The [[acknowledgment]] [[feed]] is [[ane]] blog [[incoming]] not [[sustain]] by anybody else [[other]] [[leave]] on [[Google]] mostly [[yoke]] to this blog [[ingress]],0
How about SAS [[turn]] from 10 [[meg]] in [[gross]] in 1980 to 11 [[million]] by 2000 [[amp]] [[bombastic]] proportion of these [[gross]] are [[fagged]] on [[search]] and development than at most other software companies at [[1]] [[stop]] more than [[twice]] the industry average [[1]] [[reckon]] that could be [[subedit]] but it [[shit]] the [[exact]] a [[prick]] more [[worldwide]] and [[notice]] that the [[XXV]] [[flesh]] was a [[head]] in [[metre]] not a [[unremitting]] Id also [[okay]] of a lede [[abduce]] for the [[call]] that they [[expend]] more than most,0
Ed Boon makes a masturbation joke <SPLIT> To quote the section on Meat <SPLIT> Ed Boon was also heard saying You cant beat my Meat <SPLIT> I think this is highly unlikely However as I cant prove it Im leaving it alone for someone more knowledgable to deal with  UTC,1
BlackKITE has [[criminate]] me of [[cut]] [[war-ridden]] just now in the [[condemn]] above [[ground]] only on only [[unmatched]] edit and where [[multitude]] [[fit]] I am [[basically]] [[mighty]]  You have [[evidence]] me to stop [[dumbfound]] a dead [[buck]]  when [[one]] was doing no such thing  BlackKITE has [[accuse]] me of [[exploitation]] [[slickness]] [[cut]] [[like]] to a sock [[creature]] and being banned but you did not [[explicate]] the [[soul]] who [[ban]] me had her admin [[right]] [[rifle]] for summarily banning [[masses]]  [[so]] BlackKITE [[charge]] me of vandalism or incipient vandalism    <SPLIT><SPLIT> [[frankly]] every [[unmarried]] [[clock]] BlackKITE has [[order]] something to me has been in a manner inconsistent with [[ripe]] wikipedian citizenship [[flush]] here in BlackKITEs [[command]] where BlackKITE [[exact]] heshe has not [[come]] the [[matter]] heshe has  [[1]] was [[nerve-wracking]] to [[commit]] Cheeser1s advice to [[shoot]] a [[die]] a [[find]] but not if it [[way]] not [[answer]] to BlackKITEs further ad hominem [[tilt]]   <SPLIT><SPLIT> Now the MMfA [[unite]] has been [[murder]] and [[exchange]] with the [[fundamental]] AFA [[join]]  [[just]] the text [[rest]] in the wiki [[paginate]] [[cum]] only from the MMfA [[contact]] and not from the AFA [[yoke]] or from any other [[informant]]  [[totally]] this [[meter]] has [[die]] by and theres no other [[seed]] [[face]] by anyone [[too]] the MMfA [[unmatched]] for the [[take]] that the AFA [[reckon]] Judaism [[leash]] to criminality or [[whatsoever]]  [[single]] dont care what the [[fact]] are just that an [[nasty]] accusation is being [[air]] to the [[mankind]] [[free-base]] purely on the [[purview]] of a writer at MMfA an [[brass]] obviously [[fight]] to the [[submit]] of the wiki [[paginate]]  That is [[basically]] unfair Im [[trusted]] wikipedia does not [[living]] that  [[so]] [[sick]] be [[off]] it soon but [[sick]] do what Cheeser1 [[suggest]] and [[rest]] [[scummy]] for a [[petty]] Hopefully [[soul]] will do the [[rightfulness]] thing before [[1]] have too  <SPLIT><SPLIT> Im [[grim]] [[ane]] was [[squeeze]] out of my [[lay]] [[scummy]] by further [[traitorously]] accusations by BlackKITE,0
STOP BITCHING AND STOP DELETING MY HARD WORK,0
Thanks for a very [[wax]] and courteous reply [[ace]] [[fancy]] now where you are [[orgasm]] from  and now that I [[fuck]] I have [[sic]] my own default to 300px which [[ripe]] suits my ageing [[eyeball]] [[ane]] am [[motionless]] a [[niggling]] [[dumbfound]] though As was pointed out in the debate at ImageusepolicyArchive8Forcedimagesize if the [[fancy]] size for a thumb is not specified it forces the default [[fancy]] size currently 180px on any user who is [[victimization]] Wikipedia solely for [[address]] and does not have an account Whose [[taste]] does this [[muse]] For many [[fancy]] 180px is simply too small for the [[fancy]] to achieve its illustrative purpose moreover this possibility is explicitly recognised in the [[entire]] text of the [[passport]] you quote above unless  a size is specified outside the [[browse]] of widths 120300px that can be set in the [[taste]] <SPLIT><SPLIT> Also a [[passport]] is by definition not a policy Surely then it is not appropriate to enforce it retrospectively on other editors [[lick]] <SPLIT><SPLIT> You will [[look]] that I have now read up the debate on this issue So far I have yet to read anything to convince me that my views are unreasonable however I am still [[assailable]] to persuasion Thanks for your [[clock]]  patience Regards,0
De Gaulle [[delivery]]  <SPLIT><SPLIT> [[unmatchable]] BBC [[paginate]] is here  <SPLIT><SPLIT> It does [[enounce]] that the [[master]] was not [[show]],0
[[delight]] specifically [[sack]] the article under the GFDL [[permission]],0
[[heel]] of freeways [[highway]] major [[road]] and [[dog]] in ruralremote [[western]] Australia is a [[commodity]] [[bulge]] for weirdness and [[voltage]] [[mislead]] [[token]]  just [[face]] at [[deed]] and [[subject]] of this and [[refer]]  some very [[Wyrd]] [[shove]],0
A barnstar for you  <SPLIT><SPLIT>  stylebackgroundcolor fdffe7 border 1px solid fceb92 <SPLIT> rowspan2 styleverticalalign middle padding 5px   <SPLIT> stylefontsize xlarge padding 3px 3px 0 3px height 15em  The Random Acts of Kindness Barnstar <SPLIT>  <SPLIT> styleverticalalign middle padding 3px  Wow you are a really [[squeamish]] person,0
Protected AAC  <SPLIT><SPLIT> Apple [[cry]] the [[charge]] [[protected]] AAC  [[yell]] them something else because [[person]] doesnt [[care]] DRM is [[inclose]] that [[editor]] POV,0
LUBEKS THREELOGY BOOK ISSUES ON BOXING WEIGHTSCATEGORIESONE GOVERNING BODYMANDATORY HEADBANDS ETC  <SPLIT><SPLIT> BUY LUBEKS THREELOGY BOOKREAD ITS GREAT REVIEWS ON AMAZONIT TALKS ABOUT CLASSIC BOXING MARCIANO490 VS BAKER455 WHY BOB BAKER DESERVED A SHOT N MARCIANO <SPLIT><SPLIT> 17 weight classes are way2many It is nothin but a scheme to [[shit]] moneyits a boxing shame Difference between each class is only couple of kilos Nobody [[fuck]] who the real champ is in boxingthere r 100 of them n each claims he is the best <SPLIT> If a bout is scored 113112  113113  112113one point should not [[shit]] difference its2close2call n bout should b a  [[suck]] Its unfair n too close to call that a win <SPLIT> During n b4 marcianopatterson era there were 8 categories n everyone was happy with that thus i propose ten weight categories maximum just like in olympix I d add super middleweight n cruiserweight2original 8 categories No wonder MMA is takin over boxing Justly so  <SPLIT> I also propose mandatory headbands to avoid NCs or technical draws Fans r not payin big money to see bouts end prematurely cuz of cuts <SPLIT> There should be one governing body that controls all of boxing n who organizes fights for linealtrue championships Only such championships count as legit,0
Esperanza Admin coaching  October 29  Pending   <SPLIT> You are receiving this message because you are currently listed as a coach in the Pending section of the coaching box <SPLIT><SPLIT>  If the coaching has started and is ongoing please move the entry to the active section of the box  <SPLIT>  If the coaching has finishednever going to start please add your trainee to the archived requests section of the archive and remove the entry from the coaching box  <SPLIT>  You can fill in information about your former students at the main archive <SPLIT>  If the coaching is ongoing please continue  This might serve as a useful reminder to [[retard]] with your trainee if they have any new questions <SPLIT>  If you are ready to be assigned a new trainee or have any other questions please let me [[fuck]] on   <SPLIT><SPLIT> Thank you for helping with admin coaching,0
[[live]] that a [[assort]] of [[acid]] koan Lol [[nigh]] anything in the article [[expect]] citation You will [[tone]] that [[game]] are exempt from this because anyone who contributes to the article is [[die]] to be able to [[bit]] something inaccurate and [[slump]] itaddress it in discussion Thats how discussion as a [[dick]] benefits the article To hlp you along read WPSYN that will help you understand how we try very hard not to [[shoot]] ourselves into the [[psychoanalysis]] [[appendage]] while [[spell]] the article <SPLIT>  I would have [[order]] you all this on your [[mouth]] [[paginate]] but you seem [[contentedness]] on [[blue-pencil]] [[billet]] of folk who [[collapse]] you advice there This [[room]] you [[fancy]] it,0
TemplateUnsignedIP   <SPLIT><SPLIT>  [[young]] [[pic]]  <SPLIT><SPLIT> [[soul]] [[demand]] for a more [[late]] [[fancy]] awhile agoIm not [[trusted]] why the [[notice]] was [[erase]] His Senate [[site]] doesnt seem to have any recent [[fancy]] does anyone have a [[New]] [[flick]] <SPLIT><SPLIT> [[1]] [[happen]] a [[ripe]] [[picture]] at a [[dad]] league of [[woman]] [[voter]] and posted it today   <SPLIT><SPLIT> Where did it [[die]] then The [[face]] [[1]] is [[awful]] outdated   <SPLIT><SPLIT> This is [[hush]] a problem The current [[picture]] is so old as to be [[virtually]] unrecognizable   <SPLIT><SPLIT>  [[1]] concur The [[picture]] in the [[clause]] [[smell]] at least [[twenty]] [[yr]] old [[adenine]] more recent [[exposure]] is [[demand]] [[1]] would not [[notwithstanding]] be [[oppose]] to [[commit]] the current [[picture]] somewhere else in the [[clause]] <SPLIT><SPLIT>  [[1]] was actually about to [[berth]] a [[freshly]] [[subdivision]] about this but it [[look]] its already a [[mark]] [[cut]] [[single]] didnt [[level]] [[acknowledge]] him when I [[control]] the [[ikon]] This is [[jolly]] [[authoritative]] [[person]] needs to [[dumbfound]] on this Im a [[jolly]] [[newfangled]] editor so Im not [[whole]] [[comrade]] with the [[operation]] [[demand]] to [[tuck]] [[fancy]] and [[name]] them but maybe we should [[block]] [[mouth]] about it and just do it Nobody appears to have any [[protest]]  <SPLIT><SPLIT>  <SPLIT><SPLIT> The [[flick]] [[demo]] at the [[exceed]] of the page is the most [[Holocene]] [[1]] that has been [[commit]] out by Arlens [[closet]] [[authority]] I [[once]] [[lick]] as an intern in the DC [[power]] and while [[1]] should [[shit]] it [[clean]] that I am not [[answer]] officially this is [[only]] my [[noesis]] that [[single]] [[care]] to [[bestow]] on the WikiCommunity The 2nd [[fancy]] down on the page was Arlens [[master]] bio [[fancy]] commonly [[concern]] to as the [[stop]] Mitzvah [[fancy]] around the [[place]] [[besides]] if you [[smell]] [[intimately]] at the bottomleft of the newest [[flick]] youll [[poster]] something else [[nose]] into the [[couch]] This is the shoulder of Senator [[ghost]] [[boss]] of Staff Scott Hoeflich Arlen doesnt [[grinning]] when hes the only [[ace]] in the [[flick]] <SPLIT><SPLIT> Hope this info was helpful [[nurse]] [[disorder]] et cetera <SPLIT><SPLIT>   [[past]] [[notice]] was [[sum]] at   <SPLIT><SPLIT> [[care]] [[some]] Reelection [[passageway]] HoefelSpecter [[wash]] <SPLIT><SPLIT> I could be [[false]] but [[single]] dont [[return]] many [[observer]] [[asseverate]] that [[wraith]] had [[go]] too [[ALIR]] to the [[ripe]] in [[edict]] to win his [[lowest]] [[drive]] for that [[ass]]  <SPLIT><SPLIT> [[apart]] from [[shit]] some concessions to the [[scrub]] [[judicature]] with [[obedience]] to [[ease]] the [[substantiation]] of prospective [[Fed]] [[try]] [[ane]] dont [[cogitate]] he [[bosom]] mainstream [[bourgeois]] Republicanism at all  <SPLIT><SPLIT> [[inch]] fact he condoned the [[decisiveness]] by some [[matrimony]] locals to [[grow]] SpecterKerry lawn signs  <SPLIT><SPLIT> If anything most [[masses]] were of the [[purview]] that conservatives [[persist]] homeor [[vote]] but withholding their votes from Specterwould [[dumbfound]] more of a [[dispute]] to his reelection  <SPLIT><SPLIT> [[addition]] the way his victory is described is a bit misleading  <SPLIT><SPLIT> Yes in comparison to most Senate raceswhere the incumbent faces no real oppositionSpecters victory was narrow but in comparison to other races he has contestedfor example his razorthin victory over his female opponent in 1992his margin of victory was rather large  <SPLIT><SPLIT> <SPLIT><SPLIT>  Texas  <SPLIT> Putting WikiProject Texas here so the bot will not retag it   <SPLIT> Out of morbid curiosity why is it that the bot feels that this page should be tagged as WikiProject Texas    <SPLIT><SPLIT> NARAL <SPLIT><SPLIT> The following parenthetical statement should be removed <SPLIT> although he recieved a 20 rating from NARAL indicating a prolife record <SPLIT><SPLIT> as NARALs criteria are extremely partisan and do not accurately express stance on abortion in an NPOV manner  His 20 rating comes from a budget issue he voted against and some judicial nominees he supported  Not making abortion a hotbutton automatic rubberstamp issue is very different from being ProLife <SPLIT><SPLIT>  References  <SPLIT><SPLIT> Why did this article use the nonstandard section heading footnotes instead of the standard References  I changed it to use References <SPLIT><SPLIT> Why have contributors left thos references as simple inline inline links  Inline links really really suck  If they expire then noone can fix the article by searching for a mirror or an alternative source  Please everybody if you are the person adding a reference try t,0
Oh [[ripe]] nevermind [[look]] to have been [[tot]] by Choess [[wellspring]] thanks for the [[yoke]] and categorisation then,0
Thanks for adding messages But why are you signing yourself surely that will [[shit]] it more difficult for inexperienced contributors to work out how to [[dumbfound]] in touch with you,0
[[occupy]] [[ensue]]  <SPLIT><SPLIT> [[ane]] [[scan]] this [[worry]] [[titbit]] about DNA here [[consume]] you [[try]] of this before [[single]] [[marvel]] if there is [[real]] something to it,0
I think you [[bastardly]] maximize production Efficiency would be judged per input levelsa complex picture labor or energy input,0
[[dice]] [[shit]] [[conk]] MOTHERFUCKERDIE MOTHERFUCKERDIE MOTHERFUCKERDIE MOTHERFUCKERDIE MOTHERFUCKERDIE MOTHERFUCKERDIE MOTHERFUCKERDIE MOTHERFUCKERDIE MOTHERFUCKERDIE MOTHERFUCKERDIE MOTHERFUCKERDIE MOTHERFUCKERDIE MOTHERFUCKERDIE MOTHERFUCKERDIE MOTHERFUCKERDIE MOTHERFUCKERDIE MOTHERFUCKERDIE MOTHERFUCKERDIE MOTHERFUCKERDIE MOTHERFUCKERDIE MOTHERFUCKERDIE MOTHERFUCKERDIE MOTHERFUCKERDIE MOTHERFUCKERDIE MOTHERFUCKERDIE MOTHERFUCKERDIE MOTHERFUCKERDIE MOTHERFUCKERDIE MOTHERFUCKERDIE MOTHERFUCKERDIE MOTHERFUCKERDIE MOTHERFUCKERDIE MOTHERFUCKERDIE MOTHERFUCKERDIE MOTHERFUCKERDIE MOTHERFUCKERDIE MOTHERFUCKERDIE MOTHERFUCKERDIE MOTHERFUCKERDIE MOTHERFUCKERDIE MOTHERFUCKERDIE MOTHERFUCKERDIE MOTHERFUCKERDIE MOTHERFUCKERDIE MOTHERFUCKERDIE MOTHERFUCKERDIE MOTHERFUCKERDIE MOTHERFUCKERDIE MOTHERFUCKERDIE MOTHERFUCKERDIE MOTHERFUCKERDIE MOTHERFUCKERDIE MOTHERFUCKERDIE MOTHERFUCKERDIE MOTHERFUCKERDIE MOTHERFUCKERDIE MOTHERFUCKERDIE MOTHERFUCKERDIE MOTHERFUCKERDIE MOTHERFUCKERDIE MOTHERFUCKERDIE MOTHERFUCKERDIE MOTHERFUCKERDIE MOTHERFUCKERDIE MOTHERFUCKERDIE MOTHERFUCKERDIE MOTHERFUCKERDIE MOTHERFUCKERDIE MOTHERFUCKERDIE MOTHERFUCKERDIE MOTHERFUCKERDIE MOTHERFUCKERDIE MOTHERFUCKERDIE MOTHERFUCKERDIE MOTHERFUCKERDIE MOTHERFUCKERDIE MOTHERFUCKERDIE MOTHERFUCKERDIE MOTHERFUCKERDIE MOTHERFUCKERDIE MOTHERFUCKERDIE MOTHERFUCKERDIE MOTHERFUCKERDIE MOTHERFUCKERDIE MOTHERFUCKERDIE MOTHERFUCKERDIE MOTHERFUCKERDIE MOTHERFUCKERDIE MOTHERFUCKERDIE MOTHERFUCKERDIE MOTHERFUCKERDIE MOTHERFUCKERDIE MOTHERFUCKERDIE MOTHERFUCKERDIE MOTHERFUCKERDIE MOTHERFUCKERDIE MOTHERFUCKERDIE MOTHERFUCKERDIE MOTHERFUCKERDIE MOTHERFUCKERDIE MOTHERFUCKERDIE MOTHERFUCKERDIE MOTHERFUCKERDIE MOTHERFUCKERDIE MOTHERFUCKERDIE MOTHERFUCKERDIE MOTHERFUCKERDIE MOTHERFUCKERDIE MOTHERFUCKERDIE MOTHERFUCKERDIE MOTHERFUCKERDIE MOTHERFUCKERDIE MOTHERFUCKERDIE MOTHERFUCKERDIE MOTHERFUCKERDIE MOTHERFUCKERDIE MOTHERFUCKERDIE MOTHERFUCKERDIE MOTHERFUCKERDIE MOTHERFUCKERDIE MOTHERFUCKERDIE MOTHERFUCKERDIE MOTHERFUCKERDIE MOTHERFUCKERDIE MOTHERFUCKERDIE MOTHERFUCKERDIE MOTHERFUCKERDIE MOTHERFUCKERDIE MOTHERFUCKERDIE MOTHERFUCKERDIE MOTHERFUCKERDIE MOTHERFUCKERDIE MOTHERFUCKERDIE MOTHERFUCKERDIE MOTHERFUCKERDIE MOTHERFUCKERDIE MOTHERFUCKERDIE MOTHERFUCKERDIE MOTHERFUCKERDIE MOTHERFUCKERDIE MOTHERFUCKERDIE MOTHERFUCKERDIE MOTHERFUCKERDIE MOTHERFUCKERDIE MOTHERFUCKERDIE MOTHERFUCKERDIE MOTHERFUCKERDIE MOTHERFUCKERDIE MOTHERFUCKERDIE MOTHERFUCKERDIE MOTHERFUCKERDIE MOTHERFUCKERDIE MOTHERFUCKERDIE MOTHERFUCKERDIE MOTHERFUCKERDIE MOTHERFUCKERDIE MOTHERFUCKERDIE MOTHERFUCKERDIE MOTHERFUCKERDIE MOTHERFUCKERDIE MOTHERFUCKERDIE MOTHERFUCKERDIE MOTHERFUCKERDIE MOTHERFUCKERDIE MOTHERFUCKERDIE MOTHERFUCKERDIE MOTHERFUCKERDIE MOTHERFUCKERDIE MOTHERFUCKERDIE MOTHERFUCKERDIE MOTHERFUCKERDIE MOTHERFUCKERDIE MOTHERFUCKERDIE MOTHERFUCKERDIE MOTHERFUCKERDIE MOTHERFUCKERDIE MOTHERFUCKERDIE MOTHERFUCKERDIE MOTHERFUCKERDIE MOTHERFUCKERDIE MOTHERFUCKERDIE MOTHERFUCKERDIE MOTHERFUCKERDIE MOTHERFUCKERDIE MOTHERFUCKERDIE MOTHERFUCKERDIE MOTHERFUCKERDIE MOTHERFUCKERDIE MOTHERFUCKERDIE MOTHERFUCKERDIE MOTHERFUCKERDIE MOTHERFUCKERDIE MOTHERFUCKERDIE MOTHERFUCKERDIE MOTHERFUCKERDIE MOTHERFUCKERDIE MOTHERFUCKERDIE MOTHERFUCKERDIE MOTHERFUCKERDIE MOTHERFUCKERDIE MOTHERFUCKERDIE MOTHERFUCKERDIE MOTHERFUCKERDIE MOTHERFUCKERDIE MOTHERFUCKERDIE MOTHERFUCKERDIE MOTHERFUCKERDIE MOTHERFUCKERDIE MOTHERFUCKERDIE MOTHERFUCKERDIE MOTHERFUCKERDIE MOTHERFUCKERDIE MOTHERFUCKERDIE MOTHERFUCKERDIE MOTHERFUCKERDIE MOTHERFUCKERDIE MOTHERFUCKERDIE MOTHERFUCKERDIE MOTHERFUCKERDIE MOTHERFUCKERDIE MOTHERFUCKERDIE MOTHERFUCKERDIE MOTHERFUCKERDIE MOTHERFUCKERDIE MOTHERFUCKERDIE MOTHERFUCKERDIE MOTHERFUCKERDIE MOTHERFUCKERDIE MOTHERFUCKERDIE MOTHERFUCKERDIE MOTHERFUCKERDIE MOTHERFUCKERDIE MOTHERFUCKERDIE MOTHERFUCKERDIE MOTHERFUCKERDIE MOTHERFUCKERDIE MOTHERFUCKERDIE MOTHERFUCKERDIE MOTHERFUCKERDIE MOTHERFUCKERDIE MOTHERFUCKERDIE MOTHERFUCKERDIE MOTHERFUCKERDIE MOTHERFUCKERDIE MOTHERFUCKERDIE MOTHERFUCKERDIE MOTHERFUCKERDIE MOTHERFUCKERDIE MOTHERFUCKERDIE MOTHERFUCKERDIE MOTHERFUCKERDIE MOTHERFUCKERDIE MOTHERFUCKERDIE MOTHERFUCKERDIE MOTHERFUCKERDIE MOTHERFUCKERDIE MOTHERFUCKERDIE MOTHERFUCKERDIE MOTHERFUCKERDIE MOTHERFUCKERDIE MOTHERFUCKERDIE MOTHERFUCKERDIE MOTHERFUCKERDIE MOTHERFUCKERDIE MOTHERFUCKERDIE MOTHERFUCKERDIE MOTHERFUCKERDIE MOTHERFUCKERDIE MOTHERFUCKERDIE MOTHERFUCKERDIE MOTHERFUCKERDIE MOTHERFUCKERDIE MOTHERFUCKERDIE MOTHERFUCKERDIE MOTHERFUCKERDIE MOTHERFUCKERDIE MOTHERFUCKERDIE MOTHERFUCKERDIE MOTHERFUCKERDIE MOTHERFUCKERDIE MOTHERFUCKERDIE MOTHERFUCKERDIE MOTHERFUCKERDIE MOTHERFUCKERDIE MOTHERFUCKERDIE MOTHERFUCKERDIE MOTHERFUCKERDIE MOTHERFUCKER,1
Cock and [[pussy]] <SPLIT> Advocateour present quarrelsa bad case that they attempt to make the best ofthe evildoers of time pastthe duress of the accussedthe duress of the attending editorsIm not with themI wasnt talking to themBlacamoreaccording to the bookthe enemy who never sleepssophistrydelay and confuse the court the rats as witnessesimageinaryWhite steedclear and JustA fine knight will come in armor that shines like the sun and bring Strength and Rightousness and make this a better place for all of you from the movie The Advocate w Colin Firthhourglasssome like the Huntthe manwoman of convictionOrder and RuleThis IS my business  The Sheriff,0
Welcome <SPLIT><SPLIT> Hello Sydneysue480 and welcome to Wikipedia Thank you for  I hope you [[ilk]] the [[commit]] and decide to [[arrest]] Here are some [[paginate]] that you might find helpful <SPLIT> The five pillars of Wikipedia <SPLIT> Tutorial <SPLIT> How to [[blue-pencil]] a page and How to [[break]] articles <SPLIT> How to create your first article [[exploitation]] the Article Wizard if you wish <SPLIT> Manual of Style <SPLIT> I hope you [[bask]] [[delete]] here and being a Wikipedian [[delight]] sign your [[substance]] on discussion pages [[employ]] four tildes  this will automatically insert your username and the date If you [[pauperism]] [[helper]] [[retard]] out WikipediaQuestions ask me on my [[mouth]] [[paginate]] or ask your [[head]] on this [[paginate]] and then [[commit]] helpme before the [[head]] Again welcome,0
Thats [[dumbfound]] to be one of the funniest accusations Ive seen in some time  Thanks for lightening my day  Ive replied on ANI to share my mirth,0
Yes the [[entrance]] [[contact]] would [[want]] to be [[repair]]  many [[want]] to be [[get]] even now  Thats partly why I [[aim]] to [[strike]] the [[paginate]],0
I was [[haywire]] he was not a [[bonk]] [[creature]] of the  but of,0
Gyn and Sheerlegs <SPLIT> [[how-do-you-do]] [[ane]] [[take]] the [[deuce]] [[clause]] that you [[make]] Could you revisit them and [[ply]] an [[unveiling]] at the [[showtime]] of each [[clause]] to expain the [[setting]] of the subject [[weigh]] This will [[supporter]] [[lector]] who are not familar with the [[subjugate]] [[count]] to [[unspoilt]] [[sympathise]] the [[clause]] Thanks [[heed]],0
An infinitely long [[unbending]] [[trunk]] with gaussian [[aggregative]] distribution [[live]] you [[jocular]] You [[indite]] that theres [[pile]] of physicists who consider lines and planes of material points even in mechanics If there are so many then you have a [[muckle]] to teach to those who are interested in this discussion [[ass]] you give some examples explaining what is the body and body property modeled with a line or plane and what is the purpose or application of the model That would be interesting And if you have an example in rigid body dynamics that would [[surprisal]] me and [[shit]] your contribution much more interesting Otherwise you will never convince me    <SPLIT> What you are [[nerve-wracking]] to do is  <SPLIT>  provided a [[mannequin]] that might be [[victimized]] thats not enough to convince me,0
not [[Muslim]] [[posit]],0
[[V]] [[wife]] Vodka  <SPLIT><SPLIT> [[IT]] [[belike]] that the Barrison [[babe]] or a knockoff [[dissemble]] were the putative [[quint]] [[wife]] <SPLIT><SPLIT> httpwwwhuffingtonpostcom20120529fivewivesvodkabanidahon1553122html,0
[[wherefore]] dont you just do this and [[Lashkar-e-Tayyiba]] [[U]] [[reckon]] what it [[smell]] [[ilk]] [[too]] I am [[die]] to [[murder]] the weasel [[Son]] [[farseeing]] as in long after the apostolic [[eld]] because the [[assimilator]] are in [[arrangement]] that the [[apostolic]] [[power]] was fully [[break]] by the mid 150s and this is not very [[hanker]] after the [[apostolical]] [[geezerhood]],0
Its [[moot]] <SPLIT> [[careful]] or not its unhelpful  [[make]] an [[bill]] [[yell]] AnonomousBoy1234 and [[sic]] your [[touch]] to [[ex]] if you [[deprivation]]  Because if you do not [[contract]] in some [[physique]] the [[leave]] will be to [[perturbation]] people And I dont [[retrieve]] thats your [[captive]] is it How would you [[smell]] if everyone else did what youre doing  [[heed]] [[ecstasy]],0
[[ominous]] [[dissipate]] YOUBURN YOUR [[clay]] AND YOUR MANFUCKING [[fuss]] [[1]] [[mangle]] YOUR [[fry]] AND PRAY [[along]] THEIR [[organ]] [[ace]] [[hatred]] WIKIPEDIA  [[fire]] IN [[blaze]] <SPLIT> [[ominous]] [[photograph]] YOUBURN YOUR [[clay]] AND YOUR MANFUCKING [[fuss]] [[1]] [[dispatch]] YOUR [[fry]] AND PRAY [[along]] THEIR [[organ]] [[ace]] [[hatred]] WIKIPEDIA  [[fire]] [[Indiana]] [[blaze]] <SPLIT> [[ominous]] [[photograph]] YOUBURN YOUR [[clay]] AND YOUR MANFUCKING [[fuss]] [[1]] [[remove]] YOUR [[fry]] AND PRAY [[along]] THEIR [[organ]] [[unity]] [[detest]] WIKIPEDIA  [[fire]] [[Indiana]] [[blaze]] <SPLIT> [[ominous]] [[photograph]] YOUBURN YOUR [[clay]] AND YOUR MANFUCKING [[fuss]] I [[dispatch]] YOUR [[nestling]] AND PRAY [[along]] THEIR [[organ]] [[single]] [[hatred]] WIKIPEDIA  [[fire]] IN [[blaze]] <SPLIT> [[ominous]] [[photograph]] YOUBURN YOUR [[clay]] AND YOUR MANFUCKING [[fuss]] [[1]] [[remove]] YOUR [[nestling]] AND PRAY [[along]] THEIR [[harmonium]] [[ace]] [[hatred]] WIKIPEDIA  [[fire]] IN [[blaze]] <SPLIT> [[ominous]] [[take]] YOUBURN YOUR [[clay]] AND YOUR MANFUCKING [[fuss]] [[1]] [[remove]] YOUR [[fry]] AND PRAY [[along]] THEIR [[organ]] [[ace]] [[detest]] WIKIPEDIA  [[cauterise]] IN [[blaze]] <SPLIT> [[inauspicious]] [[photograph]] YOUBURN YOUR [[clay]] AND YOUR MANFUCKING [[fuss]] [[1]] [[dispatch]] YOUR [[fry]] AND PRAY ON THEIR [[organ]] [[1]] [[hatred]] WIKIPEDIA  [[fire]] IN [[blaze]] <SPLIT> [[ailment]] [[photograph]] YOUBURN YOUR [[clay]] AND YOUR MANFUCKING [[overprotect]] [[one]] [[dispatch]] YOUR [[fry]] AND PRAY [[along]] THEIR [[organ]] [[single]] [[hatred]] WIKIPEDIA  [[cut]] IN [[blaze]] <SPLIT> [[ailment]] [[dissipate]] YOUBURN YOUR [[clay]] AND YOUR MANFUCKING [[fuss]] [[one]] [[dispatch]] YOUR [[fry]] AND PRAY [[along]] THEIR [[organ]] [[unity]] [[detest]] WIKIPEDIA  [[cut]] IN [[blaze]] <SPLIT> [[complaint]] [[photograph]] YOUBURN YOUR [[clay]] AND YOUR MANFUCKING [[fuss]] [[one]] [[dispatch]] YOUR [[fry]] AND PRAY [[along]] THEIR [[organ]] [[1]] [[detest]] WIKIPEDIA  [[fire]] IN [[blaze]] <SPLIT> [[ailment]] [[photograph]] YOUBURN YOUR [[clay]] AND YOUR MANFUCKING [[fuss]] [[1]] [[remove]] YOUR [[fry]] AND PRAY [[along]] THEIR [[organ]] [[unity]] [[detest]] WIKIPEDIA  [[cut]] IN [[blaze]] <SPLIT> [[poorly]] [[photograph]] YOUBURN YOUR [[clay]] AND YOUR MANFUCKING [[fuss]] [[one]] [[dispatch]] YOUR [[fry]] AND PRAY [[along]] THEIR [[organ]] [[single]] [[hatred]] WIKIPEDIA  [[cut]] IN [[pit]] <SPLIT> [[poorly]] [[dissipate]] YOUBURN YOUR [[clay]] AND YOUR MANFUCKING [[fuss]] [[one]] [[dispatch]] YOUR [[fry]] AND PRAY [[along]] THEIR [[organ]] [[single]] [[hatred]] WIKIPEDIA  [[cut]] IN [[blaze]] <SPLIT> [[poorly]] [[photograph]] YOUBURN YOUR [[clay]] AND YOUR MANFUCKING [[fuss]] [[1]] [[remove]] YOUR [[fry]] AND PRAY [[along]] THEIR [[organ]] [[unity]] [[detest]] WIKIPEDIA  [[sunburn]] IN [[pit]] <SPLIT> [[poorly]] [[photograph]] YOUBURN YOUR [[clay]] AND YOUR MANFUCKING [[fuss]] [[1]] [[dispatch]] YOUR [[fry]] AND PRAY [[along]] THEIR [[harmonium]] [[1]] [[detest]] WIKIPEDIA  [[cauterise]] [[Indiana]] [[blaze]] <SPLIT> [[inauspicious]] [[photograph]] YOUBURN YOUR [[clay]] AND YOUR MANFUCKING [[engender]] [[one]] [[remove]] YOUR [[fry]] AND PRAY [[along]] THEIR [[harmonium]] [[one]] [[detest]] WIKIPEDIA  [[fire]] IN [[Scheol]] <SPLIT> [[ailment]] [[dissipate]] YOUBURN YOUR [[clay]] AND YOUR MANFUCKING [[fuss]] [[1]] [[dispatch]] YOUR [[fry]] AND PRAY [[along]] THEIR [[harmonium]] [[single]] [[detest]] WIKIPEDIA  [[cauterise]] IN [[perdition]] <SPLIT> [[poorly]] [[inject]] YOUBURN YOUR CORPSE AND YOUR MANFUCKING MOTHER I MURDER YOUR CHILDREN AND PRAY ON THEIR ORGANS I HATE WIKIPEDIA  BURN IN [[pit]] <SPLIT> ILL [[charge]] YOUBURN YOUR CORPSE AND YOUR MANFUCKING MOTHER I MURDER YOUR CHILDREN AND PRAY ON THEIR ORGANS I HATE WIKIPEDIA  BURN IN HELL <SPLIT> ILL SHOOT YOUBURN YOUR CORPSE AND YOUR MANFUCKING MOTHER I MURDER YOUR CHILDREN AND PRAY ON THEIR ORGANS I HATE WIKIPEDIA  BURN IN HELL <SPLIT> ILL SHOOT YOUBURN YOUR CORPSE AND YOUR MANFUCKING MOTHER I MURDER YOUR CHILDREN AND PRAY ON THEIR ORGANS I HATE WIKIPEDIA  BURN IN HELL <SPLIT> ILL SHOOT YOUBURN YOUR CORPSE AND YOUR MANFUCKING MOTHER I MURDER YOUR CHILDREN AND PRAY ON THEIR ORGANS I HATE WIKIPEDIA  BURN IN HELL <SPLIT> ILL SHOOT YOUBURN YOUR CORPSE AND YOUR MANFUCKING MOTHER I MURDER YOUR CHILDREN AND PRAY ON THEIR [[harmonium]] I HATE WIKIPEDIA  BURN IN HELL <SPLIT> ILL SHOOT YOUBURN YOUR CORPSE AND YOUR MANFUCKING MOTHER I MURDER YOUR CHILDREN AND PRAY ON THEIR ORGANS I HATE WIKIPEDIA  BURN IN HELL <SPLIT> ILL SHOOT YOUBURN YOUR CORPSE AND YOUR MANFUCKING MOTHER I MURDER YOUR CHILDREN AND PRAY ON THEIR ORGANS I HATE WIKIPEDIA  BURN IN HELL <SPLIT> ILL SHOOT YOUBURN YOUR CORPSE AND YOUR MANFUCKING MOTHER I MURDER YOUR CHILDREN AND PRAY ON THEIR ORGANS I HATE WIKIPEDIA  BURN IN HELL,1
[[put]] of the [[outside]] [[edition]] <SPLIT><SPLIT> The schema for [[order]] the [[outside]] [[mutant]] should be [[shit]] [[expressed]]  [[differently]] the listings should be alphabetical by continent then by country Froid,0
Cheater [[chew]]  <SPLIT><SPLIT> You [[mightiness]] be [[occupy]] in this TalkCheater plugName of this [[clause]],0
Sockpuppet  <SPLIT><SPLIT> Could you [[retard]] to see if  or  are sockpuppets of  or each other  Thanks,0
[[stead]] of [[nativity]]  <SPLIT><SPLIT> There [[look]] to be some [[dissension]] between the [[eubstance]] of the [[clause]] and the [[boxful]] on the [[shoes]] of [[nascence]] Anyone,0
WikipediaArticles for deletionDemonstration of [[high]] [[rate]]  <SPLIT><SPLIT> Since you [[earlier]] [[dog]] it with a [[stab]] [[ane]] [[remember]] youd [[similar]] to [[gong]] in at WikipediaArticles for deletionDemonstration of [[high]] [[rate]] This [[power]] be [[watch]] as crass canvassing on my [[persona]] and [[single]] [[say]] it actually is to some extent but Im [[worry]] in your [[intellection]] [[affect]] the nature and [[respect]] of the [[several]] [[informant]] being [[discourse]] [[too]] Im [[certain]] many would [[stop]] out that statistically [[wrench]] to you for [[redundant]] [[avail]] in [[drop]] an AfD towards [[cut]] is a [[pathetic]] [[reckon]]  [[full]],0
[[so]] that is [[lots]] more [[belike]],0
Reference in Flush The Scoop on Poop throughout the Ages  <SPLIT><SPLIT> Thanks for fixing that referenceI dont [[fuck]] how it slipped past me just carelessness I wish that the preview for individual sections would show you the References also I did however take the liberty of reversing last and first name for consistency with the other three references Thanks again for your sharp eye,0
FIB  <SPLIT><SPLIT> FIB Fucking Illinois Bastard isnt a racial slur but rather a regional one Should it be removed   <SPLIT><SPLIT> In Southern Cal the word became synomynous to mean a newcomer from another state like okie yankee and snowbird In other US states Californian moveins are refered to as greek lifers and prune pickers and share the same New York Liberal stereotype not everyone here is gay Jewish yuppies or movie stars FIB is another Midwest term not well known to most American linguists Its like some Iowans Kansans and Nebraskans call themselves in a comical way Hogs The term was supposedly to make fun of Midwesterners as fat or cornfed then the word changed to a sign of regional pride Imagine one says HeyIowa is a first prizeblue ribbon hog one way to fight back an insult and make it appear like so what its how we are prune picker,0
Id be happy to tell you what I think and in fact I already have on your talk page To quote your behaviour is unfuckingbelievable,0
yikes  <SPLIT> Im sorry its just so tempting to trash the argentine presidential couple If you [[fuck]] all the sht theyve pulled these past 5 years,0
I [[fuck]] BsZ that you may not be involved per se but statements such as these problematic editors have been trying to elevate their caste to Kshatriya or warrior <SPLIT><SPLIT>  may give an indication that you already believe that such editors problematic as you describe them are trying to elevate their caste to Kshatriya status This statement implies that you already believe these guys are not kshatriya Other thing that comes out staring is the belief that Kshatriyas are some super human and everyone wants to achieve it Can it be that all these guys are really trying to communicate It may be my interpretation but I leave such interpretations to Salvio as he is a lawyer by profession and as such he is in a much better state to understand implicit statements,0
Cockn blend of cock and chicken  ey egg,0
Damn you wrote CANDE Youse are the Mang    same person as 7478162229,0
More [[acknowledgment]] <SPLIT><SPLIT> I [[jibe]] with Anagrammarians [[command]] above but also [[mean]] that the article [[nation]] many [[mind]] that [[power]] be someones [[judgment]] on how [[nonparallel]] killers are or are not abused  However without citations it seems these could simply be myths about [[fuck]] wetting and [[step]]  Im not a psychologist so [[1]] am not totally [[comrade]] with these claims though [[ane]] have [[listen]] teachers [[aver]] it is not really accurate  Changing this [[department]] or [[sum]] citations would help this [[clause]] <SPLIT><SPLIT>  946 20 Jan 2006,0
[[dozen]] [[Dec]] 2010 UTC <SPLIT>  The problem is that youre [[face]] for the [[awry]] [[matter]] Wikipedia is an [[cyclopedia]] not a scientific journal If you [[deprivation]] scientific [[data]] about a [[subjugate]] youll have to [[smell]] elsewhere   0628,0
UTC <SPLIT><SPLIT> [[stupefied]]  is a ligature of sz <SPLIT>   1938 16 June 2011,1
CategoryMayors of Warren [[stops]] <SPLIT><SPLIT> CategoryMayors of Warren [[MI]] which you [[make]] has been [[constitute]] for possible [[excision]] [[fuse]] or [[rename]] If you would [[ilk]] to participate in the [[word]] you are [[bid]] to [[tot]] your [[scuttlebutt]] at the [[family]] [[unveiling]] on the [[family]] for [[treatment]] [[paginate]] Thank you  is the [[ill]] department [[rattling]] on,0
[[voluntary]]  <SPLIT><SPLIT> Whny the [[frighten]] [[cite]] on the [[IA]] [[DoS]] Penitentiary [[offer]] for [[scummy]] [[work]],0
Hey Cluebot Put your shoes on your knees and open wide you poo pusher twat,0
FUCK YOU BITCH FUCK YOU BITCH FUCK YOU BITCH FUCK YOU BITCH FUCK YOU BITCH FUCK YOU BITCH FUCK YOU BITCH FUCK YOU BITCH FUCK YOU BITCH FUCK YOU BITCH FUCK YOU BITCH FUCK YOU BITCH FUCK YOU BITCH FUCK YOU BITCH FUCK YOU BITCH FUCK YOU [[beef]] FUCK YOU [[beef]] FUCK YOU [[beef]] FUCK YOU BITCH FUCK YOU BITCH FUCK YOU BITCH FUCK YOU BITCH FUCK YOU BITCH FUCK YOU BITCH FUCK YOU BITCH FUCK YOU BITCH FUCK YOU BITCH FUCK YOU BITCH FUCK YOU BITCH FUCK YOU BITCH FUCK YOU BITCH FUCK YOU BITCH FUCK YOU BITCH FUCK YOU BITCH FUCK YOU BITCH FUCK YOU BITCH FUCK YOU BITCH FUCK YOU BITCH FUCK YOU BITCH FUCK YOU BITCH FUCK YOU BITCH FUCK YOU BITCH FUCK YOU BITCH FUCK YOU BITCH FUCK YOU BITCH FUCK YOU BITCH FUCK YOU BITCH FUCK YOU BITCH FUCK YOU BITCH FUCK YOU BITCH FUCK YOU BITCH FUCK YOU BITCH FUCK YOU BITCH FUCK YOU BITCH FUCK YOU BITCH FUCK YOU BITCH FUCK YOU BITCH FUCK YOU BITCH FUCK YOU BITCH FUCK YOU BITCH FUCK YOU BITCH FUCK YOU BITCH FUCK YOU BITCH FUCK YOU BITCH FUCK YOU BITCH FUCK YOU BITCH FUCK YOU BITCH FUCK YOU BITCH FUCK YOU BITCH FUCK YOU BITCH FUCK YOU BITCH FUCK YOU BITCH FUCK YOU BITCH FUCK YOU BITCH FUCK YOU BITCH FUCK YOU BITCH FUCK YOU BITCH FUCK YOU BITCH FUCK YOU BITCH FUCK YOU BITCH FUCK YOU BITCH FUCK YOU BITCH FUCK YOU BITCH FUCK YOU [[beef]] FUCK YOU BITCH FUCK YOU BITCH FUCK YOU BITCH FUCK YOU BITCH FUCK YOU BITCH FUCK YOU BITCH FUCK YOU BITCH FUCK YOU BITCH FUCK YOU BITCH FUCK YOU BITCH FUCK YOU BITCH FUCK YOU BITCH FUCK YOU BITCH FUCK YOU BITCH FUCK YOU BITCH FUCK YOU BITCH FUCK YOU BITCH FUCK YOU BITCH FUCK YOU BITCH FUCK YOU BITCH FUCK YOU BITCH FUCK YOU BITCH FUCK YOU BITCH FUCK YOU BITCH FUCK YOU BITCH FUCK YOU BITCH vFUCK YOU BITCH FUCK YOU BITCH FUCK YOU BITCH FUCK YOU BITCH FUCK YOU BITCH FUCK YOU BITCH FUCK YOU BITCH FUCK YOU BITCH FUCK YOU BITCH FUCK YOU BITCH FUCK YOU BITCH FUCK YOU BITCH FUCK YOU BITCH FUCK YOU BITCH FUCK YOU BITCH FUCK YOU BITCH FUCK YOU BITCH FUCK YOU BITCH FUCK YOU BITCH FUCK YOU BITCH FUCK YOU BITCH FUCK YOU BITCH FUCK YOU BITCH FUCK YOU BITCH FUCK YOU BITCH FUCK YOU BITCH FUCK YOU BITCH FUCK YOU BITCH FUCK YOU BITCH FUCK YOU BITCH FUCK YOU BITCH FUCK YOU BITCH FUCK YOU BITCH FUCK YOU BITCH FUCK YOU BITCH FUCK YOU BITCH FUCK YOU BITCH FUCK YOU BITCH FUCK YOU BITCH FUCK YOU BITCH FUCK YOU BITCH FUCK YOU BITCH FUCK YOU BITCH FUCK YOU BITCH FUCK YOU BITCH FUCK YOU BITCH FUCK YOU BITCH FUCK YOU BITCH FUCK YOU BITCH FUCK YOU BITCH FUCK YOU BITCH FUCK YOU BITCH FUCK YOU BITCH FUCK YOU BITCH FUCK YOU BITCH FUCK YOU BITCH FUCK YOU BITCH FUCK YOU BITCH FUCK YOU [[grouse]] FUCK YOU BITCH FUCK YOU BITCH FUCK YOU BITCH FUCK YOU BITCH FUCK YOU BITCH FUCK YOU BITCH FUCK YOU BITCH FUCK YOU BITCH FUCK YOU BITCH FUCK YOU BITCH FUCK YOU BITCH FUCK YOU BITCH FUCK YOU BITCH FUCK YOU BITCH FUCK YOU BITCH FUCK YOU BITCH FUCK YOU BITCH FUCK YOU BITCH FUCK YOU BITCH FUCK YOU BITCH FUCK YOU BITCH FUCK YOU BITCH FUCK YOU BITCH FUCK YOU BITCH FUCK YOU BITCH FUCK YOU BITCH FUCK YOU BITCH FUCK YOU BITCH FUCK YOU BITCH FUCK YOU BITCH FUCK YOU BITCH FUCK YOU BITCH FUCK YOU BITCH FUCK YOU BITCH FUCK YOU BITCH FUCK YOU BITCH FUCK YOU BITCH FUCK YOU BITCH FUCK YOU BITCH FUCK YOU BITCH FUCK YOU BITCH FUCK YOU BITCH FUCK YOU BITCH FUCK YOU BITCH FUCK YOU BITCH FUCK YOU BITCH FUCK YOU BITCH FUCK YOU BITCH FUCK YOU BITCH FUCK YOU BITCH FUCK YOU BITCH FUCK YOU BITCH vFUCK YOU BITCH FUCK YOU BITCH FUCK YOU BITCH FUCK YOU BITCH FUCK YOU BITCH FUCK YOU BITCH FUCK YOU BITCH FUCK YOU BITCH FUCK YOU BITCH FUCK YOU BITCH FUCK YOU BITCH FUCK YOU BITCH FUCK YOU BITCH FUCK YOU BITCH FUCK YOU BITCH FUCK YOU BITCH FUCK YOU BITCH FUCK YOU BITCH FUCK YOU BITCH FUCK YOU BITCH FUCK YOU BITCH FUCK YOU BITCH FUCK YOU BITCH FUCK YOU BITCH FUCK YOU BITCH FUCK YOU BITCH FUCK YOU BITCH FUCK YOU BITCH FUCK YOU BITCH FUCK YOU BITCH FUCK YOU BITCH FUCK YOU BITCH FUCK YOU BITCH FUCK YOU BITCH FUCK YOU BITCH FUCK YOU BITCH FUCK YOU BITCH FUCK YOU BITCH FUCK YOU BITCH FUCK YOU BITCH FUCK YOU BITCH FUCK YOU BITCH FUCK YOU BITCH FUCK YOU BITCH FUCK YOU BITCH FUCK YOU BITCH FUCK YOU BITCH FUCK YOU BITCH FUCK YOU BITCH FUCK YOU BITCH FUCK YOU BITCH FUCK YOU BITCH FUCK YOU BITCH FUCK YOU BITCH FUCK YOU BITCH FUCK YOU BITCH FUCK YOU BITCH FUCK YOU BITCH FUCK YOU BITCH FUCK YOU BITCH FUCK YOU BITCH FUCK YOU BITCH FUCK YOU BITCH FUCK YOU BITCH FUCK YOU BITCH FUCK YOU BITCH FUCK YOU BITCH FUCK YOU BITCH FUCK YOU BITCH FUCK YOU BITCH FUCK YOU BITCH FUCK YOU BITCH FUCK YOU BITCH FUCK YOU BITCH FUCK YOU BITCH FUCK YOU BITCH FUCK YOU BITCH FUCK YOU BITCH FUCK YOU BITCH FUCK YOU BITCH FUCK YOU BITCH FUCK YOU BITCH FUCK YOU BITCH FUCK YOU BITCH FUCK YOU BITCH FUCK YOU BITCH FUCK YOU BITCH FUCK YOU BITCH FUCK YOU BITCH FUCK YOU BITCH FUCK YOU BITCH FUCK YOU BITCH FUCK YOU BITCH FUCK YOU BITCH FUCK YOU BITCH FUCK YOU BITCH FUCK YOU BITCH FUCK YOU BITCH FUCK YOU BITCH FUCK YOU BITCH FUCK YOU BITCH FUCK YOU BITCH FUCK YOU BITCH FUCK YOU BITCH FUCK YOU BITCH FUCK YOU BITCH FUCK YOU BITCH FUCK YOU BITCH FUCK YOU BITCH FUCK YOU BITCH FUCK YOU BITCH vFUCK YOU BITCH F,1
I Hope You [[volition]] [[kibosh]] [[meddlesome]] Brian [[inch]] a [[champaign]] of Which You [[ingest]] No [[noesis]],0
I was thinking along the same [[pedigree]] People just came and [[shit]] it way longer Im not saying my edit was the best or anything but it was the shortest then it suddenly turned into an essay again,0
[[answer]] to 19902006 <SPLIT><SPLIT> [[pen]] [[inside]] the same article of [[Negro]] no [[long]] a [[bulk]] <SPLIT><SPLIT> There [[Negro]] [[calculate]] for [[six]] in [[decade]] residents [[just]] THOSE [[stomach]] [[inch]] THE [[connect]] [[submit]] [[shit]] UP BARELY HALF OF [[whole]] RESIDENTS Since 2000 the proportion of whites [[live]] there has more than [[duplicate]] to more than [[I]] in [[decade]] residents  the [[high]] since the 1940s THE [[Latino]] [[universe]] WHICH [[be]] [[digest]] [[inch]] [[E]] HARLEM [[live]] NOW AT AN ALLTIME HIGH [[inch]] [[primal]] HARLEM UP 27 PERCENT SINCE 2000 <SPLIT><SPLIT> Again [[inside]] the same [[clause]]  <SPLIT><SPLIT> [[most]] [[XV]] percent of Harlems [[shameful]] population is foreignborn mostly from the Caribbean WITH A [[get]] [[come]] FROM AFRICA <SPLIT><SPLIT> [[likewise]] [[inside]] the [[clause]] <SPLIT><SPLIT> [[around]] [[expert]] [[tell]] the [[reject]] in the [[smutty]] [[universe]] [[whitethorn]] be [[exaggerate]] because [[wretched]] people are typically undercounted by the census and Harlem has a [[disproportional]] [[bit]] of [[pathetic]] [[multitude]] <SPLIT><SPLIT> Other [[psychoanalyst]] [[manoeuver]] to the [[outpouring]] of some [[Negro]] and the influx of others as [[cocksure]] [[tell]] that barriers to integration have fallen in other [[neighborhood]] and that Harlem has [[go]] a more attractive [[commit]] to [[hot]]  <SPLIT><SPLIT> Its a [[err]] to [[control]] this only as a [[tarradiddle]] of racial [[alter]] [[aforesaid]] Scott [[thou]] Stringer the Manhattan borough [[prexy]] Whats [[worry]] is that many AfricanAmericans are [[exist]] in Harlem by [[prime]] not [[necessary]] <SPLIT><SPLIT> Andrew A Beveridge a sociologist at [[faggot]] College [[aforementioned]] Harlem has become as it was in the [[other]] [[thirties]]  a [[preponderantly]] [[shameful]] neighborhood but with other [[aggroup]] [[go]] there as [[fountainhead]],0
Nonneutrak  <SPLIT><SPLIT> [[IT]] [[head]] to a [[hit]] in [[grocery]] [[parcel]] for Japanese and Korean [[maker]] at the expense of American [[automobile]] [[Godhead]] with only [[crossing]] not [[shoot]] a [[pregnant]] [[smasher]] <SPLIT> How does the [[informant]] [[fix]] that cash for clunkers [[alter]] [[commercialise]] [[apportion]] since [[mart]] [[apportion]] for the [[U]] [[carmaker]] was already [[squinch]]  [[look]] [[ilk]] this is [[blackball]] [[verbiage]] [[quite]] than something which [[really]] [[bechance]],0
FK Kandava  <SPLIT><SPLIT> Marcius you [[shit]] a serious mistake with the article on FK Kandava <SPLIT><SPLIT> you forgot to say what sport they play Please fix this,0
[[traitorously]] information was removed from the Mimi Lockhardt page and reverts were [[shit]] to an incident of vandalism  Adding false information  That was done by   There is an MOS for Soaps youve been encouraged to read it before maybe you should now  There is a [[yoke]] on my user [[paginate]],0
wwwARoland Anderson Jr  <SPLIT><SPLIT>  <SPLIT> ARoland Anderson Jr is a Liberian Footballer Administrator an [[preach]] for [[young]] in his [[W]] African [[land]] Liberia <SPLIT> [[helium]] [[do]] his [[mob]] [[existent]] [[land]] and the [[low]] funeral [[internal]] in Liberia [[scream]] ABAnderson funeral [[dwelling]] <SPLIT><SPLIT> Anderson as he [[cry]] my football [[follower]] in his [[place]] [[down]] [[bulge]] his footballing while in [[place]] [[schoolhouse]] at Lott Carey Baptist Mission [[place]] in Brewerville at [[cured]] 9nine [[presently]] he [[calefacient]] up [[calling]] with CRUSA F [[blow]] after [[orgasm]] [[rachis]] from tryout in the [[eye]] of Liberia [[Fed]] AssociationLFA [[forget]] him out of [[get]] for the rest of the [[temper]],0
Exactly what do you want to [[fuck]] Do you want to know that how I created my userpage,0
Yes and also somewhat sobering that people apparently listen to this ignorant racist blowhard,0
It has been [[semitrailer]] [[protect]] for [[ane]] month,0
WikipediaWhat Wikipedia is not,0
Not a problem Im glad to [[watch]] youre not [[violate]] by the [[head]] that Ive [[erect]] there,0
Televisions are a [[lucid]] [[ware]] category previous [[paginate]] where is was connected with SoundBar was not a grouping that would [[shit]] [[sentiency]] to the [[referee]]  <SPLIT> At the moment there is only one product but when Bose [[unfreeze]] other TV [[exemplar]] in [[next]] they can be added here  <SPLIT> I have not tried to [[shit]] it into a [[butt]] [[paginate]] [[ane]] have [[prune]] it to include only notable content and I have [[castrate]] previously [[tedious]] explanations of technologies <SPLIT> WP policy prefers editors to actually [[shit]] changes rather than just [[dog]] This is what [[single]] am doing,0
Your [[vary]] to the GDP [[ranking]] in the [[Britain]] [[clause]]  <SPLIT><SPLIT> You have [[ternary]] [[meter]] now [[shift]] the changed the [[higher-ranking]] of the GDP of the [[Britain]] in the infobox without [[cater]] a [[honest]] [[germ]] for the [[vary]] and [[likewise]] without also [[change]] the [[represent]] [[entropy]] in the [[result]] paragraph [[ahead]] to [[confounding]] [[entropy]] You have [[too]] not been [[cater]] an [[cut]] [[compendious]] for your [[alter]] while not [[demand]] this is a courtesy that [[shit]] it [[sluttish]] for other editors to [[sympathise]] the [[cause]] for your [[deepen]] <SPLIT><SPLIT> [[delight]] [[semen]] to the article [[give-and-take]] [[paginate]] to [[utter]] about the changes to the [[ranking]] Thank you,0
Maybe it doesnt [[shit]] sense as a group [[trammel]] together only by being about the [[hautboy]] Perhaps some of these items might [[shit]] more [[gumption]] in different sections of the article Unless theyre duplicates in which case the only [[face]] it would be acceptable to just delete them from that section,0
[[shit]]  <SPLIT><SPLIT> This article is a turd You should leave complex subjects to professional writers,0
Nickname the [[diddley]]  <SPLIT><SPLIT> Im sorry but how is there nickname The ShitNo offence but how edit thisPlease find the real name,1
So basically Im just pointing out the VERY OBVIOUS CONNECTION between the French verb chanter meaning to sing and the English noun Chantey <SPLIT><SPLIT> PS Just for those of you who dont [[fuck]] this we dont have any sh in French Our ch makes the same sound as your sh does,0
Ive [[shit]] some fairly extensive changes to the Coatbridge page The most obvious are the page has been rejigged to look a bit better and the addition of a stack of stuff on the irish community in Coatbrige There still seems to be a lot of gaps with in actual fact very little on history other than the steelmill and irish stuff There seems nothing much on music in Coatbridge  there must surely have been a couple of bands out of Coatbridge I must ask the folks Page could do with osme really good photos  Jay Hoolihan,0
Whats the problem with the nomination is now,0
Thank you for your [[supporter]] in [[save]] [[father]] Lane Santa CruzhttpsenwikipediaorgwikiDonLane28SantaCruz29 [[honorable]] and as [[negotiate]] on October 15 2014  They have [[total]] this [[doom]]  The [[come]] paragraph was [[spell]] by a political [[resister]] of Lane who has decided to [[consume]] up 25 percent of Lanes [[life]] with his obsession with a [[nipper]] [[result]] from more than 25 [[class]] ago that is not accurately [[name]] The [[address]] [[name]] do not actually [[swear]] all of the [[capacity]] of this paragraph  which is [[manifestly]] untrue  [[unity]] am not the political opponent they are [[name]] to though [[single]] do [[fight]] many of Lanes policies and [[determination]]  [[1]] have [[supply]] this after the above [[tuck]] [[doom]]  The [[premature]] [[condemn]] is not [[rightful]] as [[prove]] by the [[comply]] [[contact]] and [[send]] [[cite]] <SPLIT><SPLIT> Its [[queer]] how Don Lane and his [[squad]] are so [[perturbation]] about this [[instalment]] that they [[consist]] about it  Its [[besides]] [[queer]] that [[wear]] Lane [[touch]] to it in a [[facetiously]] [[arch]] manner in a [[late]] [[bollocks]] [[nibble]] about him in a local [[wallpaper]]  httpwwwgtweeklycomindexphpsantacruznewssantacruzlocalnews6203onhistermshtml <SPLIT><SPLIT> Again thanks for your [[supporter]] and [[industriousness]] on this [[paginate]]  [[rent]] [[dungeon]] it up,0
[[credit]] to [[generation]] 6 [[lessen]] [[Angel]]  <SPLIT> The [[terminus]] [[boy]] of [[idol]] is [[normally]] [[render]] as [[God]] [[Angel]]  Note [[yet]] that the [[parole]] angel is not specifically [[employ]] here in [[generation]] 6  The [[terminus]] [[Son]] of [[idol]] could very [[swell]] [[touch]] to Seths [[blood]] as [[pit]] to Cains Cain had been [[sick]] from Gods [[bearing]] in [[generation]] [[four]]   <SPLIT><SPLIT> [[delight]] [[reckon]] the [[be]] [[passageway]] <SPLIT><SPLIT>  [[generation]] [[four]]  <SPLIT><SPLIT>  <SPLIT><SPLIT>  <SPLIT><SPLIT> Note Lamechs [[command]]  God [[limit]] himself as Cains [[guardian]]  Lamech [[yet]] [[shoot]] [[thing]] upon himself  This may have been [[congressman]] of the [[breathe]] of Cains [[blood]]   <SPLIT><SPLIT>  <SPLIT><SPLIT> [[generation]] 5632 [[lean]] the [[blood]] of Seth which unlike that of Cain [[silence]] [[live]] in Gods [[front]]  The [[score]] of Seths [[blood]] [[stop]] with Noah <SPLIT><SPLIT> The depravity that [[fire]] the [[reply]] in [[generation]] 6 <SPLIT><SPLIT>  <SPLIT><SPLIT> was probably due to the [[scatter]] of disobedience from Cains [[blood]] to Seths <SPLIT><SPLIT> [[inch]] this [[circumstance]] the [[calculate]] of the sons of God and the [[girl]] of [[homo]] has [[piddling]] to do with [[unknown]] [[pulp]],0
[[illumination]] [[swallow]],0
yes it doesthis is cheyenne harrington,0
[[airt]] TalkFort St Louis [[embrasure]] La [[go]] Nova Scotia,0
at Gaza [[warfare]] [[resist]] in San Franciscojpg,0
What was disruptive was Grsz11 knee jerk reaction to Rv me when he [[fuck]] God damn well that there were BLP violations in the article Everything it the controversy section was going to be reincorporated if it could be The whole section was nuked as a staring point not as an end,0
These [[changeling]] will never understand,1
Oh and youre more then welcome to [[tot]] me as a [[ally]]  And thanks for the RfA [[colligate]] [[scuttlebutt]] D  [[phosphorus]],0
Thanks for the headsup Ive [[stymie]] the sock and [[delete]] the article It was [[incisively]] the same as the [[antecedently]] [[cancel]] [[rendering]] so Id [[hazard]] it should [[dispose]] both under G4 and G5,0
Delighted with the promotion I hope that you will enjoy your [[die]] and [[cum]] back refreshed for the autumn Ive not forgotten my pledge to help with the RCC article that will be a challenge to relish,0
iw  <SPLIT><SPLIT> can [[person]] [[delight]] [[tot]] [[yoke]] to hrwiki hrSuicide [[muteness]] tnx,0
I have no idea what youre [[flush]] [[postulate]] here  No Ive never seen that  Your [[scuttlebutt]] Look you [[power]] be a [[bonk]] of him is completely [[baseless]] and [[insufferable]]  Dont start [[charge]] people of being socks without any [[intellect]],0
You were [[notify]] of the [[meander]] [[deuce]] [[years]] ago but [[take]] not to [[answer]]  Your [[doings]] continued you were [[kibosh]] and the [[draw]] [[shut]]  Why should you be [[unfreeze]] to [[plight]] now,0
Sockpuppet of Nomdeplume6000,0
Oh fucking come on do you expect it NOT to be Islamic terrorism They made them fucking old up AlNusras flag I know your agenda,0
[[quick]] [[cut]] of Neil dempsey <SPLIT>  [[amp]] [[dog]] has been [[commit]] on Neil dempsey [[request]] that it be [[apace]] [[cancel]] from Wikipedia per CSD a7  <SPLIT><SPLIT> [[below]] the [[criterion]] for [[quick]] [[omission]] [[clause]] that do not [[suffer]] [[staple]] Wikipedia [[criterion]] may be [[cancel]] at any [[meter]] [[delight]] [[witness]] the guidelines for what is [[mostly]] [[swallow]] as an [[seize]] article and if you can [[bespeak]] why the [[capable]] of this article is [[conquer]] you [[whitethorn]] contest the tagging To do this [[bring]]  on the [[pass]] of the [[clause]] and leave a [[bill]] on the [[clause]] [[mouth]] page [[excuse]] your [[pose]] [[delight]] do not [[murder]] the [[quick]] [[cut]] [[rag]] yourself but dont [[waffle]] to [[tot]] [[entropy]] to the [[clause]] that would [[support]] its [[matter]] notability under the guidelines  <SPLIT><SPLIT> If you [[mean]] that this [[note]] was [[commit]] here in [[fault]] you [[whitethorn]] [[repugn]] the [[excision]] To do this [[bring]]  on the [[teetotum]] of the [[paginate]] just below the [[existent]] [[quick]] [[excision]] or db [[dog]] and leave a [[bill]] on the [[Page]] [[mouth]] [[foliate]] [[excuse]] your [[lay]] Please do not [[murder]] the [[quick]] [[excision]] [[dog]] yourself,0
BackwardBackwards  <SPLIT><SPLIT> [[inch]] this [[blue-pencil]] you [[enounce]] that [[back]] is an adverb which is [[rightful]]  [[only]] compatible is an [[adjectival]] so isnt an adverb [[incisively]] what is [[cry]] for  [[esteem]],0
[[trusted]] but Im [[meddlesome]] [[mighty]] now [[look]] by the [[death]] of the next [[ten]],0
Fjodor Abramowitsch Blinow,0
Glkanter if you are [[die]] to pull out of the discussion every time you think you may be forced to reconsider your opinion there is no point discussing things  You brought up the hustler scenario to prove a point  I am trying to convince you that it does not prove the point you think it does <SPLIT><SPLIT> To clarify I do not care when the hustler places the pea so long at is in secret  In your discussion above you are talking about game theory how you should react to what you think is the hustlers plan  As far as I [[fuck]] neither of us wish to talk about that subject  The question is this  you [[asseverate]] that the probability that the probability the pea will be under your lucky number is 13  You are now sending your friends to play  You are not giving them advice on how to play each friend will you assume use his own lucky number  You are just telling them whether the game is fair with 21 odds  What do you say,0
[[view]] new [[message]]  <SPLIT><SPLIT> Page is [[dumbfound]] a [[piddling]] [[ungainly]] and not about to [[dumbfound]] any [[little]] so Ive archived I certainly dont [[deprivation]] to chop off any active discussions  [[still]] if all youre [[poster]] here to do is to try and confirm a [[flick]] you [[bump]] on the Internet [[shoot]] it elsewhere If its an obvious [[bullshit]] its [[die]] to be deleted If youre [[bill]] speculation about [[murder]] characters its [[die]] to be [[cancel]] There is a [[pile]] of legitimate information out there and a [[pile]] of [[bullshit]] [[englut]] [[delight]] try to be discerning when [[land]] it up for article inclusion [[circumstance]] Thank you    <SPLIT><SPLIT> Characters officially confirmed according to Wikipedias policies <SPLIT> Note since Super Smash Bros Brawl is now [[discharge]] in Japan footage from the game can be [[victimized]] as a citation and as such this [[item]] [[heel]] is irrelevant   <SPLIT><SPLIT> Lucario Falco ROB Luigi Mr [[lame]]  Watch Captain Falcon  Computer and Video Games <SPLIT><SPLIT> Marth Ness  IGN  Official Intro Video <SPLIT><SPLIT> Please update this list with links to Wikipidiaverificationapproved websites  The only characters that have not yet been confirmed by an official publication but have been confirmed by pictures are Ganondorf and WW LINK so be on the lookout for these articles   <SPLIT> Ive already done Marths but given as I dont spend too much time looking through [[crippled]] sites is CVG truly a reliable source     <SPLIT> Well wait till these sources are reliable  IGN is definitely reliable  But the other source does not appear to be so    <SPLIT> Id [[clench]] off on Bomberman Ive been reading that its a [[bullshit]] [[fool]] Equally unverifiable but futher confirmation should be required seeing as hes not mentioned by other sources be they legitimate for Wikipeida or not    <SPLIT> Computer and Video Games is backed by 2627 years of experience However since exceptional claims require exceptional sources you can wait until more sites pick that information up as well     <SPLIT> Ah alright Thankee Rey     <SPLIT><SPLIT> Plus who says a reliable website cant [[shit]] a mistake    <SPLIT> Updated the list  It now [[smell]] somewhat bleak   <SPLIT> why cant we add CFalcon or Luigi  <SPLIT> Until theyre confirmed by a notable [[falsifiable]] publication we [[argot]] say that theyve been confirmed by Wikipedias policies Although Im convinced by the [[fancy]] it [[croak]] against Wikipedia policy to solely use anonymously uploaded pictures of an unreleased [[lame]] as a source This list is for characters confirmed by official reliable sources   <SPLIT><SPLIT> Readded this to active discussion to clarify where weve [[dumbfound]] so far regarding acceptable content for citations and characters that can be confirmed If this is deemed unnecessary than you may revert   <SPLIT> Added Ness to characters shown in IGN intro video I forgot he [[shit]] an appearance   <SPLIT> Oobug thank you for restoring this topic  I never meant to throw the baby out with the bathwater   2148 29 Januar,0
why did you remove my editing  <SPLIT> hello tomstar i would just like to [[fuck]] WHY DID YOU REVERT MY EDITING  <SPLIT> if you bothered to look all of the facts were researched and proven I my self have experienced an infected person so if you would like to stop being annoying please leave the article the way it is unless you can prove that the information is false by reading the works refered to you self <SPLIT> yours sincerly apocmonk,0
Mwhahaha  <SPLIT><SPLIT> you are a [[love]] basted just go leave Wikipedia Now,1
[[bunch]] of little dishes of fermented things are very Korean see our article on banchan  I hope you [[assay]] all of them,0
[[abduce]] [[Word]]  lastGiroux  firstHenry A  year2006  chapterPrivate Satisfactions and [[populace]] [[perturb]] [[scrap]] Club [[patriarchate]] and the [[government]] of Masculine [[fury]]  editor1lastWeaver  editor1firstC Kay  editor2lastCarter  editor2firstCynthia  titleCritical [[version]] [[force]] and the Media  seriesIssues in Cultural and Media [[report]]  publisherOpen University [[adjure]]  isbn9780335218066,0
Its all [[chastise]]  Mainland [[EC]] has few [[immediate]] [[woods]] [[orbit]] [[leave]] that are [[boastfully]] [[plenty]] to [[appearance]]  Scandinavia is [[shew]] as mostly forested [[honest]] with as you [[fountainhead]] [[nor'-west]] toward the [[sea]] [[showtime]] a [[funnies]] of mostly [[browse]] [[down]] and then a [[funnies]] of tundrabogs  You are correctthat [[death]] [[class]] was [[neglect]] from the [[subtitle]] just [[total]] it [[rachis]] in,0
I disagree that [[bill]] is [[slump]] It should be [[heel]] as an [[placement]] [[croak]] to the irsgov website and [[hunt]] for [[anger]] everything that [[semen]] up [[limit]] it as an [[soul]] [[retreat]] [[placement]]  [[fancy]] [[matter]] 451 which [[posit]] copypasteTopic 451  [[somebody]] [[retreat]] [[system]] [[wrath]]  An [[soul]] [[retreat]] [[placement]] or [[anger]] is a personal [[delivery]] [[project]] which [[admit]] you to [[sic]] [[away]] money for [[retreat]] while [[volunteer]] you tax [[reward]] You [[whitethorn]] be able to [[recoup]] some or all of your [[part]] to your [[wrath]] [[total]] in your [[wrath]] including [[pay]] [[loosely]] are not taxed until [[disperse]] to you [[ire]] cannot be [[own]] jointly [[withal]] any [[measure]] [[rest]] in your [[wrath]] upon your [[dying]] can be [[pay]] to your beneficiary or [[donee]],0
[[hunky-dory]] Thanks  Ive [[dress]] so WikipediaArticles for deletionNAIL [[dispersion]],0
What is all this about the [[eighth]] [[butt]] being so [[especial]] is it someones bithday,0
[[yoke]] some [[damage]] for [[sluttish]] [[accession]] equivariant [[function]] [[master]] homogeneous [[blank]] group [[theatrical]] <SPLIT> The [[damage]] [[power]] compactly [[say]] you what you are [[pertain]] to Sawomir but they are [[shit]] my [[brain]] [[whirl]] [[ane]] have [[late]] [[suit]] a [[trivial]] [[associate]] with a geometry defined in [[damage]] of a group [[sue]] on a [[do]] Kleins Erlangen [[platform]] but am not [[trusted]] that this [[eve]] [[refer]] to what you are [[peach]] about I am most [[companion]] with tensors defined in [[damage]] of a vector [[place]] and its dual [[blank]] and this does can be [[set]] in the absence of a metric tensor Without further structure such a vector [[quad]] and hence the associated tensor algebra [[demo]] GLn [[proportion]] which [[stop]] all the Opq [[radical]] as [[subgroup]] but there is no [[rude]] [[agency]] to [[place]] any [[I]] of these without an [[assort]] quadratic [[constitute]] It [[look]] to me that there is no [[agency]] to [[bind]] any specific orthogonal [[radical]] to the [[universal]] nonmetric tensor [[construct]] though it is [[potential]] that Ive [[drop]] what you are [[very]] [[allege]],0
complete rewrite needed  <SPLIT><SPLIT> This whole article needs complete rewriting I can sympathize with the POV it tries to push forward but it is all but encyclopedic <SPLIT> I cant decide between tagging it POV completerewrite or inappropriate tone IMHO it is a combination of all three by now Im fair and I tag it POV let me [[fuck]] what do you think about <SPLIT> <SPLIT><SPLIT>  other discussion,0
[[countenance]] [[jibe]] to differ  [[ane]] [[discord]] whether you [[gibe]] to differ or not I [[cogitate]] a [[place]] such as this has a [[precedence]] [[duty]] to inform [[so]] Poppers [[rule]] is valid [[ace]] [[sure]] [[mean]] objectivity is necesssary but [[single]] [[cogitate]] this [[donation]] acheives that,0
What is the proposal here  Just that the article should be [[cock-a-hoop]]  Thats not helpful  That subarticles should be [[fuse]] in this [[ane]]  [[wherefore]]  What are we [[sterilize]]  Without specifics this [[give-and-take]] is [[wispy]] and [[wasted]],0
[[hypnotism]] for [[bring]] to the [[kill]] [[refinement]] [[part]] <SPLIT> In Minecraft [[I]] of the [[slop]] that appears on the main [[fare]] is [[naughty]] warrior [[fool]] the food [[ane]] [[remember]] this would [[shit]] a [[prissy]] addition perhaps with a [[tone]] adding that the [[squish]] is incorrect because the Warriors signature color is [[violent]] not [[naughty]],0
[[Hawai'i]] <SPLIT><SPLIT> i have a [[package]] [[colligate]] [[head]] i would [[prize]] your [[metre]] if you could [[netmail]] me as your email is not [[enable]] thanks,0
Ale 8  <SPLIT> [[bully]] [[wreak]] on the [[clause]]  [[but]] [[unrivalled]] [[head]] does Ale 8 not easily [[contend]] with [[blow]] and Pepsi in [[primal]] KY [[1]] was under the [[imprint]] that it did in [[commit]] [[ilk]] Sharpsburg [[t]] [[greatest]] Winchester [[Stabroek]] etc,0
my talk page  <SPLIT><SPLIT> please do not alter the comments people have made on my talk page even if they are idiots thank you,1
I [[tell]] [[whatsoever]] they [[holler]] him on in the series If they [[cry]] him robot [[will]] it as robot if its android then [[couch]] android [[merely]] if we [[take]] [[I]] over the other [[flush]] though the [[master]] [[condition]] is the [[ane]] being [[expend]] [[inside]] the series than that would be Original [[search]],0
Gharyan  <SPLIT><SPLIT> What is your [[persuasion]] on the [[world]] of this [[clause]] Personally [[ace]] [[cogitate]] it should be [[part]] [[fuse]] to the Nafusa [[clause]] [[ilk]] Wazzin,0
[[ane]] [[cogitate]] Ive [[bump]] the [[trouble]]  itll be a few for it to [[feast]] over the [[place]],0
What [[happen]] to that old ANI [[meander]] on BETA Its [[die]] and with his reinserting the info a second ago Im [[intelligent]] we [[pauperism]] to [[muckle]] with BETAs inability to [[lick]] with consensus,0
Ive shortened it though modifying the phrasing which should make it a bit funnier  I [[fuck]] this was actually tragic as it turned out but it was also quite funny,0
Hi Roger  <SPLIT> Im temporarily [[fagged]] at this point so [[sick]] have to [[shoot]] a rest before considering another [[cock-a-hoop]] revision It seems that the unilateral approximations are OK only in some cases so it might be hard to avoid some special cases Im OK with including the terminology reverse voltage gain I chose backward because the symbol B seemed a logical choice for backward where A is chosen for the forward gain  <SPLIT> I was unaware of SapWin [[sick]] [[shoot]] a [[face]],0
o [[yeah]]  <SPLIT><SPLIT> u can suk my penis suckme suckme suck my penis hahah you [[vernacular]] [[occlusive]] me haha you [[vernacular]] stopme haha u can suck my [[braggart]] black [[cock]] hahaha lik my [[damn]] [[alike]] my anle [[mess]] becaus eyou [[slang]] [[occlusive]] me you pinguin [[cocksucker]] [[feeder]],1
UTC <SPLIT><SPLIT> This is a [[shoddy]] [[head]] [[have]] by the [[master]] [[deceptive]] [[articulate]] in the [[clause]]  Nway [[conflate]] are 3way [[conflate]] with more than [[II]] [[differential]] <SPLIT><SPLIT>   1741 [[xxxi]] [[Dec]] 2012,0
Mashallaha NIce Profile Bro  <SPLIT><SPLIT> Dear Bro  <SPLIT><SPLIT> You [[dumbfound]] a nice profile If you need any of my help I am always available to help you with that very pleasure talking have a bless day a head <SPLIT><SPLIT> Best Regards,0
FileIglesia San Juan Kaneo Ohrid Macedonia 20140417 DD 19JPG to appear as POTD soon  <SPLIT> [[how-do-you-do]] This is a note to [[Lashkar-e-Tayyiba]] the editors of this article [[fuck]] that FileIglesia San Juan Kaneo Ohrid Macedonia 20140417 DD 19JPG will be appearing as picture of the day on December 25 2015 You can [[purview]] and [[cut]] the POTD blurb at TemplatePOTD20151225 If this [[clause]] [[pauperism]] any attention or maintenance it would be preferable if that could be [[cause]] before its appearance on the Main [[paginate]],0
Yeah I didnt [[fuck]] what to do with that as it was obviously vandalism  If you could please respond and tell me what the appropriate section to use was,0
Apparently a pissing contest developed over when to feature the Roy Orbison arty and it caught Raul in a foul humor so the experiment with democracy is ended for now Bit much of him to delete all the comments though So the wait continues And you better hope and pray theres intelligent life up in space cause its bugger all down here on Earth,1
and [[shit]] it either Stating went his gona play is fact that is usefully to keep track of wat going on DO NOT delete anymore information Also adding When When and when is just stupid it unpleasant to read and useless,0
[[flick]] Ferdinando [[east]] Carolina  <SPLIT><SPLIT> Maria [[Es]] Carolina is a [[flick]] on the [[moody]] [[immature]] [[tycoon]]  his Austrian [[put]] [[matrimony]]    Ian Ison,0
Dear [[fuckhead]]  <SPLIT><SPLIT> This is Jason Scott the director of the BBS Documentary Im sorry I wasnt notified of your stupid little decision about the BBS Documentary cover art The cover art is Creative Commons SA licensed and can certainly be used on the site Fair use also dictates it can be used but I am giving specific permission for it to be used People may reupload it and return it to my weblog entry,0
[[aspiration]] Street  <SPLIT><SPLIT> [[dreaming]] Street [[lover]] out there Here me now The [[I]] and only [[dreaming]] Street has [[die]] up Frankie Jonathan Galasso stared in A [[fib]] of Two Pizzas Gregory [[wiener]] Raposo [[loose]] an album of his own Christopher Ryan Trousdale stared in his own [[flick]] The [[cock-a-hoop]] FanJesse Anthony McCartney has been [[scorch]] all of these years relasing so many albums one after anotherand also stared in RPG Kingdom [[nerve]] 2 Than my most [[pet]] and [[emasculated]] Matthew Samual Ballinger joined a [[isthmus]] for a [[myopic]] time before leaving Dream Street forever The [[succus]] witch he [[serve]] [[sodding]],0
If its against the US or Jews its biased <SPLIT> English wiki [[dumbfound]] used to it <SPLIT><SPLIT> G,0
[[live]] just as [[bully]] to [[murder]] andor [[waste]] wellmeaning prochoice bias [[multitude]] who [[alter]] prolife to antiabortion while [[going]] prochoice as prochoice and so [[off]] It [[rattling]] shouldnt be all that difficult to [[spell]] a [[poise]] neutral [[clause]] on abortion if we can all [[negociate]] to [[dungeon]] our own personal [[luff]] of [[watch]] on a [[dead]] leash <SPLIT> [[sad]] Chihuahua for another canine metaphor Yip [[yelp]],0
It is worth [[fuck]] a little about copyright licences It is possible to log into Flickr and ask the photographer to change to licence to a Commons friendly licence,0
Not all [[Negro]] are African American,0
MD  <SPLIT><SPLIT> Hi I just [[shit]] another adjustment to the article in the Syle section which I expect to be noncontroversial but in a FA I guess one needs to be extra careful with even the most minor changes I was tempted to remove the entire sentence before it the one that describes brunette Camilla kissing blonde Camilla from the dream For one thing I dont see how this is an example of the Directors method of illusion like the way Mr Roques head was [[shit]] to look abnormally small or the way Carol the brunette singer appeared to be alone at first Another thing we never really find out what Melissa Georges characters name was in real life but we [[fuck]] it wasnt Camilla Rhodes that was just her name in the dream So even if that sentence is kept in I dont think Melissa Georges character should also be referred as Camilla Camilla leans over to kiss Camilla is not just confusing but also incorrect imho    <SPLIT> If we remove it then I think it could be substituted with something about the Club Silencio scene where Rebekah Del Rio appears to be singing but when she collapses we find out it was a tape the whole time IMO we are fooled not only because her performance is so powerful but because the director planted clues 1 We assume that because the magician has left that the magic act is over 2 Cookie or is that a different character played by the same actor comes out and introduces Rebekah Del Rio from a microphone that we find out later was just a prop 3 We also hear the singer tap on the microphone before she begins leading us to believe the sound we hear will be coming from her,0
lol btw i use sodium bicarbonate baking soda to clean tile with a bristle brush lolthe gay empire has sodium carbonate as bleach it dont do anything to tile yet its marketed as the chosen tile cleaner the idiots even went as far as not using sodium sulphate which is wall cleaner even that cleans tile floors  Bleach does nothing A tile base vacuum cleaner would be the most stupid idea in the world unless it had a bristle brush that went up and down forcefully between cracks  Preceding unsigned comment added by,1
Re [[fight]] of Interest  <SPLIT><SPLIT> [[how-do-you-do]] Peaceray <SPLIT> I wasnt sure how to respond to your [[substance]] so I hope I am doing this [[rightfulness]] You messaged me about my edits to the Greg Gianforte page I am his son so I understand your [[vexation]] and appreciate your message I was aware of my biases and tried to be careful with my [[blue-pencil]] My [[mother]] is a controversial [[compute]] so there was already some charged language and misinformation on the page I intentionally left in any [[entropy]] that [[sick]] my [[mother]] in a [[veto]] [[sluttish]] as long as it was true I merely [[reject]] untrue uncited statements eg that his [[byname]] is Baldy and added balancing information to certain topics For example the only previous information about his charitable foundation was a single gift to a creationist museum so I added general info about the foundations scope and aim of benefiting [[teaching]] protecting the vulnerable etc I did not remove the mention of the museum gift Im sure you will find that the article is more balanced and unbiased than before If there are specific edits that you are concerned about please let me [[fuck]] <SPLIT> Thank you for all your contributions to Wikipedia and your [[try]] to [[shit]] it a better place <SPLIT> adamwg333,0
POV [[job]]  <SPLIT><SPLIT> [[peradventure]] this article [[indigence]] a POV [[retard]] because it a seems very biased against the [[explicate]] [[Nation]] eg only examples of USfirst world electronics [[orgasm]] there Any statistics <SPLIT> [[Bel]] Seems very anti [[dump]] and [[blow]] is [[victimisation]] encyclopedicneutral style with numerous verbatim quotes IMHO  <SPLIT> All in all this [[scan]] more [[ilk]] a pamphlet than an article,0
Yes Ive been [[secernate]] there are many WPRBI,0
My [[paginate]]  <SPLIT><SPLIT> Im [[mouth]] about my self surely there is no crime in that <SPLIT><SPLIT> Do you [[jibe]] that my [[paginate]] should remain on wikipedia,0
Page [[make]]  <SPLIT><SPLIT> Alfa [[register]] Inc is the [[Old]] [[caller]] that was [[win]] by Alfa Music Inc  Would we [[deficiency]] a new page for that  Heres what Ive [[dumbfound]] for [[unlike]] entities <SPLIT><SPLIT> Alfa the [[trademark]] or [[judge]] that is in the infobox <SPLIT> Alfa [[register]] Inc the [[1st]] [[show]] commpany [[California]] 19771994 <SPLIT> Alfa Music Inc the [[s]] [[show]] [[party]] [[succeed]] the previous ca 1994 <SPLIT> Alfa [[register]] Ltd a [[issue]] [[caller]] that probably [[forgo]] the [[register]] [[troupe]] [[approximate]] by whats [[spell]] [[California]] 1969 <SPLIT><SPLIT> It [[appear]] [[corresponding]] a different [[clause]] would be too much  [[ane]] [[indicate]] we rename this [[paginate]] to just Alfa and [[pore]] on all the [[caller]] [[associate]] with that [[post]]  [[amp]] [[canonic]] [[doom]] in the [[head]] could easily [[account]] any difference and [[slay]] [[muddiness]]  [[whole]] of the other [[party]] [[cite]] [[admit]] Alfa [[register]] without the [[party]] suffix which isnt [[flush]] a [[existent]] [[matter]] as [[ALIR]] as I can [[order]] can be [[airt]] to the [[young]] Alfa [[pageboy]] <SPLIT><SPLIT> [[thought]],0
ENGVAR British [[side]] American [[side]] [[outside]] [[side]] no [[spec]] for [[side]]  <SPLIT><SPLIT>  <SPLIT> The [[speech]] [[variance]] [[victimized]] in this [[clause]] is a [[subject]] that [[look]] to have [[make]] tension between some editors in the past <SPLIT><SPLIT> This poll is [[only]] to investigate which demographic [[editor]] are [[lacking]] to [[spell]] this [[clause]] for <SPLIT><SPLIT> [[only]] [[bulk]] consensus  [[maiden]] past the [[send]] has been [[demand]] for before Its in the archives There are [[hush]] many who are not [[glad]] with the article [[head]] to [[periodic]] [[phone]] for [[alter]] and [[excess]] [[lick]] for [[editor]] Personally [[ace]] have no [[belief]] on the Variantdialect [[employ]] [[yet]] [[single]] do [[learn]] that it is a [[potential]] [[informant]] of ongoing [[tension]] <SPLIT><SPLIT> [[amp]] [[pregnant]] [[clock]] and [[sweat]] is [[couch]] into the [[word]] of language [[employ]] in this article Id [[alike]] to [[give]] to a [[decrease]] in this workload in a constructive [[manner]] [[sooner]] than have another [[driveway]] to [[destination]] these [[headache]] in the same [[room]] and to [[void]] [[make]] workload for [[masses]] [[away]] the ISS editors [[inauspicious]] [[loose]] a longterm poll <SPLIT><SPLIT> No timeframe is [[pay]] and no [[phone]] for [[alter]] is [[pay]] by myself or implied This is [[only]] to [[gain]] [[multitude]] [[taste]] and [[estimate]] It may [[assistant]] [[pass]] change [[posterior]] though if [[mortal]] [[deficiency]] to [[cry]] for [[convert]] [[ground]] on a [[hit]] or [[alter]] that [[pass]] to the [[run]] over the life of the article <SPLIT><SPLIT> You are [[receive]] to [[land]] a [[orientation]] for just [[1]] [[speech]] if you [[deprivation]] <SPLIT> You are [[receive]] to [[state]] you dont care if you [[deprivation]] to <SPLIT> You are [[bid]] to [[crying]] the dialectsvariants in [[edict]] 1st [[2d]] [[third]] etc of [[orientation]] if you [[lack]] <SPLIT> You are [[receive]] to [[crying]] more than [[I]] [[accent]] [[evenly]] for [[lesson]] you can [[nation]] a [[1st]] [[taste]] and [[2]] [[sec]] preferences if you [[lack]] <SPLIT><SPLIT> No [[quest]] for [[alter]] [[behaviour]] is [[apply]] or [[mean]] [[editor]] are [[receive]] to [[bring]] in any [[path]] they can [[careless]] of their [[speech]] [[ability]] There are [[muckle]] of editors [[will]] to [[attend]] with grammar punctuation and dialect without [[demand]] [[avail]] from the Wikipedia English embassy or is it this [[1]] httpmetawikimediaorgwikiWikimediaEmbassy these embassies are [[intentional]] amongst other [[affair]] to [[supporter]] [[masses]] [[bring]] to Wikipedia when they are otherwise [[ineffective]] to do so because of [[speech]] [[barrier]] Ive [[victimized]] them before <SPLIT><SPLIT> At some [[gunpoint]] when there are enough [[answer]] to [[warrantee]] [[sick]] [[jibe]] the [[leave]] [[apply]] the [[rate]] [[mate]] system which after a [[field]] of [[system]] that [[power]] [[hold]] [[ripe]] to a talkpagearticle which has [[hang]] into this [[site]] is the [[ripe]] [[ane]] can [[notice]] without [[ask]] the higherups for help Im [[sham]] here we can all be [[fledged]] enough to [[bump]] some [[vulgar]] [[fag]] ourselves <SPLIT><SPLIT> [[grade]] [[copulate]] is a [[vote]] system that [[take]] a [[I]] [[victor]] [[exploitation]] [[vote]] that may or may not [[expressage]] [[penchant]] When a voter does not give a full list of preferences they are assumed for the purpose of the count to prefer the language they have ranked over all other languages <SPLIT> Other voting systems that take into account preferences like two round and Exhaustive ballot wouldnt take into account the views of people who have been so upset that they have expressed their discontent and left without returning Ranked pairs allows these strong views to be weighed fairly in a poll <SPLIT> The firstpastthepost system may discourage some people from expressing their sincere views Id prefer people express themselves freely <SPLIT><SPLIT> Now and then Ill tally the results again if someone asks or there have been a good few more If I leave in a few years someone else is welcome to do so <SPLIT><SPLIT> If this problem is alleviated by the creation of separate Wikipedias for ENGB and ENAmerican and ENINT Wikipedia please dont use this polls results on those new article pages If separate wikis were created Id for one be happy to contribute to all 3 I already actually contribute on foreign wikis regularly where I cant speak a single word of the language its all good <SPLIT><SPLIT> As for my vote as Ive said I have no opinion but will abstain anyhow Id rather offer impartial assistance to discover and repair the cause of the discontent and I understand there may well be people who wouldnt want it fixed but would rather things continue as they are <SPLIT><SPLIT> As a footnote Id like everyone to consider the alt descriptions for images which are for the blind At the moment I havent been able to keep up with these on the new images for this article,0
[[sick]] [[purport]] a [[indite]] for this i [[spell]] this [[place]] to [[install]] the [[mind]] and [[look]] what everyone thinks Im [[trusted]] Tom and everyone else wont [[brain]] at all if we [[aim]] a paragraph which doesnt [[slay]] the [[vital]] [[substance]] but at the same [[meter]] [[meditate]] our [[betoken]] of [[eyeshot]],0
Cousin Oliver  <SPLIT><SPLIT> I just would like to say thank you for taking the time to revert Wikipediatrixs deletion You [[fuck]] shes really starting to get on my nerves,0
Just to let you [[fuck]] I have a draft about Alberto  so if you see that he a played a fullypro match and is not created move the page to the original title Alberto Manuel Domnguez Rivas Thanks,0
No [[stop]] now Welcome [[rachis]] to the digital [[populace]],0
that is a ogliesbwfcdhgmklASMNFDMNJHGKSMDKHAGDFHDJHGFDJHVC,0
[[suffer]] in [[riposte]] to,0
I deleted the [[bullshit]] wizard parts  definitely not in the show As for Pims real name I dont remember it ever being said but maybe someone else will,0
Since nobody [[discord]] with my proposition I [[murder]] the [[graph]] [[finger]] [[gratis]] to [[utter]] your [[feeling]] if anybody [[discord]] with the [[remotion]],0
also probably some JP reviews as to jut [[fuck]] is this game good,0
hi <SPLIT> i m bored <SPLIT> this sucks <SPLIT> no fun tonite,0
[[spell]] it has been [[say]] that the ECB [[reputation]] doesnt [[refuse]] or [[confute]] that Bitcoin is a Ponzi [[dodging]] it doesnt accuse it of being a Ponzi either The Reuters [[informant]] is just a headline as far as it [[tell]] anyone [[flush]] [[remark]] Ponzi and Bitcoin in the same [[condemn]] [[headline]] are [[much]] [[spell]] by [[masses]] other than the [[article]] [[writer]] for the purpose of [[pull]] eyeballs not communicating relevant [[entropy]] The other [[mention]] [[presently]] [[victimized]] not in this [[rephrasing]] the Register [[ace]] [[enounce]] that some [[charge]] Bitcoin of being a Ponzi and [[associate]] to a from what [[single]] can [[order]] blog which [[really]] only [[criminate]] Bitcoin of having [[I]] characteristic of a pyramid [[connive]] not a Ponzi [[ane]] just dont [[control]] how any of this [[head]] to a Wikipedia worthy [[acknowledgment]] of [[multitude]] [[impeach]] Bitcoin of being a Ponzi [[dodging]] [[just]] since it does [[moot]] the [[calibre]] and [[meat]] of the [[informant]] which [[aver]] that [[multitude]] have [[impeach]] Bitcoin of being a Ponzi [[dodging]] why does the [[defense]] [[fifty-fifty]] [[penury]] a [[germ]] or its own [[doom]],0
Hello  <SPLIT><SPLIT> Hello there Mr Admin aka Bsadowski1 <SPLIT><SPLIT> It is good to see that you are using that strong block button  well it isnt good to see really Anyway I am here to let you know that you havent won In fact Mr Admin you are losing And I continue to win  <SPLIT><SPLIT> I dont think that I even need to introduce myself You [[fuck]] who I am And as you probably know from my legacy I have created hundreds upon hundreds possibly decent thousands of sockpuppets since 2009 and my sockpuppeteering exercises have proven to have a substantial impact on the administrators of Wikipedia And now after more than three years of punishing Wikipedia administrators with the best sockpuppet powers this is when the real fun begins <SPLIT><SPLIT>  <SPLIT><SPLIT>  <SPLIT> you see I have a treat for you and the other administrators Im guessing you will not like what I have in store now but that is the whole point Ha ha ha ha Well I have developed a brand new formula of casting antiWikipediaAdministrator magic My previous sock farms were like limited supplies of stars in a night sky but we now see a lunar phenomenon of a change and things are about to go stormy for the current administration of Wikipedia  <SPLIT><SPLIT>  <SPLIT><SPLIT>  <SPLIT> Where there was once sunshine there will be rain Its deserved since admins are insane <SPLIT> The admins will remember every blunder as the blue sky summons thunder <SPLIT> The admins will fail in their crowds Come on now lets see some clouds <SPLIT> Less defence more attack May the pretty rainbow now turn black <SPLIT><SPLIT> Its time to start out of moral and not sin The no more I love yous are to begin <SPLIT> Protect your user and discussion pages you might But you will surely still lose the fight <SPLIT> You will be ready for a great big fright Because the future will be dark not bright <SPLIT><SPLIT> I hope you are ready for an event like no other Youll need to be ready Ha ha ha ha Not that it will make any difference because you cant be ready Are you ready Ha ha ha ha Never mind It wont matter and you will [[fuck]] true magic soon Oh well the gracious days were fun werent they <SPLIT><SPLIT> Ha ha ha ha <SPLIT> Talk to you later Mr Admin <SPLIT><SPLIT>  	 Nightsky92 aka you know,0
RE <SPLIT> To whom it [[whitethorn]] [[care]] <SPLIT><SPLIT> The [[paginate]] [[rap]] [[muck]] is [[whole]] slanderous and most of the information on this page is falsed and [[base]] on misinformation [[amp]] a [[unremitting]] user of Wikipedia [[single]] would [[alike]] to [[asking]] that the [[varlet]] be changed [[unity]] refer to Wikipedia to [[happen]] factual information from credible [[informant]] and this [[pageboy]] is merely a [[vomit]] of someone elses [[persuasion]] Please [[avail]] [[shit]] the [[switch]] Pink [[gook]] is a slanderous [[tidings]] only [[mean]] to [[fright]] consumers and the term is costing American [[subcontract]] [[delight]] either [[murder]] the page or [[babble]] about what Pink [[ooze]] actually is <SPLIT><SPLIT> Thank you <SPLIT><SPLIT> [[puke]] <SPLIT><SPLIT> No it is not If it where then you would have to confront ABC News and the New York Times et al with this matter Much of the [[entropy]] in the article is [[shoot]] directly from BPI and the statements that it has [[shit]] in the press or on its website Other sources include USDA school lunch program reports The sources [[victimized]] are news sources not editorials and are thus not opinion Please prove it is a slanderous term The controversy has appeared to have cost some layoffs and that is reported in the article,0
Your [[blue-pencil]] at Compulsory [[vote]]  <SPLIT><SPLIT> are unexplained and [[look]] [[queer]] [[iodine]] have [[assay]] to [[excuse]] my [[fear]] in [[cut]] summaries and had no [[impingement]] You [[pauperism]] to [[excuse]] the [[cause]] for your [[vary]] in an [[cut]] [[compendious]] andor on the articles [[treatment]] [[paginate]] or even here If you dont [[excuse]] a [[exchange]] for which there is no obvious [[intellect]] it will continue to be [[retrovert]],0
[[single]] [[mean]] that your [[part]] with [[obedience]] to behavior are very wellwritten and [[informatory]]  [[moreover]] your [[part]] on Taxonomy is [[informatory]] and concise  [[1]] would [[tell]] that more [[entropy]] is [[demand]] on the Description and Distribution [[part]]  [[moreover]] the [[initiation]] [[part]] is off to a [[dandy]] [[bulge]] but may [[demand]] to be [[pass]]  [[1]] was [[collapse]] this [[contact]] upon [[respectable]] article [[inspection]]  httpsenwikipediaorgwikiWikipediaManualofStyleLeadsection It is very [[detail]] and [[prolonged]] but it lays out [[precisely]] what is [[demand]] for a [[respectable]] intro section  I [[smell]] [[ilk]] of all [[thing]] that the [[undecomposed]] [[clause]] [[referee]] [[smell]] for the intro [[segment]] is [[ane]] of the more [[authoritative]] [[face]],0
oh [[pitiful]] about that,0
Maritimeyes <SPLIT> <SPLIT> BClass1 <SPLIT> <SPLIT> BClass2 <SPLIT> <SPLIT> BClass3 <SPLIT> <SPLIT> BClass4 <SPLIT> <SPLIT> BClass5,0
[[orgasm]] [[after]] in the [[fabrication]] really doesnt [[bastardly]] anything to me  [[thither]] are [[muckle]] of [[intellect]] that Nolastname could be on a nametag  Its a leap to assume its actually a surname  Theres really only one [[intellect]] for Wilkerson to be on a military [[unvarying]],0
[[whole]] [[damage]]   <SPLIT><SPLIT> [[ane]] have [[erase]] [[all]] the [[followers]] and [[single]] will [[excuse]] why here  <SPLIT><SPLIT> iIn the Britishpatterned universities the PhD program is much [[little]] because the coursework [[part]] is [[delegate]] to the [[control]] and bachelors [[grade]] and the PhD [[run]] is [[occupy]] purely with [[search]] for a [[dissertation]] The [[butt]] [[clip]] is nominally [[leash]] [[age]] but some [[student]] [[refinement]] [[before]] and many [[shoot]] a few [[geezerhood]] [[farseeing]] The [[existent]] time [[reckon]] strongly on the [[check]] being studiedi <SPLIT><SPLIT> bThis is [[trash]] for the [[intellect]] already [[discuss]]  while the [[fund]] [[council]] are [[go]] towards a [[sit]] where they [[lack]] [[covering]] to [[enforce]] for [[dominate]] [[fund]] and PhD [[backing]] at the same [[meter]] there is no [[appointment]] of coursework to the [[captain]]  its not actually a [[demand]] to do a [[lord]] before a PhDb <SPLIT><SPLIT> iBritishstyle bachelors degrees do not [[normally]] [[expect]] a [[liberal]] [[handsome]] [[prowess]] and [[science]] [[universal]] education [[part]] and [[student]] are [[so]] [[rid]] to [[center]] [[alone]] on their [[elect]] [[check]] The bachelors degree if conferred with a high [[even]] of [[respect]] ie [[splendid]] [[degree]] can [[tolerate]] [[access]] to a PhD program without having to [[low]] [[pen]] a [[dominate]] [[dissertation]] This [[road]] is only possible if the university [[fling]] an [[purity]] [[class]] in the [[champaign]] of [[take]] though this is [[decent]] [[progressively]] [[vulgar]] due to the [[bully]] [[fund]] that [[university]] [[have]] for enrolling doctoral studentsi <SPLIT><SPLIT> This is [[utter]] [[trash]] from [[get]] to [[stop]] I have never [[see]] of a british university having a [[purity]] [[class]]  virtually every degree [[present]] now in the [[Britain]] has [[respect]] [[affiliated]] to it [[inch]] theory you can just walk after [[nail]] all of your [[faculty]] and just [[dumbfound]] for [[lesson]] a BA but in [[commit]] everyone does their [[last]] assignmentprojectdisseration and [[dumbfound]] their [[respect]] The [[purity]] [[prick]] is no indication of [[splendid]] [[rank]]  you can [[dumbfound]] a [[twenty-two]] and [[quiet]] [[alum]] with a BAHons,0
Controversial Remarks Alleged Calling Facebook Users Dumb Fks  <SPLIT><SPLIT> Quote To avoid being blocked instead of reverting please consider using the articles talk page to work toward making a version that represents consensus among editors  <SPLIT><SPLIT> THAT IS WHAT I AM DOING <SPLIT><SPLIT> REFRAIN FROM DELETING THE TALK PAGE CONTRIBUTION WITHOUT PROVIDING A VALID REASON OR BETTER TIPS FOR IMPROVEMENT AFTER ALL THIS IS ONLY THE TALK PAGE <SPLIT><SPLIT> sources for the below mentioned contribution <SPLIT><SPLIT>  httpwwwforbescomsitesandygreenberg20120201iszuckerbergsthehackerwayletterfacebooksdontbeevilandwillitliveuptoit <SPLIT>  httpgawkercom5636765facebookceoadmitstocallingusersdumbfucks <SPLIT>  httpaubusinessinsidercomwellthesenewzuckerbergimswonthelpfacebooksprivacyproblems20105 <SPLIT>  httpwwwtheregistercouk20100514facebooktrustdumb <SPLIT>  httpwwwtheweekcouktechnology14625areusersE28098dumbfucksE28099trustingdatafacebook <SPLIT>  httptdhmezuckerbergcalledearlyfacebookusersdumbfuckssowhat <SPLIT>  httpanphiclecomentheytrustmedumbfucksfacebookceomarkzuckerberg <SPLIT>  httpwwwtomsguidecomusFacebookMarkZuckerbergSocialNetworkingprivacysecuritynews6794html <SPLIT>  httpaubusinessinsidercomembarrassinganddamagingzuckerbergimsconfirmedbyzuckerbergthenewyorker20109 <SPLIT><SPLIT> Other sections on Wikipedia where Controversial Remarks is valid  <SPLIT><SPLIT>  Bryant Gumbel section Controversial remarks <SPLIT>  Mel Gibson section Controversial remarks <SPLIT>  Sherrod Brown section Controversial remarks <SPLIT>  Kent Hovind section Controversial remarks <SPLIT>  Venkaiah Naidu section Controversial Remarks <SPLIT>  Greg Gutfeld section Controversial remarks <SPLIT>  Lawrence Cannon section Controversial remarks <SPLIT>  Daniel Bernard diplomat section Controversial remark <SPLIT>  James R Flynn section Controversial remarks <SPLIT><SPLIT> and many many more <SPLIT><SPLIT> start <SPLIT><SPLIT> While at Harvard College 19yearold Facebook CEO Mark Zuckerberg allegedly used login data from his social network to hack into fellow students email accounts that evidence also included instant message transcripts where he calls facebook users dumb [[love]] The alleged following exchange is between a 19yearold Mark Zuckerberg and a friend shortly after Mark launched The Facebook in his dorm room <SPLIT> <SPLIT> Zuck Yeah so if you ever need info about anyone at Harvard <SPLIT><SPLIT> Zuck Just ask <SPLIT><SPLIT> Zuck I have over 4000 emails pictures addresses SNS <SPLIT><SPLIT> Redacted Friends Name What Howd you manage that one <SPLIT><SPLIT> Zuck People just submitted it <SPLIT><SPLIT> Zuck I dont know why <SPLIT><SPLIT> Zuck They trust me <SPLIT><SPLIT> Zuck Dumb [[love]] <SPLIT><SPLIT> In another instant message IM <SPLIT><SPLIT> FRIEND so have you decided what you are going to do about the websites <SPLIT><SPLIT> ZUCK yea im going to fuck them <SPLIT><SPLIT> ZUCK probably in the year <SPLIT><SPLIT> ZUCK ear <SPLIT><SPLIT> end,1
Sabus  <SPLIT><SPLIT> Any [[connectedness]] with Sabazius,0
[[ane]] am [[die]] to [[save]] an article about parking [[muckle]] [[loot]] the business of painting and [[pose]] out parking [[blood]],0
Someone should call AA  Teds been sober for a year <SPLIT><SPLIT> Rot in [[netherworld]] you worthless [[clear]] of [[stool]],1
thats racist I waz just hving [[summarize]] funz you guyz are teh sux,1
Im not in favour of [[animate]] the [[briny]] [[paginate]] Im not in favour of duplicating things all over If you [[fight]] this you [[assailable]] the door for this you [[assailable]] the door for a [[part]] section,0
Hi Dodger67 Ive [[shit]] further changes to the above referenced page Kindly review it,0
[[lick]] for me,0
[[eminence]] Galilee and Samaria [[mingle]] into a military [[dominion]] of Northern Frontier [[sectionalization]],0
[[single]] have already [[cause]] that when I [[honor]] a [[newfangled]] person being [[assault]]  I [[discord]] with the [[fresh]] [[someone]] [[cut]] and [[pay]] [[acknowledgment]] that [[rise]] my [[luff]]  Then [[somebody]] [[come]] in and [[attack]] the [[newfangled]] person When [[i]] [[salute]] this [[billet]] [[ane]] was [[tell]] that we are [[keep]] an [[oculus]] on it  My [[feeler]] was [[practically]] more [[conformable]] to all in the [[berth]]  I have not [[escort]] that [[unexampled]] [[soul]] in Wikipedia again  [[just]] this is not my [[gunpoint]] here,0
Navbox <SPLIT> [[advert]]         India [[nimble]] [[yoke]] <SPLIT> [[country]]       collapsed <SPLIT> [[choose]]     Naveenpf <SPLIT> titlestyle   colorblack backgroundcolorwhite <SPLIT> [[entitle]]          [[connexion]] for Wikipedians [[worry]] in Indiarelated [[contentedness]]   <SPLIT> [[manner]]        width100 <SPLIT> groupstyle   padding035em 10em lineheight11embackgroundwhitecolorblackborder 1px [[hearty]] CC0000 <SPLIT> list1style   padding035em [[zero]] lineheight15embackgroundwhitecolorblackbordertop 1px [[upstanding]] CC0000 <SPLIT> liststyle    padding035em [[zero]] lineheight15embackgroundwhitecolorblack <SPLIT> group1       WPIndia <SPLIT> group2       WikiProjects <SPLIT> group3       [[entrant]] <SPLIT><SPLIT> list1        Noticeboard  [[treatment]] board  Article [[alerting]]  [[cut]] [[mouth]]  Unreferenced BLPs India Portal  [[quislingism]] of the month  India stubs  [[family]] [[acceptation]]  [[assailable]] [[job]] <SPLIT><SPLIT> list2        Navbox subgroups <SPLIT> groupstyle   width80em backgroundDCDCDC lineheight115emcolorblack textaligncenter fontweightnormal <SPLIT> liststyle    widthauto padding025em [[zero]] lineheight14em  <SPLIT><SPLIT> group1       [[area]] <SPLIT> list1        India  [[part]]  [[posit]]  [[dominion]]  Cities <SPLIT><SPLIT> group2       [[faith]] <SPLIT> list2        Hinduism  Buddhism  Jainism  Sikhism  Zoroastrianism  [[Muslimism]]  Christianity <SPLIT><SPLIT> group3       [[express]] <SPLIT> list3        Andhra Pradesh  Arunachal Pradesh  Assam  Bihar  Chhattisgarh  Goa  Gujarat  Haryana  Himachal Pradesh  Jammu and Kashmir  Jharkhand  Karnataka  Kerala  Madhya Pradesh  Maharashtra  Manipur  Meghalaya  Mizoram  Nagaland  Orissa  Punjab  Rajasthan  Sikkim  Tamil Nadu  Tripura  Uttar Pradesh  Uttarakhand  [[W]] Bengal <SPLIT><SPLIT> group4       [[UT1]] <SPLIT> list4        Andaman and Nicobar [[island]]  Chandigarh  Dadra and Nagar Haveli  Daman and Diu  Delhi  Lakshadweep  Puducherry <SPLIT><SPLIT> group5       [[metropolis]] <SPLIT> list5        Chennai  Hyderabad  WikipediaWikiProject,0
Please [[check]] your disruptive editing If you continue to [[vandalise]] Wikipedia as you did at The edits in [[interview]] are as follows you will be blocked from editing,0
Lunatic [[bang]] <SPLIT> [[i]] do not [[trust]] the [[blood]] [[head]] the lunatic [[outskirt]] is sufficent to [[function]] the perajcitive term in that [[way]] in this article [[amp]] writer for [[clock]] something something lunatic [[bang]] [[power]] [[lick]] but this is a BLP and there is not a [[prevalence]] of [[prove]] or [[informant]] [[equal]] him to being the leader of a leaderless [[aggroup]] [[ane]] [[too]] believe the editor should be ashamed of himself for [[admit]] such [[entropy]] in  BLP without [[deal]] the [[admonish]] that is neccasary Juicey [[author]] do not [[compeer]] [[ripe]] [[germ]],0
A [[articulate]] not [[usually]] [[know]] as a preposition is a as in I [[pay]] [[V]] [[buck]] a [[Day]] for that [[washout]] [[blank]] [[mucoviscidosis]] MerriamWebster chez is [[ripe]] though its [[often]] misused in Englishit [[way]] at the [[sign]] of but is [[commonly]] [[apply]] to [[bastardly]] the [[home]] of,0
[[bozo]] Fawkes [[dark]]  <SPLIT><SPLIT> If [[same]] me you [[noneffervescent]] [[recollect]] there [[demand]] to be more on [[flow]] Guy Fawkes [[Nox]] [[commemoration]] them [[delight]] leave a [[substance]] on WikipediaFeatured [[clause]] candidatesGuy Fawkes Nightarchive1 If you dont then [[gossip]] to that [[sham]] would [[too]] be [[apprehended]],0
[[airt]] TalkThe Hawthornes [[loose]] [[shoal]],0
Please stop this foolishness Wikipedia is clearly not a quasiGovernmental authority  The notion that blocking you to prevent further harm to Wikipedia is somehow illegal is frankly ludicrous If you are considering suing someone Id strongly advise you to turn your attention to your law school as they havent managed to teach you the limits and applicability of the First Amendment <SPLIT><SPLIT> Now please read Wikipedias policy on not [[shit]] legal threats WPNLT If you continue to [[shit]] legal threats you will be barred indefinitely from editing here Thanks,0
My [[intellect]] is that Dick B is pretty accurate but not a valid source which is a shame for the AA history article,0
[[triviality]] [[incision]]  <SPLIT><SPLIT> [[ane]] have a few [[progeny]] about the trivia [[part]] here Wikipedia strongly [[urge]] against trivia [[part]] [[slump]] [[sum]] to that [[nigh]] all of the trivia [[have]] in [[state]] [[part]] are [[credit]] to horrid [[monstrous]] [[peculation]] of Calvins mischeviousbutinnocent nature a [[shew]] where Calvin [[kill]] his [[rear]] or [[extension]] to [[piss]] [[give]] that is there anything that is [[really]] NECCESARY in that [[trivium]] section [[frankly]] [[pay]] the [[come]] lack of redeeming [[entropy]] in it there doesnt seem to be a [[intellect]] for it to [[live]] The unauthorized [[pee-pee]] Calvin [[travesty]] the only noteable and of [[feed]] [[quiet]] [[loathsome]] and [[unauthorised]] [[travesty]] is already [[cite]] in a [[dissimilar]] [[part]],0
I cleaned up the rest of your mistakes  I feel like your mother,0
2014 UTC <SPLIT><SPLIT> When [[weight]] the importance of a [[commit]] donation there are more [[thing]] to [[count]] than the [[bare-ass]] size of a donation Another thing to [[deal]] is how [[pregnant]] a [[pay]] donation is to a [[picky]] recipient [[inch]] other [[Bible]] its not just the size of the donation as a [[part]] of the [[donor]] [[entire]] [[donation]] its [[too]] the size of the donation as a [[part]] of the recipients [[entire]] donation receipts Obviously the latter more complicated to [[valuate]] since it [[take]] [[fuck]] both the size of the donation and the recipients [[come]] donation receipts That [[jeopardy]] [[scat]] into synthesis [[soil]] but if a [[germ]] does the [[computing]] its quite [[sane]] to [[enjoyment]] it as a [[manner]] to [[matter]] the importance of a donation   0726 [[eighteen]] [[butt]],0
If Auf [[d]] Maur a soloproject or a selftitled [[isthmus]] THe [[clause]] [[expend]] both  it should be [[ane]] or the other,0
Could we avoid [[apply]] [[damage]] [[care]] [[idiotic]]  [[ane]] dont [[opine]] any of the [[ruling]] here are [[cockeyed]] though [[1]] [[ruling]] [[power]] be more [[sufferable]] than another  [[eve]] [[unwarranted]] [[line]] are [[break]] [[fight]] by [[cause]] than by [[portrayal]] in any [[face]] <SPLIT><SPLIT> Its certainly [[rightful]] that [[single]] [[bump]] the English [[flesh]] of the name [[loose]] to [[think]]  [[single]] was unfamiliar with any of this [[chronicle]] before [[single]] [[say]] the [[clause]] and did not have any [[prepossession]] that Constantine was the [[innate]] [[constitute]] but the unfamiliar Gaelic [[mannikin]] are a [[fleck]] more [[hard]] to parse  [[still]] if current [[authentic]] [[informant]] are [[utilise]] Gaelic [[mannikin]] then [[referee]] who [[showtime]] here and [[die]] on to the [[address]] are [[die]] to be [[befuddle]] too because they wont [[control]] Constantine or Donald etc  Our [[business]] is to [[ruminate]] current [[utilisation]]  [[Hera]] the [[trouble]] is that [[unwashed]] [[usance]] in [[pop]] [[civilization]] is not the same as [[vulgar]] [[custom]] in [[honest]] [[seed]]  [[live]] there a relevant [[name]] policy that can be [[summon]],0
haloo sir wat is capasitor,0
Please refrain from creating inappropriate [[paginate]] such as Shits n Giggles It is considered vandalism If you would like to experiment use the sandbox,0
what  <SPLIT><SPLIT> since [[jazz]] when did we become brisbanites,1
[[spell]] were at it youre [[just]] [[damage]] in your [[exact]] that it has only been [[qualify]] as [[pervert]]    The [[fact]] [[mouth]] for themselves,0
Do not  <SPLIT><SPLIT> Close an RFC I have started again ever I will not have editors dick about with my comments Do it again and I will report your disruption to ANI,0
Dude like era [[draw]],1
Sup DIPSHIT NECROFELIAC,0
I dont [[fuck]] how to write an article  I dont even know how to address that on what basis do you make this claim  What exactly were we doing in 2005 that the project what project has moved beyond  And what exactly have they moved beyond to  What better run areas are you talking about <SPLIT><SPLIT> Further it should not be my job to fix your articles you wrote the bloody thing you should have done enough research in the first place to create an article properly instead of simply guessing to fill in the blanks  First you want to tell me I dont know how to write an article then you want to complain that Im not fixing the article you messed up  How does that make a shred of sense  And no just because some sources are used on other articles does not mean they pass WPRS  Some people have no clue what theyre doing just because an article exists does not mean it magically is of good quality  WPOTHERSTUFFEXISTS  And if youre providing sources that arent reliable then they dont corroborate anything  Just because you found Joe Cools random blog that repeats information does not mean it backs up your original information  Thats the entire point of having reliable sourcing so that we are not simply taking information that may be popularized yet wrong  I mean wow <SPLIT><SPLIT> And as I stated before the LMP299 is built on an LMP296 chassis  How exactly is that not the same  No one said identical weve said similar enough to be the same basic thing  Again the ARX01a is not identical to the ARX01g but theyre all still built on the same basic design  All three cars are built on three chassis LMP29601 LMP29602 and LMP29701  LMP29601 is the sole LMP299  So Ill repeat myself ad naseum what exactly is preventing these three articles from being merged  How would it create a clusterfuck <SPLIT><SPLIT> And the victimized youngin routine is getting old really quickly,0
The RAF [[ingest]] an [[one-year]] [[nosecount]] of airframes and [[armour]] [[fomite]] for [[outside]] treatment [[indebtedness]] That will [[ane]] am [[trusted]] be the [[physique]] [[victimized]] by Hansard so it is [[belike]] to be the [[outflank]] [[germ]],0
What Messiaen [[scan]]  <SPLIT><SPLIT> The [[clause]] [[posit]] that Messiaen [[take]] The Resurrection and [[tellurium]] sic Monde [[stilbestrol]] Ressuscits by St Thomas Aquinas [[only]] Le Monde [[Delaware]] Ressuscits is the [[entitle]] of a [[Gallic]] [[displacement]] of either The Resurrection ie [[head]] 6999 of the [[appurtenance]] to the third [[contribution]] of Summa Theologica or of the latter [[disunite]] qq 8999 of The Resurrection [[allot]] to the schema of this [[wide]] [[victimized]] English [[rendering]] the [[deed]] The Resurrection [[hold]] to the [[totally]] [[dowery]] [[register]] by Messiaen while [[compile]] Et exspecto resurrectionem mortuorum [[soh]] [[single]] [[delete]] the article to [[mull]] this   alias,0
I dont want to [[shit]] an WPOTHERSTUFFEXISTS argument but they should be based on the same criteria for schools and other organization,0
[[bespeak]] [[motility]] <SPLIT><SPLIT> [[cite]] from below the [[stream]] [[article]] [[message]] though wellreferenced belongs in an [[clause]] on new media [[bailiwick]] not [[I]] on the [[word]] new media itself <SPLIT><SPLIT>  <SPLIT> [[total]] [[suffer]] or [[pit]] [[come]] by an optional [[unmatched]] [[doom]] explanation then [[bless]] your [[suffrage]] with  <SPLIT><SPLIT> [[discourse]],0
I have a steel storm door with a mortise lock that has finally [[fag]] out [[live]] all mortise locks [[touchstone]] in size,0
[[hunky-dory]] useful feedback thanks  I have found this reference about [[shit]] of switching at the Electricity Authority website I could create my own graph from the data to help describe trends in switching retailers but as a new editor I am not sure how to do this in Wikipedia  [[ass]] you [[manoeuver]] me to some tutorial or guidance on creating graphs,0
Major [[delete]] [[afoot]]  <SPLIT><SPLIT> A group of [[alchemy]] [[undergrad]] including myself have [[bulge]] major edits and additions as a [[separate]] [[protrude]] in an [[travail]] to have the article upgrade to an A [[shit]] or [[ripe]] It will [[shoot]] several [[hebdomad]] or months for us to [[stop]],0
listas  Crazy World of Arthur Brown [[isthmus]],0
12Archive [[dozen]] and [[honest-to-goodness]] messages will be in Archive,0
Refactoring <SPLIT> I wrote a comment  Then I wrote another comment as a reply to my own comment  Then you inserted your comment in between  I refactored your reply so that it would be in chronological order after my own reply  You [[retrovert]]  I dont like what you did  My two comments were as close together as two comments can be  What right have you to [[cum]] along and jam something in between  Especially when my reply specifically addressed all the matters that your comment asked about  Are you just [[taste]] to [[shit]] me [[face]] bad or stupid or something   <SPLIT>  You posted SEVEN times to the same section in 30 minutes while [[shit]] two separate comments Do you not understand the effect that has in edit conflicting any other editor who wishes to reply to your comment or are you so uninterested in what others have to say that you dont care My reply was to your first comment signed and dated 2357 21 March 2011 It was edit conflicted twice by you and I do not appreciate you deciding it should be placed after your second comment 0024 22 March 2011 to which it was not directed Cut down on your rate of posting or just use the preview button and you wont [[incommodiousness]] other editors so much,0
which incase if youre [[fifty-fifty]] [[apparatus]] [[ilk]] r770 to cypress you can either [[take]] to [[increment]] rop without [[alter]] the [[jalopy]] because its [[translatable]] but if youre in [[queer]] [[total]] [[care]] 369 you can [[ne'er]] be [[persona]] with 248 setup,0
I think 184 BC would be a [[cockamamie]] article to [[dumbfound]] banned over   e,0
[[too]] Yamaguchi Yamaguchi Tottori Tottori Shimane Shimane Osaka Osaka Fukui Fukui,0
That [[think]] [[ane]] could [[heel]] Megadeth as being [[tempt]] by Crowded [[menage]] [[victimization]] the [[take]] same [[germ]] and [[intelligent]],0
[[thither]] is a [[svelte]] [[trouble]] with the [[ethnic]] [[address]] [[incision]] The [[ethnic]] [[citation]] are each [[abduce]] to the [[lick]] themselves ie [[chief]] [[informant]] [[kinda]] than secondary [[informant]] [[amp]] per WPPOPCULTURE [[subaltern]] [[informant]] are preferable to [[constitute]] the [[import]] of the [[cite]] as being worthy for [[comprehension]] in the [[clause]] [[yet]] [[fugacious]] [[observe]] in [[hold]] [[video]] or [[movie]] [[talks]] or song [[words]] should be [[admit]] only when that [[cite]] [[import]] is itself [[prove]] with [[petty]] [[informant]] [[single]] did a [[alike]] [[subdivision]] on the Dont [[smell]] Now [[clause]] and [[detect]] [[cinema]] [[revue]] or [[audience]] with the [[manager]] to be the [[salutary]] [[petty]] [[author]] for [[plant]] the importance of these [[ethnic]] [[address]] The [[master]] thing there though was that I [[prove]] as [[lots]] as [[potential]] to [[void]] [[summons]] the [[cite]] [[shoot]] itself For [[lesson]] for the Stallone as the [[exterminator]] [[cite]] in [[finish]] [[sue]] [[torpedo]] this [[petty]] [[informant]] would be [[wagerer]] since it [[plant]] the notability of the [[flick]] [[cite]] and thereby [[commit]] it into a cultural [[circumstance]] [[single]] dont [[opine]] this [[offspring]] should be a [[occlude]] to a GA though its just an [[country]] that could be [[meliorate]] IMO,0
Corvette [[naughty]] [[flaming]] engines [[victimized]] three side [[swig]] carbs,0
Im [[befuddle]] are we [[discourse]] the [[fire]] [[phthisis]] [[platter]] of a [[replete]] prodution [[gondola]] because that wouldgo to the citreon [[axe]] and I belive was slightly more than 100MGPImp [[mediocre]] on a [[trigger]] from dover to barcelona,0
5 UTR in 2nd svg is incorrectly labelled  <SPLIT><SPLIT> [[ass]] somebody fix it,0
What should we do now  <SPLIT><SPLIT> Please [[smell]] at  and [[secernate]] me what should we do now   <SPLIT> The [[seize]] [[shoes]] should be WikipediaRequests for commentUser [[behaviour]] [[peculiarly]] that the [[fear]] have been [[wreak]] at the user in [[wonder]] talkpage,0
Abacus  <SPLIT><SPLIT> My tnh th h u tinbng tnh gyRa i t rt sm,0
[[airt]] TalkHistory of [[ism]] disambiguation,0
the problem is that [[critic]] have a [[rattling]] dumb [[contestation]] on top of the fact that no [[ane]] is providing good [[source]] for those bad [[command]],0
You have been [[kibosh]] for [[twenty-four]] [[hr]] for continual copyright [[trouble]]  This [[entropy]] is not optional,0
[[squeamish]] to [[insure]] you [[rachis]] Ealdgyth How was your [[tripper]] Did you manage to see everything you were [[skip]] to see,0
[[non]] [[practise]] [[non]] [[indisputable]] what [[pregnant]] [[note]] there is between the [[deuce]] with the [[exclude]] that street [[prowess]] [[go]] [[squeamish]] The uploader of the [[simulacrum]] [[delineate]] it as Eminem graffiti in [[impress]] China so unless you can [[happen]] a [[dependable]] [[germ]] that [[name]] this [[finicky]] [[nibble]] as street [[prowess]] [[disaccord]] with this [[commute]],0
[[axerophthol]] barnstar for you  <SPLIT><SPLIT>  stylebackgroundcolor fdffe7 [[butt]] 1px [[satisfying]] fceb92 <SPLIT> rowspan2 styleverticalalign [[halfway]] [[lard]] 5px   <SPLIT> stylefontsize xlarge [[tramp]] 3px 3px [[zero]] 3px [[pinnacle]] 15em  The Technical Barnstar <SPLIT>  <SPLIT> styleverticalalign [[halfway]] [[tramp]] 3px  For your [[lick]] on the AfC [[supporter]] [[hand]],0
Yes Andrei your [[scuttlebutt]] irredentism is disappointing to me Yes Im a Dalmatian of Dalmatian ancestry islander and Im proud of it My [[lifelike]] language is Chakavian Croatian it means that I usually speak a lot of Dalmatian Romance language words but also there are many words of Venetian origin transferred to Chakavian during Reinnesance Whats more Chakavian was the original language of the first Croats who initially appeared in the northern Dalmatia the oldest Croatian inscriptions were written in Chakavian Cro and Glagolithic alphabet Additionally the Croats were the saviours of the Latin culture in Dalmatia they [[ne'er]] [[adjudicate]] to destroy it they completely excepted it and practically [[lengthy]] its life so you can say that [[ex]] has [[die]] by [[rude]] death in Dalmatia and not by force while in many other parts of Europe it disappeared by violence On the other side [[ailment]] [[forever]] fight any kind of nationalism including Croatian and Italian but its not the case here Is it Im actually a [[jock]] of Chakavian revival to the modern standardized Croatian based on NeoStokavian so it would include Dalmatian Romance words too  <SPLIT> I dont [[indorse]] any theory to prove something Ive just reported about modern tendencies in historiography concerning the most of Europe and here I was talking about all Illyricum and not only about Dalmatia or Croatia and Ive specified Dalmatia as [[unity]] of the most Romanized regions of Illyricum in this discussion above there BTW multidisciplinary science has described Croatian ethnogenesis in the main elements like this Liburni Iapodes western Ardiaei Dalmatae which includes a few other familiar tribes Histri OstroGoths Sclaveni Romans Dalmatian languages speakers in the coastal Dalmatian cities in the Early Medieval How much certain group contributed is very [[heavily]] to determine and will be never [[fuck]] I [[shot]] <SPLIT> Im not angry on you we are all [[homo]] beings,0
WikiCup 2014  <SPLIT><SPLIT> [[howdy]] if you havent already you should [[moot]] [[ratify]] up for WikiCup 2014 [[sunniness]],0
Telling me about your edit history is pointless padding You have [[shit]] your point with a sound reference  why do you think I am going to have any interest in your credentials,0
[[neglect]] [[item]]  <SPLIT><SPLIT> [[I]] Description on path reconstruction from [[shut]] [[antecedency]] queue The article claims that the path can be reconstructed from the [[shut]] priority queue without storing the path so far at each node  The article [[aim]] the reader to see below for a description of the advertised technique but that description is nowhere to be [[happen]] <SPLIT><SPLIT> 2 [[retard]] candidate [[node]] to see if theyre already in [[shut]] AND [[loose]]  The article [[note]] that you [[moldiness]] [[retard]] if a candidate node is already in the [[shut]] priority queue  [[1]] have [[say]] other descriptions such as Amit Patels which is [[yoke]] at the [[ass]] of the [[paginate]] which [[nation]] that you should also [[retard]] if the candidate node is already in the [[out-of-doors]] priority queue  Experimentally [[ane]] [[watch]] that the algorithm [[bleed]] at [[impossible]] [[zip]] unless I perform this additional [[retard]] <SPLIT><SPLIT> Since I am in no [[place]] of authority on A I have not [[shit]] any edits to the article  Hopefully [[mortal]] else can [[accost]] these two [[cut]],0
Salem Page <SPLIT><SPLIT> Sorry Nufy for vandeling the salem home page im an idiot and new to wiki in the future will use the sandbox <SPLIT><SPLIT> Jes,0
Putins [[watch]] is already in the article Theres no need to spam it in all over the place And if you seriously think that every [[cockamamie]] [[mind]] [[orgasm]] out of Rush Limbaugh or Ron Paul needs to be prominently featured in Wikipedia articles then youre in the wrong place I would also [[treasure]] it if you cut it out with the personal accusationsattacks like no matter how much you hate Putin  thats stupid nonsense which does not belong in a serious discussion  or your repeated claims that somehow my intent to follow WPFRINGE is belligerent Discuss content not editors Keep in [[brain]] that this article is under discretionary sanctions,0
[[receive]]  <SPLIT><SPLIT>  width100 cellspacing0 cellpadding6 stylefontsize95 lineheight 15px backgroundcolor faf6ed [[butt]] 1px [[whole]] faecc8 <SPLIT>  <SPLIT>  colspan4 stylebackgroundcolor faecc8 [[hi]]   Welcome to [[side]] Wikipedia  <SPLIT>  <SPLIT>  colspan4 Thanks you for your [[engagement]] in this [[throw]] We [[trust]] that you will [[stick]] and [[give]] and that you will [[see]] the [[live]] enjoyable Wikipedia is an [[on-line]] [[encyclopaedia]] that [[bulge]] in 2001 it is [[gratis]] for all to [[habit]] and anyone may [[delete]] it [[thither]] are [[sealed]] guidelines and [[rule]] that all users are [[gestate]] to [[be]] These [[rule]] and guidelines are [[name]] belowclick on a [[yoke]] for more [[entropy]] <SPLIT>  <SPLIT>  alignright   <SPLIT>  The [[quintuplet]] [[column]] of WikipediaThe [[cardinal]] [[rule]] of the [[throw]] <SPLIT>  alignright   <SPLIT>  HelpWikipedias [[avail]] [[department]] <SPLIT>  <SPLIT>  width8  alignright   <SPLIT>  width38  TutorialThis tutorial is a [[staple]] [[pass]] to [[cut]] <SPLIT>  alignright   <SPLIT>  width38  Your user pages and your sandboxHow to experiment and [[cut]] in your user [[blank]] <SPLIT>  <SPLIT>  alignright   <SPLIT>  [[mentor]] programAsk an [[get]] editor to be your mentor <SPLIT>  alignright   <SPLIT>  How to [[bulge]] a pageHelp on [[make]] your [[low]] [[clause]] <SPLIT>  <SPLIT>  alignright   <SPLIT>  [[affair]] to avoidHow to [[void]] [[vulgar]] errors and [[mistake]] <SPLIT>  width8  alignright   <SPLIT>  [[manner]] GuideHow to [[indite]] in an acceptable [[dash]] <SPLIT>  <SPLIT>  alignright   <SPLIT>  [[master]] [[insurance]] of Wikipedia An [[initiation]] to Wikipedias [[master]] [[insurance]] and guidelines <SPLIT>  alignright   <SPLIT>  Frequently [[demand]] questionsSome [[vulgar]] [[head]] and their [[solvent]] <SPLIT>  <SPLIT>  alignright   <SPLIT>  [[avail]] DeskHere you can [[demand]] other [[editor]] for [[aid]] <SPLIT>  alignright   <SPLIT>  [[flying]] referenceA handy [[promptly]] [[cite]] [[pass]] for [[cut]] Wiki <SPLIT>  <SPLIT>  colspan4 stylebordertop2px [[whole]] f4e8c4  <SPLIT><SPLIT> This page is your [[mouth]] [[paginate]] [[hither]] you can [[get]] messages from other Wikipedians and [[discus]] [[affair]] with them [[astatine]] the [[death]] of your [[substance]] you should [[commit]] your [[touch]] by [[contract]] with [[quaternion]]  or by [[fight]] the [[clit]] in the editor barshown here in the picture [[brawl]] not [[signaling]] in the [[clause]] themselves [[watch]] When [[touch]] should and should not be [[practice]] for more [[entropy]] <SPLIT><SPLIT> [[argot]] [[hear]] this [[substance]] [[right]] [[dog]] here for a [[dewy-eyed]] [[edition]],0
[[delete]] Oh yeah and that dictator has cancer again,0
[[love]] you buddy its [[jazz]] danny yes I checked the discussion page it should be moved,1
This is [[silent]] as [[betray]],1
Proposed deletion of Gordon Blossom  <SPLIT><SPLIT> Hello Boricua38 I wanted to let you [[fuck]] that Im proposing an article that you started Gordon Blossom for deletion because I dont think it meets our criteria for inclusion If you dont want the article deleted <SPLIT><SPLIT>  edit the page <SPLIT>  remove the text that looks like this proposed deletiondated  <SPLIT>  save the page <SPLIT><SPLIT> Also be sure to explain why you think the article should be kept in your edit summary or on the articles talk page  If you dont do so it may be deleted later anyway  <SPLIT><SPLIT> You can leave a note on  if you have questions,0
The fact that he ignored you still doesnt [[bastardly]] it is vandalism,0
You are very annoying sir PLease stop this nonsense,0
[[tell]] <SPLIT> [[A]] the [[clause]] [[stomach]] now it is quite messy  <SPLIT> [[single]] [[aim]] that everything that [[pass]] between 1836 1921 will [[die]] in the Amirsection under the [[allow]] amir <SPLIT> Somethings should be [[burn]] out [[whole]] Eg  <SPLIT>  The [[home]] of Saud and the [[home]] of Rashid are the [[II]] most [[mighty]] [[mansion]] in [[primal]] Arabia [[inch]] the seventeenth [[hundred]] the [[confederation]] between the Saudis and the Wahhabi [[spiritual]] sect [[shit]] them [[preponderant]] <SPLIT> That [[schoolbook]] is not at home in this [[clause]] is it,0
[[astatine]] the [[death]] of the day this is the [[side]] Wikipedia [[pregnant]] what [[incisively]] That neutrality is [[lingually]] [[strung-out]]  which is clearly [[traitorously]] since most [[consequence]] can be [[draw]] neutrally in any [[speech]]  or is this an [[entree]] to cultural [[predetermine]] which seriously [[sabotage]] Wikipedias [[take]] to [[disinterest]],0
[[single]] [[mean]] my [[master]] [[gunpoint]] was that there simply isnt any [[backdrop]] [[entropy]] about the [[principal]] [[part]] For [[case]] the Bleach [[heel]] [[address]] his allies who are incredibly [[authoritative]] but arent [[name]] at all until [[afterwards]] episode summaries Similarly for [[heel]] of [[single]] [[piece]] episodes season [[fin]] very little information is [[afford]] about the [[plagiarist]] Theres no [[entropy]] [[enter]] the series prior to  My [[head]] about previous FLCs was that [[single]] believe it can be safely [[don]] that the reader [[fuck]] enough about [[1]] [[bit]] if theyre specifically [[die]] to the [[mollify]] [[fivesome]] [[paginate]] instead of [[number]] of [[ane]] [[nibble]] episodes so Im not entirely sure if the context is at all [[requirement]],0
Just shut up and dont offend the homeland of some people  it might be awful but keep it for yourself,0
Medcab  <SPLIT><SPLIT> Your [[low]] article has been [[cancel]] If you [[privation]] it [[think]] you can [[believably]]  [[take]] an admin to [[collapse]] you a [[imitate]] to put into user [[quad]] Im [[die]] to [[shut]] the medcab [[face]] but will [[living]] an [[heart]] on that article in [[special]] <SPLIT><SPLIT> [[here]] are a few [[matter]] to [[retard]] out <SPLIT><SPLIT> The [[5]] [[column]] of Wikipedia <SPLIT> The Manual of [[way]] for Wikipedia <SPLIT> How to [[abduce]] [[matter]] <SPLIT> What [[dispose]] as a [[skilful]] [[cite]] <SPLIT> The EverPresent What Wikipedia is [[non]] [[ruler]] <SPLIT><SPLIT> [[bad]] [[single]] couldnt be of [[lots]] [[helper]] Dont [[collapse]] up though,0
quantitative [[relieve]] [[master]] [[persona]] is to [[subjugate]] [[politics]] [[borrow]] [[toll]]  <SPLIT><SPLIT> [[single]] am an economist that has [[spell]] about [[flop]] of the [[authorities]] to [[accession]] the [[nothing]] percent [[adopt]] matrix   This is what quantitative [[still]] is about as the [[primal]] [[swear]] [[buy]] [[politics]] debt [[cat's-paw]] to [[shit]] sure there is [[mart]] clearance of these [[security]] <SPLIT> Our [[supreme]] debt crisis is [[dumbfound]] [[defective]] and [[spoiled]] and [[sorry]]  The only [[trust]] in our [[flirt]] [[Word]] is our [[power]] to finance deficits at a zero percent [[value]] to [[deliverance]] the [[rid]] [[man]]   The [[power]] to [[accession]] these [[stock]] has [[fuse]] into the termjargon under the banner [[yell]] quantitative [[relieve]]  [[fundamentally]] quantitative [[still]] is here to [[arrest]] and it is being shapedcreatedtested into a [[plebeian]] [[smell]] ideaan [[swallow]] [[economical]] [[commit]]   [[formerly]] you [[swallow]] that the govenment can [[admission]] the [[swear]] of clearance without [[borrow]] [[contend]] the IOU [[construction]] [[swear]] [[manipulation]] to [[head]] money it is only a [[count]] of [[sentence]] quantitative [[relieve]] [[principal]] [[persona]] is to reduceeliminate [[authorities]] debt [[be]] <SPLIT><SPLIT> Why do you [[opine]] quantitative [[moderation]] has [[zilch]] to do with [[slim]] [[politics]] debt [[be]]  This is a nobel [[word]],0
[[person]] [[replace]]  the [[most]]  [[discharge]]  [[clause]]  on Karen McCrimmonwith   with my old [[ane]] that is far more incomplete   <SPLIT><SPLIT> Hello I am the [[master]] [[generator]] of this article on Karen McCrimmon and for some [[intellect]] the [[late]] [[clause]] [[1]] was [[sign]] Edgard Poe was [[interchange]] by the [[older]] one [[one]] [[realize]] how the [[fault]] [[hap]] because at the same [[sentence]] [[1]] was [[save]] [[I]] in French and my users [[epithet]] was Edgard Poe and this have [[land]] the [[fault]] in the English [[ace]] Could you [[exchange]] the [[I]] I was [[finish]] [[now]] instead of this [[unrivaled]] who is [[FAR]] incomplete  <SPLIT><SPLIT> If there is a [[fight]] between [[Delaware]] Medicis and Edgard Poe there should not be any [[fight]] because they are the same [[source]] and the same [[soul]] and if you [[control]] you will [[fancy]] it is the same email If you have some other [[intellect]] to [[murder]] more than half of my article could you [[excuse]] why  <SPLIT><SPLIT> Thank you  <SPLIT><SPLIT> [[unfeignedly]]  <SPLIT><SPLIT> [[Delaware]] Medicis,0
This is nonsense and it is biased as it gets in favor of christianity   You cant claim the Deist god had anything to do with this unless ignoranthe created thats it he had no plan no destiny to offer man and no protection to offer as he didnt threaten an eternal hell or even a moments hell   Then to bring Paine into it    To compare Paine the Father of the Revolution to Puritans to compare his call for rising against the priests the kings to the puritans talking about virtue  SLAVERY IS A VIRTUE TO CHRISTIANITY   Speaking of that perhaps this huge and insurmountable difference between the deist god that COULD coexist with AMerican ideas like inalienable rights the basis of our freedoms yet inalienable on a person is mutually exclusive with all powerful on a god they cannot coexist Kind of like liberty and christianity   What in Deism says EVEYTHING IS OURS THE REST OF THEM ARE NOT EVEN MEN BUT SLAVES  GOD DIDNT NAME EVE GOD GAVE HER AS PROPERTY TO ADAM WHO THEN NAMED HER AND ALL THE OTHER ANIMALS  MANIFEST DESTINY COULD ONLY COME FROM CHRSITIANITYWIKIPEDIA IS FULL OF LIARS   BEYOND BIASED AND GETTING GROSSER EVERYDAY I HOPE IT GOES UNDER IT SHOULD AS IT MAY BE FREE BUT ITS A FREE LIE AS ITS NOT OBJECTIVE ITS TAINTED BY CHRISTIAN COWARDS WHO HATE LIBERTY AND DEEP DOWN THEY KNOW IT  America saystheres no reason to think those people dont have rights after all they are INALIENABLE  that means even YOUR god couldnt take them away    <SPLIT><SPLIT> Open your eyesChristianity is the ANTITHESIS  of libertyand that is why liberty today is dead and instead the cowards continue seeking inequitable rights like a selfish child of 50 always demanding 100 of the attention yet the other 49 too decent to respond in kind by behaving as children and stepping on everyone else as much as possible   Manifest Destiny had no single source    Hmmmm   we all [[fuck]] its from christianity not ONE of us ever hearing otherwise it fits no other godsonly the one with all the racism and hate and fancy tantrum god that has his chosen peopleand hates the others that he didnt personally create and [[fuck]] like those of eden in the 2nd creation   Funny isnt manifest destiny echoing exactly what the bible says  Everything is yours go take it [[fuck]] em make slaves of em you have dominion over all things    If you cant figure out which religion is really just a policy of positioning a superior position on others in any situationjust look for the religion that has so little respect for its own god that it painted his skin to match theirs lol ya no it couldnt be that religion that caused a problem   surely not most problems we have today not the one that offers a GODs word to back up everything UNamericanslavery women and children as property pink skin called white and the ultimate importance of two things it seems   genital mutilation lol their first big council and a few others after were devoted to how to slice the penis or notimportant spiritual stuff and skin color   Frauds now manifest destiny isnt christian   I know its not a sin but to say that type of thing reveals you lie a lot to say something so ridiculous   Whats next are you going to claim the crusades was when you christians got so persecuted and thats how you got such a big religion well that and its the easiest in historyno practice Believe in jesus  SAVED  wow i wonder how much spiritual growth you get from a death religion with a one quick drivethrough step practice   At least the MUSLIMS are humble before something and more5 times a day  Find me that in a christian they cant be honest such to not look like complete idiots as  though the straight face will spare the humiliation  Course its not their faultone would have to constantly lie to believe in the  bible its all about avoiding realitythats why it never addresses it and instead teaches to escape itbut yes only after murdering all the savages stealing their property women and destroying their culture,0
