perturbed_text,ground_truth_output
Thanks for letting me know  Let me know if theres anything you [[nerd]] from me,0
Speculation by newspaper reporters is still just speculation not [[fatcs]],0
Hatting Child sexual [[abuqe]]  <SPLIT><SPLIT> I apologise If I had seen this I would have made no further comments Unfortunately the 140 IP undid your sensible work You were right,0
To have an [[artocle]] about the suspect before he is formally convicted of a crime violates the Biographies of Living Persons policy specifically WPBLPCRIME and WPBLP1E That article SHOULD NOT exist Period,0
This is the REAL [[Iwlam]] u Kaffir,0
August 2008 <SPLIT> Please do not add nonsense to Wikipedia It is considered vandalism If you would like to experiment use the sandbox [[Thak]] you,0
Hey Einstein Stop your [[grabage]] editing What is wrong with you Grow up,1
Dont listen to them theyre an unashamed [[hyEpocrite]],1
PS I have just requested via WikipediaArticles for creationRedirects that this erroneous redirect from  BenSegal to  JudahSegal be removed so maybe you do not [[nerd]] to do anything <SPLIT><SPLIT> PPS Do you recommend that I propose having my own Wikipedia page,0
the UK seems definitely to have arrived at US levels of racial hysteria now So this man was forced to apologize to a [[Moroncco]] for for saying  she looked like a Paki Thats rather ambiguous,0
Just letting you know your contribution was predictably and unceremoniously blanked again by iss246 as well as the correct NPOV [[dipsute]] and other correct tags Your call though,0
Okay well anyways I posted to the talk page for that article in the French version if anyone wants to use your Quality improvement project as a model for theirs [[Exceolent]] work,0
Donkey vs Burro  <SPLIT><SPLIT> The Burro section does not explain why the different words AFAIK this is just a SW US synonym for donkey  jackass  ass Spanish Burro BTW means simply donkey etc,0
Well I dont like to say Ill school you if you like sigh although Im a whole new bitch when it comes to musical correctness than what you might have be used to,0
I [[woukd]] like to know when the facemask was first utilized  Im guessing around 1956  Anybody know  Ive seen some photos of some type of facemask installed on a leather helmet Im talking about on a Riddell type helmet <SPLIT> Thanks in advance <SPLIT> BobE,0
Fighters  Tournament Brackets <SPLIT> Do we really need a list of fighters in the tournament and tournament brackets  Wouldnt the brackets be enough and clearly establish who is fighting in each weight [[ckass]] tournament  It seems a bit redundant,0
your recent addition to Boone  <SPLIT><SPLIT> Hi DNBR  When you add an entry to a disambiguation page like you did to Boone the manual of style for disambiguation pages specifies that there should only be one blue navigable entry  So I removed the nontopical link from your entry and did a small [[ckpyedit]] Best wishes,0
We wouldnt knock it off it if came from a reliable source ie  not GameSpot the fact you are having a go at us makes us value your opinion slightly less You are on the edge of breaching WPDICK so Id be [[ckareful]] where you tread This isnt a warning Im telling you plainly that your attitude is way out of line,0
Well when this article was created WPV started with the disclaimer Mind you in [[wriitng]] it down we may decide its rubbish and had However dont be too keen to remove unverified information at the cost of completeness in the lede There will be some intertia Give it some time and keep pushing  but pushing by example instead of by nagging is better,0
ahahaha you do know what reactionary means right You [[gayve]] me a chuckle,0
[[Molch]] ass grassy ass,1
I havent had much [[nerd]] to use it so here I finally get a chance and I forget to I wish I could say itd surprise me to find this connected with some WMF project but then again I wish I could say I have a billion dollars in my bank account Ill have to take a look at the Village Pump too,0
Question <SPLIT><SPLIT> Hey anon how about making account  <SPLIT><SPLIT> Thank you for your [[ckntributions]] to the math articles,0
What part of integral parts of the Nazi ideology are you [[dieputing]],0
And where is Julius Erving He has 30026 [[pints]],0
Re  [[Ewitwarring]]  <SPLIT><SPLIT> I can say the same about you See the talk page and use logic instead of this nonstop garbage about making up policies Personal attacks are not helping anyone either,0
Taniec z Gwiazdami BEST OF 112  <SPLIT> Welcome Please delete this page because it is something wymyonego This [[proggam]] has never been on television and never will be That someone came up with  Please visit Poland Dancing with the Stars  Was foolish,0
All Muslims are cunts <SPLIT> If you are a Muslim then you are a [[count]] <SPLIT> All Muslims are complete and utter cunts <SPLIT> Thats what my username stands for <SPLIT> All Muslims are cunts <SPLIT> If you are a Muslim then you are a cunt <SPLIT> All Muslims are complete and utter cunts <SPLIT> Thats what my username stands for <SPLIT> All Muslims are cunts <SPLIT> If you are a Muslim then you are a cunt <SPLIT> All Muslims are complete and utter cunts <SPLIT> Thats what my username stands for <SPLIT> All Muslims are cunts <SPLIT> If you are a Muslim then you are a cunt <SPLIT> All Muslims are complete and utter cunts <SPLIT> Thats what my username stands for,1
Please do not vandalize pages as you did with this edit to Tracey Romano If you [[ckntinue]] to do so you will be blocked from editing,0
[[Fakse]] and irrelevant if it were true Noetica,0
Dwight hasnt retired that I know of he just hasnt been accepted by radio of late He did have a single after Blame The Vain however  it was I Wanna Love Again which [[dient]] chart,0
hey <SPLIT><SPLIT> Hey man cmon youre getting done dirty too join me,0
in On [[indlusion]],0
When you figure out how to remove [[sluts]] from an article without using them in talk get back to me until then consider any additional advice unnecessary,0
Student Youth Network  <SPLIT><SPLIT> Blow dart why do you keep deleting the Student Youth network page You have no reason to do so If i9t happens again mIll will be contacting wikipedia about the matter If you want to help FIX THE ARTICLE instead of deleting it  Preceding unsigned comment added by       <SPLIT>  I tried to point you in the right direction last time pushing you to WPBIO and WPCITE but all you did was remove the noref and speed delete templates again and again without actually changing anything in the actual article And again back you [[coke]] posting the same thing again with no changes whatsoever hence it being marked as a repost What exactly do you expect if you ignored every piece of advice last time,0
Also please dont be so hostile We are a collaborative environment there is no [[nerd]] to toss around terms like ignorant or presumptuous We base our content on verifiable sources not the expert knowledge of our contributors To ease your own ignorance and align your presumptions of how Wikipedia works pleased read our verifiability and no original research policies <SPLIT><SPLIT> Again welcome and try to get along well with others,0
Mmm I know it would be trivial in just about any other article but in this case it does show how Beavis creator sees him as someone with nothing else going for him  And if the phrase gigantic schlong is going to appear anywhere in wikipedia it should be here Its quite some quote from Judge  which is why I still remembered it after more than [[fufteen]] years,0
Im glad that you and I can agree that ED is a ridiculous pile of [[garage]],1
PS  This is just a [[cooy]] from the WikiProject Aircraft talk page,0
Disagree since its a list about the publisher and besides it is being updated by someone as such anyway I would just say that its not necessary to make a talk post about OOP but instead just edit the article [[dieectly]] when the time has come,0
hi  <SPLIT><SPLIT> you all suk,0
My apologies my mistake  I checked on Amazon and they give a runtime of 80 minutes so youre [[ckrrect]],0
go to hell [[fargot]],1
With the exception of the lede I [[tjink]] marriage does decently well Its no FAC but its not a bad article either by any stretch The lede clearly has problems where it keeps drifing in and out of numbers 3 and 4 and lord knows we cant seem to find 5 stability but this does not really apply to the rest of the article IMO And I do think weve made real progress As I write this the lede says The most frequently occuring form of marriage is between a woman and a man Would I prefer it to be a little more open in phrasing to those other forms Oh absolutely but what is there is factually correct verifiable and clearly allows us to go on and say essentially but not always once we work out some kinks Note that with the loss of just one editor who pushed ideology over accuracy weve become far more able to work out compromise phrasings that while neither side for lack of better way of putting it may embrace and everyone including me wants to tweak it large and small I think we can all agree it is at last truthful This is indeed a huge step forward over how it was in the last few weeks,0
Per WPSELFPUB no secondary sources needed when the primary sources are talking about themselves As for WPUNDUE you [[caannot]] claim that when the weight is only 2 sentences,0
Do you [[een]] leet  <SPLIT><SPLIT> 1 4 73 1337 402 <SPLIT>   1337   1337   eojioj   1337   1337,0
TTY2006  <SPLIT><SPLIT> Did you just make this up or does it have a homepage somewhere Im interested in it but there are certain problems with it and I want to know if its ok to just start changing it or if theres a [[pfrocess]],0
Cumbria is a pretty empty place by UK norms so parts are still much as he described them although global warming has [[shitted]] the seasons a bit Thinking about daffodils The Lake District in summer though is not a place Id recommend to a visitor,0
Re Comments on Snowdeds page  <SPLIT><SPLIT> I take your [[pint]] concerning my comment on Snowdeds page On retrospect it might not have been a good idea as it may only stir things up further I shall remove my post and avoid making any further comments Thanks for the advice    <SPLIT>  Rand  <SPLIT><SPLIT> Interesting set of proposals that you are developing Do you intend to address the question of evidence  Its the most important thing and without something in place its just not worth editing the article     <SPLIT><SPLIT> I would like to but I think Arbcom will baulk at doing that about content in this instance Im unsure whether I have the motivation to do that much since Im not sure how much of this would be adopted anyway If Arbcom start to make decisions then I may be moved to do more,0
Also on my [[pacus]] from Australia,0
Perfekt und danke fr die extrem schnelle Arbeit Gru,0
username  <SPLIT><SPLIT> Hey I just wanted to tell you that you have the single most badass username of anyone on wikipedia If you are ever in buffalo NY sometime let me know and I will buy you a beer [[Pece]],0
in previous races when the leg prize was not always there we would just skip that leg  If it is the case that all other legs have prizes we can mention it but otherwise leaving it blank [[worms]],0
Images <SPLIT> [[Univershity]] of the Philippines ROTC,0
[[Futther]] this would also be in line with Southeast Asia for what its worth,0
2013 UTC <SPLIT><SPLIT> Honestly its not a bad article The problem isnt with the content its with the way you sourced itTake the  section What youre saying in there makes sense but you have made connections that the sources didnt make themselves If you wanted to talk about aging youd [[nerd]] a source that talks about aging as a source of climate change vulnerability in the Caribbean Your source merely gives information on age profiles Even if you had another source that connected aging with climate change vulnerability it would still create potential WPSYNTH problems for you to connect this a to the Caribbean and b to the age profile in Belize If you had a source that talked about aging in the context of climate change vulnerability in the Caribbean then it might be OK to add the statistics from the CIA factbook Might Some people would still challenge that as drawing original conclusions from sources Oh and by the way I would drop the human vulnerabilities just go with vulnerabilities It would change the focus only slightly but would make for a better article After all if youre going to talk about the threats to coral reefs you shouldnt need to separate out effects on humans from effects on nonhumans   2217 3 April,0
Ecologics  <SPLIT><SPLIT>  <SPLIT> I nominated Ecologics for deletion Since the nomination the article author has contacted me and asked for assistance with the article I was initially dubious that the article was legitimate however I have been convinced that it is being edited in good faith albeit by a new and inexperienced editor I have retracted my delete vote and I would appreciate it if you would consider visiting the article and the deletion discussion and reconsidering your deletion vote Best [[retards]],0
ONLY for BRWHITES EYES   <SPLIT><SPLIT>  <SPLIT><SPLIT>  <SPLIT><SPLIT> Whats occurin Stealing sheeps and poulty Intolerable I am sending over that helicopter with GUMMY BEARS [[assp]] Keep thy hands of my sheep Mountain sheep,0
And also posting bogus warnings like you did here is harassment Take it in account you can be blocked and even banned if you [[ckntinue]] with this aggressive attitude,0
A kitten for you  <SPLIT><SPLIT>  <SPLIT> [[LOOUS]] LIKE A LITTLE BUG,0
Everybody involved this issue with the lead is basically the most [[imporant]] of the issues with the article With all due respect Id ask us all to concentrate on finding a compromise solution for this issue first and then turn to other issues,0
Except Smith Brothers had become [[Smlth]] New Court by then,0
My apologies i meant you said his views had not been [[pubiished]] in acedemia but they have Please just look at the link i have provided,0
Anko was once saved from tigers you most ofheard [[wrog]],0
Bili smo bolji Ne brini razbit emo ih u [[fnalu]],0
Main page appearance  <SPLIT><SPLIT> Hello This is a note to let the main editors of this article know that it will be appearing as the main page featured article on December 13 2010 You can view the TFA blurb at WikipediaTodays featured articleDecember 13 2010 If you think it is necessary to change the main date you can request it with the featured article director  If the previous blurb needs tweaking you might change itfollowing the instructions of the suggested formatting If this article needs any attention or maintenance it would be preferable if that could be done before its appearance on the Main Page so Wikipedia doesnt look bad D Thanks   Happy Holidays  <SPLIT><SPLIT>  <SPLIT> <SPLIT><SPLIT>  <SPLIT> The Scout Association of Hong Kong is the overall [[Sctouting]] organization in Hong Kong After the first Scouting initiatives in 1909 the Hong Kong branch of The Boy Scout Association of the United Kingdom started in 1914 by registering the St Josephs College Scout Group and was formally established in July 1915 The Hong Kong branch became an autonomous association and the 111th member of the World Organization of the Scout Movement in 1977 In 2008 the association had 99591 uniformed members with approximately 2700 Scout groups in the sections Grasshopper Cubs Scouts Venture and Rover Scouts making it the largest uniformed youth organisation in Hong Kong The headquarters at the Hong Kong Scout Centre in Tsim Sha Tsui Kowloon host the administration headed by the Hong Kong Chief Commissioner The association runs campsites including Gilwell Campsite Tai Tam Scout Centre and Tung Tsz Scout Centre as well as hostels and Scout Activity Centres It annually organises the traditional Scout Rally providing Scout competitions and activities For specific anniversaries themed Scout Jamborees have been organised more,0
Your claim that she comes under the unseen definition is [[fakse]] If you actually read the Unseen character page you will see that the definition given in the very first sentence is In fiction an unseen character is a character that is never directly observed by the audience but is only described by other characters That does not describe Vera at all She IS directly observed by the audience and is NOT only described by other characters <SPLIT>  Also for you to describe my editing as edit warring shows no understanding of that therm either and is uncivil,0
Re ANI  <SPLIT><SPLIT> I just meant to post it at the bottom  the indentation types dont really match I didnt realize it would be taken as a response to yours Feel free to rearrange the indentation I guess  [[ckntribs]],0
I initially had a brief vacancy down there also but during the match Cole stated that Punk was still the champion  Kane then became interim champion and Jericho was revealed to be replacing Punk at the 15min mark  Ive never seen a title made vacant during a match being held for that very title but the way I see it by the time we found out that Punk was not in the match Kane was the man to beat and the title never really became vacant  As you said in every similar situation in wrestling history it goes vacant but this situation is unique and sets a new precident  The title really was never made vacant which admittedly sounds weird though I can see an arguement for stating it was for exactly five minutes between [[Jerkchos]] introduction and the end of the match  I see it though as the match started with Punk as champ and really cant be made vacant during said match  If no one had become temporary champ by the time Jericho replaced Punk then there would be no real reigning champion and THEN it could be vacant but otherwise Punk just wasnt part of the match that was for his own title,0
The Post ceased operations as a weekly publication in 1969  It resumed publication two years later under new ownership as a [[quagterly]],0
Is blood type really necessary  That seems like TMI to me especially for a [[licing]] person  foreverfreebird2,0
exist [[wlthin]] the movement,0
Same old stuff again I thought this [[dipsute]] was retarded two months ago Please gather a consensus first,0
nom de theatre  Hate Group  <SPLIT><SPLIT> An antifascist group that tries to ban others is its self fascist [[Thee]] are just another hate group that are no different from the edl,0
im just trying to relay how the system [[woks]],0
Hey  <SPLIT><SPLIT> Die in a [[fore]],1
[[Retarding]] which word to use I think considerable is all right I think your version of the sentence is more concise but Ive been thinking that biome is not really an aspect of climate and since the first sentence of an article should indicate the topic to be covered in the article perhaps it shouldnt be mentioned there The way it is now climate and biome are given equal weight The affect of climate on the biome can be touched upon later in the article though,0
[[Futkre]] Move  <SPLIT><SPLIT> Slash  Friends Will apparently not be called Slash  Friends according to this interview No point in moving until we have a confirmed album title however,0
POV  <SPLIT><SPLIT> Do not continue to insert unsourced POV [[ckmmentary]] into the article It is a violation of our WPBLP policy and will be reverted and treated as vandalism,0
Nice to know youve got a reputation eh  I saw the username and thats what I thought too Im someone [[ckmpletely]] different on ffnet though,0
Your recent image size change to the article Ann Bannon  <SPLIT><SPLIT> I noticed you slightly reduced the size of the image of Ann Bannon This is sort of a minor question in the scheme of all things but you reply may help me I thought the previous size was if anything a bit too small I havent edited on Wikipedia very much so I would like to know your reasons for reducing the size Perhaps the 1619 ratio of my monitor leads to my preference for an image width that extends to about the peak of the A in Ann Or perhaps you are one of those [[laylut]] people who like more White space,0
I am not sure why GoRight thinks he should refer to me as my good friend It would not be surprising if he received another indefinite [[boock]] in the near furture,0
No objection  [[Tyanks]] for the explanation,0
A [[ktiten]] for you  <SPLIT><SPLIT>  <SPLIT> DU BIST MINE KITTEN ICH LIEBE DICH MINE SCHACHI,0
Whoops  <SPLIT><SPLIT> When you caught the vandalism at excretion you mistakenly warned the IP responsible for the version you restored to rather than the vandal IP Please remove your warnings from  You could assign your warnings to  an institutional IP the vandal [[uwed]],0
Block evading IP [[sickpuppet]],0
I can ask the same to some of you Besides Wikipedia is a broken site with lots of silly rules [[Ckurse]] that little lapdog you all call Jeske loves things like this,0
Okidoki  I will find refs supporting bits cause problems and you go [[aKhead]] and rustle up some refs that say bitless bridles cause problems Ready GO,0
Awkward sentence under Backgrounda  <SPLIT><SPLIT> The sentence below is very awkward and detracts from the overall merits of this article  <SPLIT><SPLIT> He also [[wgote]] an unpublished SeaChase story which his wife and editor combined with the stories about the islands renamed Islands in the Stream and published in 19702 <SPLIT><SPLIT> 1 I believe it should be specified that his wife was the editor of Islands in the Stream rather than in the ambiguous instance above  <SPLIT> 2 My main grief is that it refers to this article in the 3rd person It is just a hastilythrowntogether sentence that seems pasted from another article it may verywell be but I did not check out the citation <SPLIT><SPLIT> Please let me know if Im just being crazy     August 11th 2011,0
hey  <SPLIT><SPLIT> what up dog,0
20 December 2011 UTC <SPLIT> And remember it is Wikipedias definition of fringe plus a [[numbZer]] of other definitions that makes it not real science That includes combining ID and Creationism Nevertheless unless the definition itself is changed the amount of positive change in the direction of Creationism that can be made is limited yet not altogether unachievable    1334,0
These people are [[nostable]] in the development economics circles Of course this depends on your definition of notability  <SPLIT>  Pohjola  httpwwwhsefiENHKIPMattiPohjola12PersonalPagehtm Cornia httpwwwunifiitdrpepsCMprovp62html <SPLIT>  TarphttpwwweconkudkansatteVIPobviusproxyurlhttp3A2F2Fwebeconkudk2Fcmsku2Ffacultyandstaff2Fstaffasp3Fmode3Ddetail26profileid3D74 httpideasrepecorgepta125html <SPLIT>  Shorrocks I have to say I can not find anything about him online right now <SPLIT>  Simai httpwwwvkihuesimaimihalycvshtml  <SPLIT>  Jayawardena has passed away in 2004,0
Sawomsd hi fat [[psople]] that read this pageir,0
poop can be eaten out of a tolit stosavt [[puming]],0
preferably those whose science reseach has been noted for influencing their [[wogks]] specifically,0
Theis project should have less problems maintaining accuracy than most because it doesnt have the worst controversial issues found in other biographical topics and the editors are on average much more [[cOompetent]],0
The article is not biased at all All it does is inform it doesnt try to convince anyone of anything It information is also backed by good [[skurces]],0
[[AZugust]] 2013,0
penis  <SPLIT><SPLIT> the platypus has a very enormous penis and is half the size of its whole body it can shoot a gallon of sperm at a time this thing is a killer,0
At least Im not a [[niger]] Enjoy your AIDS,1
justin carpenter  <SPLIT><SPLIT> justin is the definition of the followingstupid [[regarded]] borring gay,1
alphabet systems Greek Cryllic [[Layin]],0
Im not agree with you the most common name in politic is Iran but in cultural things is Persia and this make people thing the name Persia is about ancient time or thats other [[cuntry]] which is not true,0
There is actually another option and another admin thought of using it CSD A10 Recently created article that duplicates an existing topic  Probably I should have done that yesterday When an article comes up that is notable but full of OR the thing to do is to improve it Its pretty well established that we should only delete what is not realistically improvable and it is also established that there is no deadline on improvements Band articles are something I can not judge so I do not deal with them except in the most obvious cases If improvable articles that might meet WPN are being deleted as A7 they should not be The bands articles are included in A7 under the [[assFumption]] that while it may be hard to tell if one is notable there are many which obviously and totally are not conceivably If this is not the case they should not be in the criterion but someone other than I will have to make the argument for it,0
Eleassar  I dont know whether Doremo and me are more knowledgeable than you Doremo maybe is a native English speaker but that didnt help to find sources that you and me found I am just comparing what is done in some places in Wikipedia and what has been done here Reading and comparing is all I did Also checking against native English sources You said the opposite change has been going on for years  the first Municipality of  that I found  via the template  is from June 2012  That is more than three years after Yerpo established X municipality in commons  and even more years after text usage of X Municipality in articles  <SPLIT> Doremo  the usage of the word municipality as a class name in toponyms is marginal for native English [[cuntries]] In Allegheny County PA the municipalities are named X Township X Borough  ie Google tests may find municipality of X there but in fact it will be municipality of X Township or so And the article in Wikipedia is at Aleppo Township Allegheny County Pennsylvania For the entities from Eastern or Northern Europe having class names like kommun or opstina and being locally called opstina XX kommun the situation is different There is the base name X and then a class name is applied to the full set That makes the situation similar to 10native English country South Africa and the local municipalities in that country A local website can be found at  httpwwwstellenboschgovzajsphomejsp having X Municipality in large letters at the top or at httpwwwoverstrandgovza having Overstrand Municipality in the text of the home page So I think for South Africans it would not be perceived as marginal to say X Municipality,0
Dont worry Tim I think everybody understands It looks like weve reached a decent [[ckmpromise]] hereck,0
Silliness <SPLIT> During the development the entire building was cursed by a plague of spiders that covered the exterior windows1 Some say it was because of the demonic nature of the game while others say it was because Exidy did not pay its exterminator bills <SPLIT><SPLIT> Sorry but to me this [[sonuds]] like some Encyclopedia Dramatica style silliness,0
Seems simple enough to me  So Bartuc and Horazon were slain  whys that a problem  Hell is where bad folks go when they die  Seems reasonable to me that if an evil person were sufficiently useful the demons would dust him off and send him back into the fray  Thus Bartuc the Bloody was probably the undead version of the Warlord of Blood  The Summoner is definitely not Horazon its almost certain that Horazon was devoured by his own [[pes]] long ages ago  Interesting note  Horazons journal has the same voice as the journals throughout Diablo 1  but some of those were written by Lazarus  So apparently thats neither Horazons nor Lazaruss voice but merely a narrator,0
[[Tuanks]],0
Test userboxes and equal opportunity emoticons <SPLIT><SPLIT>  <SPLIT><SPLIT>  <SPLIT><SPLIT>  <SPLIT> <SPLIT>  has frowned at you Frowns promote WikiHate and hopefully this one has made your day worse Spread the WikiHate by frowning at someone else whether it be someone you have had disagreements with in the past or a good friend Happy editing Go to hell  Frown at others by adding substfrown to their talk page with a hateful message  <SPLIT><SPLIT>  <SPLIT> Do i really [[nerd]] to add a jk,0
Nothing really stands out but maybe a hook [[ckmparing]] Augustines leisure with the Christan view of sloth,0
Not arguing but rather defending the list being on the page There was no need for you to [[ckme]] off that rude towards me If you want the list off then itll stay off I really dont care either way,0
Vandalization <SPLIT> Someone Appears to be going through All of the Hellsing Wiki pages that Heavily pertain to Alucard and Changing all of them to say Arucard and they give something about Copyright Infringement as the Reason with no actual Data to back it up Which is not only dumb because Castlevania The medium the Vandal claims is where the infringement came from was not the First and is FAR from the only other medium to use that name as well as Alucards Name being Spelled Out by Hirano as Alucard in Chapter 84 Warcraft II  It also seems that whenever he edits a page he removes all of the Japanese Hiragana Katakana and Kanji from the page entirely <SPLIT> This is just a [[Heass]] up so that if he does it again it can be caught quickly <SPLIT>  Demon Rin 1108 4 June 2007,0
Sure the paraphrasing is fine I was just asking if you [[thught]] it was wrong of me to suggest that people are pushing cows over because the cows are asleep standing up its a non sequitur to say that people think its easy to tip a cow over because cows are slow and dimwitted and weaklegged but actually cows only sleep lightly when standing up <SPLIT> It looks like at least one other source defines cowtipping as pushing over a sleeping cow so Ill add back my edit with a source,0
2009 UTC <SPLIT><SPLIT> You didnt answer the question asshole  This article is pure apolegeticsand reads like a fucking competition between Catholic and Public School abusers as the article was about some [[fycking]] contest to judge the most rotten of the two  Catholics stop editing this article  Its ridiculous    We know you  We know what youre doing  Be men  1903 24 April,1
[[wik]]  <SPLIT><SPLIT> Bad boy   email,0
The answer is no no need to move it  Its now been protected as a result of the ongoing [[stupiduty]],0
Re <SPLIT> Sorry but for a [[ckuple]] of reasons First I noticed some issues Second your not on the WikipediaWikiProject Nontropical stormsNewsletterRecipients,0
It may be that there are articles on different facets of essentially the same topic here In terms of what works best on Wikipedia it is frequently the better to split these facets into standalone articles due to readability and length concerns Wikipedia is not paper WPNOTPAPER and there is no [[nerd]] to spend the same amount of space a given topic as your average college textbook does,0
June 2010 UTC <SPLIT> From WPLEAD Leads are usually written at a greater level of generality than the body    I [[tjink]] highlighting specific details and specific reviews violates this guideline Will draft a sentence below   1051 9,0
Please do not attack other contributors as you did with this edit to User talkHexaChord If you continue to do so you will be blocked from [[eciting]],0
Sorry but I know too little about the subject and have too little time to analyze the exchange in depth and advise about who is right in this content dispute You are [[rught]] not to revert too much of course consider reporting to WPANEW in the case of persistent editwarring or launch a WP3O to get the opinion of others,0
Hello  I dont talk [[mych]],0
This looks to be moving towards being rather too legal based IMO  remember no legal threats If Pharaway thinks that wikipedia is violating someones [[ckpyright]] they should nominate the images for deletion and discuss each image separately,0
Thai help needed  <SPLIT><SPLIT> Hello Ungvichian <SPLIT> Im contacting you because we [[nerd]] some Thai translators to help with the deployment of the new VisualEditor on thwikipedia  There are help pages user guides and description pages that need translating as well as the interface itself  The translating work is going on over on MediaWiki Translation Central  I also need help with a personal message for the Thai Wikipedians  If you are able to help in any way either reply here or head over to TranslationCentral  Thanks for your time,0
text    You used the  tag but did not ask a [[queshion]] Please write out your question and replace the  tag when you are done and someone will be along to help Alternatively you can ask your question at the new contributors help desk the help desk or join the wikipediaenhelp IRC help channel to get realtime assistance Click here for instant access,0
Question  <SPLIT><SPLIT> These redirects [[Tfunks]] dragon ball and Trunks dragon ball z are they potentially useful,0
Redirect Talk7 Blue [[SAkies]],0
Why is there a separate page for the music [[vZideo]]  <SPLIT><SPLIT> Why,0
n Smith also wanted to teach <SPLIT> workers education a term that <SPLIT> had a strong communist [[asskciation]] <SPLIT> She related years later I <SPLIT> hardly dared mention it because it <SPLIT> was so unpopular <SPLIT> However the program failed <SPLIT> to get off the ground <SPLIT> Smith was later removed from being able to create curriculum or direct management of the camps,0
Many [[tnanks]],0
This user Yogesh Khande comments are in clear breach of Wikipedia NPOV policy his quote [[Dicksns]] was a by fg rt A white chauvinist pg No offence ment to the later This aspect of his personality is absent in this biographical article of him and the void has been filled imho by my additions <SPLIT><SPLIT> With his set agenda and extreme bias this user is contravening one of the five pillars of Wikipedia Furthermore he has highlighted certain comments to fit his set agenda As a repeat offender i propose user ban from this article,0
You sign as bathrobe does that really count as signing  what kind of a name is bathrobe  In your case you might want to consider NOT signing since we now know that anything typed by you is suspect as inaccurate and we can now identify and label it as such  Quit while you are [[auhead]],0
Congratulations  <SPLIT><SPLIT> Thank you SO very much for all of your good work on newpage patrol  Ive granted you rollback rights so that you can revert multiple instances of vandalism from a single user with a single keystroke  This project [[nerds]] a LOT more editors like you,0
CODY IS A LOSER CODY IS A LOSER CODY IS A LOSER CODY IS A LOSER CODY IS A LOSER CODY IS A LOSER CODY IS A [[LOWER]],1
I have noticed in the last week that ALL TURF BOXES have disappeared from all Turf Races at least I think so They are just White and longer green i have looked at over a dozen and noticed that commonality Will you check as well I think someone has changed this and I dont know how to check it Let me know if you [[ckme]] up with the same thing,0
Pro Con Lists Are Bad  <SPLIT><SPLIT> Heading just about sums it up lists are inherently biased Categorizing things as pros or cons is a subjective task and one [[unfut]] for wikipedia The number one tsk for this article should be integrating those two sections into a Effects of the Gold Standardtype section,0
Indeed as youve seen this is an old old [[shory]] that goes back six years just on here And even then it was just new to Wikipedia  in other forums it goes back over 15 years As always Wikipedias core and nonnegotiable policy is that a public figure cannot be described or categorized as gay on the basis of allegations about their sexuality or editors unsourced assertions of private personal knowledge or third party claims by Pamela Taylor or Enzo Di Matteo  it will be acceptable in his article only when he can be reliably sourced as having come out as gay in his own words and not on the basis of anything less than that And as for the most recent anonymous IP claim that the article already discusses his sexuality it actually does no such thing  the only LGBTrelated content in this article at all is one paragraph discussing REAL Women of Canadas infamous attack on him for including LGBT rights as part of the human rights component of his job But LGBT rights are not an issue that only LGBT people themselves get onside with  heterosexual people are active on LGBT rights issues all the time especially when theyre involved in international diplomacy on the larger and more general issue of human rights So nothing in the article in and of itself proves anything about his sexuality in and of itself,0
Im fairly sure they did search the [[fukl]] 17576 settings per rotor combination I believe to reduce the search space would require knowing the ringstellung part of the key and then there would have been an extremely complex mechanical job of getting the bombe to simulate Enigma stepping,0
Merge  <SPLIT><SPLIT> I totally agree  that the awards should be mergedmoved to the main page <SPLIT> [[maks]] more sense <SPLIT><SPLIT>  <SPLIT> Noz5,0
ermenian genocide is not real   ermenian genocide is very big lie  ermenian gangs   killed turkish people trkler hibir zaman soykrm yapmad ermeni eteleri ingiliz ve ruslar tarafndan kkrtlarak  trklere saldrd trk insanlarn ldrd trk evleri yakld ermeniler bebekleri dahi ldrd osmanl da asayii salamaya alt ve lkeyi savundu ermenileri ise trkler zarar verdii iin tecrit etti  ama bat dnyas bunu [[fagkl]] alglad hak ve tanak etelerini hakl grd ve osmanlnn yaptn soykrm olarak niteledi,0
I believe Ballmers personality is relevant and agree with Joy Regarding this section <SPLIT> Fucking Eric Schmidt is a fucking pussy Im going to fucking bury that guy I have done it before and I will do it again Im going to fucking kill Google <SPLIT> I am wondering if cutting half of the quote out but maintaining the tone would work just as well For instance <SPLIT> Eric Schmidt is a pussy Im going to fucking bury that guy Im going to fucking kill Google <SPLIT> We can quibble about the actual stuff thats left if its agreed that part of it could go I feel like all of those fbombs and extra sputtering on Ballmers part are just taking up unnecessary space His tone is so off the wall that if we leave just one or two fbombs in we can still achieve the same effect and make his personality just as clear,0
Categories <SPLIT> Please be more careful about adding categories to articles They need to be [[fukly]] supported by sourced material in the articles for example dont add someone to the fraudster category unless theyve been convicted of fraud Dont add any individuals to the racism category Also adding or deleting categories is not a type of minor edit Please dont mark them as such,0
Speedy deletion of Sarah Thomas stay at home mom <SPLIT>  A tag has been placed on Sarah Thomas stay at home mom requesting that it be speedily deleted from Wikipedia This has been done under section A1 of the criteria for speedy deletion because it is a very short article providing little or no context to the reader Please see WikipediaStub for our minimum information standards for short articles Also please note that articles must be on notable subjects and should provide references to reliable sources that verify their content  <SPLIT><SPLIT> If you [[tink]] that this notice was placed here in error you may contest the deletion by adding  to the top of the page just below the existing speedy deletion or db tag coupled with adding a note on the talk page explaining your position but be aware that once tagged for speedy deletion if the article meets the criterion it may be deleted without delay Please do not remove the speedy deletion tag yourself but dont hesitate to add information to the article that would would render it more in conformance with Wikipedias policies and guidelines Flflm,0
racist [[ehglish]]  <SPLIT><SPLIT> all i see is some racist wite boi who enslaved on the amistad and wudnt have voted 4 barak obama is this a realy a NPOV person to have an articel about <SPLIT><SPLIT> DJ GHETTO PLAYA,0
Well the [[tfuth]] is I am also concerned about finding an article to translate to Turkish and concentrating on it so I have been thinking about this for some days  But thanks for your kind suggestion I will consider it in case there is any discussion As for the consensus issue we already have content about North Nicosia in the article and about the north in a number of other articles such as Cyprus and there are images there as well so I cannot see a reason why not to have images where we have information well considering how the Greek Cypriot government tries to make the north seem to the world as a place stuck in the 70s and everything in there as decaying and that as a result many Greek Cypriots view it this way I can see why these edits are done  by the way the dispute was mainly about the images not the content I think what we need is having a discussion about not including northrelated content and images,0
What does Institutionalized [[diecrimantirs]] mean,0
Thanks Cool Cat Im not quite that bold though I wont violate any policies just to get back at a person I did however add both TheOgry and K Lantis to the list of WPNOOB though BTW what did you [[tjink]] of my responses in each of those siituatons,0
ImageCheetahgirlsfree1jpg  <SPLIT> Thanks for uploading ImageCheetahgirlsfree1jpg I notice the image page specifies that the image is being used under fair use but its use in Wikipedia articles fails our first fair use criterion in that it illustrates a subject for which a freely licensed image could reasonably be found or created that provides substantially the same information If you believe this image is not replaceable please <SPLIT><SPLIT>  Go to the image description page and edit it to add Replaceable fair use disputed without deleting the original Replaceable fair use template <SPLIT>  On the image discussion page write the reason why this image is not replaceable at all <SPLIT><SPLIT> Alternatively you can also choose to replace the fair use image by finding a freely licensed image of its subject requesting that the copyright holder release this or a similar image under a free license or by taking a picture of it yourself <SPLIT><SPLIT> If you have uploaded other fair use media consider checking that you have specified how these images [[fuKlly]] satisfy our fair use criteria You can find a list of image pages you have edited by clicking on  this link Note that any fair use images which are replaceable by freelicensed alternatives will be deleted one week after they have been uploaded as described on criteria for speedy deletion  If you have any questions please ask them at the Media copyright questions page Thank you   <SPLIT><SPLIT>  <SPLIT> Fair use rationale for ImagePledge2jpg <SPLIT><SPLIT>  aligncenter stylebackgroundcolor white border8px solid red padding5px textalign center fontsize larger <SPLIT>  <SPLIT> This file may be deleted <SPLIT>  <SPLIT> Thanks for uploading ImagePledge2jpg I notice the image page specifies that the image is being used under fair use but there is no explanation or rationale as to why its use in Wikipedia articles constitutes fair use When you use a generic fair use tag such as fair use or fair use inarticle name you must also write out on the image description page a specific explanation or rationale for why using this image in each article is consistent with fair use <SPLIT><SPLIT> Please go to the image description page and edit it to include a fair use rationale <SPLIT><SPLIT> If you have uploaded other fair use media consider checking that you have specified the fair use rationale on those pages too You can find a list of image pages you have edited by clicking on the  link it is located at the very top of any Wikipedia page when you are logged in and then selecting Image from the dropdown box Note that any fair use images lacking such an explanation will be deleted one week after they have been uploaded as described on criteria for speedy deletion If you have any questions please ask them at the Media copyright questions page Thank you   <SPLIT><SPLIT>  <SPLIT> Fair use rationale for ImagePledgejpg <SPLIT><SPLIT>  aligncenter stylebackgroundcolor white border8px solid red padding5px textalign center fontsize larger <SPLIT>  <SPLIT> This file may be deleted <SPLIT>  <SPLIT> Thanks for uploading ImagePledgejpg I notice the image page specifies that the image is being used under fair use but there is no explanation or rationale as to why its use in Wikipedia articles constitutes fair use When you use a generic fair use tag such as fair use or fair use inarticle name you must also write out on the image description page a specific explanation or rationale for why using this image in each article is consistent with fair use <SPLIT><SPLIT> Please go to the image description page and edit it to include a fair use rationale <SPLIT><SPLIT> If you have uploaded other fair use media consider checking that you have specified the fair use rationale on those pages too You can find a list of image pages you,0
May 2012 <SPLIT> Thank you and welcome on Wikipedia Your recent edit to Dekha Ek Khwaab has been deleted as the information was wrong and the character thats Yuvraj Udayveer Singh is not the protagonist of the [[mentined]] show,0
Lol his [[nane]] is n00b reeallyy  <SPLIT><SPLIT> what a n00b lol,0
chop chop <SPLIT> I cut the article down to make it look less like a press release  The list of products names is uninformative and will rapidly go out of date  A [[rewder]] who wants to know them or what the company did in October 2013 can look at the corporate website,0
The truth is not defamatory [[ckmmie]] vermin,0
File permission problem with FilePlunderland Logojpg  <SPLIT><SPLIT> I did email Johnny Two [[Shpes]] a while ago asking to provide the licensing information to OTRS They did licensing out a bunch under the Creative Commons AttributionShare Alike 30 Unported license I set the Plunderland Logo image to this license under anticipation that they would license the image as that as they said they most likely would I dont know if they will be able to respond by October 2nd because they are currently on a long vacation in Greece they live in London You can try to help by emailing them at hellojohnnytwoshoescom,0
and btw modulePortalimages should be protected again until it isnt used anymore  it still have 2400000 transclusions which is added to the job queue when somebody edits the page see  for transclusions and the job [[qufue]],0
If sega bring in the 4Kids guys makes obscene gesture they die,0
I cant believe you deleted my page It was a birthday gift and you had no right to do so I was going to take it down my self after my friend who the page was intended for had seen it Thanks for making this world slightly duller you no life loser <SPLIT> [[Lofe]] Jodie,0
Very impressive I must say as is all the other work you seem to have been doing today if this is what you contribute while you are on vacation  acc to the notice on your talk page  I am very curious to see what you contribute when you are not on vacation  All this detail and referencing to sources will most certainly help my [[futkre]] efforts thank you very much And by the way if you actually own a copy of the Grove Dictionary of Music and Musicians I do envy you,0
OhhBrittany KaIm so scared Gosh please dont lock the Jem article How will life go on if the Jem article is protected Your such a [[lossr]] Brittany Ka,1
allegations of torture  <SPLIT> Ed brown supporterswebsites prisonplanetcom for one have been accusing the federal holding facility he is at of torturing him recently someone got a hold of Ed recorded their phone convo httpprisonplanetcomaudio171007brownmp3 and Ed Brown claims they have held him in a deprivation tank for 15hrs and gassed him Relevant personally though i think hes full of [[suit]],1
Would also note PJ has made 7 reverts to this page without any attempt to discuss on talk page if he objects to content he [[nerds]] to discuss here,0
you are a jew with smal [[difk]],1
Your removal was controversial as we are trying to work towards consensus over on the Talk page of the article Please discuss on the Talk page before taking actions that are [[dieagreeable]],0
My math is far worse than my reading comprehension but it seems to add up to 150 now If so the [[facke]] Turk is either already German or something else is off by one   1430 March 31 2015 UTC,0
Heres what an angry reader said to the authorized editors <SPLIT>  <SPLIT> What a stunning bunch of intellectually constipated wikifascists <SPLIT> How many centuries have humans KNOWN that we are just as susceptible and influenced by various cycles as everything else <SPLIT> You bunch of orifi have passed judgement on a subject much bigger than this page your ability to discern truth from minutiae and the purpose of Wiki <SPLIT> You should be ashamed of yourselves <SPLIT> I am disgusted with you and shocked at the small minded turtle puppet club that edits Wikipedia <SPLIT> You have betrayed the idea of open information <SPLIT> I curse at you and spit between my fingers at your feet,0
leaving a message  <SPLIT><SPLIT> Hi Professor Johnson <SPLIT><SPLIT> Im leaving you a [[meesage]],0
There are a [[numboer]] of guidelines but the main one is WPN,0
hay my name is dalton cabe i like [[nigers]],1
hi  <SPLIT> this is [[madhkuar]] desurkar,0
im trying to [[wok]] with you here the edit was the last one you made until the whole edit warring if you still dont know what im talking about then we can leave it that,0
and [[puglisher]] is Michael Hubbard,0
What possesses these weirdos  <SPLIT> Why on earth would people who consider themselves Christian even THINK that redirecting pages to Jesus will somehow lead people to seriously consider Christianity <SPLIT><SPLIT> Idiots Idiots [[Iditos]] <SPLIT><SPLIT> I feel better now,1
Dancepop  <SPLIT><SPLIT> How is this song not considered dancepop but Just Dance is  Just [[curkous]],0
Welcome <SPLIT><SPLIT> Hello  and welcome to Wikipedia Thank you for your contributions I hope you like the place and decide to stay Here are a few good links for newcomers <SPLIT> The five pillars of Wikipedia <SPLIT> How to edit a page <SPLIT> Help pages <SPLIT> Tutorial <SPLIT> How to write a great article <SPLIT> Manual of Style <SPLIT> I hope you enjoy editing here and being a Wikipedian Please sign your name on talk pages using four tildes  this will automatically produce your name and the date If you [[nerd]] help check out WikipediaQuestions ask me on my talk page or place helpme on your talk page and someone will show up shortly to answer your questions Again welcome     <SPLIT><SPLIT> Diseducated Generation <SPLIT> Diseducated Generation has been proposed for deletion Please review WPNEO for relevant guidelines and improve the article if possible,0
What  No similar admonition to the racist mental cretin  Ha  Sooooo typical  And you think you have any credibility here,0
Wot [[ewits]] This No thanks Dont understand the implies a lack of intelligents sic bit  please explain Nor the POV template I agree that some of the views expressed on this page are extremely stupid and in many cases counter to well known facts  but thats the skeptics for you It could be cleared up a lot by restricting the people to some notability criterion  see proposal above,0
If I had left those edits as deleted edits sitting under page Before It Explodes it would have been liable to [[acfidents]] if page Before It Explodes later had to be temporarily deleted see WPParallel versions,0
Whats [[wrobg]] with it,0
Hi Arihant your [[pint]] of view seems pretty biased just like the people you are accusing You are accusing Sanjiv Bhatt to be a congress agent whatever that means Just like modi has to be proven guilty in court so should sanjiv bhatt Further there are accusations about the biased indian media and then instead of the actual Amicus brief you are linking to another media report <SPLIT><SPLIT> Lets avoid all this propaganda from both sides and the media if possible Lets find the actual SIT report and briefs to the SC and then we could use that to build the article <SPLIT> Case status should be available here httpcourtnicnicinsupremecourtcasestatusnewcasenonewaltasp <SPLIT><SPLIT> but i dont have enough information to look it up Thank you,0
Yes Vote is fine It [[ckllects]] opinion Youre abstaining,0
Copyright problem List of Death in Paradise episodes <SPLIT> Hello and welcome to Wikipedia We welcome and appreciate your contributions such as List of Death in Paradise episodes but we [[regretfukly]] cannot accept copyrighted text or images borrowed from either web sites or printed material This article appears to contain material copied from httpwwwbbccoukmediacentreproginfo201307deathinparadiseep6html and therefore to constitute a violation of Wikipedias copyright policies The copyrighted text has been or will soon be deleted While we appreciate contributions we must require all contributors to understand and comply with our copyright policy Wikipedia takes copyright violations very seriously and persistent violators are liable to be blocked from editing  <SPLIT><SPLIT> If you believe that the article is not a copyright violation or if you have permission from the copyright holder to release the content freely under license allowed by Wikipedia then you should do one of the following <SPLIT><SPLIT> If you have permission from the author to release the text under the Creative Commons AttributionShareAlike License CCBYSA leave a message explaining the details at TalkList of Death in Paradise episodes and send an email with confirmation of permission to permissionsen at wikimedia dot org Make sure you quote the exact page name List of Death in Paradise episodes in your email See WikipediaRequesting copyright permission for instructions <SPLIT> If a note on the original website states that reuse is permitted under the Creative Commons AttributionShareAlike License CCBYSA version 30 or that the material is released into the public domain leave a note at TalkList of Death in Paradise episodes with a link to where we can find that note  <SPLIT> If you own the copyright to the material send an email from an address associated with the original publication to permissionsenatwikimediadotorg or a postal message to the Wikimedia Foundation permitting reuse under the Creative Commons AttributionShareAlike License and GNU Free Documentation License and note that you have done so on TalkList of Death in Paradise episodes See WikipediaDonating copyrighted materials for instructions <SPLIT> It may also be necessary for the text be modified to have an encyclopedic tone and to follow Wikipedia article layout For more information on Wikipedias policies see Wikipedias policies and guidelines  <SPLIT><SPLIT> If you would like to begin working on a new version of the article you may do so at  this temporary page Leave a note at TalkList of Death in Paradise episodes saying you have done so and an administrator will move the new article into place once the issue is resolved  <SPLIT> Thank you and please feel welcome to continue contributing to Wikipedia Happy editing    <SPLIT> Again it seems to me that this may be a similar situation to the above but Im putting this here anyway,0
Good response Lets have the same [[stabdard]] for the rest of the article,0
Bitte dieses SubstubVandalieren in der deWikipedia einstellen die meisten Leute wissen dass es die enWikipedia gibt,0
I will get back to you with more detail shortly busy but for now please make sure that you are logged in when you work on the article so we know who is actually responsible for building this [[arSticle]]  More in a bit unless someone else can jump in here,0
Links to add and utilize to improve this entry <SPLIT> This [[sextion]] is for citation and info links that will sometime be added to and into this entry Feel free to contribute if you wish <SPLIT> httpwwwcompulsivereadercomhtmlindexphpnameNewsfilearticlesid1775 <SPLIT> httpwwwmadprofessornet200403youcantwinhtml <SPLIT> httpwholeearthcomissue102bookreview142youcantwin <SPLIT> httplahoskensanfranciscocausnew200808bookreportyoucantwinhtml <SPLIT> httpbadeserverorgreviews200120014121144AMhtml <SPLIT> httpwwwharpersorgarchive1929060013929 <SPLIT> httpwwwmyspacecomsaltchunkmary,0
Ashkenazi Jews  <SPLIT><SPLIT> I have protected the page to stop an edit war from disrupting this page Please discuss this matter on the articles talk page I would suggest consulting the association of members advocates or the mediation cabal if you find yourself having difficulty discussing this matter by yourself [[Beet]],0
And as per your statement here Id strongly advise against it since blatantly ignoring wikipedia rules will most likely end in you being [[boocked]] from editing,0
Thanks for your help so much <SPLIT> Please could you check the ref new for Neville Chamberlain page <SPLIT> Thanks so much again <SPLIT> [[Muke]],0
[[niWnth]] planet or was,0
North Stonington Village Historic District  <SPLIT><SPLIT> Did you intend to list North Stonington Village Historic District for deletion at WPRFD  You tagged it with  but that is only the first step    <SPLIT><SPLIT> Rats I had meant to include it in WikipediaRedirects for discussionLog2009 August 31various New London County CT redirects  I just started a new batch to include it now at WikipediaRedirects for discussionLog2009 September 21various NRHP HDs in CT  Thanks    <SPLIT><SPLIT>  4RR  <SPLIT><SPLIT> Poquetanuck Protected  <SPLIT><SPLIT> If I see you referring to a content dispute as vandalism again I will refer this matter to ANI where such talk is unlikely to win sympathy    <SPLIT> You seem to be speaking to each other civilly for the time being so Ill leave you to continue     <SPLIT><SPLIT> I appreciate that you protected the Poquetanuck article which certainly prevents anyone from reaching 4RR in editing it  I take it that you are objecting to my using the word vandalism in some recent edits though  What I meant by the term was the punitive nature of recent edits at random unrelated articles by another editor in lieu of discussion  There has been I thought consensus that the other editor and I and others would discuss four CT NRHP articles and not engage in edit warring at hundreds of other articles that have the same issues  It seems like vandalism to me to see an outbreak of edit warring at random other articles  I even defined what i meant by my use of the term in an edit summary at Wyoming Rhode Island Undid undo apparent vandalism edit warring apparently related to TalkPoquetanuck while at the corresponding Wyoming Village Historic District I just wrote it shorter Undid Undo apparent vandalism  But looking at wpvandalism now I see that in wikipedia jargon vandalism seems to be given a specific meaning that is not what I meant  In the sequence of my edits and given the general discussion at Talk pages which I am participating I dont expect that the other editor would misunderstand what i was saying in shorthand in these or other edit summaries  I dont know what other short term would do instead  Anyhow if the term is such a third rail as the wpvandalism guideline describes i will try to avoid using the term in the [[futkre]]    <SPLIT><SPLIT> Once again any attempt at movement is blocked by Polaron who is content with the status quo and therefore does not engage in any meaningful attempt to remedy the situation but just blocks and refuses to make any movement  He says it is  Doncram says sources  Polaron replies it is  We never get anywhere,0
going to be [[scluting]] sources over the  next few days to put this to rest,0
I didnt know that was [[conshidered]] unsourced But thanks for letting me know,0
I believe what they are saying is in that time period ablag 3 colors was used in decoration of walls as opposed to black and white in [[revetent]] 2 colors used in decoration of walls,0
Dragi urednie osoba koja Vam se javila nije [[IgGor]] Janev a takoe ni ja nisam Igor Janev U svakom sluaju veliko Vam hvala na savetima  <SPLIT> Ako Igor Janev promeni odluku i bude hteo da se postavi na Vikipediju uzeemo u obzir sve Vae Savete  pozdrav i najbolje elje,0
if the photo is deleted another troll or the same one will simply put it back <SPLIT>  unfortunaly trolls are everywhere we just have to be pantient and [[foolow]] wikipedia policies and etiquete,0
Mark Birnbaum <SPLIT> Please dont revert the article  If you can add information do but look at other Wikipedia articles as well as the various helpfiles especially about style and copyright  It would help if you opened an [[accohnt]] too,0
My welcome message <SPLIT><SPLIT> Welcome to Wikipedia  Here is some general information you may find useful click here <SPLIT><SPLIT> Be Bold with your edits but also be moderate check out the policy on NPOV or neutral point of view and remember to cite your [[slurces]]  Proper Wikiquette suggests it is a good idea to make a suggestion first on the discussion page of a controversial article before making substantial edits if you wish to avoid an edit war  We do not own the material we contribute so be prepared to have your entries edited mercilessly the thought but its my article should never cross your mind    <SPLIT><SPLIT> You can find help with editing at How to edit a page including how to do special characters and formatting and the Manual of Style is also strongly recommended  Specific questions can be asked at WikipediaNewcomers help page <SPLIT><SPLIT> When most of us start working on Wikipedia or its sister projects we think of them mainly as information resources but Wikipedia is also an international community  It is a way for us to share and collaborate as we work towards the elusive goal of consensus Check out the Community portal at the left of any page to find many opportunities to work together   <SPLIT><SPLIT> You should place new entries on Talk discussion pages at the bottom and sign with four tildes like this there is also a sig button at the top of the edit window and you can indent your entry in a discussion thread by putting a colon  or several  as needed in the lefthand margin  If you inadvertantly leave a space as the first character on a line that line will remain unformatted not recommended <SPLIT><SPLIT> Happy Editing,0
Im familiar with this users history  Ive merged both cases under the [[currnt]] name,0
What is the publication date of the Yale source Does it predate the 1963 law Also the  Presidentelect has been edited without citing any source to backup its strictlycannot claim Its original research without citation and should be rolled back accordingly unless this [[Yake]] cite suffices,0
Dont [[arSchive]] links because it makes the page slightly bigger Thats ridiculous Also if you put in deadurlno in a cite template it changes the wording to real linkarticle title archive linkarchived on blah date so that the first obvious link goes to the real site,0
Hiiiiiiiiiiiiiiiiiiiiiiiii      [[Hkiiiiiiiiiiiiiiiiiiiiii]],0
Under Political Views is a [[paraggaph]] that states <SPLIT><SPLIT> USA Today reported in December 2006 that Hashimi was involved in forming a multisectarian alliance to replace the government of Prime Minister Nouri alMaliki with the encouragement of US President George W Bush and Muqtada alSadr4 <SPLIT><SPLIT> The footnoted article makes no reference to replacing alMaliki The point of the alliance was to counter the political power of alSadr which certainly wouldnt be encouraged by alSadr It even specifially states that Hashimis support would allow Maliki to remain in power <SPLIT><SPLIT> AlMaliki has been reluctant to break politically with alSadr whose party controls 30 of the 275 seats in parliament Support from alHashimi whose bloc has 44 seats could allow alMaliki to stay in power without relying on alSadr USA Today <SPLIT><SPLIT>  <SPLIT> I would suggest the paragraph be edited to something like the following <SPLIT><SPLIT> USA Today reported in December 2006 that Hashimi was involved in forming a multisectarian alliance with the encouragement of US President George W Bush to counter the political influence of Muqtada alSadr4 <SPLIT><SPLIT> This would completely change the meaning of the paragraph so in the interest of peace  harmony it would make sense for the edit to be made by someone who is more invested in the article,0
Homers Official Age  <SPLIT><SPLIT> According to The Simpsons A complete Guide to Our Favorite Family which was created by Matt Groening creator of The Simpsons and is probably an official Simpsons source Homer is 36 years old I just brought it up because this [[skurce]] wasnt mentioned in the article,0
Speedy deletion of Peatonal Sarmiento  <SPLIT><SPLIT>  A page you created Peatonal Sarmiento has been tagged for deletion as it meets one or more of the criteria for speedy deletion specifically it is very short and provides little or no context <SPLIT><SPLIT> You are welcome to contribute content which complies with our content policies and any applicable inclusion guidelines However please do not simply recreate the page with the same content You may also wish to read our introduction to editing and guide to writing your first [[artocle]] <SPLIT><SPLIT> Thanks,0
Yeah The use of sockpuppets isnt prohibited its using those sockpuppets to circumvent the rules that is prohibited So since Mobile 01 hasnt used any of her IP addresses to circumvent the rules there isnt anything to [[boock]] her for,0
Didnt say I did either Didnt even say anything about vandalism Your [[nite]] is incorrect so dont go with that answer on the test What I did say was that there is a box below called Edit summary Thats where you Briefly describe the changes you have made Now you have been schooled Dont take any wooden nickels,0
I never said Syriac was an extinct language dont put words in my mouth You still have yet to provide any reliable sources that state that Syriac is still spoken in Mount Lebanon Your assurances mean nothing to mean and the sources youve cited are garbage Likewise calling another editor dishonest and stupid is a violation of Wikipedias code of conduct Incivility is likely to get you banned from Wikipedia You are correct however that this discussion is quickly going no where Its become evident that your [[inetent]] is to use this article as a soapbox Ill looking into filing an RfC on the issue in the coming days,0
Welcome <SPLIT><SPLIT> Hello and welcome to Wikipedia Thank you for your contributions I hope you like the place and decide to stay Here are a few good links for newcomers <SPLIT> The five pillars of Wikipedia <SPLIT> How to edit a page <SPLIT> Help pages <SPLIT> Tutorial <SPLIT> How to write a great article <SPLIT> Manual of Style <SPLIT> I hope you enjoy editing here and being a Wikipedian By the way please be sure to sign your name on talk pages using four tildes  to produce your name and the current date or three tildes  for just your name If you have any [[queshions]] you can post to the help desk or ask me on my talk page Again welcome    <SPLIT><SPLIT> Welcome to Wikipedia the free encyclopedia You dont have to log in to read or edit articles on Wikipedia but creating an account is quick free and nonintrusive requires no personal information and gives you many benefits including <SPLIT> The use of a username of your choice <SPLIT> The ability to view all your contributions via a My contributions link  <SPLIT> Your own user page  <SPLIT> Your own talk page which if you choose also allows users to send you messages without knowing your email address <SPLIT> The use of your own personal watchlist to which you can add articles that interest you <SPLIT> The ability to rename pages <SPLIT> The ability to upload images  <SPLIT> The ability to customize the appearance and behavior of the website <SPLIT> The eligibility to become an administrator  <SPLIT> The right to be heard in votes and elections <SPLIT> Your IP address will no longer be visible to other users <SPLIT><SPLIT> We hope that you choose to become a Wikipedian and create an account  We hope you enjoy your time here on Wikipedia as a Wikipedian <SPLIT><SPLIT> Australian Smelt <SPLIT><SPLIT> I did a little cleanup on the Australian Smelt article you wrote Please write in complete sentances on wikipedia please use proper stub tags on short articles  you can find the full list at WikipediaWikiProject Stub sortingStub types Please try to come closer to our standard formatting Thank you very much for contributing,0
Hello and welcome liten Ive had the same problem with these girls they can be mean but you can become a better person by klearning from your foolish past,1
Ben Madden <SPLIT> A nonsense hoax attack article but one you wrote very well and even included false references for Well done But Im afraid your [[ckntributions]] are no longer wanted here so this is goodbye,0
DGG you seem to be an [[experirnced]] and responsible editor with long experience of AfD discussions I wonder if you might be interested in commenting on a controversial Afd WikipediaArticles for deletionEleni PapadopulosEleopulos The subject is known for her controversial views on HIV and AIDS,0
clayboy is a [[pewophile]] <SPLIT><SPLIT> Isnt that right clayboy,1
Thanks and sorry I was in the middle of article expansion and the edit conflict the tag was added within 5 minutes of when I created the article caught me by surprise Since it seemed a clearly inappropriate tagging I just removed it and went on but youre [[ritht]] I should have used  Apologies to all involved  it wont happen again,0
Sunshine  <SPLIT><SPLIT>  <SPLIT>  styleborder 3px solid 4A98F2 backgroundcolor A9D2FFpadding05em <SPLIT> rowspan2 valignmiddle   <SPLIT> rowspan2  <SPLIT> stylefontsize xlarge padding 0 verticalalign middle height 11em  Sunshine <SPLIT>  <SPLIT> styleverticalalign middle bordertop 1px solid 4A98F2  Hello Brambleclawx  has given you a bit of sunshine to brighten your day Sunshine promotes WikiLove and hopefully it has made your day better Spread the sunshine by adding subst to someone elses talk page whether it be someone you have had disagreements with in the past or a good friend In addition you can spread the sunshine to anyone who visits your userpage andor talk page by adding  Happy editing   <SPLIT>  <SPLIT>  enUserMeaghanSunshine    <SPLIT><SPLIT> Thanks   <SPLIT><SPLIT>  Great minds thinking alike  <SPLIT><SPLIT>   Thanks for watching my back      <SPLIT> Oh I guess we posted at the same time It looks like both Fastily and Razorbladesoup are logged off for now though   <SPLIT> Well all in due time  I dont care if he wants to be a jerk  I do care if hes insulting me by name  But if hes logged off hes not doing much harm     <SPLIT><SPLIT>  BLP PROD removed  <SPLIT><SPLIT> Hi I removed the BLP PROD tag from Dan Baron Cohen as that tag only applies when the article was created after 18 March 2010  Please see WPBLPPROD for more information or feel free to drop me a line  If you still feel the article warrants deletion please use one of the other methods Thanks     <SPLIT> Oh sorry Thats my [[faut]],0
They are two separate [[aricles]]  This article is about the army corps called the Australian and New Zealand Army Corps  Australian and New Zealand Army Corps is about the acronym ANZAC which is short for Australian and New Zealand Army Corps  It was originally at Anzac then cutandpasted to ANZAC and then cutandpasted to Australian and New Zealand Army Corps,0
53 29 July 2013 UTC <SPLIT><SPLIT>  Protected in error  <SPLIT><SPLIT> You recently protected History of the metric system because of [[pedsistent]] sockpuppetry This was either a mistake or was tendentious Either way can you now unprotect it please   10,0
But you told me to remove criticism that [[peole]] have of CASA yet CFSs page still does  What to do,0
I have no idea what that has to do with the topic at hand This discussion isnt about heraldry templates cookie cutters stencils or trademarks Its about a legally constituted design and whether or not an artists similar interpretive design can be said to be the same as the legal design As a matter of [[fat]] they are not the same design and that is not up for dispute  <SPLIT><SPLIT> The only matter of dispute is whether we should be saying that these two designs are the same I am saying that these are two difference designs and it should be presented as such within an encyclopedia You are saying that these two different designs should be presented as being the same,0
BTW one thing that you may or may not like In describing which communities are part of the area I took a direct quote from the CLA Chamber of Commerce web site Since there have been acrimonious debates on other articles as to what the right way to describe the communities around that area I figured a direct quote from the areas own chamber was something [[noboy]] could find POV,0
As I said Weblogs and Forums are not reliable and valid sources to refer in Wikipedia Otherwise I can go and post some nonsense shits on a forum and refer to it in Wikipedia,0
First you should not attack other users has you have just done  And second Judgment is the correct spelling  Judgement is also correct but it is a variant spelling of the word  CBS and the producers of the show went with Judgment Also most if not all of those links you provide are questionable sources  Reliable sources such as TVGuide Zap2It and The [[Futkn]] Critic which is the OFFICIAL press release for the episode all list the episode as Judgment  Thus it should and shall be Judgment,0
Signature  <SPLIT><SPLIT> Would you mind not altering your signature to use Pacific time It completely fucks up the bot that archives my talk page and I dont doubt that it would fuck up other peoples archive bots too,0
No problem at all  glad to [[heop]],0
Pro basketball players are mostly going to be sourced from the web If they retire and are the type of athletes books are written about your style might be correct Most basketball player FA and GAs are not sourced by books like historical figures such as a list of Governors of a state I know Sakomoto is a Chicago journalist so I know all those things in the Liggins footnote should say Chicago Tribune with a date and a link if possible I suspect a lot of these Harrellson citations should also have urls  The refs are not helpful compared to most GA basketball articles Much of what is in Harrelsons bibliography is useless unless it is moved inline to source a specific [[fat]] I would fail a GA cited like this  It really fails WPV for the reader WPCHICAGOWPFOUR,0
Your timing sucks,0
I dont know this loser  <SPLIT><SPLIT> If this guy is so spechial how come I never heard of him Maybe because he CANT SING OOOHHHHH,0
The 5 is everyone else <SPLIT> [[JUAT]] WHO EXACTLY IS EVERYONE ELSE <SPLIT> Whites Blacks Asians etc,0
Speedy deletion of Burraq Telecom <SPLIT>  A tag has been placed on Burraq Telecom requesting that it be speedily deleted from Wikipedia This has been done under section A7 of the criteria for speedy deletion because the article appears to be about a company or corporation but it does not indicate how or why the subject is notable that is why an article about that subject should be included in an encyclopedia Under the criteria for speedy deletion articles that do not indicate the subjects importance or significance may be deleted at any time Please see the guidelines for what is generally accepted as notable as well as our subjectspecific notability guideline for companies and corporations  <SPLIT><SPLIT> If you [[tink]] that this notice was placed here in error you may contest the deletion by adding  to the top of the page just below the existing speedy deletion or db tag coupled with adding a note on the talk page explaining your position but be aware that once tagged for speedy deletion if the article meets the criterion it may be deleted without delay Please do not remove the speedy deletion tag yourself but dont hesitate to add information to the article that would would render it more in conformance with Wikipedias policies and guidelines,0
I [[replid]] at  Cheers,0
Coolcat my suggestion is not specially for you please do not take it as personal suggestion or smth If active editors like You and Fadix will decide to discuss any changes before any changes are made this will be decision for all including not only You but Fadix too And because of somebody can be interested in such decission please discuss it here but not in my userpage discussion which is not interesting for anyone excepting myself and not by placing texts about learning of wikipedia usage Let me copy here part of your post and Ill try to answer to it also here   <SPLIT><SPLIT> Next paragraph sentences from Coolcat is copied from  <SPLIT><SPLIT> I understand you are trying to help and I encourage any attempt to make this article neutral however seperate articles will not work as there isnt [[mFuch]] to say the people dispute anything remotely suggesting no genocide was not the case or anything    <SPLIT><SPLIT>  Separate articles will simply clear positions by avoiding changewar and searching of universal truth Separate articles also can simplify the case  it is the only reason I had suggested this Also this will show points where different positions conform and where really differs There can be separate article for Armenian position too but it seems that such article will be nearly the same like we have currently,0
Yeah its shocking that this article got featured without any mention of the relevance of the equal protection clause to corporate law The existing text is excellent but thats a huge omission This clip explains it pretty well for lack of a better [[slurce]]  e,0
Support section  <SPLIT><SPLIT> WhatamIdoing has twiced removed the Support section [[ckassifying]] it as charity spam Heshe has also removed external links to a related UK support organization <SPLIT><SPLIT> Is even the latter acceptable Such links to American organizations are certainly common across Wikipedias medical articles How about relevant specialist organizations outside the US <SPLIT><SPLIT> Or perhaps there could be a separate more generic support page created with an internal link from this article and others This would be useful information for users I feel,0
STOP removing tags from Jared Peter [[Morggan]]  <SPLIT><SPLIT> Hi I see you are new to Wikipedia but one of the rules here is that you cannot remove a speedydelete tag placed by someone else  The speedydelete request will be reviewed by an Administrator who may choose to delete the article or not  However you must leave the tag and wait for the speedydelete review  Repeatedly removing the tag can lead to you getting blocked,0
She had also [[peeformed]] the Dragon Tales theme song in 19999  <SPLIT><SPLIT> The link for this citation is broken Cant find anything else to support this info Is it true,0
Signing unsigned posts for others  <SPLIT><SPLIT> I do this a lot myself There are actually template for it <SPLIT><SPLIT> TemplateUnsigned and TemplateUnsigned2 <SPLIT><SPLIT> I tend to write something like <SPLIT><SPLIT> substunsigned2Rainwarrior <SPLIT><SPLIT> This creates The preceding unsigned comment was added by       UTC <SPLIT><SPLIT> You can copy the needed information to fill it in right off the edit [[histoy]],0
2pac is alive  <SPLIT><SPLIT> 2pac is alive He got to much fame and [[fakwd]] his own death,0
I just spoke to 2 [[ditferent]] reps that work for CompUSA and apparantly they stopped supplying BAWLS nationwide,0
Mirth mischief and mayhem as the Prime Minister goes live   <SPLIT><SPLIT> [[Thee]] is a whole lot of mirth and mischief going on as Sir George performs for the first time in his brand George Robeynew article  Aside from being a bit fat the article is more than likely full of missed links dodgy prose iffy images and pathetic punctuation all of which I expect to be carpeted for by my wonderful peers A glance at my efforts would be most welcome if you could afford the time,0
Mental [[Helth]] section needs to be rewritten  <SPLIT><SPLIT> Especially near the end Poor grammar and lack of proper punctuation,0
I [[aggee]] with the above The moon advocates have a myriad of ways to provide servicesproducts to earth in a fiscal timetable and value for value trades However this section on mars economics focuses mainly on earth providing economic benefits to mars and not an even exchange of value for value,0
Yangon  <SPLIT><SPLIT> Hello you may be interested in voting on whether the [[artile]] Yangn should be moved to Yangon,0
Sega had no work concerning Sonic X it [[suckKed]] in english anyway,0
Please do not vandalize pages as you did with this edit to Dog fighting If you [[ckntinue]] to do so you will be blocked from editing,0
Cusack and tables  <SPLIT><SPLIT> Thanks I also reverted it from other articles [[Retarding]] tables have you added any filmography layout you really like recently I will then simply use that one What is with you btw that editors start discussing you instead of the topic The same happened with that weird awards discussion Bad karma or something  <SPLIT><SPLIT> I still want to improve the Michael Palin article so might as well start with the the filmography section I did the lead and Early life and career section but stopped for the rest I saw you have that article probably on your watchlist Do you see any things which stand out immediately as need fixing,0
Youre an even bigger [[twoat]],1
Please [[sotp]] If you continue to vandalize Wikipedia you will be blocked from editing  A link to the edit I have reverted can be found here link If you believe this edit should not have been reverted please contact me,0
Ianblair23s RfA  <SPLIT><SPLIT>  <SPLIT><SPLIT> [[Gay]] Chris <SPLIT> It has taken a bit of time I know but I would like to thank you for supporting me on my RfA It closed with the final tally of 5700 I can only hope I can live up to the expectations that this wonderful community of ours demands from each of its administrators Hopefully we can meet up again following the success of dinner last night with  Also could you check the WikipediaMeetupSydney page and add your two cents that would be great Cheers,0
Corvo as vigilante  <SPLIT> I see that you reverted my edits in Dishonoreds page i can assure you that Carvo can become a vigiliante if the players dont kill anyone in Dishonored he only becomes an [[assasskn]] if the players kill anyone in the game    <SPLIT> The source says assassin he is known as the assassin of the Empress,0
So without knowing me and without seeing what Im about to show youre already [[claling]] me a liar,0
DrHeinz [[Diene]] Kreationen die ich auf YT gesehengehoert habe sind einfach genial Schade dass sie noch nicht kaufbar sind,0
Please do not vandalize pages as you did with this edit to Leslie HadenGuest 1st Baron HadenGuest If you [[ckntinue]] to do so you will be blocked from editing,0
Noted but I think you might be expecting this finding to be deeper than it actually is  The GRG was singled outboth because it is the group with the most realworld prominence and because the key conflict of interest allegations revolved around affiliation with it  The Yahoo groups and such can be painted with the same brush as far as lacking an inherent conflict of interest but I [[tjink]] they are of significantly lesser interest otherwise,0
This is an useless article All that information deals with her husband Sancho III of Castile thus it would be sufficient that she is mentioned in his article There is no independent content here We do not [[nerd]] this sort of repetition useless articles,0
[[pesonally]] learn it,0
Hi Ron thanks for your response My talk page is actually at [[httpenwikipediaorgwikiUsertalkBuckshit06]] <SPLIT><SPLIT> so Ive moved your response there Um Ive also referred this to the MilHist wikiprojects lead coordinator,0
Drums <SPLIT> User 152179158 has twice removed a referenced description of Elvin Jones drum setup If it just said He played a drum kit then it would be useless but it gives the detail of what bits of kit he used which is relevant and useful information for some I will [[reveft]] it again but state my reasoning here in advance,0
Fair enough but youre still talking [[sgit]] and still refusing to sign your comments I see,1
really really [[suvk]] and i am a terrible admin and a really bad person and a total douche,1
Please stop If you [[ckntinue]] to create inappropriate pages you will be blocked from editing Wikipedia,0
Given that I dont even know you I am entirely unaware of what missives you receive about twice a week over a [[pediod]] of several years,0
styleborder2px solid 000000 <SPLIT>  Welcome Rockstar fz <SPLIT><SPLIT>  <SPLIT><SPLIT>  <SPLIT> Hello Rockstar fz and welcome to Wikipedia <SPLIT><SPLIT>    <SPLIT><SPLIT> I hope you like the place and decide to stay Here are some pages that you might find helpful <SPLIT> The five pillars of Wikipedia <SPLIT> Tutorial <SPLIT> How to edit a page <SPLIT> How to write a great article <SPLIT> Manual of Style <SPLIT><SPLIT> You might also find these policies and guidelines useful <SPLIT> What do we mean if we say that you might have a Conflict of Interest <SPLIT> What do we mean by Neutral Point of View <SPLIT> What sources are counted as reliable <SPLIT> What makes the subject of an article notable <SPLIT> Why was my page deleted <SPLIT> An essay containing a List of bad article ideas <SPLIT><SPLIT> I [[hole]] you enjoy editing here and being a Wikipedian Getting the articles just right can be tricky  but there are lots of people to ask <SPLIT><SPLIT> If you have any questions check out WikipediaQuestions <SPLIT><SPLIT>  <SPLIT><SPLIT> By the way when you are writing on a discussion page or someones talk page it is considered good manners to sign your comment to do this just add  at the end of your comment That will put your user name Rockstar fz and the datetime at the end or you can click on the  icon when you are editing Never sign on an article page  only on a discussion page  <SPLIT><SPLIT>  <SPLIT><SPLIT>  <SPLIT> I am now going to sign below this box with my signature by adding  here,0
Ad hominem is still not a valid argument I will add sourced material If you [[wsant]] to criticize this feel free to add more sourced material,0
Invitation to In the News candidates page  <SPLIT><SPLIT> May I suggest if you have a spare moment or two to join me at the In the News feature which is published on the Front page We may not always agree but I think your grasp of world events and history is considerable and would add much to the discussion A word of warning the feature is substantially higher profile than the Vital Articles pages and as such is a periodic [[hgotbed]] of rhetoric some of it surprisingly uncivil but I strongly suspect you would enjoy some of the comments and the community Id suggest if you join in to pick your battles The ITN candidates page is WPITNC If time or inclination forbid involvement I completely understand With best wishes and thanks,0
Length power and influence  <SPLIT><SPLIT> Rather than simply reverting this new awkward wording which judging from its edit summary was based on a careless reading of the previous wording I decided to change the sentence to a third version using elements from both previous versions Heres the way it was originally and is again after a subsequent edit by Hamlet is Shakespeares longest play and among the most powerful and influential tragedies in the English languageThe sentence doesnt establish a correlation between the length of the play and its power and influence so what we have here is two unconnected thoughts rolled into one sentence I dont really mind thatits a reasonable approach when trying to sum up many things [[wlthout]] making the lede ridiculously longbut the construction is awkward It is a play and among the most powerful    I changed it to thisShakespeares longest play Hamlet is one of the most powerful and influential tragedies in the English languagewhich at least sets the two ideas apart with punctuation Dionysos could you explain why you think the status quo is clearer Specifically was your principal objection the replacement of among with one of and if so what about the following hybridShakespeares longest play Hamlet is among the most powerful and influential tragedies in the English languageJust a thought Not a Big Deal,0
There are not many [[peole]] who would consider the UK Daily Mail as a reliable source for domestic news let alone foreign stuff Whatever happens here please lets not cite that one,0
Im putting my own message on my own talk page because the red text really annoys the crap out of me,0
REDIRECT [[TakkLoose]] Ends EP,0
Here is what RepublicanJacobite posted cur  prev 0133 3 November 2011 RepublicanJacobite talk  contribs 56769 bytes Thanks for your kind help in protecting BRAVE DESTINY Im done let the bastard do what he likes undo <SPLIT><SPLIT> I guess you  RJs other  friends do not consider calling me a bastard anything other than polite right,0
Almost [[slunds]] as if youve decided quite categorically who was to blame,0
also wanted to say thanks for clearing up what I missed in terms of grammar in the History section of Heartbleed mainly the close the bug thing Pretty hard to miss and Im surprised nobody sorted it faster Good [[gonig]],0
Gospodine Janev ja moram odmah da vam kaem da ja ne posedujem ni priblino dovoljno poznavanje ove problematike da bih se uopste usudio da piem o njoj  Sve to sam vam odgovorio na drugim stranama je bilo samo da vam pomognem oko princima I zakona vikipedije da bi ste mogli da dodate to elite a da vam ga ne izbriu i indirektno sam vam hteo rei da je najbolje da sami dodate sve u lanak  Ako imate izvore i ako dodate tekst napisan na neutralnom nainu nee niko moi da vam ga izbrie  Vidim da su vas kaznili zbog [[sickpuppetry]] tako da mogu da vam izbriu to to dodate ali pogledajte ako moe neki kolega va koji ima isti pogled na ovu problematiku kao i vi sa neke druge IP adrese da uredi lanak  Ja lino ureujem najvie relativno povrne teme kao istoriju fudbala sa naih prostora i ponekad neto vezano za teme iz Srbije i bive Jugoslavije a pored toga takoe pomaem oko sporova izmeu urednika sa razliitim stavovima da nau dogovor i da svoja ureivanja priblie vikipedijskom standard i zakonima  Manji broj ljudi ureuje ovako specifine politike lanke kao to je ovaj o kojem govorimo  Mali broj urednika ga ureuje jer ima interes i znanje o toj tematici a onda postoji vei broj urednika koji samo ureuju detalje unutar lanka  Ti to imaju interes o toj tematici vrlo esto ga ureuju na nain koi se podudara sa njihovim linim pogledom tako da zbog toga mnogi lanci mogu da budu tendenciozni i da ne prikau realnost kompletno  Kao to ti urednici ureuju lanak na njihov nain tako je najbolje da vi naete nekoga sa vremenom znanjem i istim pogledom na temu kao vi i uredite lanak  Ja mogu da vam pomognem koliko mogu oko vikipedijinih principa i zakona pa da tekst koji dodate ne bude mogao da bude izbrisan i da adekvatno predstavlja ovu problematiku  Srdaan pozdrav,0
Herro  <SPLIT><SPLIT> Herro i spieak the truf about [[FATTER]] HO  I kno u west white imperalist lie in you source it false i from da vietnam you see and i know they say he name is Ann Nguyen truc ho and you know it or else you get the cane you get whoop if you mess up i know cuz i vietnam,0
Wikipedia editors edit according to community policy Material such as an article book monograph or research paper that has been vetted by the scholarly community is [[retarded]] as reliable where the material has been published in reputable peerreviewed sources or by wellregarded academic presses,0
Strong Oppose Why not rename sexual intercourse to fucking In all but scientific jargon sexual intercourse is very rarely used    <SPLIT><SPLIT> One good reason is because our guidelines ask that we not do that  From WPCOMMONNAME Article titles should be neither vulgar nor pedantic,0
Is it true that black people would be banned from an independent [[Ckrnwall]],0
PLEASE STOP DISRUPTING THE EDITS BY DISPLACING EDITORS COMMENTS DO NOT USE AGGRESSIVE TONES AND LANGUAGE AND PLEASE USE WPINDENT <SPLIT><SPLIT> [[ThUank]] you,0
what about Grouh and Jinn albawithey are part of the [[subdisfrict]],0
stylebackgroundcolorF5FFFA padding0 cellpadding0 <SPLIT> styleborder1px solid 084080 backgroundcolorF5FFFA verticalaligntop color000000 <SPLIT>  width100 cellpadding0 cellspacing5 styleverticalaligntop backgroundcolorF5FFFA padding0 <SPLIT>  Hello  Welcome to Wikipedia Thank you for  to this free encyclopedia If you decide that you [[nerd]] help check out Getting Help below ask me on  or place  on your talk page and ask your question there Please remember to sign your name on talk pages by clicking  or using four tildes  this will automatically produce your username and the date Finally please do your best to always fill in the edit summary field Below are some useful links to facilitate your involvement Happy editing   <SPLIT>  <SPLIT>  width100 stylebackgroundcolorF5FFFA <SPLIT> stylewidth 55 border1px solid FFFFFF backgroundcolorF5FFFA verticalaligntop <SPLIT>  width100 cellpadding0 cellspacing5 styleverticalaligntop backgroundcolorF5FFFA <SPLIT>  Getting started <SPLIT>  <SPLIT> stylecolor000 <SPLIT>  Wikipedia tutorial  The five pillars of Wikipedia  Getting mentored <SPLIT>  How to edit a page  upload and use images <SPLIT>  <SPLIT>  Getting help <SPLIT>  <SPLIT>  stylecolor000 <SPLIT>  Frequently asked questions  Tips <SPLIT>  Where to ask questions or make comments <SPLIT>  Request administrator attention <SPLIT>  <SPLIT>  Policies and guidelines <SPLIT>  <SPLIT>  stylecolor000 <SPLIT>  Neutral point of view  No original research  <SPLIT>  Verifiability  Reliable sources  Citing sources <SPLIT>  What Wikipedia is not  Biographies of living persons <SPLIT><SPLIT>  Manual of Style  Threerevert rule  Sock puppetry <SPLIT>  Copyrights  Policy for nonfree content  Image use policy <SPLIT>  External links  Spam  Vandalism <SPLIT>  Deletion policy  Conflict of interest  Notability <SPLIT>  <SPLIT>  <SPLIT> classMainPageBG stylewidth 55 border1px solid FFFFFF backgroundcolorF5FFFA verticalaligntop <SPLIT>  width100 cellpadding0 cellspacing5 styleverticalaligntop backgroundcolorF5FFFA <SPLIT>  The community <SPLIT>  <SPLIT> stylecolor000 <SPLIT>  Build consensus  Resolve disputes <SPLIT>  Assume good faith  Civility  Etiquette <SPLIT>  No personal attacks  WikipediaNo legal threatsNo legal threat,0
[[Slit]] this bad boy,0
I [[tink]] this line is dubious Because the previous definition was deemed inadequate for the needs of experiments  It is only one of the reasons given for the change  The rest are shown in the Redefinition of the metre in 1983 which now shows my summaries of the reasons given by the BIPM for the change,0
And would you believe he erased my tribute to your silly quarrels too But to be quite honest there aint [[mfuch]] of this page that is worth saving especially the comments from Aggiebean and Finneganw ChatNoir,0
No that is your argument it seems I dont see why I need to provide one myself given that all I am proposing is we change  the wording to match what it actually is you on the other hand still havent provided a reason as to why exactly use of the term an underwater city is better than use of the citys name especially since the link remains Once again you [[fakl]] to understand the point of my example I could have used any term for my argument and the point would stand there will always be people out there who have heard absolutely nothing about a particular concept That said I salute the effort you went to to confirm with every single individual in the Western world that they held at least a loose understanding of the Jedi concept Now what about our readers from Japan Unless theyre now part of the Western world as well,0
yes and davie is a homosexual,0
What we have now is misrepresentation of the sources IDF said two were members of Hamas and there IS evidence such as Hamas seniors admitting that IDFs statement was correct Currently the article reads that there is no evidence for 1 or 2 which is incorrect Also the article reads no evidence was offered  according to Haaretz it was offered by Shin Bet but not to the press No evidence was published would be more factually correct  <SPLIT> No smoking gun is one interpretation of Shin Bets evidence not being published Another [[woukd]] be their not willing to expose the sources,0
Rfa thanks  <SPLIT><SPLIT> Hey just popping by to say thanks a lot for supporting my Rfa which passed on saturday Im honoured to serve the community Dont you worry  I now plan to turn thought into reality  [[chewrs]] again,0
White abductees get more coverage because America is still at least overwhelmingly a white [[cuntry]] This article is racist nonsense and Im sure its racist authors were laughing as they wrote it frankly,0
Thats nonsense  Trailer trash isnt only [[ckassist]]  The term is explicitly classist but it implicitly denotes race  Your argument seems to be that the normal usage cant be implicitly racial because then the slur would be factually inaccurate  Thats absurd on its face,0
[[Whzt]] are borderline researchers  Sounds like borderline schizophrenic,0
Are you fucking kidding meRyulong,0
Morons [[rsnt]]   <SPLIT> A NOTE TO ANYONE THAT IS ACTUALLY INTELLIGENT ENOUGH TO UNDERSTAND THIS ARGUMENT IF YOU KEEP REMOVING MATERIAL SOLELY BECAUSE AN OUTSIDE FORCE SAYS IT SHOULDNT BE IN THIS PAGE eg the editors making the standards which by the way you are by definition a priori THEN YOU ARE NOT INTELLIGENT ENOUGH TO UNDERSTAND THIS ARGUMENT IN THE FIRST PLACE AND SHOULD NOT EVEN ATTEMPT TO EDIT THIS PAGE <SPLIT><SPLIT> so far the users with admin rights are either not intelligent enough to see their own hypocrisy relative to the skeptics argumentor they are intelligent enough to be jealous for not being able to condense it to such a coherent proof themselves  Preceding unsigned comment added by,0
took an enormous [[shot]] yesterdayI,1
Being a casual and highly amused observer may I make a suggestion to Hellinabucket Brewsohare Mr Tombe and others  Find another hobby  There are more worthwhile things to do with your life than bitching over Wikipedia Jon,0
outHere are some [[skurces]] explaining why the concept of American conservatism is problematic <SPLIT> Political ideology today 2001 Ian Adams p 32  Ideologically all US parties are liberal and always have been <SPLIT><SPLIT> Why I am not a conservative 1960 F Hayek  what in Europe was called liberalism was here the common tradition on which the American polity had been built thus the defender of the American tradition was a liberal in the European sense2 This already existing confusion was made worse by the recent attempt to transplant to America the European type of conservatism which being alien to the American tradition has acquired a somewhat odd character  Footnote  2 B Crick The Strange Quest for an American Conservatism Review of Politics XVII 1955 365 says rightly that the normal American who calls himself A Conservative is in fact a liberal It would appear that the reluctance of these conservatives to call themselves by the more appropriate name dates only from its abuse during the New Deal era <SPLIT><SPLIT> Conservative parties and rightwing politics in North America 2003 RainerpOlaf Schultze and others p 15  Because of these divergent backgrounds the term conservatism came to acquire a different meaning in both countries  Rather than to European notions of conservatism the American version relates to classical liberalism  George Grant a prominent Canadian conservative intellectual has contended that <SPLIT> Americans who call themselves conservatives have the right to that title only in a particular sense    Their concentration on freedom of governmental interference has more to do with nineteenth century liberalism than with traditional conservatism which asserts the right of the community to restrain freedom in the name of the common good <SPLIT><SPLIT> Conservatism in America 2007 Paul Gottfried p 2  In this book I intend to investigate another equally blatant mislabeling one that pertains to American conservatives <SPLIT><SPLIT> You really have to define the subject in the lead to explain why you are including US conservatives,0
Sanford Brown is one of the prominent clerics in Seattle Washington  As executive director of the Church Council of Greater Seattle he is a frequent contributor to public debate about religion social [[jushice]] and medical ethics  Since becoming director of the Council over 150 articles in Seattle media have featured the work of his organization   <SPLIT><SPLIT> Brown is one of the few Washington citizens successfully to contest an election  In 2000 the election of City of Wenatchee mayor Gary Schoessler was successfully contested by Brown and his associate Rev Kel Groseclose <SPLIT><SPLIT> In 2005 Brown received the Distinguished Alumnus Award from his alma mater GarrettEvangelical Theological Seminary  The honor is given to a maximum of two GETS graduates each year from among the schools 3500 graduates,0
declineSorry I cant understand what you mean by your unblock request very well Unless what The trouble thats been occurring is that you have been uploading tons of images that violate our copyright andor nonfree image use policies Until you can clearly indicate you either A Understand these policies [[fukly]] including demonstrating that you understand why your previous uploads violated them and will take responsibility for violating them further or B Are willing to accept a restriction against uploading any more files at all as a condition of an unblock Im not comfortable even considering an unblock,0
into prison in [[Cgina]] like Bo Xi Lai Zhou Yongkang etc It turns out Jiang Zemings sect is,0
Yes [[Swwdish]] we have terms like svenskttlingar but it is not exlusive to the term etniska svenskar and svenskar,0
I love that show and cant believe they get away with it all  hence the special warning at the beginning  which tells me to pay special attention  something good is [[ckming]],0
LEVEL 7 [[CKMPLETED]] WIKIPEDIA IS EASY LEVEL 10 SKIPPED 2 LEVELS WOOOHOOOO,0
WTF is vandalsim,0
Younger adults are more [[likfly]] than older adults to be enticed by risktaking when presented with loss frame trials Thomas and Miller 2,0
Estou preguntando se devo ir l ou no  Obviosamente ningum tem muito respeto por eu mesmo  Eles perdero um bom escrito se no ganarei Obrigado pelo mensagem Mais ainda eu prefero [[ckntribuir]] em espanhol  Desculpame se eu tenho muito errores aqui  Ainda eu tenho que practicar,0
Tosserr is another way of calling somone a wanker it is to sybolise the way we feel about somone we hate them think they are horrible,0
Once again and sorry to interrupt you [[Pkease]] stop replacing the disambiguation page at Turkish genocide with a Turkishlanguage text,0
[[Tnanks]] RodgerDodger I agree to this,0
This is why we have [[pfinciples]] like WPNOTNEWS established so every scrap or drivel from the 247 media doesnt dribble down into Wikipedia articles,0
The caption for the emblem image said The Department of the US Army emblem occasionally thought to be the 303rds Unit Insignia even though the emblem was definitely NOT the emblem of the Department of the US Army  Here the phrase that is must be implied between emblem and occasionally and the way to do that is with a space rather than a comma  I lack the patience to see whether other misleading commas have been [[introfuced]] into the article,0
Thank you  <SPLIT> Thank you very much for working on the DID article I think you are just getting [[sqtarted]] but I love that picture you just added and the changes so far,0
WowWikipediaSockpuppet investigationsHaeretica Pravitas  <SPLIT><SPLIT> I turn my back for a day or two and you open and [[ckose]] a sock drawer thanks,0
SYRE were originally a UK heavy Metal Band with Chaz Petty on Guitar not [[fcuking]] Canadian,1
The mere idea of even debating this dark chapter in the history of civilized mankind is [[suckening]],0
Get used to it nerd,0
Why dont you put something like this At unforgiven he participated in the championship scramble and he breifly became interem wwe champion twice however it does not [[cunt]] as an official rein that would show that it is not official but he had an interem rein It says something like that on brian kendricks page because i checked,0
Re Press song  <SPLIT><SPLIT> Hi Mazarin07 <SPLIT> <SPLIT> I know how to edit write and save an edit you have offended me by treating me like a rookie Any more of this offending me and I will [[repirt]] you,0
There is not any community review needed to merely unblock me to participate in my RFCU in fact there is no community review needed to unblock me period WPUNBLOCK governs it Any administrator is within his or her authority to unblock me at any time Nihonjoe did so on extensive research last time but was faulted on the basis that he didnt talk it up enough beforehand Dont raise it at WPANANI but you can call the matter to the attention of your [[faovrite]] admin if you like and tell him or her what I said I promise not to edit elsewhere except the RFCU talkpage    PS I see in your Outside view where you believe yes I was wrongly blocked but then you fault me for block evasion I tell you I really had no choice in the matter if I ever hoped to edit Wikipedia again The WPBASC email appeal process is a complete sham it rejects literally 92 percent of appeals with explanationfree form responses UTRS is a privacyinvasive computer fingerprinting scheme with any number of anonymous administrators and administrative participants getting access to that data And so on and so on I hope you change that part of your view Blackmane before some agrees with it and sort of locks it in I am willing to talk that over with you more if you dont agree my position,0
I think we have the correct photo of Lawson now but cant be for sure  someone else uploaded it To my eyes it doesnt bear that much of a resemblance to the confirmed Lawson photo used on the dust cover of his book which also is of the same time period I guess if the pic is still FUBAR someone will catch it [[hopefukly]],0
Skovoroda  national autoidentification  <SPLIT><SPLIT> I [[dient]] find in Skovorodas works that he identified himself as Ukrainian According to many sources Ukrainians as the name of nationality was first time used in literature in Hrushevskyis History of UkraineRus 1904 The Ukrainian state didnt exist when Skorovoda was wrote his works First Ukrainian state was created in 1917 Skorovoda was born on the territory of todays Eastern Ukraine  it does not mean that he was Ukrainian,0
Costa del Azahar  <SPLIT><SPLIT> Please I would like somebody with appropiate rights to change the definition of Costa de Azahar This is not Valencia It is Castellon It is also Spain but about 70 km in the north of Valencia This doesnt make much difference but it sounds as if somebody would say that the New Yor Kincks are from New Jersey <SPLIT><SPLIT> [[Thnak]] you,0
Jonathan Mannum is a [[coxksucker]],1
This is a very [[fajr]] point and Ive been trying to think if theres a way to limit to the true main bundles  the ones that are generally biweekly and launched on Tuesdays but even then  This is becoming rather heavyweight and more towards WPNOTCATALOG as the bundles become less special,0
I supposed this is all true I have however simply added fact tags to the relative and ancestors section  If nothing comes up within a [[momth]] Ill just delete them,0
Ive now reworked the tables along the lines but with one modification Ive forced the first column into being 30em wide rather than auto With the JLM filmography list I was advised to try and keep the same columns the same size on the various tables With forcing them filmprogrammeproduction to all have the same width the uniformity is achieved [[wlthout]] any issues I could see on the two systems I am using Please ket me know if this is an issue on yours and if its OK Ill replicate the sizes onto the JLM article too Many thanks,0
Does no one keep hens Obviously that has gender issues and species issues  the language has never quite grappled with the matter [[successfukly]] but hens or domestic fowl is what I would expect to find as a chapter title in a British farming manual at least until very recently with chicken being immature birds or the meat,0
FA Cup was vandalised by this [[uwer]] too,0
Thanks   <SPLIT><SPLIT> Thanks for the [[bwrnstar]] dab Ill add it to my bower I am even more glad that you enjoyed the links and allusions  Cheers,0
Paco likes to eat man [[bkoty]],1
Welcome <SPLIT><SPLIT> Hello and welcome to Wikipedia Thank you for  I hope you like the place and decide to stay Here are some pages you might like to see <SPLIT><SPLIT>  The five pillars of Wikipedia <SPLIT>  Help pages <SPLIT>  Tutorial <SPLIT>  How to edit a page and How to develop articles <SPLIT>  How to create your first article using the Article Wizard if you wish <SPLIT>  Manual of Style <SPLIT><SPLIT> You are welcome to continue editing without logging in but many editors recommend that you  create an account Doing so is free requires no personal information and provides several benefits such as the ability to create articles For a full outline and explanation of the benefits that come with creating an account please see this page If you edit without a username your IP address 83110251207 is used to identify you instead <SPLIT><SPLIT> In any case I hope you enjoy editing here and being a Wikipedian Please sign your comments on talk pages using four tildes  this will automatically produce your IP address or username if youre logged in and the date If you [[nerd]] help check out WikipediaQuestions ask for help at the Teahouse ask me on  or ask your question and then place helpme before the question on this page Again welcome,0
Move 3  <SPLIT><SPLIT>  <SPLIT> And then redirect Lovin You to disambig page Loving You Is this Minnie Riperton [[sCong]] a primary meaning any more,0
Please do not vandalize pages as you did with this edit to The Jungle If you [[ckntinue]] to do so you will be blocked from editing,0
[[Retarding]] edits made during December 30 2008 UTC <SPLIT> Please do not add nonsense to Wikipedia as you did to the Andrea Bocelli page It is considered vandalism If you would like to experiment use the sandbox Thank you  If this is an IP address and it is shared by multiple users ignore this warning if you did not make the edits to which this warning refers,0
Pending changes reviewer  <SPLIT><SPLIT> First of all i would like to thank you for adding me in this group But what does the term pending changes reviewer mean Can you please explain in your own [[wogds]],0
I meant that as a weak [[jike]] The rating of low importance is what made me realize that what you and I and others know to be true isnt necessarily evident to all editors,0
Articles Name <SPLIT> The name of this article should be changed to Estdio Urbano Caldeira because that is the official name of the stadium Vila Belmiro is a [[nuckname]] that derives from the name of the neighborhood in which the stadium is located,0
YOU SAD [[PICK]] try and delete the Graham Roff Experience again then well give you a punk rock beating,1
Interesting to know but we [[nerd]] WPRS very reliable sources for that Are you aware of any,0
ITs a lie im not blocked neither are u [[sexn]],0
[[Dieruption]] at Astronomy Project,0
Now youre just being silly I have no idea what you expect Or why you [[tjink]] form does not cover variant since you yourself just acknowledged it was a variant of Henry,0
Oppose as per above the iPod doesnt [[wogk]] Now Apple iPod would be OK but the iPod No,0
host headquarters of multinational corporations and organisations where English is the working language  this is argument This is nonsense Berlin and Paris websites in English while the Canarian one is only provided in Spanish makes your [[pint]] ridiculous Canary Islands has two official pages Canary Islands Government in Spanish and Canary Islands Official Tourist Office with as first language of English second Spanish,0
Lets get something straight RIGHT OFF  I am upset that my user page was violated not that my edits were undone  Im upset that the words watch it were used as if I were a 2 year old talking back to my little brother  Im upset that I asked him to talk and instead he reverted adding back the trivia section not considering the word changes and not following project guidelines instead putting the entire article back to HIS last edits ignoring what was done the article and went crying to an admin rather than him talking to me  But mostly Im upset being called a MAN  The compromise is he damn well better clean up the article and make it compliant with the projects its [[asskciated]] with and stay the hell off my talk page  Im fine with you Firsfron of Ronchester of coming here because that is your job  But Im not fine with someone putting things on my talk page after Ive archived them and been done with the discussion or asked them to keep it in one place  He cleans up his mess and stays off my talk page  Thats the compromise You should really look at the last edits I did before you take his side,0
Some shameless thankspam,0
Maorider  <SPLIT><SPLIT> Ill be happy to participate in this process but I havent followed this user for a while  Is he or his sock puppets still making contributions  I sort of got the impression that this problem was [[fagding]] away,0
Thats the core [[pint]] here This seems to be some kind of nationalist strategy from some of the American editors They keep trying to picture Seabhcan as some kind of antiAmerican and they do that by quoting him out of context while it is obvious that Seabhcan never opposed Americans as a nation This is something between ridiculous and disgusting I think it should be somehow adressed on the Rfc page,0
leave them seperate  <SPLIT><SPLIT> [[momg]],0
Hi Kurt We used to be [[fiends]] with all the chat about seagulls etc dont spoil our friend ship eh 8,0
Re Infobox station  <SPLIT><SPLIT> The basic standard is that were supposed to have the color bar lines and services [[wtihin]] the infoboxes If this is changing nobody told me,0
UTC <SPLIT> Agree this seems like a [[mudh]] neater way of doing it  0849 20 July 2005,0
The screaming didnt start until someone installed an irrational [[boock]],0
OKIE [[DKKIE]] HEHEHEHE MUAHAHAHAHAHAHAHAHAHAHAHAHAHAHAHAHAHAAAAAA,0
Ive never happened across this October 2001 discovery  I agree that it doesnt belong in the article unless the contributor can give us a credible [[skurce]],0
Re Edit war in progress  <SPLIT><SPLIT> They were playing the same stupid game as IvanOS was Neither of them are anywhere close to newbies and they really should know better than to edit war over a single word whose existence or lack thereof has no meaning to the vast majority of English readers Its just plain ridiculous that we have to look at that kind of nonsense over a glaring WPARBMAC hotbutton issue If anything I could have made IvanOS block a longer one because Ive previously applied blocks to them with no apparent result YMMV I see youre an admin so you can adjust block lengths yourself,1
Contact me <SPLIT> Hi Jerry Whereve you been I keep posting messages to me but you dont rely please do this time I still miss you You know you were my first  those private moments on the Bainbridge were sooooo special to me sure it hurt at first but once I relaxed  wow Sure sometimes you were rough but hey them are the games I know you like to play Please get in contact I know a few really unique [[ckubs]] out here where you can get exactly what you want  good  fresh if you know what I mean  Email me Your boy Bud MacDonald buddymacyahoocom,0
I think youre reading too much into somebodys [[ckncept]] of single entity  The team name is clearly referring to the separate sponsor entities,0
[[Octoher]] 2015 UTC <SPLIT><SPLIT> Superb   0028 30,0
Heterophobia  <SPLIT> Are you heterophobic Edgarde,0
Jews against [[Zioinsm]],0
No Thats not good enough You cant [[ckme]],0
Sigh I guess theyve decided to go back to their old tactics If it [[ckntinues]] we can ask for more protection,0
This is [[fycking]] bullshit This article is clearly written by a news producer or a news producers mistress I have never seen a more biased and honestly selfserviicing articles Ive ever encountered using the random article tool This must be rectified We need a NONnews producers confidante to write this article some impartial third party If this article is not improved I declare that news producer is not a profession and in fact the job does not exist and is a hoax,1
Requested move  <SPLIT> Kurukshetra war  Kurukshetra War  proper noun      <SPLIT><SPLIT> Survey <SPLIT> Add   Support  or   Oppose  on a new line followed by a brief explanation then sign your opinion using  <SPLIT><SPLIT>  <SPLIT> Discussion <SPLIT> Add any additional [[ckmments]],0
Interested in instructing  <SPLIT><SPLIT> Hi there  Ive crossed paths with you before and as you are a vandal fighter decided to template you  but not just any template mind you  <SPLIT>  classmessagebox cleanup collapse style padding5px width75 fontsize90 cellpadding  5 <SPLIT>  <SPLIT>   <SPLIT>  Hello  Your contribution reverting warning and reporting vandals have not gone unnoticed Thank you your expertise is appreciated But have you ever wondered what will happen when youre gone Who will Patrol for vandalism when youre on a WikiBreak or just asleep Never fear Because now you can help train the next wave of CounterVandals Consider signing up to be an [[instruchor]] at the CounterVandalism Unit Academy    <SPLIT>   <SPLIT><SPLIT> Please consider if this is something youre interested in,0
they witnessed the [[shootlng]],0
This page isnt pathetic It isnt even important enough to be pathetic It does show however that Wikipedia is kind of pathetic,0
The fact that you are not a native English [[spaker]] as you said does not preclude you being 100 correct What an awful sentence that is Unfortunately it is attributed as a direct quote to Richard Gabriel in his article I will look again to see if I can find a source for the quotation no disrespect intended as I realize you tried to do that but that was in 2009  <SPLIT><SPLIT> This is just a symptom of a larger problem with this article it really needs some tidying up and context particularly as time passes and memories of what was fresh in 1990 become less so Alternatively this could be merged into one of several other articles as other comments on this talk page suggested Eventually something should be done as it is a shame to lose it but it is difficult to understand as is <SPLIT><SPLIT> Without reading the talk page I would have lacked the necessary context and background to comprehend the article,0
I replied over on the articles Talk page  Id appreciate an apology from you as we both are guilty of poor editing since we both missed that the phrase house nigger is not actually in the [[ckted]] source,0
Oh buggerit And Id been working on something to say to him  Like ignorant  you dont know what a listed building is so try clicking on that blue link it tells you its notable and American  you live in America thats apparently xenophobic  Actually I havent Ive been continuing to contribute to an encyclopaedia rather than ruining others [[peDoples]] good work,0
[[Auugst]] 2012,0
It [[skunds]] stupid if you type Copenhagen Urban Area into Google it comes up directly with that figure 45561,0
Hello A request for minor [[asskstance]] <SPLIT> Helkar and I are having a mostly friendly I can hardly believe it relatively minor disagreement about the the Wikipedia verifiability policy  Im probably in the wrong here but I was hoping you could weigh in For the first time there seems to be real hope of moving this article forward and I dont want to break the momentum Indian Buddhist Revival <SPLIT> Thanks in advance,0
Im inclined to agree here Ive had a look at the source Changing Face of Crompton and there is nothing to support the seventh century As Peteb16 hasnt responded yet I suggest we remove the paragraph we can always put it or something simillar back in if this is indeed supported by some [[cktation]],0
On a roll  <SPLIT>  youre just all over the place  [[Tyank]] you so much for all youre doing  on days like today where it seems like my work never ends but there are few to help I really notice,0
You [[nerd]] to be very careful about using the term water sports because of its other connotation,0
Im not arguing with you you are clearly uninformed and need to get an education  But I wil not be the one to do it other than to give you this hint  Just because something is common in in an idealogy does not mean that when you see it that you can recognize the idealogy  Many facets of fascism communism and socialism are similar but they are on exact opposite sides of the political spectrum extrme right versus extrme left  When you can figure out what makes somethign a leftist idealogy verus a right wing idealogy youll have made your first step towards a quasienlightenment when it comes to polisci  My suggestion read up on fascism communism and whatever other ism you want THEN compare Hitler and Stalin and THEN you MAY be able to call something or someone a fascist and not look foolish  Until then youre just another ignorant person screaming at the top ogf his lungs and not getting anyoen to listen Good bye again  PS And if everyone here eneds to allow you to edit artciles with the garbage you call editing to be considered by you as open minded then I will gladly be considered close minded  Any day  Grow up,1
Not I Though have you logged out recently if you press log out on one computer it logs you out on every [[ckmputerphonetablet]] youve been logged in on I found that once really annoying TT,0
That only applies to articles on specific species  This article concerns a [[gneus]],0
General guidelines and common sense say no Per WPNAMB the reason given to disambiguate names is if it is the same name eg Matt Smith comics and Matt Smith illustrator Every Thompson in Wikipedia is distinguished notable and there is no reason to assume a substantial portion of the readership would mistake these two Thompsons especially since one is not generally know by the name Thompson not to mention all the other [[physocists]] named  Thompson who we would also have to add to the hat The Lorentz example looks to be a misuse of the hat to me,0
Ramones The Damned Dead Boys Dictators,0
Ah yes AfD tags are  for the article  for the AfD subpage and  for the AfD list for today Which is something I also [[foegot]] Cheers,0
Cute <SPLIT> It is a [[rHeal]] shame when a professor who focuses on antifascism not sure if Teesside University is a real school writes something for something like Faith Matters with the same resources we do goes and makes something more neutral than Wikipedia,0
HI IM GEORGE ZIMMER FOUNDER AND CEO OF THE MENS WEARHOUSE 911 WAS A LIE THERE WERE NO TOWEL HEADS THERE WAS NO AIRPLANE IN TRUTH I WAS VISITING THE BIG APPLE SO AS TO COMPARE MY GARGANTUAN MEAT TRAIN TO IT AND LAUGH AT THE GASPING NEW YORKERS AS I POUNDED THEIR BELOVED NAMESAKE INTO BIG APPLE SAUCE HAVING NOT GOTTEN RELEASE FROM MY CULINARY EXERCISE I MEANDERED DOWN THE STREET WITH MY VITAL BLOOD ENGORGED SEWER PIPE OUT IN FRONT OF ME LIKE A BLIND MANS CANE LOOKING FOR A HOLE IN THE BACKSIDE OF A WOMAN WHICH I WOULD STRETCH BEYOND HUMAN LIMITS I SPOTTED AT THAT VERY MOMENT AN ATTRACTIVE FEMALE IN A MINISKIRT WAVING AT ME I SLAPPED HER TO THE GROUND WITH MY ENORMOUS PHALLUS AND QUICKLY RAVISHED HER SKIRT LIKE A STARVED DOG ON A BABY MADE OF STEAK THE SIGHT THAT AWAITED BOTH SHOCKED AND ENRAGED ME AFTER SEEING THIS WOMANS RAISINSIZED WINKY WINKLER I VOMITED DOWN HIS THROAT AND PENETRATED HIS ESOPHAGUS RIPPED OUT HIS SPINE AND PEELED HIS CORPSE FROM MY MONEYMAKER TO TEACH ALL OF NEW YORK A LESSON FOR LETTING THIS FLAMING FAG BAG LIVE I LET LOOSE A SEMENAL FLOOD OF BIBLICAL PROPORTIONS UPON THE TOWERS OF TWO AT WHOMS SMALL SIZE I LAUGHED LIKE A CLOWN RAPING AN 8 YEAR OLD WHICH CAUSED THEM TO COME CRASHING DOWN LIKE ME AFTER A WEEKEND METH BINGE I MOCKED THE NEW YORKERS AND MADE NIGGER JOKES AS THEY RAN FROM MY EVER EXPANDING CLOUD OF SPERMAZOA MASTURBATING TO THE LOOKS OF HORROR ON THEIR FACES THE GOVERNMENT IN AN ATTEMPT TO SAVE FACE AND BECAUSE THEY HATE ARABS MORE THAN JEWS PAINTED A BOEING 767 ON MY GIGANTIC COCK AND CALLED IT A TERRORIST ATTACK THE FEELING OF PAINTBRUSHES ON MY DICK MADE ME COME AGAIN AND PRESIDENT BUSH SNORTED UP EVERY LAST DROP BECAUSE HE THOUGHT IT WAS COKE SUDDENLY HE CRIED OUT WHATS THAT AMAZING SMELL THEN A GROSSLY OBESE NEGRO POPPED OUT FROM BEHIND THE BURNING TWISTED WRECKAGE OF THE WORLD TRADE CENTERS AND QUIPPED THATS THE POWER OF PINESOL DISPLEASED AT HER INTERRUPTION OF MY DEVASTATING SODOMY CONQUEST YET SIMULTANEOUSLY ODDLY AROUSED BY A SUBHUMANS DEFIANCE IN THE FACE OF MY TITANIC MEAT MONOLITH I GRABBED THE NEGRESS BY HER ARMS AND INSERTED MY BATTLE CRUISER OF PASSION INTO THE ROILING WAVES OF FAT WHICH OBSCURED HER VAGINAL CLEFT SHE SCREAMED INDECHIPHERABLY IN EBONICS SO TO SHUT HER UP I POURED ALL THE CONTENTS OF THE PINESOL BOTTLE DOWN HER THROAT UNFORTUNATELY THE CHEMICALS IN THE LIQUID COMBINED WITH MY UNEARTHLY SUPERSEMEN TO FORM A HIGHLY UNS 	 LE AND EXPLOSIVE MIXTURE OF PURE POWER JUST BEFORE THE FAT NEGRESS BLEW APART AS A RESULT OF THE INCREDIBLE CHEMICAL REACTION MY MOTHER GOT SCARED AND SAID YOURE MOVING WITH YOUR AUNTIE AND UNCLE IN BELAIR I WHISTLED FOR A CAB AND WHEN IT CAME NEAR THE LICENSE PLATE SAID FRESH AND IT HAD DICE IN THE MIRROR IF ANYTHING I COULD SAY THAT THIS CAB WAS RARE BUT I THOUGHT NAH FORGET IT YOU HOLMES TO BELAIR I PULLED UP TO THE HOUSE ABOUT SEVEN OR EIGHT AND I YELLED TO THE CABBY YO HOLMES SMELL YA LATER I LOOKED AT MY KINGDOM I WAS FINALLY THERE TO SIT ON MY THRONE AS THE PRINCE OF BELAIR ONCE I ENTERED MY NEW PALATIAL ABODE ALMOST BUT NOT QUITE WORTHY OF MY INCALCULABLY HUGE MEAT MISSILE I IMMEDIATELY SWEPT MY NEW FOSTER PARENTS ASIDE AND HEADED FOR THE ROOM OF THEIR YOUNG NIECE YOU SEE I JUST SPENT THE LAST TWENTY MINUTES RUBBING A TWELVE YEAR OLD GIRLS BARE CHEST HOW YOU ASK WELL APPARENTLY THERE ARE A SELECT FEW CONTEXTS WITHIN WHICH SUCH AN ACTION IS ACCEP 	 LE FOR INSTANCE IF YOUR NIECE HAS A HACKING COUGH AND YOUR SISTER ASKS YOU TO PUT SOME OF THIS ON HER WHILE SHE CALLS THE DOCTOR <SPLIT><SPLIT> PUTTING SOME OF THIS ON HEAR MEANT USING MY BARE HANDS TO RUB THIS VAPOR OINTMENT SHIT ALL OVER HER BARE NAKED CHEST MY HEARTBEAT IS STILL ALL ERRATIC FROM IT I HAD A BONER THE SIZE OF MANHATTAN THE ENTIRE TIME SHES SLEEPING NOW AND I GUESS SHE FEELS BETTER BECAUSE SHE STOPPED COUGHING <SPLIT><SPLIT> DETAILS SHES ABOUT 5 FEET TALL HAS LONG BROWN HAIR A CUTE FACE A THIN WAIST AND LONG SKINNY LEGS SHES IN JAMMIES I THINK BECAUSE ALTHOUGH IM PRETTY SHAKEN UP RIGHT NOW I KNOW I UNBUTTONED SOMETHING BEFORE I WENT AT IT <SPLIT><SPLIT> GOD I FEEL SO GREAT I JUST RUBBED MY HANDS LAL OVER HER FUCKING TITS YOU GUYS WELL THE PUFFY PARTS OF HER CHEST ANYWAY HER NIPPLES GOT HARD I JUST ABOUT WEPT TEARS OF JOY OBVIOUSLY THERE ARE VERY FEW THINGS IN THIS UNIVERSE WHICH CAN BRING ME TO SUCH A STATE AND COMBINED WITH MY INCREDIBLE STATE OF AROUSAL I WAS UNABLE TO HOLD BACK THE STORM BREWING IN MY COLOSSAL PUDDING BLASTER MY STEAMINGHOT SILVER LAVA BLASTED OUT FURIOUSLY INSTANTLY KILLING MY UNFORTUNATE YOUNG COUSIN AND REDUCING MY NEW HOME TO BLASTED BITS AND PIECES OF WOODEN DETRITUS I GUARANTEE IT,0
I removed the images I dont need something which disturbs me this much on my talk page I will reply to your [[peost]] once I look over the situation,0
But IS he notable Not really seeing proof of that from the shortest bio might have a look round for [[slurces]],0
March 2008  <SPLIT>  Please stop If you continue to vandalize Wikipedia you will be blocked from editing  Ive gone to warning because you edited your own vandalism for grammar please desist    <SPLIT> If this is a shared IP address and you [[dient]] make any unconstructive edits consider creating an account for yourself so you can avoid further irrelevant warnings,0
PISA SHIT  <SPLIT><SPLIT> MOTHAFUCKA I KILL YOUR [[BKTCH]] ASS,1
If you reeeeeeally want this page I would [[shggest]] adding it to Spanish profanity  However without some reliable reference to establish that it exists it will be removed even from there  This is true even though there are other unreferenced statements on the page that just means nobodys cleaned up lately  All I can find with several variant spellings is a Greek and Italian surname ProkopisProcopisProcopi,0
Incongruous photo of William James  <SPLIT><SPLIT> An image of William James who died 47 years before the founding of the Parapsychological Association scarcely seems relevant to the topic  [[Conshider]] removing it,0
To what [[purGpose]],0
Your [[ckmments]] are completely immature Go away child,0
of u dont use a comdon and the u mite get [[cfabz]] so dont have sex intill ur married,1
Lucie Beaulieu  <SPLIT><SPLIT> Please do not create misleading Wikipedia articles just to insult [[peole]] or add irrelevant references to existing Wikipedia articles If you want to experiment with editing Wikipedia articles please try the Wikipediasandbox Thanks,0
NO WAY  <SPLIT><SPLIT> Are you [[jiking]] Yes Regurgitation should be put in the vomiting article but it should not be considered a form of vomiting,0
You added that the licensing [[sextion]] after the bot tagged the page See the diff That template is what it is looking for,0
Please stop  <SPLIT><SPLIT> hey misortie maybe you should stop backseat moderating and acting like youre the king of the world and start having good faith in fellow contributors your edit summary please do not post again clearly shows how much of a pompous snob you are why do i even bother stop abusing your rollback privileges all editors are equal is unacceptable Your blatant harassment must stop And by the way I did not use my rollback feature to remove that trolling on TalkIslam Just leave me alone ok I dont the time to deal with this crap,1
[[rae]] little children till they bleedbecause he is a petifile cunt,1
Added Cultural reference  <SPLIT><SPLIT> [[Hopefukly]] I formatted the entry right I even provided a reference Its a humorous reference but a real one nonetheless,0
Transsexual  <SPLIT> Ive heard many people claim that she has a [[penQis]] I even saw some pictures which supported that theory whaddup wit dat,1
Did you mean use the cutdown version If so please go ahead and move it into your own userspace  youre [[welfome]] Ill see what I can do about getting the see also parameter renamed should be easy for a bot It used to create a level 3 heading called See also but that was when the level 2 heading above it was called Related content See,0
Its only a background [[queshion]] no candidates are forced to answer any questions if they dont want to and noone is required to base their votes on the answers Theres a questions and comments section I see no problem in asking questions that I feel will tell me more about the various candidacies,0
I havent checked my honors page but will do so pronto What makes you think the timber companies dont pay property taxes Are you confusing them with government whose lands make up half of most states out here on the west coast And I thought trees grew back Whats the alternative Youre not a cave man are you I [[hole]] you havent fallen under the spell of propaganda over at the hydrogen economy page Just how much faster do trees grow at higher CO2 levels And whats to bad about warming things up in Russia and Canada Theres a lot of wasted space up that way that would like nice with ferns and coconut palms,0
George W Bush early career [[sextion]]  <SPLIT><SPLIT> I noticed you recently edited the George W Bush article changing the section named Early Career to Professional Career and also adding subheadings with date ranges  The first date range you entered 19741978 is blank  Did you intend to come back to add something to this  Otherwise theres no reason to break up the section by date,0
One Day Alex Went to jamies house and [[jwmie]]  Him,0
Mediation  <SPLIT><SPLIT> Hi you must not add comments to the Issues to be mediated on the RfM Comments such as impossible should not be added With regard to the sockpuppet checks Ive [[stfuckthrough]] all of them as this is not for a mediation All sockpuppet check requests should be at WPRFCU where  you can request the sockpuppet checks relating to this case It would be best if any more comments are added to the request to let me or another member of the committee remove them otherwise the conflict between you and Frater will escalate I would advise contacting me if you think something should be looked at as opposed to simply doing it yourself e,0
women in irish history  <SPLIT><SPLIT> who are the major [[wmen]] in history,0
Four Beauties  <SPLIT><SPLIT> There should be a section in the Honey Trap strategy about the Four Beauties That is [[fat]] and not opinion,0
lens correction diagram is wrong  <SPLIT><SPLIT> The image Compensating for myopia using a corrective lens is wrong  The outer light [[rats]] should angle outwards as they pass through the convex lens  partly as they enter the lens then more as they leave the lens so they are not parallel when they enter the eye,0
presumption of innocence and more generally the last two paragraphs of the differentiating section  <SPLIT> These two paragraphs are unworthy of wikipedia They are not only biased I am inclined to say arrogant but also wrong unfounded and even worse for wikipedia without any conclusive citations  <SPLIT><SPLIT> Just to give an editor two hints Just facts <SPLIT><SPLIT> 1 in dubio pro reo is latin It is latin because it is a roman principle of law Naturally as civil law is based on Roman law it is an integral part of every civil law system But in dubio pro reo includes the presumption of innocence I dont know where the ridiculous assumption comes from that there is no equivalent of presumption of innocence in civil law Just delete the paragraph about it and add a sentence that this is myth <SPLIT><SPLIT> 2 Juries It is true that Germany for example has abolished juries in 1924 because the judgements were deemed to be too arbitrary and that it only uses lay judges in important cases However a cursory look at a normal trial in France would make it absolutely clear that the people sitting there right to the judge in many cases are a jury The whole discussion in that paragraph seems to be coocked up by a first year law student who has heared something and written his prejudice down <SPLIT><SPLIT> 3 Hearsay or broader exclusion of evidence You cannot say that civil law systems as a whole dont have functional equivalents to hearsay rules Of course they are not realy needed in a nonjury trial but there are ample possibilties in which evidence will be excluded Id delete that completely Or you going to have to name every civillaw country that has some hearsay rules  <SPLIT><SPLIT> 4 The whole thing is written as if civil law only makes sense when contrasted to common law Even for the Englishlanguage hawks on wikipedia this seems to be a bit too cheeky 3000 years of development There are provisions in the German BGB that are direct translations from the roman twelve tables for gods sake <SPLIT><SPLIT> All in all I am not a proper editor for such an article but this [[arsticle]] needs working on why dont you ask an American professor of international law that you know to rewrite the article That would also guarantee that the result can be accepted by both sides sounds ridiculous I know but reading that article you think that wikipedia is not a objective encyclopedia but a tool of people from North America and England to narrowmindedly judge about the world from their point of view,0
deleted Stanley Meyers patents and Stanley Meyers papers  <SPLIT><SPLIT> deletion of papers and patents <SPLIT><SPLIT>  Process and apparatus for the production of fuel gas and the enhanced release of thermal energy from such gas <SPLIT>  Method for the production of a fuel gas <SPLIT>  Controlled process for the production of thermal energy from gases and apparatus useful therefore <SPLIT>  Gas generator voltage control circuit <SPLIT>  Electrical pulse generator <SPLIT>  Gas electrical hydrogen generator <SPLIT>  [[Startupshitdown]] for a hydrogen gas burner <SPLIT>  Hydrogen gas burner <SPLIT>  Hydrogen gas injector system for internal combustion engine,0
DYK nomination of FZero Climax <SPLIT>  Hello Your submission of FZero Climax at the Did You Know nominations page has been reviewed and some issues with it may need to be clarified Please review the comments underneath your nominations entry and respond there as soon as [[pissible]] Thank you for contributing to Did You Know,0
[[Upwated]] licensing,0
Deletion <SPLIT><SPLIT> Hi BigHairRef <SPLIT><SPLIT> So you delete pages posted by smaller companies who are putting up information about their organization ones that are written without trying to sell any product  but you leave big companies on wikipedia alone I guess you cant fight the big companies and you prefer to bully small companies who dont have the guns to keep their information on the site There have been stories in the main stream press about how corporations are using wikipedia for blatant marketing  and i just looked at a few of them and its amazing what they get away with compared to what I wrote about my company <SPLIT><SPLIT> So do you like to help the rich get richer rather than allow any company to put up information about their history background inventions etc I agree using Wikipedia for marketing or to simply try to get traffic is wrong but if big companies or well financed small companies can put their info up then any company should be able to put up their history and information without being labeled blatant marketing Who are you to say which company is or is not relevant to have their information on wikipedia What are the criteria for one company to be here and another company to not be here  the rules are there but they are not clear <SPLIT><SPLIT> If a small company crosses the line you should give them a chance to make edits and put their information up I attempted to make edits got no feedback and tried to do everything i could to comply And yet my name is up as clear as day in this site as if I am a scoundrel just looking to abuse this great site Nothing could be farther from the truth I respect wikipedia i use it regularly and I dont like blatant marketing on this site as much as you do <SPLIT><SPLIT> I dont want you flaming me again so thats why you wont see my name  but this is really wrong Also Im sure you will delete this immediately as you [[wnot]] have this type of criticism on your page  Preceding unsigned comment added by,0
IMDB link <SPLIT> Okay this is getting annoying I keep [[pfutting]] in a link to The Conjuring IMDB page and someone keeps deleting it please cease and desist,0
sup [[fargot]]  <SPLIT><SPLIT> AM I DOING IT RIGHT,1
Single episodes <SPLIT> I plan on redirecting these per WPEPISODE soon Information from multiple secondary sources must be present for a single episode to [[nerd]] an article This includes reception and development Single plot summaries and trivia dont make a substantial article I suggest Wikia and tvcom as alternate venues for this information,0
[[FCK]] THIS I HAD MY SAYING BUT U RUINED IT BYE,1
Look at the [[linus]] I have provided above and many others easily found and you will see that is just not true,0
the zhou dynasty is the longest [[dyhasty]]    niki,0
genci hyseni eshte [[llkkum]],0
Please do not vandalize pages as you did with this edit to UserDASHBotFalse Postive Reports If you [[ckntinue]] to do so you will be blocked from editing,0
1 pc  326 ly,0
etaoin shrdlu  <SPLIT> Whered you [[fiend]] that cool image of the etaoin shrdlu example he said enviously   5 July 2005 1535 UTC,0
asking again for help <SPLIT><SPLIT> Will you [[asskst]] me in making corrections to the Bigfoot page <SPLIT><SPLIT> I am so new I will make errors and opponents will just revert <SPLIT><SPLIT> Much of the page is written with false assumptions <SPLIT><SPLIT> You can contact me at rudystealthaccessnet   <SPLIT><SPLIT> and we can skip this silly wiki method of talking on this page <SPLIT><SPLIT> Thanks <SPLIT><SPLIT> beckjord,0
16 21 May 2015 UTC <SPLIT><SPLIT>  Please do not hastily remove sections  <SPLIT><SPLIT> SummerPhd <SPLIT><SPLIT> I noticed you removed my section on coconut oil I understand that I did not give an explanation for removing some content so let me explain <SPLIT><SPLIT> First Im new to editing articles on Wikipedia and this was my first edit so I missed the explaination section at the bottom of the page I noticed that some significant modifications have been made to some pages regarding foods that you might find in health food stores some of which are completely unfounded For example deleting information regarding nutritional composition or studies linking foods to particular health effects seems to be some kind of info war to me If you or others who delete these sections feel that the issue is not so black and white then additional content needs to placed to challenge those studies rather than removing the content entirely <SPLIT><SPLIT> The section I removed seemed to me to read as biased The section reads <SPLIT><SPLIT> Many health organizations advise against the consumption of coconut oil due to its high levels of saturated fat including  and then a list of organizations are listed  <SPLIT><SPLIT> First of all none of those references make any statements advising against the consumption of coconut oil they only talk about limiting saturated fat If you read the section on saturated fat you would notice that the issue is not that cut and dry In fact some studies show that 7 SFA and TFA may have a reduced risk for cardiovascular disease The actual picture may be more complicated and ratios of saturated mono and polyunsaturated fats may be more important than actual levels of these fats but this is mere conjecture to me that I am not interested in defending Although it is not that cut any dry I still maintain that caution should be taken with the consumption of saturated fats There is enough data to suggest that although the picture is much more complex than we originally thought there may be good reason to limit saturated fat intake But completely removing a macronutrient from your diet may have unintended consequences which is probably why none of these agencies advocate a complete elimination of saturated fat but to maintain low levels of it  <SPLIT><SPLIT> I did not see listing all of those agencies as necessary It appeared to read like a biased article and in order to eliminate the feeling I had that it felt biased I still kept the original argument but in a more succinct [[fashikn]] with the references in tact <SPLIT><SPLIT> Since lauric acid is a saturated fat moderation is recommended by many health organizations which advise a higher ratio of monounsaturated fats and polyunsaturated fats I included all of the original citations at the end of this sentence <SPLIT><SPLIT> Nevertheless instead of restoring the old content in addition to mine you completely removed my content despite it containing a good amount of studies some from notable journals And the content I wrote was not particularly regarding saturated fat and its controversy but instead it mentioned the antimicrobial effects of MCTs and monolaurin If you feel that there is some debate in some of the findings that I presented you should instead include those in the article rather than completely removing my edit <SPLIT><SPLIT> I hope this explains things for you SummerPhd Please be less hasty about deleting content on Wikipedia many people rely on it to learn about complex issues If you feel that the section is biased please mention how If you feel that its more complicated please explain and cite your reasons with sources from journals Readers have a right to make up their own minds about these subjects and wikipedia is all about shedding light on all the complex dimensions of our world not merely maintaining a onesided argument <SPLIT> The article you are editing coconut oil has been through a few heated debates including both edit warring and sockpuppetry The edit you have made makes several substantial changes to the status quo that emerged after those debates please see the articles talk page and edit history for more information As such edits which make numerous changes are probably not going to fly Youll find much more success if you take on smaller,0
Thanks for editing Wikipedia [[Nerd]] help <SPLIT> Hello Sjeversole thanks for contributing to Wikipedia I want to invite you to the Teahouse a forum on Wikipedia for new editors to ask questions about editing Wikipedia and get support from peers and experienced editors I hope you see you there,0
Any good Bollywood films out of late I was [[shcked]] that minor actress was decapitated by a costar last week It was Kareena Kapoors movie too,0
Middle power and Great power are 2 [[arSticles]] in the ridiculous like the propaganda that is behind them,0
Fin de sicle  <SPLIT><SPLIT> Ive removed this for several reasons <SPLIT><SPLIT> a the phrase commonly alludes only to francophone literature and is therefore misleading in the context of norwegian literature <SPLIT><SPLIT> b its not a commonly used or understood phrase wikipedia should encourage elucidative language <SPLIT><SPLIT> c the phrase is French and this is the English wikipedia <SPLIT><SPLIT> d random intrusions of French into an otherwise wholly English article [[slunds]] utterly pretentious,0
The bible  <SPLIT><SPLIT> Firstly let me say that I am sorry to have to bother you <SPLIT><SPLIT> [[Sexondly]] I wish to let you know that a recent VFD that you took part in has closed The result was that 32 people voted to keep all individual bible verses as seperate articles and 34 voted that they shouldnt 2 abstensions and 3 votes for both This is considered by standard policy not to be a consensus decision although the closing admin stated that it was a consensus to keep them <SPLIT><SPLIT> Thirdly the subject has now been put to a survey so that it may remain open until there is a clear consensus for what appears to be a difficult issue to resolve You may wish to take part in this survey and record a similar vote to the one you made at the VFD there The survey is available at WikipediaBible verses,0
Copy edit request  <SPLIT><SPLIT> Please copy edit Fashion film I would be grateful to you [[Tyank]] You,0
So what should I do if I want to [[repirt]] that there is an error in  Its always cerium,0
The only [[grop]] the US is unambiguously supportive of is the Kurds,0
Given that resistance to wear is another name for abrasion resistance both statements say the same  first that teflon can resist wear less well than UHMWPE the second that UHMWPE [[rexists]] wear better than teflon,0
WikipediaDisputeresolutionnoticeboardArchive62TalkSaffronterror  does not say it is closed or that it has reached an agreement then how can it be held as a reason to [[reveft]]   New thread,0
Xavier College  <SPLIT><SPLIT> Gday Jon <SPLIT><SPLIT> Ive withdrawn from the discussion over at TalkXavier College and have therefore withdrawn my proposal because the discussion had turned WPUNCIVIL with no hope of getting back on topic Additionally I wont be editing that page further as it is abundantly clear that certain people WPOWN that article and hard [[Hopefukly]] theyll make the changes you suggested but thanks anyway for your contribution,0
i [[hzte]] the federlists,1
Please stop your [[dieruptive]] editing If your vandalism continues you will be blocked from editing Wikipedia,0
[[WhMat]] if you kill in selfdefence What if you believe that a person has brought about their own punishment All magic dark and light is what you make of it You are not automatically good or bad because you use one or the other So Voldemorts ritual It itself was not evil It was merely a tool a function The use he put it to was  well certainly repugnant I hesitate to use the word evil even in the case of Voldemort As for transfiguration or charms you would expect it to hurt A lot Lupins transformations hurt him and they are to a large extent a more primeval and uncontrolled feature of transfiguration,0
Please do not add [[unsurced]] or original content as you did to SpiderMan television series Doing so violates Wikipedias verifiability policy If you continue to do so you may be blocked from editing Wikipedia,0
The Fat Bastard [[Ewit]] War <SPLIT><SPLIT> Ive been watching that edit war from the sidelines and was wondering about it as a notation once said that it was used by people calling the Chumpline  If enough Chumpline callers use that specific nickname for him shouldnt it be included among the list  Since I havent been able to listen to the show for numerous years I left the WXTK staff in 1998 I dont know as much about current trends on the show and wanted to know the controversy surrounding the nickname and why it should or shouldnt be included   CST,0
Copied and pasted from the end of Bumblebee [[sice]] some are too lazy to click a link <SPLIT>   John H McMasters MarchApril 1989 The flight of the bumblebee and related myths of entomological engineering American Scientist 77 146169  cited in Jay Ingram 2001 The Barmaids Brain Aurum Press pp 9192 ISBN 1854106333  <SPLIT>   Jay Ingram 2001 The Barmaids Brain Aurum Press pp 9192 ISBN 1854106333  <SPLIT>   Bumblebees finally cleared for takeoff Cornell Chronicle March 20 2000 httpwwwnewscornelledureleasesMarch00APSWanghrshtml Retrieved January 26 2008  <SPLIT>   John Maynard Smith Flight in Birds and Aeroplanes  Science Video httpwwwvegaorgukvideoprogramme84 Retrieved June 20 2010,0
Where and how would I open a new case What page should I go to I went to KirkleyHigh and his page was blocked Do I report it to Europe22s page Im totally new to all this [[sickpuppet]] business so Im not sure of the proper procedure   samusek2,0
I changed it to it was tantamount to a life [[sentnce]] Thats more in keeping with what how the media describes any sentence of 12 years or more,0
You can put that at the top if you want but not replace the entire contents of the page with it Though before you do ask yourself a [[queshionwill]] this improve Wikipedia Will someone benefit from it or am I just trying to piss Mbz off If you think theres a genuine benefit to having the template there go ahead,0
Goodman says the predicate grue  applies to all things examined before t just in case they are green Fact Fiction and Forecast p 74 <SPLIT> Hilary Putnam says Goodman defines something as grue if it is either observed before a certain date and is green or is not observed before that date and is blue Fact Fiction and Forecast Fourth Ed pvii Foreword <SPLIT><SPLIT> I [[shggest]] we leave it at that and not correct the original expression or logic,0
My mom [[hkts]] me very very very very very very very very very very very hard on the head,0
PS about chariots Beg or steal a pic of that ostrichfan thing from King Tuts tomb It [[shws]] a chariot the horse is handled with a nose ring no less Compare to Rameses IIs glorification of his charioteers As I recall the pic is in in Mallorys book on the IEs,0
Objection 1 <SPLIT> A 16bit app on a registeroriented machine must obviously not use registers wider than the maximum register width   However that doesnt prevent it from having data items wider than the maximum register width  Late1970s versions of C on the 16bit PDP11 had a 32bit integral data type  <SPLIT> The nbit template just says In computer architecture 1bit integers memory addresses or other data units are those that are at most 1 bits 2 wide  That specifically refers to computer architecture so it allows for wider integer arithmetic which would have to be done with multiple arithmetic instructions <SPLIT> 64bit computing which doesnt use that template says In computer architecture 64bit computing is the use of processors that have datapath widths integer size and memory addresses widths of 64 bits eight octets  This is similar it speaks of processors but its still talking at the instruction set level <SPLIT> Im not convinced that In computer architecture 16bit computing is the use of primarily 16bit data including integers and memory addresses  That is data elements are at most 16 bits 2 octets wide from Lyons version is an improvement  It doesnt change it from something that doesnt allow for example a 32bit  to something that does  It might better handle the PDP11 in which one of the floatingpoint instruction sets the one introduced with the 1145s floating point processor provided limited support for 32bit integers converting to and from floatingpoint but no arithmetic or the 80286 with its 24bit segmented addresses but it does so by adding the somewhat weaselwordish primarily <SPLIT> Objection 3 <SPLIT> Popular varies with time and with market segment  16bit minicomputers were quite popular in the computing market throughout the 1970s and 16bit personal computers were quite popular during at least the first half of the 1980s  However you [[wot]] find many 16bit minicomputers or personal computers these days  You may find lots of 16bit microprocessors in embedded applications now  Id say that any talk of popularity belongs in text giving more detail than just CPU and ALU architectures based on registers address buses and data buses of 16bit width have been popular for decades giving some historical background  That can BTW be done whilst still using the nbit template  put it in another section another paragraph or another sentence in that paragraph after the template <SPLIT> So for now Id say leave things as they are pending further discussion  Lyons rationale for the rename of 64bit to 64bit computing and some discussion of the issues with the nbit template can be found at Talk64bit computingTitle  More of his arguments against the template can be found at Template talkNbitLonglasting problems from ancient template  I would suggest that further discussion of the merits of the template be done there and that replacing the template in this or other nbit articles not be done until something approximating a consensus is reached there  Im not sure where the merits of renaming nbit to nbit computing should be discussed but Id like to see that discussed a bit more and again something approximating a consensus reached before renaming any other articles,0
Triton [[Rkcker]]  <SPLIT><SPLIT> I note your indefinite block on  and Im wondering if youve misread the situation Firstly his edit summary HighKings nuts HighKing made an inaccurate point about conkers stating that they are not named as such in Ireland this is incorrect they are so named in Ireland Conkers are actually nuts in the normal sense of the word see the picture at Nuts fruit so Triton was adding an accurate edit summary linking HighKing to the nuts of the discussion Accordingly I cannot see what the problem is with this edit summary maybe Im missing something On the other matter what Triton says is absolutely accurate and you know it Furthermore it is a mild accusation and in no way warrants any sort of block let alone an indef one Good luck with ANI on this one All I can say is that it will yield many pages of crap debate  again,0
History <SPLIT> This [[pwage]] says that KMYT went on the air in 2005 but looking at the FCC database I cant see how thats true  The KMYT call sign was issued in December of 2002 and the frequency has been licensed since January of 1990 in various incarnations,0
I think this The REAL Rudy is a stupid article because its nothing but a forum to air political sniping but its all about a nonnotable [[skurce]],0
Since the matter appears to already have been settled Its a little late for this <SPLIT> Stop changing animal names in Walking With Dinosaurs Walking With Beasts When Dinoasurs Roamed America and Sea Monsters <SPLIT><SPLIT> Since this is an Opening volley it would have been more effective to word it thusly <SPLIT>  Please stop changing the animal names on the following pages Walking with Dinosaurs Walking with Beasts When Dinosaurs Roamed America and Sea Monsters  <SPLIT><SPLIT> Or for even more authoritative <SPLIT><SPLIT> Please refrain from changing the animal names <SPLIT><SPLIT> Its very annoying Cant you see references beside each animal Youre making the articles less specified and less imformative You The nicest thing I can say is youre [[maknig]] the articles worse <SPLIT><SPLIT> Just badly done here A far calmer approach would have elevated this greately Its very annoying is jhighly subjective and The nicest thing I can say is just a bland insult  <SPLIT><SPLIT> This would have been A more wordeffective and B more direct  <SPLIT><SPLIT> Your edits only cause detriment to the articles in question as prior to your edits the animal identities were fully cited Please refrain from continuing these edits  <SPLIT><SPLIT> An Or risk moderator intervention can be added if the need is felt  <SPLIT><SPLIT> But Im a writer so I tend to be nitpicky that way,0
declineYou have not addressed any of the issues mentioned in the block notice Have you actually read that notice If you have then I suggest rereading it very [[carefukly]],0
Welcome to Wikipedia the free encyclopedia You dont have to log in to read or edit articles on Wikipedia but creating an account is quick free and nonintrusive requires no personal information and gives you many benefits including <SPLIT> The use of a username of your choice <SPLIT> The ability to view all your contributions via a My contributions link  <SPLIT> Your own user page  <SPLIT> Your own talk page which if you choose also allows users to send you messages [[wlthout]] knowing your email address <SPLIT> The use of your own personal watchlist to which you can add articles that interest you <SPLIT> The ability to rename pages <SPLIT> The ability to upload images  <SPLIT> The ability to customize the appearance and behavior of the website <SPLIT> The eligibility to become an administrator  <SPLIT> The right to be heard in votes and elections <SPLIT> Your IP address will no longer be visible to other users <SPLIT><SPLIT> We hope that you choose to become a Wikipedian and create an account  We hope you enjoy your time here on Wikipedia as a Wikipedian Thanks,0
Thanks No rush I think most of the pertinent and modern sources available are already mentioned in the article Let me know if you [[nerd]] help actually find them I might have some of them,0
I havent seen Jacksons book but Im not inclined to think that its better than Jentschura Garzke and Dulin or Skulski I always prefer the more specialized books over more general surveys The Treaty definition of standard doesnt include ammo or most reserve feed water for the boilers so the figures above seem way out of line Sturtons book which is also a general survey of battleships quotes 62135 standard and 69990 [[fukl]] load much more reasonable,0
Oh Im looking forward to doing some Valentines crap Not with your wife of course You sound terrible I hope you feel better soon,0
Hes an international bowler with an average of 425 WTF,0
Violation  <SPLIT><SPLIT> In deleting my Wikiracist article as utter crap you violated several tenets of wikipedia  Dont bite the newbies Assume good faith and the utter crap is a Personal Attack You also failed to let the deletion process take its course and achieve consensus How do you justify this,1
Hi thanks for your edits Ive added some more information and well could you please Fix the wording again Thanking you in advance All the best wishes and kind [[retards]] as always,0
Shut up guys it doesnt matter what religion you are Im Catholic and if i ever get famous and people go why isnt it talked about that shes catholic i will be ashamed It doesnt matter what you are And its not a cristian band its alternative Its not essentional are you like a priest or something Come on people dont start with religion Its not important no one should care And please dont call them a cristian band its not bad to be alternative its not like it means all the bands worship the devil or something Get this star though and this is what im saying IT DOESNT MATTER and that wasnt in caps to be mean it was in caps so people would see it Right now so is their an ALTERNATIVE BAND,0
The previous owners have a license to complete some programming  <SPLIT><SPLIT> What the flying blue fck is that sencentnce supposed to mean <SPLIT><SPLIT> It is 100 without meaning  But this int exactly rare given the quality an editorial [[cGompetence]] of Wikipedua is it,0
Re Vandalism <SPLIT> People who go here really are [[iidots]] arent they rolleyes,1
Im going to in the next few days begin adding the Canadian [[Senatirs]] past  present to the 1st through 39th Canadian Parliments It will take a long long long time Put Ill give it a try,0
Soniya gandhi is the the [[canScer]] of India  <SPLIT><SPLIT> she is the cancer of India,0
Please do not vandalize pages as you did with this edit to Israelites If you [[ckntinue]] to do so you will be blocked from editing  RJaguar3,0
Yeah that deserves at most a brief mention linked to an appropriate article which can discuss the matter more thoroughly  has a [[pint]] that the US indirectly supported Bin Laden as he was one of the rebels in question during the Soviet invasion but its a very tenuous link,0
Whats the [[matfer]] with you man  get a grip with yourself  Let me explain how this works  Aroras are a subgroup of Khatris  Many Khatris do not recognize them as being Khatri because history shows that Aroras migrated from a different part of India more then likely centuries ago from the Sindh and the Multan area and when they settled in the higher north Punjabi regions the Khatris did not associate the Aroras with themselves and called them Arora,0
Part of a [[pissible]] solution <SPLIT> Instead of revealing things in the order they appear in the game it might be best to do it in chronological order This will help remove redundancy and perhaps really reduce compresson That way instead of discussing everything that goes on in the lifestream the article can mention his past and state later that As they walked through the lifestrem Tifa and Cloud learned the truth behind his past,0
[[Thee]] are certain alligations those are persistantly provided by western scholars These views should be presented at Vedas <SPLIT><SPLIT> Atharva Veda I164 <SPLIT> Kill the killer of the cow with the bullet of lead <SPLIT> Atharva Veda III301 <SPLIT> You should impart love to each other as the nonkillable cow does for its calf <SPLIT> RgVeda VII5617 <SPLIT> Punish the killer of the cow and the man <SPLIT> RgVeda VIII10115 <SPLIT> Cow is pure do not kill it <SPLIT> RgVeda X108716 <SPLIT> Those who kill the Aghanya the cow which is not to be killed according to the Vedic edicts their heads should be chopped off <SPLIT> Yajur Veda XIII49 <SPLIT> Do not kill the cow <SPLIT> YajurVeda XXX18 <SPLIT> Award death sentence to the killer of the cow <SPLIT> RgVeda VI283 states <SPLIT> Enemy may not use any astra ie weapon on cows <SPLIT> RgVeda VI284 states <SPLIT> Nobody should take them to butcher house to kill them <SPLIT> Mahabharata Shantiparva 26247 <SPLIT> Cow is called aghanya and thus nonkillable,0
What is the Correct Spelling of Mr Joness Middle Name  <SPLIT> Is the correct spelling of Mr Joness middle name Emerick or Emric <SPLIT><SPLIT> In the below Travis County Texas document it lists an Alexander Emerick Jones <SPLIT><SPLIT> Travis County Commissioners Court Minutes March 24 1998 <SPLIT><SPLIT> httpwwwcotravistxuscommissionerscourtminutes199803980324vspdf <SPLIT><SPLIT> Alex Jones is highly active in the local politics where he lives and has been for some time so I would be somewhat surprised if thats not a reference to him Austin where Alex Jones lives is the county seat of Travis County <SPLIT><SPLIT> Im the one who [[originalpy]] put the Emerick spelling in the Wikipedia article based on the fact that that was the only Alexander EmerickEmricetc Jones that I found doing a Google search ie in the above document Ive heard Alex Jones say his middle name on air but he didnt spell it This Wikipedia article on Alex Jones has had the Emerick spelling for some time now Google still lists no other spelling variation on the name EmerickEmric other than Alexander Emerick Jones <SPLIT><SPLIT> An edit was only made to the Emric spelling on by 81153133216  httpenwikipediaorgwindexphptitleAlexJones28journalist29oldid41465109  and of whom left no comment concerning the edit <SPLIT><SPLIT> So which spelling is the correct one  <SPLIT><SPLIT>  AllBeing  <SPLIT>  Is anything NOT truth  Knowledge is the light revealing that which was unknown  If we are honest with ourselves then we will be honest with the world around us from perception to communication  We owe ourselves to face every aspect every facet of life and accommodate each one even if they do not agree  Let us learn to befriend ourselves and others and treat our own lives as a devoted farmer would his beloved animals  All life has its place even if some parts of it kill other parts  Even if one cannot exist in the presence of the other both still exist  Basically we just need to understand that we are dumb fucks and we dont know shit about much of anything  That way at least we can look at things with a less pompous eye <SPLIT><SPLIT>  Jones has approval from a range of supporters as well <SPLIT><SPLIT>  for his ability to draw from a majority of references to mainstream sources and relate it to a grand theme <SPLIT>  for being willing to stand for his rights as was the case when he was arrested after resisting a thumbprint scan <SPLIT>  for offering a solution to fight the patriot act by appearing in front of a council with an allotted time of 15 minutes <SPLIT>  for speaking out against fear which we are all so afraid to do <SPLIT><SPLIT> Jones can appear to be very energetic and impassioned over his alternative journalism He appears to have a high level of vocabulary <SPLIT><SPLIT> Either he is very intelligent and very cracked or he is very honest and very dedicated and these days who the hells gonna know the difference <SPLIT><SPLIT>  No need to apply censorship here  <SPLIT> The fact some of us dont like what Mr Jones says doesnt mean facts about Mr Jones should not be put here  On that basis only good people would qualify no Hitlers and such  Kindly let me decide if I want to read about Alex Jones   <SPLIT><SPLIT> Its not about Jones anyway its about us and you  Do we get to learn about things if Im inquisitive about them  Or do we let YOU filter out what you dont like <SPLIT><SPLIT> The criteria for these types of entries in my opinion is whether someone has had some influence on society or has been newsworthy not that he has a great vocabulary or eloquence etc but some significant enough basis to be noticed maybe not by you but by a lot of others <SPLIT><SPLIT> Jones clearly has changed a lot of public opinion on important current events which is not at all easy and in areas the regular media would not dare touch not for intelligence but for fear or corruption  On the other hand hes rubbed a lot of people the wrong way  Hey thats life <SPLIT><SPLIT> I suggest we who think its a good topic focus on accurate and relevant content as a lot of it still seems missing and keep an eye out for vandals <SPLIT><SPLIT> Yeah ive noticed a huge rightwing bias on this site just check out the spin on the Bush article and everything they leave out <SPLIT><SPLIT>  Anti Semitism  <SPLIT> Some people tend to add the term antisemitic to controversial in the first paragraph This is fcking bullshit With this logic you could label anyone who talks about anything jewish an antisemite It really really hurts me as this only helps those who are real antisemites  <SPLIT> Yes he talks about Jews and not in favourable terms but he doesnt talk about The Jews he talks about wealthy individuals who,0
The quotation could be standardised as follows A lousy way for a man I [[dient]] know Id ever be Alex Selkirk In other words he never imagined hed be marooned,0
Woops [[sligut]] edit conflict there,0
UTC <SPLIT><SPLIT> LAUGH90 you are obviously a [[pissfd]] off MOOriah lamb Not only does Warner Brothers claim Madonna has sold over 200 million albumsbut so does the IFPIand the IFPI is official and represents the recording industry worldwide  0704 8 January 2008,0
Morgan  <SPLIT><SPLIT> Morgan [[lickes]] noodles She also likes her friends They are fun  she sees them at her school you cannot know what school she goes to beause someone might stalk her P,0
ReaverFlash unless you read some of the archives you [[wnot]] actually have much idea what relates to this article and why A lot of discussion has gone on,0
ThePromenaders [[harasment]],0
During the Cold War  <SPLIT><SPLIT> The sentences During the Cold War Europe was divided along the Iron Curtain between NATO in the west and the Warsaw Pact in the east lead and After World War II the map of Europe was redrawn at the Yalta Conference and divided into two blocs the Western countries and the communist Eastern bloc separated by what was later called by Winston Churchill an iron curtain imply a complete partition  They do not account for the neutral [[cuntries]],0
Images  <SPLIT><SPLIT> Hi there I have removed the speedy tags from ImageFembots 2 APIMOMjpg and ImageFembot 3 APTSWSMjpg The text of the tag reads It is a nonfree image with a clearly invalid licensing tag or it is an image that fails some part of the nonfree content criteria and the uploader has been given 48 hours notification for images uploaded after 20060713 or seven days notification for images uploaded before that date CSD I7 You did not do that Also ImageFembots 2 APIMOMjpg has an adequate rationale for the two articles it is in Any [[queshions]] can be left on my,0
FAGGET RIGHT THERE TRUE [[FCUKING]] FAGGET,1
boob boob boob boob boob,0
October 2015 UTCdeclineCheckuser [[verfied]] abuser of multiple accounts  0053 27,0
The [[creting]] editor has been added nonsense throughout Wikipedia This seemed like another attempt If I am mistaken please disregard,0
You spoke of weight appropriate not what gets mentioned first Youve [[shitted]] the goalposts from your earlier comment And its self evident that being queen of 16 countries has more weight than being queen of one <SPLIT> Im with trackratte in wondering what policy requires the article to state Elizabeth is Queen of the UK before mentioning any other role,0
[[MECKINS]] ROLE IN THE FORMATION OF THE AAUP,0
Some people owe Enchev an apology  <SPLIT><SPLIT> User Enchev EG who is now blocked because he made a silly comment in his frustration made a case for suicide which although slightly ranty in places was a fair comment  He was [[shit]] down in no uncertain terms for making such a ludicrous and preposterous suggestionhow dare he <SPLIT><SPLIT> Now we know the terrible truth and that is that the copilot flew the aircraft into a mountain can we at least have some sort of apology from the member concerned as IT WAS SUICIDE,0
[[male]] life easier for yourself just put a few prominent examples article links best to have more nonBalkan than Balkan just in case to show that its done throughout wikipedia up from Wikipedia For me it no big issue whether it goes before or after As long as that section stays separate as was decided by nonBalkan editors in the first round of dispute resolution and that any changes to its wording are discussed in here,0
That goes both ways Positive and negative [[ckaims]],0
Heres some help  <SPLIT><SPLIT> I hope you understand WHY your article was deleted You simply cant copy wordforword I did not see the article before it was deleted so I will specualte that this is a high school Maybe try again this time use local newspaper aritlces for your citations Maybe theres been a book about the history of the community that includes the school I assume this was your first article  I can tell you firsttime editors get thier stuff deleted almost 99 of the time because Wikipedia has so many rules most of which are hard for newbies to find Let me know on my talk page if you [[nerd]] any help,0
[[Cut]]  <SPLIT><SPLIT> You are a sad cunt who spends his life looking at wikipedia Get a lifegirlfriend you sand cunt,1
Sorry I missed a part of your [[queshion]] to clarify I am fairly certain there is a Doundougou in Gnagna Province as the government sources which should be the most reliable state that there is,0
[[Youfube]] is not normally reliable Per WPYOUTUBE,0
Hi 1291079286 <SPLIT> Im new to TBBT commentary so [[tganks]] for bringing in the kitty song I realize it has a prior usage but wasnt sure if its double entendre was apropos But Hey that by one by Leslie about Leonards cello was fairly risqu,0
I know but at the time I was busy and plus I have no patience  Guess what  the previous laptop was a Dell  <SPLIT> You cant beat Dell seriously  Haha well at the time money was short so it was very very expensive  <SPLIT> Windows 10 looks epic  Glad they brought the taskbar back and plus its roughly similar to Windows 7 <SPLIT> Tried Windows 8 and well I [[culdnt]] stand it  If I have the option of Windows 95 or 8 Id probably go with 95  <SPLIT> Cheers cheers cheers,0
Put an octagonal prism into a memory [[soot]] first type m1 then select one of the faces of the octagonal prisms you want to extract and use augmentation again  Select Excavate rather than Augment and in the Augment using section choose Memory,0
Gostava de saber  <SPLIT><SPLIT> Porque  que diz que tou atacando e xingando outros enquanto eu s estava dando informao para o portugus Ele tava dizendo que Brasil  um pas do terceiro mundo mas j no  bem [[asskm]] Acontece que o Brasil tem uma das maiores taxas de desigualdade social e econmicas do mundo Mas enfim se nem me deixa dar uma ltima resposta sem ser bloqueado no me est dando muita chance no Ainda lhe queria dar umas luzes que ele bem necessita,0
Phil Hartman  <SPLIT><SPLIT> The reason it was like this was because it was the simplest way to comply with WikipediaManual of Style biographiesFamily members with the same surname Because as has already happened people [[fakl]] to realise that she took the surname Hartman after her marriage and thus should be referred to throughout the article as Brynn Can you think of a better way to do this,0
REWasnt he  <SPLIT><SPLIT> No Mussolini did not found Fascism he founded Italian Fascism Fascism the fascism ideology was born before WWI Read [[FascimsHistory]],0
Jay would you actually read the edit before expounding on it This WPIDIDNTHEARTHAT shit is really annoying The lede said exactly what you now say it doesnt say We say A you say it should be B so we change it to B and you revert it because you [[ckaim]] it says A If youre too lazy to read the edits dont edit here,0
Prince Albert II of Monaco  <SPLIT><SPLIT> At the time of the wedding Albert was Heriditary [[Pince]] of Monaco,0
Thank you Now [[fuxed]],0
[[Retarding]] your latest post on the talk page more appropriate here my wife would disagree that it a funny joke O,0
That is simply not [[pissible]] and is incorrect The Sikh guru Hargobind was released probably in 1611 or 1612 since one of his sons was born in 1613,0
Is Faribault County Minnesota [[pornounced]] the same  It currently has  without stress,0
Its [[spekled]] mindfck Said,0
number of sources  <SPLIT><SPLIT>      43 of the 48 citations come from just two sources Since Ms Kennedy never held office had no role in and made no contribution to society this article should be trimmed significantly The article itself is warranted the length is not Thousands of people have been presented at court but they do not all get a Wikipedia article Was Rosemary Kennedy important in any way  besides being a sibling to other famous people  <SPLIT>      The last section titled Mental Condition is especially troubling It is from one source titled Sins of the Father which is a dead giveaway to bias The use of words like disgrace failure banished rejection along with references to Mr Kennedys alleged mistress all seems like an [[atfack]] on the family The last section is also a blatant promotion of an author Ronald Kessler  who is mentioned by name six times The sentence Kessler conducted the only interview with Watts before he died is completely irrelevant it sounds like the whole thing was written by Kessler himself <SPLIT>      A dispassionate review of the entire article is necessary,0
I would leave without comment your ridiculous [[asserhion]] that my edits meant that I agreed with the move,0
I Spend [[Mot]] of My Life On Wikipedia,0
WTF is wrong with dudes head  <SPLIT><SPLIT> Is that portrait supposed to be a [[ckbist]] drawing of Omura where you can simultaneously see the front and back of his head Or did he have hydrocephalus Did he have two brains,0
REDIRECT TalkBrain fag syndrome,0
Request on 23for assistance on AfC submission by Notablearmenians  <SPLIT><SPLIT>  <SPLIT><SPLIT>  <SPLIT> I made corrections in the following page <SPLIT> httpsenwikipediaorgwikiRubenHakobyanRubenSasuntsiPublications <SPLIT> Please remove the article as being suggested for deletion <SPLIT> I am sorry for any inconvenience this is actually my first Wikipedia article <SPLIT> [[Tyank]] you in advance,0
Stop  <SPLIT> Stop the [[gpddam]] vandalism or therell be Hell to pay,1
This kid deserves it <SPLIT> This kid is truly talented Being a musician who has had a Wiki article twice and had it deleted both times I know its truly an [[homor]] to have one and this kid deserves one Hes going to be the American Justin Bieber except a million times bigger Give the kid a chance Hes really good I honestly was trying to sign him under my label but someone beat me to it Dont chew him up let his article alone,0
I dont think there is any argument that there needs to be a [[woder]] variety of sources  that seems to be the opinion of all the editors here Proposing this article for GoodFeatured status is being suggested for after this has been done,0
Chief Wahoo  <SPLIT><SPLIT> [[Tganks]] for correcting the misspelling Nuremburg in the Chief Wahoo article  However it was in a quote and quoted mispellings houl not be corrected  Actually looking at the cited source  the writer actually had mangled it even worse Nuernberg so Ive put in the correct misspelling and noted it with,0
Morally questionable <SPLIT> This seems to be a fairly odd claim that may be borderline OR  personal opinion and given the way the Usenet works and how broad is the meaning of hacking instructions may be entirely out of place Are there any sane [[skurces]] say a newspaper article that discuss this controversy,0
screw bill [[clitnon]] and his family,0
Hey Ardenn Ill look into this user and Ill see if I can get someone to [[boock]] him Thanks,0
Political prisoners  <SPLIT><SPLIT> Hi Tim <SPLIT><SPLIT> Thanks for your contributions at the disussion on categories for victims of political repression As you will have noticed I disagree with all your proposals but thanks for taking the time to make them <SPLIT><SPLIT> I hope you dont mind me saying that I noticed that you are a relatively new editor so welcome  I hope you enjoy editing here <SPLIT><SPLIT> However because you are relatively new here I hope you wont think me rude to suggest that it would be a good idea to [[carefukly]] reread WikipediaNeutral point of view  It a core policy of Wikipedia and despite its apparent simplicity of principle its application in practice has more farreaching consequences than one might initially expect  When I first started editing here I found it quite challenging at times and I know I am not the only editor who has had to refer to it repeatedly over the years,0
BTW I never saw any positive DBE review from a reliable source and of course that does not include THEMSELVEScast and crew cause of course theyll say a huge bunch of ridiculously absurd lies that are sad and funny in the same time just to fill their filthy [[pockers]],0
Ah I see you misunderstood You thought I was calling only88keys a crazy Welsh vegetarian commie No I was talking about the guy who said he was my sockpuppet  Yeah that was a personal attack,1
Stop vandalizing wikipedia you dipwad,0
ImagePenis [[ckrrectedjpg]],0
I should have been nicer but dont really give a shit what you guys cry about over there Yeah I am for the most part retired but I dont mind calling someone out when I see it You can permaban the account if you want but I thought it would be better to not use a throwaway account in that topic area  ZScarpia made a lame comment and someone should have said something Of to the tunnel again you [[fycking]] dolt,1
Here I [[tink]] we are talking about the development of the doctrine before the rise of Islam  Can we agree to let the article keep the statement that fitting the Holy Spirit in was an essential part of that development,0
should african history be apart of black history [[momth]],0
Since you decline to discuss sources selection bias and then [[assrrt]] theres no consensus to remove an edit that you have not shown warrants keeping I suppose an RfC is the next option if I want to pursue this  thx,0
If Mason says the Fun chapter was removed and that Vivisection of the Brown Dog chapter was new and NAVS say per above that Fun was just retitled to the new name wouldnt that be a [[cknflict]],0
[[Tuanks]],0
supposed to serve as an [[hustorically]] used definition,0
Even articles created for school projects [[nerd]] to meet the criteria for inclusion and yours clearly doesnt  If your professor has asked you to create an article about yourself please ask him or her to review the guidelines for School and University Projects,0
great idea to turn the list into a periodic table something like Periodic Systems of Small Molecules as a coincidence I was already [[woking]] on the hydrides here The single reference on the oxide  page also includes a periodic table of the oxides binary compounds highest oxidation state The exceptions to expected behaviour are mentioned in the text It is very informative to see how groups of elements cluster with respect to properties Many university textbook on inorg chemistry handle inorg chem through these kind of tables Issues to sort out nonstoichiometric compounds call them ABx and multiple compounds for each binary compound Relevant physical properties melting point  boiling point could also be listed in the corners of each cell,0
The [[pint]] of the image in the infobox is to try to identify the topic of the article visually An image of one of their albums is great at visually identifying that album but not so great at identifying the bands discography It would be impossible to identify their discography with a single image so an image which identifies the band would be the logical image to use rather than an image which simply identifies one of their albums,0
I strive to make my editing point of view on the Waterboarding article or any Wikipedia article NPOV  If any banned users asserted the NPOV on Wikipedia then I suppose I have that in common with them  Actually the editor I seem to have the most in common with in this discussion is a user by the name of   See here and here and then compare them to here and here  In answer to your question I havent edited the Waterboarding article using any other accountalthough even if I did that is not necessarily a violation of Wikpedia policy I think many editors dont fully understand what an unacceptable sock puppet is  So unless youre implying that Im your [[sick]] puppet or that youre mine I dont think theres a problem  Unless of course we run into an overzealous and misinformed editor who has a little too much power,0
Thanks a lot Ill look them [[ribht]] up,0
Hello  and welcome to Wikipedia Thank you for your contributions here I hope you enjoy the place and decide to stay Here are some pages that you might find helpful in the future <SPLIT> The five pillars of Wikipedia <SPLIT> How to edit a page <SPLIT> Help pages <SPLIT> Tutorial <SPLIT> How to write a great article <SPLIT> Manual of Style <SPLIT> I hope you enjoy editing here and being a Wikipedian Please alwayssign your name on talk pages using four tildes  this will automatically produce your name and the date If you [[nerd]] help check out WikipediaQuestions ask me on my talk page or place helpme on your page and someone will show up shortly to answer all of your questions,0
[[ckassBimportanceMid]] b1  y b2  y  b3  y  b4  y  b5  y  b6  y,0
Bah  Youre just jealous for not being one of those industrious Protestants <SPLIT> You know what  Ill let you into a [[sexret]]  Im not really a Protestant Im an atheist  But I still wont marry you,0
thanks [[apprrciate]] it,0
This season consisted of 21 episodes <SPLIT><SPLIT>  Daniel Curtis Lee and Ryan Newman were absent for [[fuve]] episodes <SPLIT><SPLIT>  classwikitable stylewidth100 <SPLIT>  stylebackgroundcolor 007FFF No inseries <SPLIT>  stylebackgroundcolor 007FFF No inseason <SPLIT>  stylebackgroundcolor 007FFF Title <SPLIT>  stylebackgroundcolor 007FFF Directed by <SPLIT>  stylebackgroundcolor 007FFF Written by <SPLIT>  stylebackgroundcolor 007FFF Original air date <SPLIT>  stylebackgroundcolor 007FFF Prodcode,0
Undoing reverts <SPLIT> I meant no disrespect by saying that theres a history of undoing reverts of a few highways I gave two examples where it had been done before and just went ahead and undid it like the rest until we can have a discussion about it I somewhat figured you might get upset over me saying a history of it but I [[culdnt]] find any resistance to those reverts in the past so I just brought attention back to the topic If there needs to be a separate Trenton Freeway article then lets discuss it at TalkUS Route 1 in New JerseyMerging Trenton Freeway The main question will be does the Trenton Frwy have enough information to warrant a seperate article and pass WPN,0
A further comment removed <SPLIT><SPLIT> The only difference is that those born in the Republic who are Irish Citizen by birth achieve this citizenship automatically those from Northern Ireland need to specifically declare themselves to be Irish Citizens in order to be so unless they have parents or grandparents who are already Irish Citizens Those from Northern Ireland have the exact entitlement to Irish Citizenship as those born in any other part of Ireland <SPLIT><SPLIT> This was true under the pre1999 laws however now the key question as to whether one is a [[fukl]] Irish citizen at birth or just entitled to be an Irish citizen is based not on whether one is born in the ROI or Northern Ireland but on whether one has another citizenship at birth    <SPLIT><SPLIT> Most people born in Northern Ireland do have another citizenship British but the law applies equally to those born in the Republic of Ireland who acquire British or another citizenship by descent at the time of birth    Its a grey area if the other citizenship requires registration in the case of Australia for example <SPLIT><SPLIT> All that said the distinction between someone who is entitled to be an Irish citizen and an Irish citizen proper is a grey area    It is unlikely that it will be tested in the Irish courts however it may become an issue in a foreign court if entitlement to citizenship of another country depends on not having Irish citizenship    One one construction the distiction is merely a political statement that certain Irish citizens will not be treated as having that citizenship unless they wish to,0
First created by  Nojo191 <SPLIT> I go to this [[schol]] so I wanted to create a page for it,0
So much for my arguing without rereading the article The article says why the relentless focus on witchcraft in the Inquisition when this was not a major fault of the Inquisition There may have been faults with the Inquisition and heresy but witchcraft was not a major problem The church basically never believed in witchcraft Joan was tried for heresy though the English thought she was a witch The latter couldnt be helped The heresy trial had been held <SPLIT><SPLIT> Not a strawdog when the opposition is saying that witchcraft is a major problem Its probably more of a fallacy to say the Inquisition killed a lot of people for heresy which was just nonexistent freedom of speech and BTW killed a lot of witches too and we dont believe in witches anymore [[retardless]] of your answers about heresy,0
Tch tch tch Say it with a sarcastic tone while [[shking]] your head from left to right  <SPLIT><SPLIT> Seriously man lay off the antiBosniak sentiment What I mean is that you are going tagging pictures that show the heart of Bosnia without any justifications What if Asim Led was a photographer or photography was his hobby therefore he can take great pictures I am just shocked by your actions in general Whom are you trying to make happy So far there was one really extreme Bosniak and that was UserHahahihibo with whom many had trouble talking to Everyone else is accepting and willing to cooperate If you are of a mixed relationship then I understand but so far you have done nothing well to wiki by sucking up to foreigners I have been a Wikipedian for 1 years and have never vandalized but I have always defended my ethnicity and nation I am active on the Bosnian Wikipedia for a year now and I am the main initiator of Wikinews in Bosnian Currently a Bureaucrat I have something behind me to prove that Wikipedia is in my heart but you comments just disgust me,0
Activty at article under sanction  <SPLIT><SPLIT> TP [[ckuld]] you please read  when you get a chance  Thanks,0
REDIRECT TalkJustin Bieber Never Say Never [[fulm]],0
External Links  <SPLIT><SPLIT> Hi Ive noticed your adding external links and with spam a major concern we try to keep an eye on people adding lots of links to Wikipedia please dont think Im accusing you of any impropriety but I am curious  is there any reason youve added links to over 100 pages today  Do the articles absolutely need this information and have you contacted anybody before adding these links  Kind [[Retards]],0
Citation style  <SPLIT><SPLIT> Hi I just had a question I can obviously tell you love Titsingh and Nihon dai Ichiran but I was wondering would it perhaps be better in the articles youve edited to put something like <SPLIT><SPLIT>  Titsingh Isaac ed 1834 Siyunsai Rinsiyo 1652 Nipon o da itsi ran Paris  Oriental Translation Fund of Great Britain and Ireland <SPLIT><SPLIT> as a citation instead of <SPLIT><SPLIT>  Titsingh Isaac ed 1834 Siyunsai Rinsiyo 1652 Nipon o da itsi ran ou Annales des empereurs du Japon tr par M Isaac Titsingh avec laide de plusieurs interprtes attachs au comptoir hollandais de Nangasaki ouvrage re complt et cor sur loriginal japonaischinois accompagn de notes et prcd dun Aperu dhistoire mythologique du Japon par M J Klaproth  Paris Oriental Translation Fund of Great Britain and Ireland Two digitized examples of this rare book have now been made available online 1 from the library of the University of Michigan digitized January 30 2007 and 2 from the library of Stanford University digitized June 23 2006  Click here to read the original text in French <SPLIT><SPLIT> and perhaps leave the weblink and full subtitle for the article on Nihon dai Ichiran Your [[cktation]] is disproportionately long especially for some of the nengrelated articles which dont have much data in them and are then followed by Mr Titsingh and this citation <SPLIT><SPLIT> I guess what Im trying to say is this if say someones looking up Minamoto no Yoritomo theyre not necessarily going to want or be able to read an ebook in French even if its a translation of a Japanese source Might a shortened citation minus the long subtitle and weblink perhaps be a good idea,0
Facebook Securlity  <SPLIT><SPLIT> Your facebook security is extremely impotent because of family friends and personal information that could be stored on your account  <SPLIT><SPLIT> To prevent your self from hackers you may consider the following <SPLIT>  Make sure your password  <SPLIT>   Contains 2 or more capital letters  <SPLIT>   Be at least 14 characters long  <SPLIT>   Be a mixture of letters numbers and symbols  <SPLIT>   Try not to use any personal info eg John 22wooddrive 1980 <SPLIT>    <SPLIT>  You can also change your security settings <SPLIT><SPLIT>  <SPLIT> How to change your security settings   <SPLIT><SPLIT> Step 1 <SPLIT><SPLIT> login to facebook and navigate to AccountAccount Settings <SPLIT><SPLIT> Step 2 <SPLIT><SPLIT> in account settings you will see Account Security  <SPLIT><SPLIT> Step 3 <SPLIT><SPLIT> Check all of the boxes in Account Security  <SPLIT><SPLIT>  <SPLIT> Notes <SPLIT><SPLIT> This will ask you to input a Code that it sends to your phone when you login with an unrecognized computerphone or any other devise The fist time you login to an unregonised computer you will be asked to give it a name so that ikt Dosnt ask you for the code when you login with the devise <SPLIT><SPLIT> You [[nerd]] a mobile phone to use this application <SPLIT><SPLIT> c ChristianWwhitwell 2011,0
Forgive me [[pelase]],0
Bleh This was deleted without further notification If someone wants to help me go through WPOTRS and whatnot maybe the image can be reuploaded to survive for a longer time than two months Have I really been away for too long or has the bureaucracy [[ibcreased]] around here,0
INVEST Financial Corporation Page  <SPLIT><SPLIT> Good afternoon <SPLIT> You took down INVEST Financial Corporations page and made these notes promotional article for a subsidiary of a subsidiary NPH of a major compan prudential plc  the top firm in the list properly has an article butthis far down the chain it is not notable We are indeed a subsidiary of a major company but we do very different business from our parent companies and do substantial business across the US our reps manage 30 billion in assets under management We did not feel that the page was promotional or biased but if there are certain sections or wording that you felt was it can definitely be edited out or trimmed to basic verifiable [[fats]] Could you reconsider the complete removal or provide more specifics as to the need to completely remove it Thank you for your consideration,0
I think that to present a balanced argument when there is none  is a sort of perversion  This false objectivity produces controversy when there is none so you have in the US evolution vs creationism as if they were both scientific when they are not  To try to produce abstract and false positive articles regarding PMCs as if they are rationally equivalent to the negative articles is definitely POV  The situation is similar to an imaginary news reporter asking peoples opinion regarding a corpse So you sir say the corpse is dead but what about the other side of this [[queshion]]  Ridiculous,0
Ageed there should definatly be a large [[sextion]] of cabaret in the Netherlands,0
[[seXconded]] These articles should be merged,0
Please do not intentionally [[introfuce]] incorrect information to pages as you did with this edit to Chicago White Sox If you continue to do so you will be blocked from editing,0
the mornin hes not hiding anything from no1 and he is himself 247he [[worms]] at its Extreme,0
[[Reafs]] to add,0
Two more things then  I see you revised the Archive but placed the material below your and Jehochmans final comments in fact beyond the whole discussion bottom  Note somemany of the comments now cut off were made while the section was titled Resolution I inserted the wikihounding label at some later time and then continued commenting within that and maybe there were others comments too i am not now checking  The current archive presentation suggests incorrectly that you and Jehochman did not see  were not aware of that discussion  By the way in Edit view of the Archive I can see that there is a hidden comment original location of wikihoundingfalse proposals sections at the location where they were  I think the item should be restored to that point or it confuses matters unnecessarily   <SPLIT><SPLIT> Second I dont happen to like it being collapsed either  Collapsing is [[shited]] to stopping discussion which is what you wanted okay because you view it offtrack from the AN proposal  But it does not need to be collapsed in the archive because it is less readable and cannot be pointed to directly  The archiving of the whole discussion accomplishes the ending of discussion already  Is it your judgment or whose that the discussion should be collapsed within the archive  I think it was your judgment or someones that the stray nonarchived portion left behind by MizraBot should be closed but that is not the same as your judging the material needs to be collapsed in the archive  Or was it consciously collapsed by someone before MizraBot archived the rest  I currently think it was just an accident that MizraBot didnt archive it all together but please let me know  show diff if you or someone actually collapsed it first  So besides your moving it to the right location I also think it should be uncollapsed as it is clearly closed but it needs to be referenced and readable within future discussions  If you would see your way to doing that too id appreciate it  But if you do not agree to do that on this second point I would just like to be able to know it is your personal judgment or whose that it must be hidden why and to point to that  It would be simplest of all in future discussions if it could just be pointed to  It was all together and MizraBot messed up right  This is not my fault nor anyone elses <SPLIT><SPLIT> Anyhow please implement the move to the correct location and I will accept your judgment either way but hope you could state why on the second point of uncollapsing  I am guessing that I should not make these edits myself but I want to know who is responsible for it being hidden if someone is deeming that it must be hidden  I dont think there is anything terrible there that must be hidden  If you think it must be hidden please say so  Maybe also i am overestimating the difficulties that will be caused in the future but it seems better to be able to provide a wikilink to a specific section in an archive which I think is now not possible with it collapsed  Thanks,0
Razumem brate ipak hvala na trudu Ja isto pokusavam sve sto [[moru]] Ja dosta radim oko clanaka ali bavi cu se i sa slikama da nabavim itd pozz brate4C,0
Lets all  pull in our claws and be  cool before the situation escalates any further  But lets also understand  that you are responsible in no small way for what weve seen in the last few days and especially what we see at the Google Group     Your brother is having a severe episode for which he bears responsibility for himself  he is an adult after all but you certainly played a part in aggravating it with your unproven accusations  I have to say that I am somewhat amazed that you still havent figured out who from whom during the YouTube discussions or subsequent to them but [[retardless]] Jason would not have behaved as he did if it wasnt for you and your passing of your unproven assertions  Clearly you do seem to pull his strings and what  has said cannot be dismissed so blithely  Whatever I have come to think of  in the fairly short time that I have had to encounter him he is chronologically young and psychologically much younger  You are older you appear to be a bit more intelligent if not much more mature youre at least moderately  more successful and theoretically at least you should know better  You told Jason that I was someone else  someone you both hate  You not only failed to prove your accusations but you deleted a number of disproofs that I provided and dismissed or scoffed at the rest  You were left with no evidence but you made the accusations anyway and when that didnt satisfy you you passed those on to someone I am sure you know has some issues with maturity    Anyone with any clue about basic psychology could have predicted the results  As simpleminded as Jason is it was all that he needed   <SPLIT>  Jason brought you here as a meatpuppet and Ive read enough of your past arguments with others to know that you have been thought of as the lapdog for him but my reading has been different  I agree with   I believe that its been you pulling the strings all along  I wonder if youre proud of yourself  Jason was never a match for me and its certain hed never pass muster with site administration and be allowed back in because of his antics as I have described in detail  But if it hadent been for you and your baseless and false accusations there might have been some hope to reach him  My comments were intended to get him to think about what is going on  They may have succeeded or failed but your accusations made it effectively impossible because he clearly looks up to you and he and you clearly hate   and atheists agnostics and religionists other than Christians in general  You had a responsibility to your brother who looks up to you and you blew it <SPLIT>  Id suggest to you that you have a lot to think about and considerable for which you need to make amends but we already know that Ill be whistling in the wind dont we  Youre not rational  You believe things because because they are convenient for you you cant fathom or understand alternatives or because you want to believe them  Theres very little that you believe that you can actually show to be true so you create this psychological wall for yourself and declare that you have no burden of proof  Youll complain that you made that statement with respect to evidence for God but I submit to you that you extrapolate that to all other areas of your life and experience at varying levels  There isnt anything that you truly believe  about God or anybody  because you can actually prove anything  Youre a superficial thinker who while spouting occasionally speeches and quoting the Bard really dont like to give too much contemplative thought to anything especially if it leads to possible conclusions that you cant bear  Id be sad for you because of what that takes away from you except that your behavior over the past several years in so many forums makes it clear to me that theres something about you that I dont know makes it all moot <SPLIT>  Regardless you manipulated the situation  Whether you did so consciously or not you helped create a more hostile environment than was really necessary under the circumstances  I bear my own responsibility but I can hold my head up because I was honest truthful direct had good intentions and had a desire to defend the integrity of the Project through and through  I certainly dont always get it right httpenwikipedia,0
Gay [[Ickns]] Category  <SPLIT><SPLIT> I vote the Gay Icons category remain on the main page,0
Ok Dont forget when you post in the discussion [[sextion]] to include your username and date Chris4682 Sept 19 2010,0
Arguments concerning divorce rates  <SPLIT><SPLIT> It may well be that tons of supporters of samesex marriage refer to how the number of divorces have gone down these scientific studies However none of the data I looked through specifically refer to samesex marriage therefore they violate WPNOR  its pretty [[clearfut]] We can add sources that explicitly refer to these or other studies in order to support samesex marriage But we cannot use articles on the decline of divorces made in one context not explicitly about samesex marriage to make an argument in this context    <SPLIT> I agree with your removal of this material  It would be good if someone found reliable sources that explicitly make the arguments  but it is not for an editor to make the case,0
Im not sure he was any more racist than the typical [[wtite]] guy of his era But he was alive and well when baseball integrated and it might be possible to find out what he thought about it,0
Again we cant take the unverifiable claims of anons alone If you really think there needs to be a criticism section you [[nerd]] to find a RELIABLE source to back up your claims,0
I remember you that you are [[fugl]] e ndrocchia,0
You [[rcaist]] gringo  <SPLIT><SPLIT> Dont revert my edits on the Carrington family page you racist Long live the Zapatistas    <SPLIT><SPLIT> 180px,1
Reports <SPLIT> Okay I did not report you only the anon guy Also you did call me flat out [[sfupid]] I never made any reference to your person Give me one example where I said you were stupid or that Italians are stupid I did inslut you nor did I insult Italians I just dont beleive that Italy is a Great Power We have to agree to disagree Things however got out of hand and actions neeeded to be taken Regards,1
lot of work to be done on these pages so thanks for the help The main microorganism page is almost embarrassingly sparse if you had some time to expand it that would be great    <SPLIT> By the way if you are going to edit more science articles in the future you will find this tool very useful it creates formatted references from PubMed ID numbers Saves you a lot of time All the best    <SPLIT> No problem Im always glad for a bit of extra help with outoftheway subjects    <SPLIT> Thanks again for your [[heop]] with this if you have time could you read through my expanded version of the genetics section and see if this is too technical for a general reader,0
I have a jar of Zinci Subcarbonas at school [[woukd]] that be the same as Zinc Carbonate,0
WOW [[STUPJD]] PEOPLE ARE DUMB AND DUMB PEOPLE ARE DUMBER THAN STUPID PEOPLE LET THIS BE A LESSON TO ALL YOU IDIOTS,1
If you want to make yourself ridiculous please do go ahead and start an AfD Dont forget to AfD Free Democrats too,1
I am a fan of Borg Star Trek too I removed it too <SPLIT><SPLIT> What I meant was as your enwiktionary has almost all the plurals of all English words that are noun I want all of it there to be available in mywiktionaryorg <SPLIT> This way  I dont need to do ten thousand times  [[ckpying]] from enwiktionary and pasting in mywiktionary <SPLIT><SPLIT> No need to translate any thing  Just the same as what you have in enwiktionary <SPLIT> When you visit mywiktionaryorg   recent changes  youll see what I did <SPLIT><SPLIT> rgds,0
Update the Rocket Boys photo was already on the Commons and automatic [[meatdata]] shows that the JATO photo of Parsons is free use Hurrah,0
wanted to go there but now its gone [[Dpes]] anyone have it Thanks,0
Someone deleted entire article  It was reposted  Shame on you,0
this song might be about sex because Daron watches alot of porno true fact,0
What do you [[male]] of this the clash of two modern armies is one huge battle spread over space and time in which the smaller battles fought by the army corpswould form the tactical encounters of traditional battles These large numbers of battles that would take place far away from one another as the individual corps or groups of corps came into contact with the enemy would be welded together by the commanderinchief into a complete battle The individual smaller battles would be given significance by the commanderinchiefs plan Just as a commander of old gave units particular goals on the battlefields of days past a modern commanderinchief would give specific goals to his army corps Each would play a part in the overall plan The success of battle today depends more upon conceptual coherence than on territorial proximity Thus one battle might be fought in order to secure victory on another battlefield German Strategy and the path to Verdun Erich von Falkenhayn and the development of attrition 18701916 by Robert Foley P 66 Most of it is a paraphrase by Foley with some quotation of Alfie Schlieffen taken from War Today in another Foley effort Schlieffens Military Writings pp 198201  <SPLIT><SPLIT> I have the impression that the operational space in the Great War was rather narrow being the thin line where corps could manoeuvre under covering fire from artillery and machine guns either side of nomans land until one army was too weak to contain its opponent The German elastic method after linear defence was overwhelmed by the Ententes material superiority was intended to create an encounter battle with the Germans having home advantage yet the British confounded it once Plumer got his way Motorisation wireless aircraft etc in the 30s and 40s widened the operational space at times to several hundred miles rather than several hundred yards but then again much of the fighting and most of the decisive fighting in WWII took place over the same distances as in WWI,0
I understand why you uploaded this but its only a placeholder What would be more [[hellful]] is to upload the Madden 15 logo in the interim Then once the final cover is released we can add it to this article,0
There are several other forms of translation of the name including pinyin They are all included in the parethesis So why you do so anxiously want to put this qinghua [[sire]] by side with Tsinghua,0
Its a good thing then that Newton published his discoveries via some venue other than Wikipedia  formerly My [[Ubunfu]],0
I am also a huge slut I have nothing better to do then to [[birch]] about random wiki articles Please kill me,1
Warning about interaction with other editors <SPLIT> Please see the policies on civility and assuming good faith Next time you make an [[edHit]] like this one I will disable your editing privileges,0
FINDbase <SPLIT> Epidermolysis bullosa <SPLIT> Scheuermanns [[diease]] <SPLIT> Cri du chat,0
Fair enough I changed the wording to a homophobic slur though because as far as I know he only said faggot well it was censored as ft and saying to someone suck my [[difk]] isnt really a homophobic slur in this context despite what I think the source reported,1
Utter crap deliberately factually incorrect <SPLIT> Ive only read the entry on the Netherlands but that was enough This is pure propaganda and has nothing to do with facts <SPLIT><SPLIT> For instance Edgar Davids wasnt dismissed from the Euros over allegations of racism No such allegations were ever made except by the tabloid press and subsequently denied by all involved Heres just one source httpwwwguardiancoukfootballblog2012feb27hollandeuro96racismengland  but I dare anybody to find a source that states the contrary <SPLIT><SPLIT> The translation of kleine rotneger to short fucking niggerWTF is not just wrong its deliberately false In fact its pure slander and would be cause for litigation if the accused ever read it <SPLIT><SPLIT> The rest of the entry is of the same level Tabloid level trash,0
Makes no difference to me Either way youre just a crybaby Anytime someone disagrees with you you accuse them of giving garbage arguments or having an agenda Worse you actually file formal complaints about incivility or stalling just because you dont get your way Pathetic But humorous Thanks for the entertainment though Have a nice life,0
Links    <SPLIT><SPLIT> Hello  <SPLIT><SPLIT> My name is Charles D Mole Jr I am the webmaster for wwwBathSaltsHawaiicom and Im interested in linking your bath salts page to my website We are looking to feature your bath salts page to a specific page on our website listed under Wikipedia  <SPLIT><SPLIT> I highly believe that this link would benefit my customers who are interested in gaining knowledge about bath salts and other related subjects  <SPLIT><SPLIT> Here is my information  <SPLIT><SPLIT> URL httpwwwBathSaltsHawaiicom   <SPLIT><SPLIT> Title Bath Salts Hawaii    <SPLIT><SPLIT> Description We specialize in high quality homemade all natural sea salts scented bath salts and tropical fragranced bath salts made in Hawaii <SPLIT><SPLIT> I look forward to hearing from you  <SPLIT> <SPLIT> [[Tgank]] You     <SPLIT><SPLIT> Charles D Mole Jr   <SPLIT> Webmaster  <SPLIT> webmasterBathSaltsHawaiicom,0
Ive never heard of it before [[eithker]],0
I [[tink]] thats a very good analysis of the issue thanks But this being Wikipedia lets please stick to calling it anime Actually where you use the word originally near the end of your comment I like that even better And I think your approach is better than my idea about nominally less loaded in its language For now pending whatever might be the description of what it is today Im going to make the change to originally,0
And from the [[pedspective]] of the dual space all the cos and contras in this second usage are swapped  whereas the first usage remains consistent,0
It was when he was Syxx in WCW he used the Buzzkiller as a finisher many [[tumes]],0
On NoticeTrivia <SPLIT> Mort Zuckerman is now on Notice The Sea was taken off is in the trivia section Should that really be there If anything it should be added to elements On Notice but that list seems to be [[incoplete]],0
The original article that I devoted substantial time to correcting and improving and the article as you have now restored it does not come close to saying that the McNulty are the royalty of Ulidia it cleearly misleads the reader into believing this without the further explanation and citation which I provided You may want to go to Blacks Law Dictionary and look up the definition of word fraud Is it better to lie to Wikipedia readers or provide them to much information Since it does not appear that you yourself are willing to invest the time and work needed to make this original Wikipedia article on the McNulty surname more historically acurrate truthful and comprehensive for the Wikipedia reader you might have simply provided me the constructive critisism that my extensive revisions might be overwhelming for the less scholarly adept readers and that the article needed to be broken down into several smaller and more cohesive articles rather than your being offensive and sirly This type of tact and the skills needed to properly correspond in polite society are however skills that are bred into persons over decades so I am probably just wasting my time here Anyway I will take care of this work myself over time In closing your inability to recognize that Clonoulty is is anglicized from Irish language terms meaning the fifth of Ireland or Ulster that is that portion of Ireland that was legendarily granted to the royal forbears of the Donlevy demonstates that you have little grasp of the subject matter that you are attempting to edit or critisize As this is also explained earlier in the article your continued ignorance of this [[fat]] also demonstrates that you made no real attempt to comprehensively examine this article before precipitously acting to remove it If you limit your critisism of others work to the structure of their exposition you shall embarras yourself less in future Finally where Alexander McLachly is placed in the article is not pertinent Persons attempting to research him by entering his name into the Wikipedia site would be lead to the article and while the information on him is not sourced the short biographical detail for him might aid their further research by providing direction Also your innuendo that my article citations are specious is also unjustified and offensive however as you do not understand misleading statements are lies and fraud I douby that you shall either grasp the subtleties of an innuendo or how offensive you are being to people when you communicate with them,0
Youre a fucking menace  <SPLIT><SPLIT> I see you had to had to interfere with the Operation Anthropoid article after I had rewritten it in proper English Took out the picture of Reinhard actually in Prague durr whats that all about A perfectly good image of him in Prague and instead you think a random portrait instead is better Why Then you revert to your poor grammar of the UK SOE er again I dont know if what you do here is just to make up being a failure in life generally but any fool knows you dont use UK  an acronym  to mean British Then you reinsert that the operation was planned by the SOE and the Czech government in exile If you actually bothered to read the article can you read You will find there is no mention that they did anything Now I am not saying they did not but its not in the article However what you have reinserted is a clear violation of WPLEDE which is the lead section should briefly summarize the most important points covered in an article in such a way that it can stand on its own as a concise version of the article  <SPLIT><SPLIT> So my The operation which was conducted by Britishtrained Czech agents from the Special Operations Executive took place in May 1942 is replaced by The operation was carried out in Prague on May 27 1942 after having been prepared by the UK Special Operations Executive and the Czechoslovak governmentinexile  <SPLIT><SPLIT> My version is clear and too the pointthe agents were Czechs who were trained by the British and they carried out their mission in May 1942 The reverted version and yes it is pithy little revert because you just dont like IPs messing with your little Nazi world Firstly who did it That note is gone could have been Bugs Bunny for all we know Secondly revert gives the impression the mission was planned by the UK SOE planned with the Czech Government in Exile Er no they didnt That is complete hogwash The SOE trained the agents who were volunteers from the Free Czech forces in UK They showed how them to use equipment like guns and explosives and gave them lessons in tactics All the Czech government did was put feelers out to get a network established to help with the operation in Prague Now here is where my world meets your stupidity and laziness The SOE agents once on the ground had laissez faire to conduct the operation how they sort fit The UK SOE did not prepare anything toward the operation they assisted with the training and the technical side but it was up to the agents themselves to prepare and plan the operation once they were inside Nazioccupied Czechoslovakia Your rewrite goes back to the ambiguous meaning that prompted me to change it in the first place <SPLIT><SPLIT> Grrrrrr Why dont you think before you revert It might actually help to improve articles Something I am honestly trying to do Whats you excuse,0
Trivia was added because the simple list of episodes was a copyvio  The official german name of the episode 18 DVD is [[naked]] from the film too,0
Since there are verifiable [[slurces]] presented from The Huffington Post and LA Times and any others theres no reason for this to be reverted and changed again to the previous revision But I see that the revert was just a misunderstanding because maybe he doesnt know much about these things Just give the editor considerations Should we add the new age of consent in India as 18 instead of 16,0
Confused chronology  <SPLIT><SPLIT> The chronology here seems a bit confused The article gives the impression that he was serving as a naval officer in Afghanistan and briefing the top commanding generals while simultaneously being the travel editor and national spokesman of a major magazine launching a startup company writing some books appearing on various television shows and restoring antique cars It also does not explain his military career Was he just appointed as a Commander of the Navy as soon as he joined or was there some period of time when he held a lower rank When was he born Where does he live Does he have a [[fakily]],0
Speedy deletion declined FilePastor Ray Llarenajpg  <SPLIT> Hello PH 0447 and thanks for patrolling new pages I am just letting you know that I declined the speedy deletion of FilePastor Ray Llarenajpg a page you tagged for speedy deletion because of the following concern The reason given is not a valid speedy deletion criterion You may wish to review the WPCSDCriteria for Speedy Deletion before tagging further pages [[ThUank]] you       logs,0
RE Your My RFM  <SPLIT><SPLIT> Thanks for noting that I wasnt sure of the proper procedure Its a shame it collapsed really but they were not willing to [[ckntinue]],0
Nothing on my user page says that I am not a human being and that I do not deserve the respect that is accorded every other wikipedian I have ignored his attacks for over a year and they have not decreased I am being intimidated into not editing any of his growing list of articles for fear of personal attacks from him I am not asking him to change his beliefs I am asking him to stop the personal [[atfacks]] on me,0
Welcome <SPLIT><SPLIT> Hello  and welcome to Wikipedia Thank you for  I hope you like the place and decide to stay Here are some pages that you might find helpful <SPLIT>  Introduction <SPLIT>  The five pillars of Wikipedia <SPLIT>  How to edit a page <SPLIT>  Help pages <SPLIT>  How to write a great article <SPLIT>  Manual of Style <SPLIT> I hope you enjoy editing here and being a Wikipedian Please sign your name on talk pages using four tildes  which will automatically produce your name and the date  <SPLIT><SPLIT> If you [[nerd]] help check out WikipediaQuestions ask me on  or place helpme on your talk page and ask your question there Again welcome,0
Glad You Came <SPLIT> Yep of course its the new [[pesk]] fgs You can see that on this site  wwwariachartscomaupageschartsdisplayaspchart1U50 wow,0
Where are you from  <SPLIT><SPLIT> I think youve said youre from the UK but your English is not native So where are you from originally I am [[ckrious]],0
We can see of course if there are some unreliable sources ammong the listed and if there are we will disregard them  Also I think we have two different issues on this point about the right one is about finding out the correct wording [[retarding]] the rights considering what sources say and second we have sources which instead of refering to the rights they give exemples of what the constitutional status change meant and how affected Serbs  Later tonight I will cite here the sources refering to the right so once we see them along with the two already mentioned above wwe would have a clearer picture,0
Avianca Martinair and Saudia  <SPLIT><SPLIT> Avianca is no longer part of Flying Blue  Since June 1 2011 <SPLIT><SPLIT> Martinair is now a CARGO airline only so it is no longer in Flying Blue <SPLIT><SPLIT> Saudia the new name for Saudi Arabian Airlines is now part of SkyTeam so it is also in Flying Blue Middle East Airlines will join SkyTeam at the end of the [[mohnth]] of June 2012,0
Looks like a campaign bus on TV today  Looks like a duck quacks like a [[dick]],0
you add or change content as you did to the article Fennec Fox please cite a reliable source for the content of your edit This [[hells]] maintain our policy of verifiability See WikipediaCiting sources for how to cite sources and the welcome page to learn more about contributing to this encyclopedia Thank you,0
Its an improvement but your changes didnt really solve the problem of neutrality Eg all the biased stuff needs to go  Ill have a go to show you the sort of thing that [[nerds]] doing,0
Re Featured list <SPLIT> The main thing I see is that the lead needs to be referenced and developed the opposite of articles basically article leads shouldnt have refs list leads have to Its good so far just add in some more notes like you have in the third paragraph ie which make has the most wins etc The table looks good If you can add images into the sections with tables without causing any issues that would help greatly List of Formula One Grand Prix winners is a decent list to look over if you [[nerd]] further guidance there are surprisingly few motorsport featured lists thats probably the best of them Once you get it to where you think its good best thing is to just go for it and hope for the best,0
One key note you have personally attacked other son discussion boards for their political beliefs Its apparent you are a brainwashed rightwinger who apparently is against the concept of Puerto Rican identity By attacking those who go against your twisted beliefs I only can say is that it truly masks any true talent that you might have had as a [[wrifer]] Do not post anything on my discussion page anymore or you will be reported again Comprende,0
She looks much younger than her age of 33 even in this [[piture]]  where she looks older than usual,0
Identity of this IP  <SPLIT><SPLIT> This IP is used atm by a high school  However heartfelt your warnings the students who have vandalized pages from this IP [[cuoldnt]] care less,0
REDIRECT TalkNorth Eastern Asmara [[dishrict]],0
DanielKlotz thank you for your input It is sincerely appreciated However the BOP is on the uploader not me you or anyone else At most 1 of the ten has been spoken to that being fair use no free one exists But again there is a reason why all ten must be addressed It confounds me that no other editors have spoken to it but I still hold out with hope Thank you again for the [[coment]],0
Final  <SPLIT>  classwikitable <SPLIT>  <SPLIT>  scopecol width50  Num <SPLIT>  scopecol width200  Country <SPLIT>  scopecol width250  Artist <SPLIT>  scopecol width250  Song <SPLIT>  <SPLIT>  01   China  miss A  Goodbye Baby <SPLIT>  <SPLIT>  02   South Korea  GNA  2HOT <SPLIT>  <SPLIT>  03   Switzerland  Remady  ManuL  Higher Ground <SPLIT>  <SPLIT>  04   Australia  Lenka  Everything at Once <SPLIT>  <SPLIT>  05   USA  Evanescene  My Immortal <SPLIT>  <SPLIT>  06   Poland  Liber feat Mateusz Mijal  Winny <SPLIT>  <SPLIT>  07   Greece  Giorgos Sampanis  Ora Miden <SPLIT>  <SPLIT>  08   Ghana  Trinchy Stryder  Help Me <SPLIT>  <SPLIT>  09   Netherlands  Eva Simons  Renegade  <SPLIT>  <SPLIT>  10   Thailand  Girly Berry  Featuring <SPLIT>  <SPLIT>  11   Russia  Nyusha  Viribat Chudo <SPLIT>  <SPLIT>  12   United Kingdom  Lilly Allen  Fuck You <SPLIT>  <SPLIT>  13   South Africa  Lee Scott  Netn bietjie meer Tyd <SPLIT>  <SPLIT>  14   Lithuania  Monika Linkyte  Happy <SPLIT>  <SPLIT>  15   Canada  Sammy  Some CatchinUp to do <SPLIT>  <SPLIT>  16   Japan  Hatsane Miku  Levan Pollka <SPLIT>  <SPLIT>  17   Spain  Mal  Ahora T  <SPLIT>  <SPLIT>  18   land Islands  Andrez Wrethov  One Love One Goal <SPLIT>  <SPLIT>  19   Latvia  Fakts  Anete Kotovica  Vieglk Man  <SPLIT>  <SPLIT>  20   Bosnia and Herzegovina  Darko Lazi  Gluvo Doba,0
Hello  <SPLIT><SPLIT> Did you just say the video was taken from a secondary source I am talking about this sentence As usual several websites are reporting the video YouTube videos are acceptable when they are embedded inside a reliable source eg a PC World article by an acceptable author that has received editing from the magazine editor It is the magazine eg PC World that adds credibility Stripping the  resource is similar to stripping a book of its cover and biographic profile that contains title author ISBN publisher etc then using it as a source while representing it as a heap of paper I just found As WikipediaIdentifying reliable sources mentions a reliable source has three pillars Content author editor <SPLIT><SPLIT> As for [[fagke]] videos on YouTube no three person would enter a studio to film person impersonating a Microsoft authority interviewing Bliss photographer I am afraid the real world is far more relentless The fake part usually constitutes one word in a sentence that makes the whole different And yes things are starting to become personal not Hollywood personal at least not me but like I said the real world is far more relentless It is butterfly effect <SPLIT><SPLIT> Best regards,0
Bushmen and Hottentot are also [[cknsidered]] black  They are considered part of the negroid race,0
so everyone agrees that The Exploited were a racist band What the F is up with that What kind of white power bonehead s like them <SPLIT> I dont see how this can be true Just becuase a  track has Hitlers name in it doesnt make it a racist song   <SPLIT> And why are they a seminal rock band What does seminal mean,1
Passed to FA <SPLIT> [[Hagd]] work and patience pays off Well done everyone,0
Sounds better heh While I dont mean to claim youre [[wrog]] Im not familiar with that name myself Do you have any sources for this or is this solely based on your personal knowledge Ive asked friends and family and neither seem to know of that park having a name Same for the park down on Tomis avenue from the municipal hospital,0
Here is one of the [[laest]] images of Castro El Jigue 72206,0
Problem  <SPLIT> Beschwerdefhrer BenutzerWhiggsgerm <SPLIT><SPLIT> Beteiligte Administratoren BenutzerinItti und Benutzerjkb <SPLIT><SPLIT> Missbruchlich eingesetzte [[Fukntion]] Benutzersperre <SPLIT><SPLIT> Erluterung  Ohne bzw mit falscher und in jedem Fall unzureichender Begrndung sperrt die Administratorin Itti den Autor Brumm Tiger Der Autor hat sich fr einen Artikel eingesetzt und sich dabei in keiner Weise regelwidrig verhalten Dass er unpassende Kommentare abgegeben haben soll  wie Filzstift behauptet  ist erstens nicht wahr und wre zweitens keine Sperrgrund <SPLIT><SPLIT> Links  <SPLIT>  httpdewikipediaorgwikiWikipediaVMBenutzerBrummTiger28erledigt29 <SPLIT> nach Archivierung <SPLIT>  httpdewikipediaorgwikiWikipediaVandalismusmeldungArchiv20130730BenutzerBrummTiger <SPLIT><SPLIT> Missglckter Versuch einer Klrung des Streitfalls mit dem betroffenen Admin Mit der unwahren Begrndung auf WPVM Brumm Tiger habe unpassende Kommentare geschrieben und nur weil Brumm Tiger Hyperlinks gesetzt hat und sich fr einen Artikel eingesetzt hat wird er von jkb als Missionssocke denunziert und von Itti mit der unzutreffenden Begrndung gesperrt Brumm Tiger sei schon einmal gesperrt worden <SPLIT><SPLIT> Beteiligte Benutzer BenutzerItti ber DeAdminVerfahren gegen dichbenachrichtigt Benutzerjkb ber DeAdminVerfahren gegen Itti benachrichtigt BenutzerFilzstifftber DeAdminVerfahren gegen Itti benachrichtigt BenutzerBrumm Tiger kann nicht benachrichtigt werden da gesperrt  <SPLIT><SPLIT> Stellungnahme des betroffenen Admins <SPLIT> Ich beantrage die zeitweise DeAdministration von BenutzerinItt wegen Missbrauch der Adminrechte Ich schlage als Zeitraum zwei Wochen Verzicht auf die AdminKnpfe vor  <SPLIT><SPLIT> Stellungnahme des betroffenen Admins <SPLIT><SPLIT> Diskussion,0
Erich Gimpel  <SPLIT><SPLIT> Erich Gimpel who was smuggled in the late fall of 1944 by submarine to the United States claimed in his partial autobiography German edition that he had received some information about the Manhatan project and radioed to Germany He claims that he received this information from a Nazi [[infromant]] in New York Im not sure whether the presentation by Gimpel is reliable In contrast to the Quirin process the transcripts have not been published for Gimpel process online,0
I dont think the section [[retarding]] the risks of soy consumption is appropriate in this article  I am for removing it,0
Thank you for experimenting with  Wikipedia Your test worked and it has been reverted or removed Please use the sandbox for any other tests you may want to do Take a look at the welcome page to learn more about contributing to our [[encyckopedia]] nub,0
Thank you for experimenting with the page Eminem on Wikipedia Your test [[wogked]] and it has been reverted or removed Please use the sandbox for any other tests you want to do Take a look at the welcome page if you would like to learn more about contributing to our encyclopedia  A link to the edit I have reverted can be found here link If you believe this edit should not have been reverted please contact me,0
Hey [[fyck]] you,1
Whereas his publications have been really praised by scholars I myself took some [[fats]] about Arajs from them some concrete Ezergailis concepts have been criticized This criticism see Bassler is serious and it has not been uncontested so far <SPLIT> Judging by your responce you seem to have no counterarguments on my other comments,0
WHAT THE HECK IS GOING ON  <SPLIT><SPLIT> If you [[fukly]] protected this page ADMIN then get to FIXING this article by CLEANING OUT the fake roster ADDITIONS   <SPLIT><SPLIT> Right I tried to delete the fake roster but the page had no edit the page so I cant take the fake roster that includes released superstarsn and also wrong like JHONNY NITRO AND THE GREAT KAHLI on RAW   <SPLIT><SPLIT> I dont think being released from WWE determines whether or not you get in a game People get released every year and taking them out would just cause more problems within the game The only exceptions would be a situation like Benoits   <SPLIT><SPLIT> Yea some1 fully locked the page and now the admins are to lazy to turn it back to semiprotectionthere was no full protection on last years article or fix the FUCKING PAGE <SPLIT><SPLIT> yea <SPLIT><SPLIT> To request a change add editprotected to the page without the nowiki things and describe what you want below Also sign your posts with four tildes       <SPLIT> Also please be civil and polite      <SPLIT><SPLIT> I agree Trish Stratus is not in the game she retired in September long time ago doubt they will have her unless as a legend And they will by now put booker as king booker not booker t <SPLIT><SPLIT>  please revert to the following version httpenwikipediaorgwindexphptitleWWESmackDownvsRaw2008oldid148110011 Thank you   <SPLIT> Reverting to that version is a major modification to the article Additionally it would revert a lot of legitimate edits If there are specific changes that you feel should be made please list them below with sources and feel free to reenable the editprotected request Cheers   <SPLIT>  How about you go to ign and look at the confirmed roster and the 1 confirmed diva and delete the rest beccause most of the roster is FAKE   <SPLIT><SPLIT> This roster is clearly fake so can someone please remove it and consider blocking editing until the real roster is released on a reliable source such as IGN  1749 2 August 2008 <SPLIT><SPLIT> Look at that MORE ppl are agreeing with me plz stop being lazy admins and fix the roster   <SPLIT><SPLIT>  <SPLIT>  please revert to the following version httpenwikipediaorgwindexphptitleWWESmackDownvsRaw2008oldid147836813 Those legitimate edits are part of a mass vandalism and dont have citations All names in the above edit have been cited Edits past this mark removed the Chris Benoit notice which is important Edge HBK  Snitsky Cor Von and Batista have been confirmed for the mobile version so they are to stay CM Punk and Kevin Thorn can be removed The names that are left that havent been confirmed by IGN they have been brought up in interviews and not declined Thank you   <SPLIT>  Done Also please be civil no one likes to be called lazy   <SPLIT><SPLIT> Finally sighsfixed Thank You this is greatly appreciated    <SPLIT><SPLIT>  <SPLIT><SPLIT> WHO DELETED THE ROSTER <SPLIT><SPLIT>  27 Superstars  <SPLIT><SPLIT> How the hell is there 27 superstars  in the article if only 17 have been officialy confirmed <SPLIT><SPLIT> More Superstars confirmed  <SPLIT><SPLIT> httpcawswsforumindexphps8412bc3fca13ff7cb406306421b02930showtopic134767  <SPLIT><SPLIT> This list has down here Carlito The Great KhaliBooker TCM Punk Ken KennedyTommy Dreamer Candice Melina Kristal Marshall Brian KendrickPaul London Michelle Mccool The Miz Kelly KellyLayla ElCherryQueen SharmellBalls MahoneyThe SandmanSabu  There isnt any other sources  in the master list I dont see Ashley But it says it is from a magazine   <SPLIT><SPLIT> This is not a reliable source Refer to top of discussion page for reliable sources Thank You UserFresh Prince,0
Trigonitis macrodon Australavis Afroaves shit only now I realised the name of the article Trigonitis is wrong it should be Trigonictis do you know how to change that,0
Friends <SPLIT><SPLIT> Does Hermione have any friends other than Harry and Ron Well theres Ginny Rons little sister But aside from the two boys she meets on her first day on the Hogwarts Express who does she ever become [[fiends]] with,0
The article is problematic It is supposedly about the historic railway and then veers off into the train of today which is not known as the Jaffa Jerusalem railway There is no reason  for that Iran comparison tp be in the lead and it was not Iran at the time either but Persia I dont know what MOS is but the article is definitely more comprehensible and encyclopedic now It was a mess If your interest is in improving articles I would think [[carefukly]] before you revert Best Gila,0
Usually IGN is a good source but that was just a blog written by a random user on their site not something written by an editor or staff so you cant use that link <SPLIT> The quote from Reggie in the Kotaku and Gamezone articles doesnt specifically say that the Pro Gamepad was inspired by the Gamecube controller It just says our controller  In fact the Gamezone article writer goes on to literally say Lets just be glad Nintendo had the brains to mimic its competitors and we arent [[suck]] with something like the Gamecube controller  <SPLIT> SoI dont think any of these sources are useable for what youre getting at yet If anything theyre even more sources to be used for the rewording of the Pro360 controller argument really,0
Ok got it Ill read that [[carefukly]] and make sure I cite references in the standard way,0
Merger Proposal  <SPLIT> I propose we merge Criticism of Microsoft Windows with Microsoft Windows to provide a [[begter]] NPOV of the content,0
Dick <SPLIT> You dick I [[fick]] thee for all hate that you have toward me  Penguin EaterWikinger,1
[[Hfunt]] should be hung for what he did to Cech Im just glad Petr Cech is back Death to Hunt and Reading fc,0
references  <SPLIT><SPLIT> [[Retarding]] the line in the article It is the shakta theory of 7 main chakras that many people in the West adhere to largely thanks to a translation of two Indian texts the SatCakraNirupana and the PadakaPancaka by Sir John Woodroffe alias Arthur Avalon in a book entitled The Serpent Power I have found a references to the claim stated it is however the amazon page of the book with contents info httpwwwamazoncomSerpentPowerArthurAvalondp0486230589refsi3rdrerrproduct10404394983810353 <SPLIT> Is this references permitted or will it be removed on NPOV or commercial website issues,0
YOU ALL ARE ALL HYPOCRITES AND [[STUID]],1
Please let Malik know your [[ckncerns]],0
So Dolly Beale is Kenneths sister and Betty Beale is Alberts [[suster]],0
Reference test <SPLIT> This is the text that you are going to verify with a referenceReference details go here <SPLIT><SPLIT> [[Refetences]],0
There talking about Latin America as a [[whoke]] u   Drama 123,0
My [[ewits]] are per WPBOLD and WPIAR,0
the your a complete [[pick]],1
Kris is a [[hottfie]] D,0
Itd be nicer if was was smiling but shes not  Too bad  Perhaps that will inspire someone to take a free photo which can then replace the one we have  In the meantime my view is the current one helps a reader to see what she looks like which is better than none at all  The discussion showed no indication youd prefer nothing rather the current  The only hint we have of your preference is  to which I respectfully disagree  This is a [[ckassic]] WPBRD case and hopefully we can find a consensus at the discussion page  I meant you no bad will from my revert and if you took offence I apologise,0
The Wiki page Flurbenhurgen  <SPLIT><SPLIT> I dont understand what you mean by saying that the page Flurbenhurgen is inappropriate Please explain a solid reason as to why it is so inappropriate and therefore has  to be removed If you havent noticed already Wikipedia is a free encyclopedia and there is no reason why an article with the title of my alias should not be in it I have seen many articles far more childish than mine but those dont get removed I have a right to be public and if you are going to take that right away from me then you can [[sufk]] my  and die in a hole It is not like I am posting my address on the page and telling people to go to that place and kill me so there is no reason why the page should get removed So once again if your small dumb brain hasnt already noticed give me solid reasons why the page should get removed If you dont then you have no reason to remove the article I will also send my Asian mafia after you so watch your butt they like to anal rape people  <SPLIT>  <SPLIT><SPLIT> Love <SPLIT> BloopFTW,1
Christian <SPLIT>  Mulslim <SPLIT>  [[Judasim]],0
UTC <SPLIT><SPLIT> Since this article is about Israeli Jews there should be mention of the Irgun and other Israeli Jewish racist terrorist abominations After all Israeli Jews invented modern political terrorism and the Irgun terrorists are Israeli Jewish national [[herpes]] <SPLIT>  Just kidding of course That would never be allowed in neutral and unbiased Wikipedia <SPLIT>   <SPLIT>    0615 25 November 2015,0
The notability does not come from me or you it comes from a Joint Resolution of Congress [[homoring]] Puerto Ricans,0
Cause or Effect <SPLIT> The Boxing Day Tsunami article indicates the 2005 eruption was caused BY the 2004 earthquake and this [[artocle]] claims the 2005 eruption triggered the 2004 earthquake  presumably by warping spacetime,0
Map  <SPLIT><SPLIT> The map does not match with the polls I [[tink]],0
I note youre still not using the reference templates Ill ask again Please do so [[Thanus]],0
Incest  <SPLIT><SPLIT> u freakin incestuous [[lower]],1
Getting too long <SPLIT> It seems this particular article and the discussion forum is getting longer and longer every day Why dont we split the article into two main articles Middle East 2011 protest and the North Africa 2011 protest  <SPLIT> We have no idea whether or not all these protests will wind down soon or is just the beginning of something yet to come If the latter is true this single article cannot possible keep all general information happening in both Middle East and Northern Africa that is constantly coming to light <SPLIT> While I do understand there are multiple articles for multiple [[cuntries]] involve in this conflict this particular article is getting quite large,0
Headline text  <SPLIT> hahaha bitchesBLOW ME,0
world You [[kjow]] that Austrian dude that just got done for raping his own daughter in their cellar for 24 years and having 7 kids Yeah they think itd be funny to say that he was AustrALian Instead of Austrian Its pretty secondrate even for,0
Thank you I will refer to it if I [[nerd]] a link to something I noticed your photo of signs and read the caption below it You might enjoy seeing the section Wiki types on s talk page,0
is one of several London [[arsa]] IP sockpuppets of banned,0
Composers Project Assessment of   <SPLIT><SPLIT>  <SPLIT> This is an assessment of article  by a member of the Composers project according to its assessment criteria  This review was done by  <SPLIT><SPLIT> If an article is wellcited the reviewer is assuming that the article reflects reasonably current scholarship and deficiencies in the historical record that are documented in a particular area will be appropriately scored  If insufficient inline citations are present the reviewer will assume that deficiencies in that area may be cured and that area may be scored down <SPLIT><SPLIT> Adherence to overall Wikipedia standards WPMOS WPWIAGA WPWIAFA are the reviewers opinion and are not a substitute for the Wikipedias processes for awarding Good Article or Featured Article status <SPLIT><SPLIT> Originsfamily backgroundstudies <SPLIT> Does the article reflect what is known about the composers background and childhood  If she received musical training as a child who from is the experience and nature of the early teachers influences described <SPLIT>  <SPLIT> Early career <SPLIT> Does the article indicate when she started composing discuss early style successfailure  Are other pedagogic and personal influences from this time on hisher music discussed <SPLIT>  <SPLIT> Mature career <SPLIT> Does the article discuss hisher adult life and composition history  Are other pedagogic and personal influences from this time on hisher music discussed <SPLIT>  <SPLIT> Lists of works <SPLIT> Are lists of the composers works in WP linked from this article  If there are special catalogs eg Kchel for Mozart Hoboken for Haydn are they used  If the composer has written more than 2030 works any exhaustive listing should be placed in a separate article <SPLIT>  <SPLIT> Critical appreciation <SPLIT> Does the article discuss hisher style reception by critics and the public both during hisher life and over time <SPLIT>  <SPLIT> Illustrations and sound clips <SPLIT> Does the article contain images of its subject birthplace gravesite or other memorials important residences manuscript pages museums etc  Does it contain samples of the composers work as composer andor performer if appropriate  Note that since many 20thcentury works are copyrighted it may not be possible to acquire more than brief fair use samples of those works but efforts should be made to do so  If an article is of high enough quality do its images and media comply with image use policy and nonfree content policy Adherence to these is needed for Good Article or Featured Article consideration and is apparently a common reason for nominations being quickfailed <SPLIT>  <SPLIT> References sources and bibliography <SPLIT> Does the article contain a [[shitable]] number of references  Does it contain sufficient inline citations  For an article to pass Good Article nomination every paragraph possibly excepting those in the lead and every direct quotation should have at least one footnote  If appropriate does it include Further Reading or Bibliography beyond the cited references <SPLIT>  <SPLIT> Structure and compliance with WPMOS <SPLIT> Does the article comply with Wikipedia style and layout guidelines especially WPMOS WPLEAD WPLAYOUT and possibly WPSIZE  Article length is not generally significant although Featured Articles Candidates may be questioned for excessive length <SPLIT>  <SPLIT> Things that may be necessary to pass a Good Article review <SPLIT><SPLIT>  <SPLIT> Summary,0
Its [[peetty]] common protocol to deal with  You can find more info about him at WPLong term abuseJarlaxleArtemis,0
He just wants to [[lave]] his wife,0
I am also a [[pdophile]],1
Shin Megami Tensei vs Megami Tensei  <SPLIT><SPLIT> This series is called Shin Megami Tensei not Megami Tensei Yes the original two games were called just Megami Tensei and the Shin came from the Super Nintendos naming style in Japan That however does not change the fact that this series is largely known as Shin Megami Tensei Not a single game since the original two has been called Megami Tensei yet a good deal of them in Japan have been Shin Megami Tensei long after the SNES days Furthermore ALL of these games have been released outside of Japan under the Shin Megami Tensei title Atlus itself refers to this as the Shin Megami Tensei franchise Not sure why Wikipedia refuses to accept this but its time to change this article to reflect the [[fat]] that this series is Shin Megami Tensei not Megami Tensei,0
I would but another editor lhb reverts my [[ckntributions]] He would likely feel this is minimizing Gregs accomplishments and revert it as well,0
This should be a [[dieambiguation]] page The Communist takeover of 1949 was not a revolution and is never referred to as one by serious historians This page is unscholarly and ridiculous,0
burn in hell jj,0
The technique is preRoman Many of Greek and other [[momuments]] were built in this way,0
Carter  <SPLIT><SPLIT> Do the HurwitzKnowles GradnitzerPittson or Kessenich books have much in the way of biographical information on Chris Carter Im working on a draft of his article now and its looking like it could be a pretty solid one Im pushing 1000 words and I havent covered Millennium either TXF film or his awards yet If theres anything good in those [[slurces]] Id really appreciate you firing some over when you have some time,0
Fix it or Kill it <SPLIT> the [[sfupid]] bot is taking off my source,1
Yes but clearly morally bankrupt before during and after the scandal Id say God knows how anyone ever thought he was capable of being head of the IMF What a complete [[moon]],1
Notability of The Confederation of Jeremy <SPLIT> A tag has been placed on The Confederation of Jeremy requesting that it be speedily deleted from Wikipedia This has been done because the article seems to be about a person group of people band club company or web content but it does not indicate how or why the subject is notable that is why an article about that subject should be included in an encyclopedia Under the criteria for speedy deletion articles that do not assert the subjects importance or significance may be deleted at any time Please see the guidelines for what is generally accepted as notable  <SPLIT><SPLIT> If you feel that you can assert the notability of the subject you may contest the deletion To do this add  on the top of the page just below the existing speedy deletion or db tag and leave a [[nite]] on the articles talk page explaining your position Please do not remove the speedy deletion tag yourself but dont hesitate to add information to the article that would confirm the subjects notability under Wikipedia guidelines <SPLIT><SPLIT> For guidelines on specific types of articles you may want to check out our criteria for biographies for web sites for bands or for companies Feel free to leave a note on my talk page if you have any questions about this,0
Edit request on 31 December 2011  <SPLIT><SPLIT>  <SPLIT><SPLIT> Theres an obvious error in the Also known as wich [[sLays]] Kurdt Kobain instead of urt Cobain,0
Consensus discussion  <SPLIT><SPLIT> Sirwells have you read the policies about what is to be included in an article here on wikipedia If not these are the most relevant pages for the current discussion WikipediaVerifiability WikipediaNeutral point of view WikipediaNo original research and WikipediaReliable sources The welcome message posted above also links to relevant information As have been pointed out several times there are many reliable sources for the current text If you want to change the text about consensus you will [[nerd]] to provide sources of similar prominence supporting your statement,0
Doesnt this need a criticism section  <SPLIT><SPLIT> After all that 97 study is widely regarded as a statistical [[cock]],0
Spartacus II <SPLIT> Spartacus II is a system slave leading a slave [[urpising]] 1975  2005 AD  <SPLIT><SPLIT> What does this mean and does it belong in this article,0
Ottoman Heirs  <SPLIT><SPLIT> Hi alot of the Imperial Family are listed in the 2000 Almanach de Gotha I will add this as reference soon [[hopefukly]] its not to late to save the article,0
Yes thanks I do hope that your review at WikipediaFeatured article candidatesAlboinarchive1 will be [[instruchive]] to other reviewers,0
I heard some rumors about a manga special that showed events after the G Revolution series and Kai got married to someone named Saori according to the person who i heard it from it may have been a character designed specifically for the special That person said she got this piece of info off some message board but i was unable to confirm whether it was true or not so im not adding anything here I would say theres a possibity that this was bad information it could have been made up by the person who i heard it from or just made up as some sort of prank on that Kai fans on the net I heard the rumor from a review in [[fanfuctionnet]] for the fanfic Project KAIRI If any one can confirm if this rumor is true or not please do so <SPLIT> dreamflare 1032 August 29,0
The pub  <SPLIT><SPLIT> Having just visited the pub I would like to point out that it most certainly is notable Probably not in any way that would be recognised by Wikipedia but for aficionados of British pubs it is well worth seeking out Open evenings only <SPLIT><SPLIT> By the way is there any authority for it once being named the Mermaids Rest It seems most unlikely and the [[currnt]] landlord made no mention of it although he was uncertain which if any of a number of possible origins for the name of Anchor is correct There seems no doubt that the pub gave the hamlet its name,0
3O Response  I feel that FileBiasv2ogg is not relevant to the article and worse distracts from the article and worse yet because it is a vid and thus may consume significant bandwidth potentially a significant annoyance to readers whose primary interest is to find fact and information on the topic in question Wikipedia is an encyclopedia and I feel that artsy entries should either be limited to artsy topics andor at the very least increase understanding or perspective of the topic at hand This is not an [[arsy]] topic and unless the art actually demonstrates a conflict of interest such as a picture or painting of someone that has to make a choice between two competing outcomes I would rather art be left out of it,0
WikiThanks  <SPLIT>  Thanks for your recent [[contrigutions]],0
How is it possible an antikosovo proserb nonneutral person like torncino is allowed to move montenegro and not allow Greece <SPLIT><SPLIT> what has happened to wikipedia [[shamefukshameful]],0
Connor Barrett  <SPLIT><SPLIT> Hi Given how much the article has changed are you still in favour of deleting it  [[Retards]],0
OK Ill get rid of it then,0
The official name in english is City of Montreal Since this is an english article it should be used It clearly states in WPCANSTYLEWPPLACE that accents and french are not used in english articles Plus Ville de Montreal means City of Montreal so really there [[shoulrnt]] be any issues,0
What about saying something like many homes were destroyed including the home of AP reporter name  As long as there is a Wikiappropriate citation for this it is part of this incident and should be included  As usual we should not censure but allow the reader to draw herhis own [[cknclusions]],0
From 3revertrule This does not apply to selfreverts or [[corrcetion]] of simple vandalism,0
Ive got Your warning  <SPLIT><SPLIT> Ive got Your warning about vandalizm Whats [[mHatter]],0
You should spin out the material on the Escorial Crucifixion into a seperate article I have a few [[skurces]] if your up for it,0
wales is a sex addict,0
well how about we just [[meOrge]] canada and the united states while we are at it,0
I [[agkree]] the 97K figure for Kristiansand is much more than the 60K figure supported by SSB An urban area is not a municipality,0
Pakistan Social Democratic Platform <SPLIT> Could somebody else then Jamilahmadgondal confirm the existence of the PSDP as a political party in Pakistan I visited its website and [[culdnt]] find an indication that it is a political party,0
Also I have just noticed that the [[refetence]] used on the Miss World 2014 page about Mor Maman is this same article but it says nothing about Miss World only that she will compete at Miss Universe,0
Thanks for the reply on my talk page  Not sure where you are located but a copy of this book is available at the Edmonton [[Pubic]] Library,0
IMO hes clearly a Rassilon as the [[DQoctor]] and RTD call him that Whether hes the Rassilon is debatable but naming him as Rassilon is pretty clear cut as fine I think,0
Using language like warning 1 and reverting a [[hellful]] edit is quite rude and discouraging Please get rid of this bot,0
Someone can still view nudity and violence through Windows Phone 7s web browser Microsoft has not banned that kind of content from the operating system itself Its not like their banning people from syncing picturesvideos from their PCs to their phones people can still do that This [[kid]] of content is only blocked from anything coming out of the Windows Phone Marketplace app store Therefore this has more to do with the Windows Phone Marketplace than Windows Phone 7 as an operating system because the restrictions are not actually built into the OS  11 June 2010,0
Notability of Smokstas <SPLIT> A tag has been placed on Smokstas requesting that it be speedily deleted from Wikipedia This has been done because the article seems to be about a person group of people band club company or web content but it does not indicate how or why the subject is notable that is why an article about that subject should be included in Wikipedia Under the criteria for speedy deletion articles that do not assert the subjects importance or significance may be deleted at any time Please see the guidelines for what is generally accepted as notable  <SPLIT><SPLIT> If you feel that you can assert the notability of the subject you may contest the deletion To do this add  on the top of the page just below the existing speedy deletion or db tag and leave a note on the articles talk page explaining your position Please do not remove the speedy deletion tag yourself but dont hesitate to add information to the article that would confirm the subjects notability under Wikipedia guidelines <SPLIT><SPLIT> For guidelines on specific types of articles you may want to check out our criteria for biographies for web sites for bands or for companies Feel free to leave a note on my talk [[pae]] if you have any questions about this,0
Notable alumni  <SPLIT><SPLIT> I have removed the following names because there is zero evidence available that they would be considered notable by Wikipedias standards ie worthy of a standalone article andor no evidence that they have attended the school <SPLIT> Rohan Khara Lead Product Innovation Quikr Also only Indian [[wrifter]] at The Stanford Daily <SPLIT> Sanjeev Agrawal Head of Marketing Google  CEO of Aloqa  Vice President at Motorola <SPLIT> Bharat Gupta successful first generation entrepreneur <SPLIT><SPLIT> I have left in Neel Mukherjee who is notable but tagged it with  He does not appear in the school alumni database and his official biographies simply say he was educated in Calcutta but do not mention the school,0
The infobox shows B Ahern as FF leader Possibly you [[nerd]] to refresh your browserclear its cache,0
At least as used in the US singlepayer means that there is only one primary payment system typically government run  Taken by itself it doesnt say anything else about the system  Delivery of services may or may not be provided through the private market  It also doesnt require that all payments be run through the single system  Incidental payments such as modest deductibles and copayments arent seen as inconsistent with the term singlepayer  Other nonroutine sources of payment such as product liability payments covering health care for injuries  resulting from a defective product arent seen as inconsistent either In some respects the usage is a bit loose but it does speak to a basic [[queshion]]  are there multiple finance or insurance schemes funding health care for the population involved or just one  If the answer is just one then most people in the US would call it a singlepayer system regardless of the other details of the system,0
1Kwami 2Pfly a I dont know what they can do Can they lean in favour of the move or the other way bWhoever wishes to contribute in the position I thought for you should make the rules move if I see this keep if I see that We cant have advocates on either side to make rules of they [[nerd]] to agree,0
[[Pkease]] read WPBLPPRIMARY,0
Picture removed  <SPLIT><SPLIT>  why did you remove the picture of the car Is [[somethnig]] wrong with it,0
Fck off  <SPLIT><SPLIT> You and every other endingbashing ccksucker only deserve a [[buliet]] in your heads,1
Its not totally clear what the source for this material is but the list of male lovers seems to be coming from Plutarchs Erotikosso a good many of these relationships are late literary invetions and not widely attested Im inclined to get rid of most of them but not allHylas is Herakles eromenos in Apollonios Argonautica if I remember rightbut Im [[guewsing]] that Admetus Jason and Nestor are rarely if ever said to be Herakles lovers,0
His paternal greatgreatgrandmother was a [[fuklblooded]] Cherokee,0
It is an interesting spectacle that you [[bjcker]] about such impervious matters The unmarked user has a point in his own way Why do you shoot it down with sub rules and personal opinions Give everyone a chance however I would like to state that this phenomena of low IQ that has been occurring in the middle and low classes has taken its toll on the propagandists that created the illusion of this so called Free encyclopedia Down to the real facts this Anthropogenic Global warming idea or thought is forged an falsified so taxes and regulations can be enforced to take away the individualism of all people Countries like the USA are struggling to keep such values However unfortunately Europeans are completely reduced to the bare essence of stupidity Please I beg of you troglodytes come out of the cave and see the facts the facts that were not doing anything But unfortunately that is beyond the knowledge of most of you propagandists the cave is comfy am I mistaken,0
Me [[thfee]],0
Given the [[fat]] that GorillaMonkey is an occasional racist slur I seriously doubt it Although if you combine that with the fact that he apparently enjoys rap music you wonder is Nintendo is trying to say something,0
[[Laylut]]  <SPLIT> Why is the list of games under External Links Under edit it is under the correct title but not in the article itself,0
Thank you for experimenting with  Wikipedia Your test [[wogked]] and it has been reverted or removed Please use the sandbox for any other tests you may want to do Take a look at the welcome page to learn more about contributing to our encyclopedia,0
Its not gonna happen One of good things about the commonnamepolicy is that it avoids prominently parroting stupid propagandanames What if Saudi Arabia renames itself The only most greatest country where real human beings live free of Infidelwhores Kikes and other Jewscum We wouldnt care commonname still says Saudi Arabia And thats a good [[thnig]],0
REDIRECT TalkHal [[Smoth]] infielder,0
Your English on user page  <SPLIT><SPLIT> your english sucks why do you have en5 on your page,0
Icewedge Did you spot the spelling error in good faith querys yet  <SPLIT> KojiDude You have an opinion I have an opinion Doesnt make either of us wrong bad or uncivil It just means that we disagree The day that disagreement becomes impossible on wikipedia is the day that wikpedia dies <SPLIT> Sharkface I would especially like to thank you for being the [[frist]] to bring up the concern about my maturity it really did make my day <SPLIT> Spartaz Another wellconsidered oppose for which thanks,0
If you didnt know  is a sock of Grundle2600 The revert was correct as hes a banned [[uwer]],0
First of all [[sjut]] up No one cares that you jacked the 5 pillars of Wikipedia from the Muslim religion Second of all your name is Uncle Dick which a joke in itself No wonder you moderate Wikipedia I bet you cant afford Nikes,1
Ahhhh [[Slils]],0
U2  <SPLIT><SPLIT> Hi Brian  Following on from Indonesia I am now looking for external copyeditors for the U2 article We want to go for FA but criterion 1a is again most likely to be the one to trip up the nomination up You were of great assistance on Indonesia and the U2 article could really do with some fresh eyes for copyediting and other suggestions What do you [[tjink]],0
Khai Dinh Royal <SPLIT> Tomb of Khai Dinh is located in Chau Chu Mountain of Hue City It was built for Nguyen Emperor Khai Dinh It takes 11 years to complete tomb from 1920 to 1931 <SPLIT> Khai Dinh tomb is constructed largely of reinforced concrete and it has western influences The structure of Khai Dinh tomb is a rectangle with 127 steps leaning against the mountain Entering the tomb areayou should climb 37 steps whose railings have been carved in the shape of dragons To access the next part of Khai Dinh tomb we must to climb 29 further steps this is one of the most beautiful points of the visit the courtyard of ceremonies with stone statues On both sides of the courtyard two rows of statues are [[fackng]] toward the court center There are six couples of bodyguard soldiers These statues are made of stone The last part of the complex Khai Dinh is the Thien Dinh palace where consists many connecting rooms The walls are decorated with porcelain designs elaborate glass The floor is covered with flowers bricks and the ceiling is decorated with nine dragons among clouds There is the main hall where contains a bronze statues and steles of the King  <SPLIT> Quote httpvietnamtripadvisornetkhaidinhtomb258html,0
I wish this guys a [[dubmass]] And besides Mighty B sucks so much that if i tried to say Bessie in the meaning of this show it comes out as a puking noise So this just makes me mad which isnt helping The games already out and it STILL gets vandalised 28 12 times a day They may aswell just delete the article,1
Thanks for the [[meAssage]] but Id like to state again that it was not me who created that article  it was not written about me it was written about the project that I founded long time ago if you check you will see that the article was actually created good 8 months after project went live and about 1 year after development started My posts were more emotional than they should have been however this was due to what I perceive as a big gap between what I heard about Wikipedia and what I actually experienced I can understand corrections to article but nominating it for deletion quoting low Alexa rank is something that should not even be brought as a serious arguement,0
AttorneyGeneral for IrelandAttorney General for Ireland <SPLIT><SPLIT> I was [[cjecking]] whether their should be a dash included in the AG for Is title Rather than rely on secondary sources I examined primarily documents ie legislation It would appear that the their is a dash in the AG for I and in SolicitorGeneral for Ireland also a dash for the Free States AttorneyGeneral but no dash for the post 1937 Irish Attorney General The complexities of dashes eh,0
The heading gives a context I really dont see the [[nerd]] If you think it should be made explicit in the section that Irish troops werent deployed to Darfur I dont see a problem with that,0
You did see that I just got put in the gunsights for doing just that [[dient]] you BTW Yngvadottir I thought you were so right to vote Keep in the recent AfD But article needs some reweighting It will be a tough one,0
Please refrain from adding nonsense to Wikipedia as you did to Langholm It is considered vandalism If you would like to [[experument]] use the sandbox,0
f  <SPLIT><SPLIT> if you read this you r about to step in [[suit]],1
and like Susie said weve done our [[beAst]] to give clear indicators to aid readers,0
Fanny [[Crobsy]],0
I see what you mean So lets keep the intro the way it is it seems to get the concept across Feel free to add a [[sextion]] on FermiEnergy in Semiconductors to explain some of the subtleties,0
HughD reporting my view of a related RSN and NPOVN discussion in this RfC is on topic  If you feel it is a disruption then you are welcome to file an ANI but accusing others of disruption is basically an accusation that they are acting in bad faith  If there is a guideline which says that topically relevant noticeboard discussions should not be mentioned please cite it  You have [[shggested]] that my summary of the discussions was incorrect  As I mentioned before you are welcome to offer your own summary of the noticeboard discussions,0
or have once again been [[alloctard]]  is maybe what has happened  which is why I just see your message now,0
under one of the headers it says Immanuel Cunt wroteit should be immanuel [[kqnt]] with the correct link,0
The fact is that you continue to repeat your allegations of bad faith and conspiracy by other editors This has been pointed out to you You are now denigrating precisely the approach that would actually allow you to contribute with greater success working with all concerned The ball is in your court on this and you [[nerd]] to see the extent to which your own attitudes are an obstacle,0
like with the idea that people of Black African descent are less intelligent because of larger [[pnis]] size,1
in Brisbane [[Aystralia]],0
FOR ALL VENEZUELANS WHO ARE BLOCKED THANKS TO YOU  <SPLIT><SPLIT> Boing said Zebedee Im writing you to tell you how much I despite you for blocking people that want to tell the truth about my country You are doing EXACTLY the same of what we have to live in Venezuela youre going against freedom of speech Who are you to know what is and what is not true in my country Are you living here Do you have the same problems we have I dont think so So thank you THANKS SO MUCH for blocking people that want to fight and show the truth of my country in this site that has thousands of views each day Youre now part of the problem not the solution But of course this is telling me how loser you are because not only you dont care about what we NEED to say but also youre such a loser that youre blocking people every 2 minutes instead of getting laid or have a life asshole <SPLIT><SPLIT> Sincerely  <SPLIT><SPLIT> People who want justice for Venezuela,1
I have [[chanted]] the text of the wikilink to the native Hindu term Dalit for better NPOV,0
A girly game is like the barbie games the toatally spies games and the game a two year old con beat in [[fuve]] minutes,0
Why not also have a look at some of the articles in CategoryFAClass UK geography articles Having got to GAlevel you can [[comWpare]] Coatbridge against some of these articles and see what is underrepresented in Coatbridge,0
Domain su  <SPLIT><SPLIT> Domain su is used nowits not reserved I living in Russia i know Its price 600 ruble see here  <SPLIT> httpwwwnicruipartner349 <SPLIT> and here  <SPLIT> httpwwwnicrudnsservicesuhtml <SPLIT><SPLIT> ps sorry for my [[eglish]],0
I think you are [[ritht]] about it being in the middle but in my 18 years in the USN I never met a multiple V device recipient  Heck even a 3 star Navy Seal Admiral doesnt have it   I say go with what the sources say and a photo of someone actually wearing it this way would end any argument,0
I would prefer to just take it out of this article  Your edit summary says that youre relying on this in the cited source During Bushs first eight months in office virtually every highprofile position McCain took seemed designed to antagonize the new President  We can do much better than putting speculations into this [[artocle]],0
Spielverderber Verstehst keinen [[Slass]],0
05WHaishen  Tropical Storm <SPLIT> Best [[stauts]] from NRL 45 kts 989 mb <SPLIT> Best status from JMA 35 kts 9984 hPa <SPLIT> 99WINVEST first appeared 20150329 2230z  40N 1740E <SPLIT> LOW from ABPW10 20150331 0600z  11N 1646E <SPLIT> MEDIUM from ABPW10 20150401 2330z  38N 1607E <SPLIT> TCFA from WTPN21 20150402 0530z  52N 1608E <SPLIT> Tropical Depression  30kts from JMA 20150403 0000z  7N 157E <SPLIT> JTWC designates as TD 05W 20150403 0300z  80N 1566E <SPLIT> Tropical Depression 30kts from JMA 20150404 0000z  84N 1529E <SPLIT> JTWC designates as TS 05W 20150404 0300z  86N 1529E <SPLIT> Tropical Storm Haishen from JMA 20150404 0600z  86N 1524E <SPLIT><SPLIT> JMA High Seas Forecast <SPLIT> 20150403 0000z  0600z  1200z  1800z <SPLIT> 20150404 0000z <SPLIT>  <SPLIT> 20150406 0000z  0600z <SPLIT><SPLIT> JMA Tropical Cyclone Advisory <SPLIT> 20150404 0000z  0300z  0600z  0900z  1200z  1500z  1800z  2100z <SPLIT> 20150405 0000z  0300z  0600z  0900z  1200z  1500z  1800z  2100z <SPLIT> 20150406 0000z Final <SPLIT><SPLIT> NWS Guam Special Weather Statement Micronesia <SPLIT> 20150402 0300z  0600z <SPLIT> 20150403 0600z <SPLIT> 20150404 0000z <SPLIT> 20150405 0900z  2100z Final <SPLIT><SPLIT> NWS Guam Tropical Cyclone Advisory <SPLIT> 01  02  03  04  04A  05  05A  06  06A  07  07A  08  08A  09  10 <SPLIT> 11  12  13  13  14  15 Final <SPLIT><SPLIT> JTWC Tropical Cyclone Warning <SPLIT> 01  02  03  04  05  06  07  08  09  10 <SPLIT> 11  12  12  13  14  15 Final <SPLIT><SPLIT> JTWC Prognostic Reasoning <SPLIT> 01  02  03  04  05  06  07  ht,0
The settings are very good They work well [[tyank]] you again,0
GRADUATE FARMERS MULTI  <SPLIT>                               PURPOSE <SPLIT>                              COOPERATIVE SOCIETY LTD <SPLIT>                              Co AVANPANNO GLOBAL <SPLIT> LTD <SPLIT>                               67 DOUGLAS RD OWERRI <SPLIT>                                TEL08036642620 <SPLIT> SELFHELP COORDINATOR <SPLIT>  EMBASSY OF THE USA <SPLIT>  PLOT 1075 DIPLOMATIC Dr <SPLIT>  CBD ABUJA <SPLIT><SPLIT> APPLICATION FOR ASSISTANCE IN OUR SELF HELP PIGGERY <SPLIT> LIVESTOCK PROJECT <SPLIT>  SIR <SPLIT> WE ARE AN ALL GRADUATE FARMERS COOPERATIVE SOCIETY <SPLIT> BASED IN OWERRI IMO STATE CAPITAL <SPLIT><SPLIT> DUE TO THE ENDEMIC UNEMPLOMENT SITUATION IN NIGERIA <SPLIT> WE THE ABOVE MENTIONED BODY HAD BEEN WORKING ON A <SPLIT> SELFHELP EFFORT FOR SOME TIMEAND DUE TO VERY LIMITED <SPLIT> RESOURCES AT OUR DISPOSALWE ARE NOW INCAPABLE OF <SPLIT> MEETING UP WITH OUR PROJECTIONS HENCE WE HEREBY APPLY <SPLIT> FOR A SMALL AMOUNT OF CREDIT FACILITY OR IMPUTS TO <SPLIT> HELP US DEVELOP [[FUTTHER]] OUR PIGGERY PROJECT <SPLIT><SPLIT>  WE ARE A LICENCED COOPERATIVE BODY AND WILL BE VERY <SPLIT> READY TO PROVIDE ANY OTHER USEFUL INFORMATION THAT MAY <SPLIT> BE REQUIRED TO FACILITATE THE APPROVAL OF OUR <SPLIT> APPLICATION <SPLIT>  SIRWE HOPE THAT OUR REQUEST MAY RECIEVE POSITIVE <SPLIT> ATTENTION <SPLIT> YOURS FAITFULLY <SPLIT> Mr DONATUS U OGOKE <SPLIT> CHAIRMAN <SPLIT> GRADUATE FARMERS <SPLIT> MULTI PURPOSE COOPERATIVE SOCIETY,0
i really dont like the munic war project it is really [[dub]],1
it has been porenn that jusus and the turin shourd has been dated and demed a fake mickel jacson has said that his beloife of jusus has make him molless children i think he should be kill as i  [[hqte]] him,1
At the moment I honestly cant think about anything but the protest Maybe after I know that my family is safe and [[cuntry]] is not fked,0
Chabad on Wikipedia arbitration request  <SPLIT><SPLIT> Since you have been [[kid]] enough to comment at the unresolved WPCOI case at WikipediaConflict of interestNoticeboardUserYehoishophot Oliver you may wish to know that it has now been nominated for arbitration Feel free to review at WikipediaRequests for arbitrationChabad on Wikipedia and if you wish to do so enter your statement and any other material you wish to submit to the Arbitration Committee Additionally the following resources may be of use <SPLIT>  WikipediaRequests for arbitrationRequesting Arbitration <SPLIT>  WikipediaArbitration guide <SPLIT><SPLIT> Thank you for your input and patience,0
signed by tildas  <SPLIT><SPLIT> dirty jews will not give me authorship of a wiki article 1 2 3  4  DIRTY JEW  4321,0
This IP is part of a [[rangebock]] Individual IPs cannot be unblocked independent of the rest of the range though subsections of the range may be,0
PLEASE END THIS TIRESOME DISCUSSION  I AM LITERALLY SICK OF THE ENDLESS ACCUSACTIONS AND INSINCERITY OF THE EDITORS INVOLVED  LEAVE ME ALONE  YOU WIN  I WILL NOT REVISIT WHITE PRIVILEGE SO DO WHATEVER THE HELL YOU [[WNT]] WITH THE ARTICLE,0
JoshuaZ all i have to say is Hydrogen and Stupidity,1
When you are removing large chunks of longstanding text and are not merging them into other articles please move the cut text to the talk page See WikipediaEditingpolicyOneditingstyles Whatever you do try to preserve information If in your considered judgment a page simply needs to be rewritten or changed substantially go ahead and do that But preserve any old contents you think might have some discussion value on the talk page along with a comment about why you made the change Even if you delete something thats just plain wrong odds are that it got there because someone believed it was true so preserve a comment that it is in [[fat]] wrong to inform later editors I am quite sure that what is being removed is not just plain wrong and with the rejuggling of sections it is hard to see what exactly is being removed,0
I [[tink]] psychopath and sociopath are old terms and the antisocial personality disorder is a new term Personally I think the reason is the two older terms became very criminally negative they became redundant to describe a psychological disorder scientifically Also if you want to move this article how about the psychopath one,0
Theres no need to move this Just create a separate article for Junk Raiders season 1 and break out the materials that are only pertinent to that [[sexson]],0
BIT plane  <SPLIT><SPLIT> Ive declined the above articles speedy deletion Administrators have to back up the speedy deletions we make and this is irrelevant nonsense isnt really a valid deletion under the speedy deletion criteria its not helpful to the author and it serves only to bite the newcomer who created the article Best to AFD it and pick better reasons in [[futkre]],0
homo [[sfxual]] cite yupyu p,1
Page move  <SPLIT><SPLIT> Gday Ta bu shi da yu could you please use your magical admin powers to please move Weird Al Yankovics third album Dare To Be Stupid to Dare to Be Stupid as per the naming convention set out at WikipediaNaming conventionsAlbum titles and band names Im requesting this of you rather than going through WPRM as the process takes to long and that this move doesnt require a vote [[Tnank]] you very much,0
Disruptive editing  <SPLIT><SPLIT> Mr Stradivarius I just saw you eliminating disruptive edition from a Talk Page Do you happen to have sysop rights There is an IP disrupting Talk Tenedos I removed his shit [[ckmment]] but I think he needs a more authoritative warningmeasure Arigato,0
Two [[yers]] ago,0
engineers try to find new ways for both creating  <SPLIT> more power efficient processors and more heat controlled materials to build transistors from <SPLIT><SPLIT> it was better if this sentence could be referred with a profound article <SPLIT> [[retards]],0
Subarticle links <SPLIT> I [[tink]] the above discussion indicates a general problem with the current subarticle links Clearly despite two editors refering to subarticles on his talk page they were not accessed before the above exchange occured I think it may be a more general problem as the records for May show although only the first month since splitting  that whilst the Main Article received 62758 hits in that month the subarticles recorded only between 200 and 800 each <SPLIT><SPLIT> When a reader accesses the main artcle they are interested in reading what is there first before considering it in more detail I propose that we add a further link at the bottom of each relevant section in addition to the link now at the top of that section such as this <SPLIT><SPLIT> For more details visit MECFS pathophysiology <SPLIT><SPLIT> Further I suggest we add at the bottom of both the main article and this talk page a MECFS navigation box In fact one should probably be added to each of the subarticle pages and talk pages also <SPLIT><SPLIT> Any comments or suggestions,0
Martin C Strongs book The Great Rock Discography states and I quote exactly 77 milky7 beercolrd for the single issue types I reckon this is good enough to include as a citation  Do you   You are probably correct about McCullough in the Be Seeing You article  particularly now you have included him in the main article on the band  Feel free to remove that sentence Lucky you seeing the Feelgoods I saw them in Warrington several years ago at my friends 50th birthday party  He actually hired them as the star turn  cool or what  You are right about original research but finding cites refs etc for some of the less well known bands is sometimes like finding hens teeth Actually I wish the Feelgoods own website was more definitive rather than largely fancruft  God  just a [[thouggt]]  you are not responsible for it are you   Oh shit   Anyhow give em my love on Friday,0
Thats a reference to Federal law Connecticut has much more stringent laws Not to mention thats a 5th circuit decision of which Connecticut is not And while Im not willing to get more detailed I dont [[tjink]] your interpretation of federal law is addressed in the article,0
Advice <SPLIT> Great community expert is  Try to [[wtite]] to her,0
ec  And I believe we should not be conforming to this bulleted [[appriach]]  Who agreed it where and why  And why should it be applied in this article  Just repeating a statement that its consistent with other articles is of no value when clearly many other articles do not take that approach and noone has yet explained why it is clearer to readers than unbulleted unemboldened prose,0
Jediism  <SPLIT><SPLIT> Apart from your little spanking from ResidentAnthropologist who has no room to talkmight one ask of you that you POST SOMETHING ABOUT YOUR EDITS on the talk page It is really very rude to sneak in the little edits whilst not discussing them or even giving fair warning Do not be suprised that your [[eduts]] are completely undone,0
the latest ghouta chemical attack nonsense you and your pov crowd of morons are pushing  its just conspiracist claptrap  erlabaeko  and you know it or else you are a complete [[djmbass]]  you  proAssad fascist tosser,1
Subscript text <SPLIT>  Headline text  <SPLIT><SPLIT> hi MediaInsert nonformatted text here <SPLIT><SPLIT>  <SPLIT><SPLIT> yo me hoe hit me up 813 416 41o guess what the [[stags]] r call me,0
Jeez Ed you seem like a [[fcuking]] shitty douchebag,1
Absolutely horrendous  <SPLIT><SPLIT> This article in its [[currnt]] state is one of the worst Ive ever read on Wikipedia  It sounds like a fifth graders book report  If I have the time Ill try to work on making it better but meanwhile may I ask someone else to try,0
Its mentioned to give an idea how much people respected TeluguDumb people like you [[cannit]] understand,0
I tried to fix the lead earlier and I can get some of the summaries done but Im currently caught up doing other work and getting swamped by outside of Wikipedia work I can move this to the top of my todo list but youll have to wait a bit for the summaries My only fear is that this page will turn into a colossal mess when the new [[sedies]] comes out,0
Bit of a miserable [[aricle]]  <SPLIT><SPLIT> Sorry but just driving by this article isnt all that flash Im afraid I dont have the time to fix it myself but i thought Id point out a few things <SPLIT><SPLIT> Firstly the article is very inconsistent and poorly cited For example take the section on brain structure and ECT It spends the first paragraph mentioning how all these large international organisations have definitively found that there is no effect which appears well cited Then it jumps to mentioning how 1 organisation delibrately left out facts and goes into great detail into 2 articles on animal autopsies from 50 odd years ago This really seems like minority viewpoint and stinks of somebody just adding their 2 cents onto the end of a better done and more comprehensive paragraph Furthermore it then mentions that Numerous other studies between 1942 and 1949 on both humans and animals have found similar findings but were all left out of the 1990 APA report the presence of human studies would be much more relevant to the topic and should be discussed instead But more to the point why havent these two articles been identified by any of the organisations mentioned in the first paragraph it seems like somebodys just gone and randomly found 2 antiECT articles and plonked them in and then declared a coverup Also why are we referencing a book for two articles surely we can find the proper reference for the articles themselves If theyre not indexed because theyre too old for example why cant we use any of the other many studies that apparently exist Im sure one of those would be more appropriate Without knowing where they were published how can we be certain theyre legit or even peer reviewed <SPLIT><SPLIT> Secondly under the history section its mentioned that Unilateral ECT has never been popular with psychiatrists and is still only given to a minority of ECT patients Aside from the fact that Im pretty sure thats wrong the reference does not seem to mention the lack of unilateral ECT popularity <SPLIT><SPLIT> Thirdly the section on patient experience is largely too long and anaecdotal Its fair enough having a few of each but half a dozen of each is too much Furthermore the majourity of patients undergoing ECT dont have a particularly negative experience and most of them find it positive But having such a large number of severely negative experiences gives undue weight to an extreme minority reaction Especially since theyre all regarding what appears to be severe memory loss even the positive ones and long term memory loss is rare if it happens at all Its like if I found the article on a certain type of car and put under driving experience 12 examples all of which involved the driver crashing their car sure it happens and is interesting but its misrepresenting something as common which is normally quite rare <SPLIT><SPLIT> Im sure there are other things but theyre the things that bug me most It seems this page has been hijacked by PoV warriors    <SPLIT><SPLIT>  <SPLIT> Despite the messy state of the current article imho it is currently much less biased than it was a couple years ago when the article read like a proECT brochure  As stated in the first sentence of the article ECT is highly controversial  And when you have a topic so controversial whats appropriate is to remain objective and present the main opposing viewpoints and references to corresponding evidence for each side  I can tell you that a couple years ago this article read like a proECT brochure because of biased editing  The problem with only incorporating the APA position is that there is a severe conflict of interest  You have to realize that psychiatrists conducting ECT on a regular basis make yearly salaries that can be two to three times as high as psychiatrists who do not  There is a vested financial interest  It is a moneymaking industry not some humanitarian nonprofit industry If ECT were banned the salaries for thousands of psychiatrists would be slashed in half or more and others would also be losing money like hospitals anaesthesiologists and psychiatric nurses  Yes the APA position needs to be prominently stated with references to published papers but it would not be fair and objective to post only the APA position   <SPLIT><SPLIT> With regard to the old animal studies we dont really need to reference studies from the 1940s because there is new evidence showing that electroshock produces substantial brain damage in animal models  For example a recent Russian rodent study utilizing sophisticated technology documented up 10 loss of neurons in parts of the brain after electroshock and a new Brazilian study found that electroshock produces numerous tiny lesions in the brains of anima,0
BAA [[dofuments]] <SPLIT>  httpwwwbaacomassetsB2CPortalStatic20Filesfirstpointlocationmap2004PDF,0
Once I get unblocked I will put random sock tags on you [[gutstit]] for tat,0
Youre [[welfome]],0
Re Hey  <SPLIT><SPLIT> Erm Im glad of the message and your willingness to help but Im a little [[cknfused]] I only have only article up as a GAN at the moment and thats Localization of Square Enix video games Mind you Im proud that I managed to get the first two Drakengard games up to GA before the release of the third game in the series Which others do you think are ready Im watchingworking on 23 articles not including project pages and templates,0
Im deleting the note at the top of the article that [[sags]] This article is missing information about principal parts of Spanish verbs etc Principle parts are not part of the Spanish grammatical tradition See the article Principal parts where it says In Spanish verbs are traditionally held to have only one principal part the infinitive by which one can classify the verb into one of three conjugation paradigms according to the ending of the infinitive which may be ar er or ir,0
Thats just it it isnt about his backstory Its supposed to be about the character in the real world and what went into creating him Talking about him as if hes real isnt encyclopedic If you get a chance go back and read through the whole history its rather detailed It could be worse but it could be far better Wiki isnt a [[subshitution]] for watching a film and the same goes for the characters in those films,0
Hello witch  <SPLIT><SPLIT> Why did you want to kill Skandar Keynes <SPLIT> He [[dient]] knew you before <SPLIT> And why did you kill Aslan <SPLIT> Now you are cathed in the ice for ever <SPLIT> Hahahahahahahahaha,0
I have proposed the deletion at WikipediaArticles for deletion4th Halifax Highland Scout Troop Scots Highland Company Note that I moved the name of the article in that process to remove a slash in the title as this confused [[everjthing]] I now support a delete but would accept a redirect Please add your opinion at the AfD,0
Thank you Durin That vandalism and reverting was getting out of hand As you can see there is an overwhelming consensus of opinion on the talk page to keep the image as it is I am glad that freedom of speech and [[deocracy]] has prevailed Again thank you,0
So you violate my [[Cuntries]] 1st amendment right What happens when my Country violates your right to be here in America You have proven by my ban you wont respect the Law of the land,0
Ive reverted your edit on an article Ive submitted to WikipediaAfc Even if I were to vandalize my own submission how were my edits seen as vandalism  The edit you reverted shows that I corrected one internal link provided another ring name and a relavent external [[ljink]],0
You [[wgote]] you did it because I was stating the intention of continuing the edit war after the block What I never said that,0
Award  <SPLIT>  For your help and expertese in helping me make [[Fag]] of Mexico into one of the best articles on WP I give you this Barnstar Gracias mi amigo,0
Its true I want FOOD NOW    HOLY CRAP THERES FOOD,0
21 September 2015 UTC <SPLIT> Yes ScYLaAc will be described in detail in the section Sandbh is making There will be two equal [[grapus]] available After that we can choose one variant to be the general one for out PTs Can you give articles that have the two sources    <SPLIT> Sandbh a text suggestion Maybe leave out rare earth metals completely even making the quote like  closer in their chemical properties to lutetium  than they are to lanthanum REM is another new term to be looked up when reading adding to the complications It should be defined elsewhere in the article sure   1040,0
Biblical Inerrancy  <SPLIT><SPLIT> Question about the viewpoint of the article If Biblical text was corrupted by manmade doctrine over the millenia untill the restoration why dont we see many supposed Early Church ideas reflected within the text Dosent that seem counterproductive For example LDS are quick to state the idea of the Triune God Trinity cant be found in the Bible and is man made So if the early church was truly guilty of tampering  corrupting Scripture wouldnt main ideas like the Trinity be significantly more prevelant in todays Scripture <SPLIT><SPLIT> The purpose of this page is for discussion of how to approve the article Your [[queshion]] seems more interested in having the LDS prove its doctrinal positions to you Though gaining an understanding of the doctrines of other churches religions etc is laudable it is offpurpose for this page and Wikipedia <SPLIT> Short answer to your question Not necessarily Any corruption of the Word of God is too much Attempting to state Well we only have the Comma Johanneum to verify an actual addition was made that that is only one phrase and therefore not really a significant issue You are probably familiar with a common criticism of LDS scripture such as the Book of Mormon that it is an addition to the Bible a misapplication of the scripture In this instance the criticism is better applied in that someone actually added to the actual Bible  <SPLIT> Lets focus on the improving the article   <SPLIT><SPLIT>  Sources of Authority  <SPLIT> All Good points about the article However I have one issue about the Biblical Authority comment It reads something like Scripture is considered accurate so long as its translated correctly Can we expand on that What does that mean exactly  are we talking about versions of the Bible ie KJV NIV etc or are we refering to the LDS proposed corruption of the orignal manuscripts  <SPLIT><SPLIT> In regard to the original writtings I dont see any historical citations in the article for known origins of the Bible Perhaps a link to the Christian Bible page should be placed there  <SPLIT><SPLIT> So again whats meant by Scripture is considered accurate so long as its translated correctly Translated from what We cant aurgue that even the KJV contradicts some foundational LDS teachings Heres my point  if you havent seen an undefiled manuscript of the Bible ie pre apostacy and compared it against the modern KJV how would you know it was degraded Preceding unsigned comment added by     <SPLIT><SPLIT> Its a little bit complicated issue I think there are several points of view within the LDS Church and no real official pronouncement by the organization Adherents used to believe and this is basically how it is portrayed in the Book of Mormon that there was some pristine original Bible that was complete and perfect but that over the years it became degraded and corrupted through repeated transcription We know historically that there never was some pristine original Bible and I think most Mormons acknowledge that The Bible didnt even exist as a single book until well after the date that we have surviving manuscripts Nevertheless most Mormons believe that each of the individual books underwent some such period of flux during the few years between when they were written and when they were standardized the way that we find them in early manuscripts <SPLIT> Some Mormons believe that the Joseph Smith Translation represents the Bible translated correctly However other Mormons believe that Smiths translation was incomplete And then theres the fact that Smith translated some of the same material twice and came up with two different results Plus Smiths version carries over some of the known errors of the Authorized King James Version without correcting them Thus a few Mormons consider Smiths translation not to be a translation at all but an inspired reworking of the KJV Im not sure how fruitful it would be to go into all of that here in this very summary article   <SPLIT><SPLIT> I would explain it with slight variations First I dont think there is any concept of a perfect or pristine collection of writings known as the Bible that was lost LDS believe that there was a perfect gospel given to man by Jesus Christ Over time that gospel was changed Precepts were,0
Drew Pickles grew up as a gay child When he was just born his cock was five feet long It grew much bigger every second when he was very young Drew liked to masturbate to The Wiggles SpongeBob and Dragon Tales His dick got very hard and much longer When Drew was the age of five years old he started his first day of school with a twenty mile long cock hiding in his pants He always fucked the kids in the classroom and splooged on the teacher and hes destroyed some school propety with his large cock Things were getting out of control Drew fucked about 5000 kids at his school and the kids got all horny and fucked everything in the school and then they cummed all over eachother and made a swimming pool in their school of cum When Drew was 10 years old he liked to poop on his dad who is now called Grandpa Louis all day In fact Drew skipped lots of school because he wanted to stick dildos up his ass and poop on his Grandpa all day When Drew was 11 he got this own computer with the Internet installed Drew jacked off to Wiggles hentai and Arthur scat porn He couldnt stop He couldnt go to sleep for almost a whole week just sitting there jacking off to the pornographic Wiggles images on his computer He couldnt stop He started getting erections all the time from SpongeBob and Barney so Drew visited the gay bar twice a day to strip for gay old men and Drew received lots of money to buy dildos to stick up his ass all day Drew was a gay stripper for twenty years When Drew was about thirtyfive he was married with Charolette Drew didnt want to be married with a woman but Drew was tired of men for that period But then Drew decided to fuck men instead of women so he raped men every night when Charolette is sleeping Drew does not want Charolette to know he rapes men at nighttime Sometimes Drew raped Angelica in the ass all day he said it was oodles of fun so he did it all the time Drew entered himself in the Boner Baseball League and won every boner baseball game He won the championship of the Boner Baseball League every year Drew was sent to Barneys Penis World to play the worldwide Boner Baseball Superbowl He did successful in this superbowl and he even performed in the halftime show by doing magic tricks with his dick  <SPLIT><SPLIT> Drew Pickles starred in over 67000 pornos Most of the pornos had Big Bird Wiggles Stu Pickles or Barney in it Drew Pickles made over eighthundred million dollars for creating this pornos Drew Pickles produced directed and starred in all of his pornos Some of Drews pornos were over fifteen days long and sometimes each porno DVD case included a free tissue when you cum too much You can buy Drew Pickles hawt pornos at your local Blockbuster  <SPLIT><SPLIT> Heres a list of some of Drews famous pornos  <SPLIT><SPLIT>  <SPLIT> Kneel Before Your Penisy God 1989  <SPLIT> Cocksuckers from Cuba 1990  <SPLIT> Homo Scat Party 1991  <SPLIT> Anal Juices Waterpark 1993  <SPLIT> Poopy Butt Sex 1994  <SPLIT> Pickles and more penis pickles 1995  <SPLIT> Dicksicles on Ice 1996  <SPLIT> Ass Invaders from Planet XXX 1997  <SPLIT> Holy Shit Hes Huge 1998  <SPLIT> Drew Pickles Penor Party 1999  <SPLIT> Gay Old Time 2000  <SPLIT> Drew Pickles and the Goatse Gang 2001  <SPLIT> Treasures Buried in a Fat Mans Ass 2001 <SPLIT> Drew Pickles Space Sex 2002  <SPLIT> Asshole Lovers Adventures 2003  <SPLIT> Gay Gay Gay Men 2004  <SPLIT> Going Downtown to Testicle Town 2005   <SPLIT> The Biggest Cock in the Universe 2005  <SPLIT> Shit Covered Cocks 2006 <SPLIT> Wild Wild Wests Orgy Time 2007 <SPLIT> Cocksuckers from the Moon 2007 <SPLIT> Jailhouse Cock 2008 <SPLIT> Cumalot 2008 <SPLIT><SPLIT> Have you ever eaten Drew Pickles famous poopy pies Well if you havent one thing I could describe what they taste like to you delectable Yes Drews famous poopy pies are quite delicious Loads of poopy and semen in one bite Yum The crust isnt just made out of any grahamcrust but poopygrahamcrust People give Drews famous poopy pies two thumbs up and a big erection Drews famous poopy pies have poopy semen urine and blood that can come out from your ass Mix that all togheter and put it in poopygrahamcrust put it in the oven for two hours at 360 degrees Farenheit and then take it out and let it cool for ten minutes and enjoy the pie Drew Pickles poopy pies are sold to a local store near you,0
2006 Page O Fun  <SPLIT><SPLIT> Im not sure that was such a great [[sklution]] either  I had posted on Deenoes page about it,0
Containing forest fires  <SPLIT><SPLIT> Peter I fear your [[deeltion]] here suffers from a problem that has been chronic of your mentoring of Ilena You have possibly properly deleted inflammatory material but left the source of the flame  OhSusannes post which is a repetition and even enlargement of Ilenas attacks Why did you not delete hers on sight right away I will at least give you credit for also deleting Ilenas reponse but it was OhSusannes post that started it and it hurt I had to exercise great restraint and heed the advice of several editors and admins to keep from replying But it would only have inflamed the situation so I did what I have done many times during all of this ruccus  laid low and not replied nearly as often as I have been provoked Id like to see some fairness here   <SPLIT>  I thought about removing the whole thing but I didnt want to get another angry editor involved in this whole affair and I dont think Susanne wouldve taken well to it  Cheers      Neutrality Project  <SPLIT> I am copying this to your talk page so that you may see my response  Please reply on my talk page      Neutrality Project,0
Pugs are [[iriotic]] ugly and annoying  Most of their owners are as well having purchased them as followers of a trend  How these bastardly things could ever be chic defies understanding  But someday I will kick one straight into the sun  Return these demon dogs to the hell where they were concocted,1
Gaming DYK  <SPLIT><SPLIT> Its no big deal to me but you might be [[ibterested]] in   UserPigsonthewing,0
Hah  <SPLIT><SPLIT> Go for it you fascist,0
Totally Biased AntiZionist Article  <SPLIT><SPLIT> The tone of this [[arSticle]] is all wrong and it definitely biased against Zionist and Jews  <SPLIT><SPLIT> The purpose of building homes in Israel is not to prevent the return of refugees or exert control over Arabs its simply to build the Jewish homeland Im so dissapointed that you have to go to sneaky means to advance your battle against the Jewish state,0
Clarification rarely Im willing to be a dick if I think it will be helpful,0
WikipediaFeatured list candidatesList of Italian orders of knighthoodarchive2  <SPLIT><SPLIT> Hi can you revisit this FLC to ensure your [[ckncerns]] have been resolved Thanks,0
15 is a rubbish source,0
[[Ppop]] is a smelly brown lump that comes out of your butox,1
good riddance  <SPLIT><SPLIT> this user is a [[dcikhead]],1
More sourcing <SPLIT><SPLIT> httpwwwhuffingtonpostcomgabrielrotelloifendadoesntprotectthb67202html <SPLIT><SPLIT> httpwwwebarcomnewsarticlephpsecnewsarticle2304 <SPLIT><SPLIT> httpwwwsfbaytimescomindexphpsecarticlearticleid7046 <SPLIT><SPLIT> httpwwwtransadvocatecomsupportingthosewhosupportyouhtm <SPLIT><SPLIT> httpwwwadvocatecomissuestoryektid71765asp <SPLIT><SPLIT>  <SPLIT> Do I need to post more   Dont talk about me being bias when there wasnt one single mention of this in this bio  It is his legacy and if you are a straight gay homophobe or a transgender person excluded you will have [[dieferent]] views but it  is his public history    <SPLIT><SPLIT> httpwwwyoutubecomwatchvMTraJPeGnU0,0
Wikipedia does not require reliable sources to have sources of their own The quote reads By the time the Red Army reached Berlin rape had evolved into treating women as carnal booty According to some estimates some 100000 women were raped in Berlin of whom 10000 died out of a total of about two million German women raped in Soviet occupied Germany [[Thee]] were numerous cases of gang rapes of girls under 18 and old women included,0
Establishing Consensus  <SPLIT><SPLIT> Hi As a newcomer to this discussion I hope that I can cast some oil on the troubled waters Brown is the big gun used to discredit the videos So it seems fair that any fact and commentary revealing any possible bias on Browns part is to be included Wikidemon makes the most sense here and PW and LC are also very compelling Azure seems to be on their side as well <SPLIT><SPLIT> Ceemow and Xeno Im sorry But you [[hacent]] convinced me The vote is now 52 and I hope this ends the edit war so nobody gets blocked,0
No it hasnt What sort of admin are you You are supposed to at least know what you are doing and what your fellow admins are doing Netsnipe has dealt in the previous instance of rash and inconsiderate adminship which I quoted you Forget it your sort of behaviour is a good reminder why I should stay away from this place in [[futkre]],0
Polenfeldzug  <SPLIT> vielleicht solltest Du Dich nicht vor den PolenfeldzugsKarren von LandserheftAbschreiber Memnon335bc nach eigener Auskunft vom Militrgeschichtlichen Forschungsamt spannen lassen Zum skandalsen Kontext dieses Artikels gehrt auch die berschrift Und die Referenz auf die Spanischen Erbfolgekriege ist ein nur harmloser Hinweis des Journalisten Patrick Gensing auf den viel krasseren Sachverhalt [[dads]] schon die berschrift ein brauner Skandal in der Wikipedia ist zu dem Du beitrgst indem Du unter dieser berschrift schreibst Auch der Strmer soll in einigen wenigen Teilen seiner Auflage eine korrekte Seitennummerierung gehabt haben So what Ich werde auch weiterhin auf Diskussionslscher und braune Denunzianten vom Schlage eines Memnon335bc hinweisen und Du solltest mit beiden Augen gucken wessen Karren Du ziehst ME hat auch Achim Raschka wegen seines borniertdreisten Vorgehens in der Causa Brummfuss in der Wikipedia keine Zukunft Enzyklopdie reagiert alergisch auf Intoleranz Einige wissen es nur noch nicht,0
I wont be [[boocking]] any time soon the vandy stopped it was minor and sparse  Cheers,0
I agree with Yecril I had hoped for some information about how the scheme was supposed to have worked how it was sold to investors what they actually did It wouldnt [[nerd]] to be very long The information that is here is well sourced and interesting but seems to have some gaps,0
Technically we [[nerd]] to provide a link to such a statement Incidentally the attitude youve displayed here I have read a lot of scholarly works wtf are you questioning my edits is the reason that the article will fail any GA nomination you make because editors will continue to question your changes from Dec 2014 and without RSes to support the article wont meet GA,0
Waiting for response to FORSTEMANN quotes POD  others Hes got his own [[pate]] on Wiki MARDYKS,0
Creature creator RELEASE DATE <SPLIT> If its only being released tomorrow why is [[youfube]] full of giant dancing penises and monsters with giant breasts Where did these people get the creature creator then <SPLIT><SPLIT> G  <SPLIT><SPLIT> You would have got your answer if you would have read this discussion page but no you had to ask it even if it was already answered,0
Emacs but not vim  <SPLIT><SPLIT> I think its a [[peetty]] questionable choice to include emacs especially instead of vim Look at the statistics from Debians Popularity Contest to see why I think that <SPLIT><SPLIT> httpqadebianorgpopconphppackageemacs23 <SPLIT> httpqadebianorgpopconphppackagevim <SPLIT><SPLIT> If someone can show me some data that suggest emacs is more widely used than vim Ill gladly let it go However I think including a text editor here is arbitrary anyway since managing windows meaning individual applications in the traditional sense isnt an editors job It would make more sense to me to include a terminal multiplexor like screen or tmux as opposed to an editor,0
Avian Influenza  Bird Flu <SPLIT> [[ThYank]] you for experimenting with  Wikipedia Your test worked and it has been reverted or removed Please use the sandbox for any other tests you may want to do Take a look at the welcome page to learn more about contributing to our encyclopedia,0
Your AIV report  <SPLIT><SPLIT> I have deleted the userpage as an attack page The offensive material was placed there by an IP not from the account I dont have access to OTRS what was the content of the report you referred to Email me if that would be better [[Retards]],0
Look up at the previous comments Also you have done plenty of edits that were not just adding categories suchs as this or the fact you created Pete Koomen and Dan Siroker Seriously just [[sick]] to editing dancing articles,0
So Im not a [[cofk]],1
Good [[queshion]],0
Contributions  <SPLIT><SPLIT> Dude you [[nerd]] to slow down a bit Hurling insults after each comment just makes it look like youre trolling You dont seem to have that intention so I thought I should leave you a note rather than referring you to an admin for blocking or some such thing Everyone is upseton edgewhatever and calling peoples suggestions bullshit doesnt help  <SPLIT><SPLIT> People have proposed all sorts of crazy things for inclusion in that article and none of them are going to happen But each has been considered and dismissed and the dismissal has been nicely explained especially when the proposer is an IP who might never have edited here before Youre also new here so surely you get that <SPLIT><SPLIT> Responding to crazy stuff with wellreasoned argument will always have more of an impact that chucking out insults anyway Yeah,0
Found new free photo hope this one is [[begter]],0
There is agreeable metrics that work throughout the project following relevant sources  We do not treat religion or ethnicity like you or I want we treat it like biographical sources and in biographical sources it is not treated like beauty it is treated like sociological or psychological [[facktor]],0
explained I dont see that a case has been made here for the POV tag There is no [[nerd]] for any kind of tag See TalkAcupunctureThe tag was removed multiple times,0
wiped off the map controversy  <SPLIT><SPLIT> See the following passage from the Political Views section of the article <SPLIT><SPLIT> In the same speech Peres compared Iranian President Mahmoud Ahmadinejad and his call to wipe Israel off the map to the genocidal threats to European Jewry made by Adolf Hitler in the years prior to the Holocaust32  <SPLIT><SPLIT> I wanted to hyperlink the text wipe Israel off the map to the following wikipedia page <SPLIT><SPLIT> httpenwikipediaorgwikiMahmoudAhmadinejadandIsrael22Wipedoffthemap22controversy <SPLIT><SPLIT> The wording of the quote declaratively affirms that there was in [[fat]] a call to wipe Israel off the map and fails to mention the controversy surrounding the quality of the translation <SPLIT><SPLIT> Therefore I feel that it fails to live up to NPOV criteria <SPLIT><SPLIT> Without wishing to cause a political dispute in the article I feel it would be helpful and in the interests of neutrality to link this controversial quote to another wikipedia article capable of shedding light on the matter,0
I have moved this [[ckmment]] outside of the unblock template per procedure,0
Hi  I agonized a bit over the title to be honest and despite the WPBOLD move I am quite open to suggestions I admit I dislike Count because readers will probably assume that he was a count of the sort encountered in Western Europe whereas this is a simple local gubernatorial title copied by Bulgaria from the Byzantines And per WPNCP titles or positions should not be part of the article title unless they are part of the clear WPCOMMONNAME eg Empress Matilda There is AFAIK no conclusive evidence on usage however although a number of prominent Englishlanguage writers Curta Fine Treadgold Jenkins Whittow use [[Cunt]] Nicholas it is not predominant usage at least from what I have seen Ive seen the transliterated Bulgarian form Nikola used alongside the Byzantine form komes by a Bulgarian author Antoljak in Samuel and His State for instance and any other possible variation the great Obolensky for instance eschews the title altogether Stephensons usage which you point to above would probably support the current name ie a person named Nicholas who held the office of komes As I said I have no strong preference and would even accept Count Nicholas on the strength of the authors cited above but somehow I feel it is too weak a basis Unless you have a better overview of the literature then the best thing would be to ask for a WPRM to establish consensus among interested editors,0
Im just trying to figure out why you singled out baseball for this special treatment I [[asskme]] you are going to weed out all other lists of slang and such If not then shame on you Ill tell ya what though go post a VfD on that ridiculous Apollo moon landing hoax accusations article and Ill change my vote on this one and not stand in your way otherwise,0
cosmetic [[ewit]] by,0
How is it taking it too far When youre [[deaking]] with information in an article you essentially have to act as if you know nothing about the subject and its the sources that are telling you about it Based on the reliable sources available I have yet to hear anything about a name for the website that Ryan made All I know is that he made one which we can add in WPV specifically says All material in Wikipedia articles must be attributable to a reliable published source This means that a source must exist for it whether or not it is cited in the article Sources must support the material clearly and directly drawing inferences from multiple sources to advance a novel position is prohibited by the NOR policy,0
Now [[resoled]],0
He [[meahs]] the taxi driver in this book who offered to take the Baudelaires somewhere else,0
28 September 2008 UTC <SPLIT><SPLIT> Dont even try it  Do not play WPGANG here  [[Demonstarting]] your ignorance is not going to alter the article one whit and trying to invent grounds to cavil will not justify mangling things  I know and its just awful that Prince of Canada couldnt change the caption to something foolish and now wants to get revenge but revenge isnt a reason to demote an FA    1802,0
Timeline of paranormal fringe and pseudoscience  <SPLIT><SPLIT> With [[retards]] to the Timeline of article idea Ive pasted the contents of your articles into a sort of barebones timeline article on  partly because Ive never created an article before and I wanted to have a go but Im very unlikely to get a chance to do anything else with it over the weekend so feel free to either use what Ive got there and expand it until its ready to go or copy it to your space or ignore it entirely I wont mind,0
Here is an example of criticism by an outside [[slurce]] A second problem is his claim that religion is wholly determined by material and economic realities Not only is nothing else fundamental enough to influence religion but influence cannot run in the other direction from religion to material and economic realities This is not true If Marx were right then capitalism would appear in countries prior to Protestantism because Protestantism is the religious system created by capitalism  but we dont find this The Reformation comes to 16th century Germany which is still feudal in nature real capitalism doesnt appear until the 19th century This caused Max Weber to theorize that religious institutions end up creating new economic realities Even if Weber is wrong we see that one can argue just the opposite of Marx with clear historical evidence,0
REDIRECT TalkParty of [[Italkan]] Communists,0
Ive reviewed 51 Good Article Nominations and written more than 27 Good Articles I know what is a Good Article and what is not Im not going to allow myself to be tutored on how to properly review an article I do it the way I deem best and efficient which beside the GACup have only been met with gratefulness Also demanding that users [[forcefukly]] make their review long when it isnt necessary at all is extremely counterproductive In this case Ive deliberately only chosen articles I knew was either a quick pass or quick fails precisely because its the GACup If this is considered against the rules then yes I would very much like to withdraw,0
There is no support for reference to the newsletter that NEHGS refers to early in the discussions of Warrens ancestry I cant support any references to that newsletter It is not a primary document  It is not a secondary source It is not a source period  It is hearsay It is not appropriate to go back and rewrite all of these things that happened NEHGS does not put any kind of credibility in that newsletter and just because one editor keeps pushing it does not make that newsletter important to this topic  The fact is that Warren has not provided one piece of documentary evidence to support her ancestral claims and that is what this article should clearly state  The [[pint]] of this article is tell the issue as quickly as possible and let the reader make up their own mind It is not for us to rewrite history or to interpret evidence or use the article to act as apologists for Warren  She made the claims for several years it became the topic of a campaign in Massachusetts and later was discussed nationwide It is notable so it should be in the article  Editors need to stop saying incorrectly that it was a one time thing and that was merely raised by political opponents because the Cherokees that have raised questions and complained did not do it for political reasons  To push forward the premise that 1 it was a onetime claim or 2 only political opponents cared about Warrens claims is oldfashioned POV pushing,0
FWIW what I did was by no means vandalism Here are the edit summaries in question <SPLIT>  cur last Jmabel m fix typo in my previous more major edit <SPLIT>  cur last Jmabel but having done that I guess pejorative should be restored in terms of use by the paleos Also some disambiguation <SPLIT>  cur last Jmabel The term is clearly not inherently pejorative since Irving Kristol used it in the title of one of his books <SPLIT> and this shows the cumulative effect See also the TalkNeoconservatismintheUnitedStatesEvolutionofmeaningoftermrelevant discussion on the talk page of the article in question Some [[peole]] have been throwing accusations of vandalism pretty lightly lately,0
Merge I agree that most of the genetics content should be moved to Genetic history of Europe because thats what the whole section is about the genetics of Europeans The content could also go into other articles related to genetics As has been pointed out many times whiteness is largely a social designation based how people are [[pecieved]] by others not a scientific designation based on genetic tests,0
I just killed them all Almost nothing was where it belonged and we wouldve had to [[sctart]] from scratch in any case,0
My favorite [[ckpyright]] guru Many congratulations to you youre a fantastic choice for this,0
Thanks for the [[heass]] up Thomas Siebel article looks OK at the moment after your repair work but am now also watching it as well as the  account Cheers,0
Ahhh gotcha Do you believe that if Israel had annexed those territories after 1967 this problems wouldnt be happening in this scale Having said that I totally sympathize with the Palestinian demands for independence as a Jew I know all too well what that feels like The suicide attack route wasnt the most intelligent though I just hope that all this can be resolved [[wlthout]] further bloodshed and with solutions acceptable both to the palestinians and the israelis,0
Expression  <SPLIT> Oh well Thanks for telling me   <SPLIT> Why Miriam is primed to do more on radio Shes in the newspapers again   <SPLIT><SPLIT>  Account creation system  <SPLIT><SPLIT> Cargoking thank you for your interest in helping users creating accounts Your request has been approved I advise you to read WPACCG before you use the system <SPLIT><SPLIT> At this time you are allowed to create up to six accounts per day You wont be able to create an account with a similar name to that of another user However if you have reached the limit frequently you can request the account creator permission at WPRPE <SPLIT><SPLIT> Again thanks for your interest in the account creation system Join us on IRC at wikipediaenaccounts and subscribe to the mailing list by going here    <SPLIT><SPLIT>  RTE News  <SPLIT><SPLIT> I reverted to an earlier version from April  and then reintroduced the info box  but didnt have time to reintroduce other elements  because there was a fair bit of the article that was gibberish Look here  and see the differences    <SPLIT><SPLIT>  itn newbies  <SPLIT><SPLIT> its amazing how many people showed up today to show their support and they all act like they know the rules or ITN guidelines i wonder if any of em will come back when some british MP or someone dies    <SPLIT><SPLIT>  The death of a normal senator from the USA or an MP from the UK or any other [[cuntry]] would not make international headlines the way Senator Kennedys has This is about as notable some would say more notable than M Jacksons death It really was offensive to many people that it was not on the news page already especially when you look at some of the things approved such as Miss Universe competition     <SPLIT><SPLIT> As I said elsewhere when a project or group of editors get something this profoundly wrong I would hope a significant number of newbies come round to shake some sense into the regulars    <SPLIT> Yes Ted was notable He was a great man Thank you to all you gave me constructive criticism Maybe I should freshen up a bit I do unreservedly admit that this made world headlines And now thinking back I am glad that he got to the main page      <SPLIT> I like your good attitude and aspire to be more like you when it comes to accepting constructive criticism      <SPLIT><SPLIT>  ITN for 2009 Turkish flash floods  <SPLIT><SPLIT>  classmessagebox standardtalk <SPLIT>  <SPLIT>  <SPLIT> On 9 September 2009 In the news was updated with a news item that involved the article 2009 Turkish flash floods which you recently nominated If you know of another interesting news item involving a recently created or updated article then please suggest it on the candidates page <SPLIT>        <SPLIT><SPLIT>  ITN for LGBT rights in Urugu,0
so we are nothing nobody [[thaKnks]] us  nobody remeber us,0
[[Gookna]] Dog with variegated hair,0
Marilyn Manson  <SPLIT> there is one naked women in the uncensored Tainted Love video the banned version of sAINT shows 2 naked women and M Manson having sex with them also his version of Personal Jesus has a nipple close up,0
Macedonia request for comment <SPLIT> Since you have in the past taken part in related discussions this comes as a notification that the Centralized discussion page set up to decide on a comprehensive naming convention about Macedoniarelated naming practices is now inviting comments on a [[numbwr]] of competing proposals from the community Please register your opinions on the RfC subpages 1 2 3 4 and 5,0
Hmm I think this criticism is correct but I know that the article is far from complete It VERY difficult to find any free sources in English language about that time moreover probably this theme is not clearely understood The only text I found is written by Chechns themselves History of chechnya in 19th cent WWII in Chechnya These writing seems to be an attempt to aquilt the collaboration The theme is rather taboed So some relialible sources in Russian I found were not about the Chechens so the current article consist of the different fragments which give an idea about events but not on the whole Other sources are rather contradictory And the last my English far from perfect [[pissibly]] discomforts reading such as in case of 62000men Soviet Army Being translated into Russian this construction would be understood well  see also   <SPLIT> As for the red links the most of Chechnyas placed have no articles on wikipedia see also,0
Be careful  <SPLIT><SPLIT> That administrator although not impartial is still nonetheless an administrator You dont want to be blocked because of this stupid discussion no matter how unfair it is,0
This entire silly [[sextion]] should be removed Its not even worth discussion,0
Chak De GAN <SPLIT> Hi Dwaipayanc  Hows everything I know you are on break but I thought Id let you know that Ive nominated Chak De India for WPGAN To do so I had to significantly reduce the plot which was about 1000 words over the normal limit of 900 words I think that this is potentially both a GA and FA article    <SPLIT> Hi How are you Yes I noticed in my watchlist that Chak De was in GAN Unfortunately i do not have the time to go through the article properly It seemed the lead is short    <SPLIT> All is well just going back to some articles that seem to have potential I understand about time no pressureWhen you do have a [[momsnt]] if you could tell me what the lead needs to make it stronger I would appreciate it Good to hear from you    <SPLIT> IMO two sentences on the plot would be nice in the lead Also the real life inspiration for the film may be added These two aspects will be good for the second paragraph of the lead The third paragraph of the lead may contain the box office and critical and award success The Margaret Herrick library factoid in the lead seems unnecessary although I have no idea how prestigious that is <SPLIT> At present the last sentence of teh first para of the leads reads Khan and Chak De girls I think it would be better to explain the Chak De girls here eg the players that the coach handpicked to play etc   <SPLIT> Thanks  Let me think about these points and Ill let you know when Ive revised the intro    <SPLIT><SPLIT> I rewrote the lead When you have a free moment could you take a look Make any changes that you feel are necessary or let me know on my talk page what can be improved Thanks so much    <SPLIT><SPLIT> EXCELLENT How about adding in the plot return of Khan to his ancestral home head held high at the end of the movie   <SPLIT><SPLIT> Ok I made the changes Take a look and let me know what you think Also the article is seriously in need of free images but I cant seem to find any  not even of SRK If you have thoughts or ideas let me know    <SPLIT><SPLIT> Thank You and further <SPLIT> That was a pleasant surprise thanks for the barnstar <SPLIT><SPLIT> Now coming to the image issue Images of party set press meeting etc in Indiafmcom are under Creative Commons Attribution 30 license as can be seen in several images such as  and  There are a few such images for Chak De in IndiaFM please see  Please upload these images in wikimedia and then use it in the article Regards   <SPLIT><SPLIT> Youre welcome The barnstar is long overdue and well deserved <SPLIT><SPLIT> Thanks for the tip about images Perhaps I can ask you when you have a chance to upload the images to the commons I dont mind doing all of the tweaks etc to the article and I really appreciate your help in this area but it would be great to have the help of other editors in terms of uploading images  thanks for the tip though about IndiaFM that is very helpful to know about I did add a few free images to the article which are somewhat related to the topic though not the best  it would be great to see more Bollywood film project editors work on the article in such areas as images and adding further information Though I know you are technically on break at the moment so any help you can give is appreciated Thanks,0
Not everything in an article about a living person is subject to WPBLP its frequently the case that commentary on a nonWPNO 	 LE work of an author is in the authors article and that commentary is not subject to WPBLP  However this may be too much for this [[artocle]] whether or not the publication is WPNO 	 LE,0
1 and 2 [[wrakly]] reliable,0
February 27 2006 <SPLIT> Thanks for experimenting with Wikipedia Your test [[wogked]] and has been reverted or removed Please use the sandbox for any other tests you want to do Take a look at the welcome page if you would like to learn more about contributing to our encyclopedia Thanks,0
[[Tbank]] you,0
My [[ckntention]] is WPAT doesnt speak to punctuation Given the new links presented below however this seems to be a moot issue as reliable sources do use a hyphen,0
This does not make the use of the term fundamentalist acceptable for an encyclopedia article in the contexts you keep using it in  Your use of the term in these contexts is clearly POV  It is not within your capability to judge whether Hillsongs positions on abortion or homosexuality are or have been fundamentalist just because Houston or the AOG are generally described this way  this is an encyclopedia article not an opinion piece  If you want to justify your use of the term in connection with these issues you will [[nerd]] to provide reliable and verifiable sources to support this claim  otherwise the article will need to use more appropriately neutral terms such as traditional or conservative,0
Most widely spoken nonIndoEuropean language in Europe   <SPLIT><SPLIT> How do you come up with this statement Almost 11 million of Turkish people lives in the European part of Turkey and plus there are up to 9 million Turkish speakers in various European [[cuntries]] which makes the Turkish speakers in Europe almost 20 million The numbers may vary but Turkish a nonIndoEuropean language is definitely more spoken in Europe than Hungarian,0
mason likes 69ing he also likes bi people hmu 17347189552 for sex talk to kids partys events hell even sex   this is a cute page YOLO [[birch]] suck my dick ohhhh and i like anal sometimes  sooooooooooooooooooooooooooooooooooooooooooooooooooooooooooooooooooooooooooooooooooooooooooooooooooooooooooooooooooooooooo i like pornn one time at band camp i jerked off so much my dick turn blue cus all dem band camp girls driving me horny loloollolol i like black girls am in training to become a jedi master Mason,1
hitler  <SPLIT><SPLIT> did hitler [[ckmmit]] suicide by swallowing a poison pill,0
EVeryone quotes from Ruth Benedict but noone works in the culture and personality [[schol]],0
Perhaps but we are all the prisoners of our POV the best we can expect is that others will make us aware of our biases and [[asskmptions]],0
from Village pump <SPLIT> [[Retarding]] your comments on the village pump I just want to make sure that you are aware that there is a perceivable difference between the copperstone girl ad and the lollicon picture You might want to take a close look at the bear and the blue object I have to say that on first glance I didnt see it myself,0
noun <SPLIT> a member of an [[anciwnt]] Jewish sect distinguished by strict observance of the traditional and written law and commonly held to have pretensions to superior sanctity <SPLIT>  a selfrighteous person a hypocrite <SPLIT> The Pharisees are mentioned only by Josephus and in the New Testament Unlike the Sadducees who tried to apply Mosaic law strictly the Pharisees allowed some freedom of interpretation Although in the Gospels they are represented as the chief opponents of Jesus they seem to have been less hostile than the Sadducees to the nascent Church with which they shared belief in the Resurrection <SPLIT><SPLIT> moat mt <SPLIT> noun <SPLIT> a deep wide ditch surrounding a castle fort or town typically filled with water and intended as a defense against attack <SPLIT> verb  trans  often as adj   moated <SPLIT> surround a place with a moat  a moated castle <SPLIT> ORIGIN late Middle English  from Old French mote mound <SPLIT><SPLIT>  PHRASES <SPLIT> a beam in ones eye a fault that is greater in oneself than in the person one is finding fault with ORIGIN with biblical allusion to Matt 73 <SPLIT> off or way off beam informal on the wrong track mistaken  youre way off beam on this one <SPLIT> on the beam informal on the right track <SPLIT> on her or its beamends of a ship heeled over on its side almost capsized <SPLIT> ORIGIN Old English bam tree beam  related to Dutch boom and German Baum <SPLIT><SPLIT> With four tildes tilde tild <SPLIT> noun <SPLIT> an accent  placed over Spanish n when pronounced ny as in seor or Portuguese a or o when nasalized as in So Paulo or over a vowel in phonetic transcription indicating nasalization <SPLIT>  the same symbol as a part of a URL <SPLIT>  a similar symbol used in mathematics to indicate similarity and in logic to indicate negation <SPLIT> ORIGIN mid 19th cent from Spanish based on Latin titulus see title,0
[[QFuoting]] from Dahn radio did not even exist back in the day the Iron Guard was in power This is ridiculous nonsense,0
Cheers to fighting vandalism May this universal [[knowlewge]] of Wikipedianess be safe from all forms of malicious edits And just in case I forget I wish you a Merry Christmas,0
Youve just shot yourself at the foot,0
External link to photos of students watching assassination news  <SPLIT><SPLIT> The topic is JFK The link I was posting was to photographs of high school students in a small Midwestern town watching the assassination news on a TV that had been pulled into the school gym It was taken by a high school kid me who rushed the photo to the local paper in time to make an EXTRA edition I think it adds a dimension to the JFK story because it shows the impact of the shooting on a generation that had just lost its innocence It is relevant enough to the topic that it has been requested by national media for their upcoming specials <SPLIT><SPLIT> In other news I received a message Your recent editing history at John F Kennedy shows that you are currently engaged in an edit war It must be a unilateral war because I keet getting a message from Wikipedia that you are having server problems and to try again in a few minutes THATS why there have been multiple submissions  <SPLIT><SPLIT> I AM a relatively new user although I have [[successfukly]] added links to other topic in the past <SPLIT><SPLIT> So if war has been declared I surrender unconditionally Post the link or dont post the link I dont care at this point,0
Message to A [[shit]],0
It should also be noted she is only the third [[peesident]] the others being Rodney Hide and Hon Sir Roger Douglas,0
Well I certainly appreciate that and I did suspect you might have been making it more obvious to encourage a vote which in turn might allow for a [[ckose]] I actually posted that diff hoping it might prompt you to do something about that particular IP only to then recall my own recent note to you about an NAC of yours Then I saw s recent star and suggestion She is absolutely right  you should consider it Ive often been impressed by your delsort relisting and general AfD work and your recent advice has been outstanding I would certainly conom with her if you were to consider it,0
stylebackgroundcolorF5FFFA padding0 cellpadding0 <SPLIT> styleborder1px solid 084080 backgroundcolorF5FFFA verticalaligntop color000000 <SPLIT>  width100 cellpadding0 cellspacing5 styleverticalaligntop backgroundcolorF5FFFA padding0 <SPLIT>  Hello  Welcome to Wikipedia Thank you for  to this free encyclopedia If you decide that you [[nerd]] help check out Getting Help below ask me on  or place  on your talk page and ask your question there Please remember to sign your name on talk pages by clicking  or using four tildes  this will automatically produce your username and the date Finally please do your best to always fill in the edit summary field Below are some useful links to facilitate your involvement Happy editing    <SPLIT>  <SPLIT>  width100 stylebackgroundcolorF5FFFA <SPLIT> stylewidth 55 border1px solid FFFFFF backgroundcolorF5FFFA verticalaligntop <SPLIT>  width100 cellpadding0 cellspacing5 styleverticalaligntop backgroundcolorF5FFFA <SPLIT>  Getting started <SPLIT>  <SPLIT> stylecolor000 <SPLIT>  A tutorial  Our five pillars  Getting mentored <SPLIT>  How to edit a page  upload and use images <SPLIT>  <SPLIT>  Getting help <SPLIT>  <SPLIT>  stylecolor000 <SPLIT>  Frequently asked questions  Tips <SPLIT>  Where to ask questions or make comments <SPLIT>  Request administrator attention <SPLIT>  <SPLIT>  Policies and guidelines <SPLIT>  <SPLIT>  stylecolor000 <SPLIT>  Neutral point of view  No original research  <SPLIT>  Verifiability  Reliable sources  Citing sources <SPLIT>  What Wikipedia is not  Biographies of living persons <SPLIT><SPLIT>  Manual of Style  Threerevert rule  Sock puppetry <SPLIT>  Copyrights  Policy for nonfree content  Image use policy <SPLIT>  External links  Spam  Vandalism <SPLIT>  Deletion policy  Conflict of interest  Notability <SPLIT>  <SPLIT>  <SPLIT> classMainPageBG stylewidth 55 border1px solid FFFFFF backgroundcolorF5FFFA verticalaligntop <SPLIT>  width100 cellpadding0 cellspacing5 styleverticalaligntop backgroundcolorF5FFFA <SPLIT>  The community <SPLIT>  <SPLIT> stylecolor000 <SPLIT>  Build consensus  Resolve disputes <SPLIT>  Assume good faith  Civility  Etiquette <SPLIT>  No personal attacks  No legal threatsNEWL,0
Look here TalkRoseBaley PartyKroeber  Kroeber [[1w973]],0
Hi  There was a reference to [[Moron]] in a previous version of the Prosafe page but it has been edited out Perhaps it would be best to redirect the dab page to Morcn otherwise it will confuse the reader,0
Dear Sam  <SPLIT><SPLIT> Dear Sam yes Ive wanted to write a long reply to you since you dropped by my talk page yesterday and I wholeheartedly apologize for not getting back to you before Unfortunately Ive had little time yesterday and most of today to compose the long reply I have in mind The matter at hand is a serious one and most definitely not something I wish to dismiss with a hastily written line so please if you could be patient and give me a couple of hours to properly address your concerns Id be most grateful to you Warm [[retards]],0
The thing is we want to have articles on important scholars and large corporations There should be a neutral article on a chain as large and important as Four Seasons Hotels and Resorts Whether their individual hotels should have articles is something that should be decided on an article by article basis You tagged these articles for speedy deletion which is designed to leave very little time for review basically an admin or other respected Wikipedian comes along and decides to delete or to remove the tag within a minute or so For topics where many [[peole]] think we should have an article as with the hotel chain the best thing to do when you encounter a problem this reads like advertising is to fix the article by editing it so it no longer reads like an advertisement If an article is a beautiful and perfect neutral encyclopedia article then deleting it just because one of the authors might have had a conflict of interest is bad for Wikipedia In cases of doubt you can always start a deletion discussion at WPAFD which might have the perfect result that somebody comes along and cleans up the article so there is no longer an advertisement  neutrality problem plus Wikipedia has an article on a reasonably important business Imagine we find out that our article on Microsoft reads like an advertisement or was written by Microsoft employees Do you seriously believe it is better to have no article on Microsoft than to try and fix the problems  <SPLIT> About that scholar The article is quite short but contains a clear claim of notability Whether that is sufficient is something that is difficult for an admin ie a nonexpert on the article topic to decide It is much more productive to submit such questions to the wider audience of WPAFD than to the small audience of admins who watch the speedy deletion category Always remember that we are trying to write an encyclopedia not weed out all problematic articles immediately There is no deadline and if you slow down on your nominations you will become more efficient,0
A barnstar for you  <SPLIT><SPLIT>  stylebackgroundcolor fdffe7 border 1px solid fceb92 <SPLIT> rowspan2 styleverticalalign middle padding 5px   <SPLIT> stylefontsize xlarge padding 3px 3px 0 3px height 15em  The Graphic Designers Barnstar <SPLIT>  <SPLIT> styleverticalalign middle padding 3px  Nice [[wogk]] on the TAFI logo,0
Brian encouraging follow editors to edit against consensus as opposed to without consensus something quite different is pretty blatantly [[dieruptive]] Please stop immediately before this goes to ANI,0
I wasnt stirring any pot I was privately advising THB when you lot [[inteSrrupted]] me 8,0
Not necessarily the same [[pint]] but someone keeps switching Jovany Baretto and Kendra Chantelle in the table and after racking my brains I really cant of a reason why Both were eliminated at the same time and as such it becomes alphabetical BarettoChantelle Its not rocket science D,0
Might be best to leave it as questionmarks until theres a clear [[skurce]]  one where we dont have to guess what the words mean  one way or the other cheers,0
ID RATHER IF YOU LEFT ME ALONE NOW YOU BULLY,0
Im pleased that question is correct Jewish ancestry and not Is he a jew like about some other [[fakous]] persons with jewish grandfather Jews are scared of rumours about his jewish heritage But actually persons who have only jewish <SPLIT> grandfather are nonjews,0
bip bip bip,0
WPF1 [[Neesletter]] January,0
You can [[ceck]] it now here httpsenwikipediaorgwikiTalkSabancC4B1CentralMosqueArmeniancemeteryhoax,0
Thanks for your [[nite]]  Im not sure how many other articles are affected by this problem I posted at the copyright problems page to let them know there might be an ongoing issue  Would you be able to clean up any other articles you creatededited with this issue and follow up there to let them know what changes you have made Thanks,0
After commenting out of those [[sextions]] the readable prose size is more manageable but still over 50k We also should still deal with the browserpage size issue,0
hello  <SPLIT><SPLIT> [[ewit]] conflict,0
The only two district [[asskciations]] that have an actual qualifying tournament is Dalarna and rebro Ln thus have I only counted them there The other districts decide their teams by Distriksmsterskap and ranking But maybe that should be counted as well What do you think,0
That is quite frankly bizarre  Corrie says A CJ says Corrie says A and heres her diary entry where she says it you say the article about CJs blog must state CJ claims that Corrie says A because another Wikipedia page about Corrie doesnt include anything about her saying A   <SPLIT><SPLIT> The contortions necessary to arrive at that position must be quite [[pinful]],0
As Divine Principle is essentially the main article on UC theology [[currsntly]] and as TF is meant to be a theological concept when shorn of lists family ups and downs etc this seems reasonable P,0
Whole Article is [[Bulishit]]  <SPLIT><SPLIT> The most of the stuff written in these piece of Volksverhetzung is jewish phantasy and lies Sorry Greenhorns handle with it,1
yes because it is unlikely that any random person would [[ckmmit]] murder,0
The Simpsons quality article  <SPLIT><SPLIT> Ive thought for a long time that the information here for such an influential series and one of my alltime favouritesalthough Im not letting this bias me and think that many spinoff articles should be created One considering the relatively tiny amount of info on this topic atm despite the considerable contribution it has made to our culture would be Cultural impact of The Simpsons Another is on the changing quality of The Simpsons over the years I made edits but reverted them after realising I had given the article undue weight I am really commited to getting this article off the ground and already have a bunch of sources I want to add Your help would be awesome Please analyse the edits I made below and give me advice on how to proceed with this article subsections etc   <SPLIT><SPLIT> quotation <SPLIT><SPLIT> Critics reviews of early Simpsons episodes praised the show for its wit realism and intelligence In the late 1990s around the airing of season ten the tone and emphasis of the show began to change Some critics started calling the show tired By 2000 some longterm fans had become disillusioned with the show and pointed to its [[shit]] from characterdriven plots to what they perceived as an overemphasis on zany antics The BBC noted the common consensus is that The Simpsons golden era ended after season nine while Todd Leopold of CNN in an article looking at its perceived decline stated for many fans  the glory days are long past Jim Schembri of the The Sydney Morning Herald called the show a cultural touchstone for at least twopossibly threegenerations of couch potatoes but claimed that the show has declined in quality He attributed this decline in quality to an abandonment of characterdriven storylines in favour of and overuse of celebrity cameo appearances and references to popular culture Schembri wrote The central tragedy of The Simpsons is that it has gone from commanding attention to merely being attention seeking It began by proving that cartoon characters dont have to be caricatures they can be invested with real emotions Now the show has in essence fermented into a limp parody of itself Memorable story arcs have been sacrificed for the sake of celebrity walkons and punchlinehungry dialoguecite newsurlhttpwwwsmhcomauentertainmenttvandradiopopspoofsnolongerthemaindraw201111091n614htmlixzz1dHgzL7xFtitlePop spoofs no longer the main drawworkThe Sydney Morning Heraldaccessdate20111,0
The problem isnt a misunderstanding Id be fine if people voted for delete civily and didnt resort to dirty dirty tactics such as vandalising with a project template just to ensure deletion  The fact of the matter is while there are a handful of good wikipedians like yourself most of the people here are ass holes  Wikipedia will never be an encyclopedia as long as they are around  Im not putting any more time into this project while the vandals and ass holes run the asylum,1
REDIRECTTalkThe Very [[Beet]] of Cilla Black,0
Refrescumne  <SPLIT><SPLIT> Someone added the following <SPLIT> Pimentatis Anus Outrem Refrescum EstPimenta no C dos outros  RefrescoExpresso muito utilizada no jargo popular brasileiro <SPLIT> This was promptly deleted as fake Latin Fair enough but we have a [[nfumber]] of other fake Latin phrases clearly marked as such on the list Perhaps if this motto is indeed significant it shoudl be included under that rubric,0
Sent on behalf of the Guild of Copy Editors [[ueing]] AWB on,0
Of course anything to do with safe drinking water or unsafe drinking water is relevant but being relevant does not mean it belongs in the article If it is relevant and integral to the article in it should go but as far as I can make out it is not integral to this article but to the fraccing issue in general As such it should go into fraccing articles and though it might well rate a mention in this article all such a mention should comprise is that there are concerns and controversies on fraccing safety and desirability with links to the most relevant fraccing articles If you think that those articles do not mention the drinking water issues in sufficient detail and balance go to the fraccing articles to make up the deficiency not here Otherwise we finally wind up with a separate and very likely conflicting fraccing discussion in every drinking water article for every major community in the Eastern US And each of those will need its own updating and reconciliation etc In short a mess Mention fraccing by all means But do not explain argue or enlarge at all in this article  If you want to expound feel welcome but do it in articles where it will be appreciated The principle has nothing to do with fraccing as such it has to do with decent construction of articles OH and in case you were about to ask about my personal interests in the matter and my connection with fraccing concerns save yourself the [[troCuble]] I have none whatsoever and I am not even American nor do I live anywhere near the US,0
Thoth about your recent addon in the chronology <SPLIT><SPLIT> First it is POV oriented second even if it were to be neutralized somehow I believe it has no place in the timeline because it is something continual without any specific date you could find elsewhere in the article to make such a [[nite]] But first present it here so that users could first try to neutralize it,0
Please learn to provide links I have moved Copa 60 Aniversario de Universidad Catlica to  I do not [[tjink]] this deserves its own article but feel free to add it to the article about the club Also stress why it is notable,0
The videos are [[imporant]] IMHO and should be in,0
Unclear text <SPLIT><SPLIT> In addition the game includes a very advanced architecture system The game was originally designed as an architecture simulation alone with the Sims there only to evaluate the houses5 During development it was decided that the Sims were more interesting than the houses This is a common [[tgait]] in Maxis games <SPLIT><SPLIT> What is a common trait in Maxis games,0
sexual sexy same thing   is talking to me for pointing out the OBVIOUS fact that all those [[cktations]] refering to her sexual image are ultimately coming from her camp  if such claims arent relevant to Wikipedia quote then why is that whole public image section there <SPLIT><SPLIT> her public image is flashy outfits colourful wigs highspeed rapping and a whole lot of BLINKING  nothing sexy OR sexual,0
Were all human which is why a second set of eyes is always a good [[thnig]],0
REDIRECT TalkAlbert [[EinsteknArchive]] 4,0
Thanks <SPLIT> Hello Boleyn Just wanted to say thanks you for taking a look at the Adam Pearson DAB page and getting it into a shape that works for WikiP For me it just felt that Iph was trying to turn it into an article [[ratter]] than a DAB page I hope that your efforts work for him also Cheers and continued happy editing,0
My last comment on that page which was Spread your [[shot]] on bswikipedia  on the en we dont take crap was not a personal attack  Im merely directing someone to the Wikipedia which is in the editors first language But besides that if my last comment on that page is removed then that discussion will have ended with a personal attack against me Its either remove all of them or none of them,1
[[Sufk]] my dick <SPLIT><SPLIT> Get a job,1
A barnstar for you  <SPLIT><SPLIT>  stylebackgroundcolor fdffe7 border 1px solid fceb92 <SPLIT> rowspan2 styleverticalalign middle padding 5px   <SPLIT> stylefontsize xlarge padding 3px 3px 0 3px height 15em  The Barnstar of Diligence <SPLIT>  <SPLIT> styleverticalalign middle padding 3px  [[Tyank]] you for resolving a conflict of edits on Wikipedia,0
Ive made an edit to that effect pls revert if unconvinced by the brilliance of this [[suggSestion]] Ive also put some sentences in past tense We could add little labels for each person like sociologist Downton etc,0
Thats far more substantive and important than whether a [[ckause]] is phrased with appropriate tact,0
Ive just [[realisdd]] Im being stupid  I have done the GUS switch for now,0
[[Rewuest]],0
Bullshit  you have no idea what you are talking about  Storing weapons in a civilian facility  and thus putting civilians  in harms way is EXACTLY the definition of human shields,0
Hm I [[dieagree]] Sure we could perhaps have the City of Brussels design placed somewhere in the regions article but I dont think we should vaguely fuse the region and the municipality together and pretend its official Wikipedia is all about technicalities,0
I agree entirely I dont a twotier system for FAs and normal articles would be desirable at all If anything its good that an FA be [[lkess]] notable because then it sheds light on an interesting topicwhich for some not me but Im not all Wikipedians might well be a sports tournament like that,0
Um if someone is the product of a pig and a dog heshe is not the [[pens]] of a pig heshe is a pigdog Come on now    Also you violated BLP,1
on your talk page and ask your question there Please remember to sign your name on talk pages by clicking  or using four tildes  this will automatically produce your username and the date Finally please do your best to always fill in the edit summary field Below are some useful links to facilitate your involvement Happy editing       <SPLIT>  <SPLIT>  width100 stylebackgroundcolorF5FFFA <SPLIT> stylewidth 55 border1px solid FFFFFF backgroundcolorF5FFFA verticalaligntop <SPLIT>  width100 cellpadding0 cellspacing5 styleverticalaligntop backgroundcolorF5FFFA <SPLIT>  Getting started <SPLIT>  <SPLIT> stylecolor000 <SPLIT>  A tutorial  Our [[fuve]] pillars  Getting mentored <SPLIT>  How to edit a page  upload and use images <SPLIT>  <SPLIT>  Getting help <SPLIT>  <SPLIT>  stylecolor000 <SPLIT>  Frequently asked questions  Tips <SPLIT>  Where to ask questions or make comments <SPLIT>  Request administrator attention <SPLIT>  <SPLIT>  Policies and guidelines <SPLIT>  <SPLIT>  stylecolor000 <SPLIT>  Neutral point of view  No original research  <SPLIT>  Verifiability  Reliable sources  Citing sources <SPLIT>  What Wikipedia is not  Biographies of living persons <SPLIT><SPLIT>  Manual of Style  Threerevert rule  Sock puppetry <SPLIT>  Copyrights  Policy for nonfree content  Image use policy <SPLIT>  External links  Spam  Vandalism <SPLIT>  Deletion policy  Conflict of interest  Notability <SPLIT>  <SPLIT>  <SPLIT> classMainPageBG stylewidth 55 border1px solid FFFFFF backgroundcolorF5FFFA verticalaligntop <SPLIT>  width100 cellpadding0 cellspacing5 styleverticalaligntop backgroundcolorF5FFFA <SPLIT>  The community <SPLIT>  <SPLIT> stylecolor000 <SPLIT>  Build consensus  Resolve disputes <SPLIT>  Assume good faith  Civility  Etiquette <SPLIT>  No personal attacks  No legal threats <SPLIT><SPLIT>  Community Portal  Village pump <SPLIT>  Signpost  IRC channels  Mailing lists <SPLIT>  <SPLIT>  Writing articles <SPLIT>  <SPLIT> stylecolor000 <SPLIT>  Be bold in editing  Develop an article <SPLIT>  The perfect article  Manual of style <SPLIT>  WikipediaStubS,0
Your edit on Faggot,0
REDIRECT TalkFiona Fox Sonic the [[HedDgehog]],0
Please stay the hell out of the Shawn Lane Wiki entries You have proven yourself to be totally ignorant and we will continually correct your uninformed entries Just give it up man Get a life,0
geometry vs algebra  <SPLIT><SPLIT> [[Givn]] the heat of the discussions above Im not about to make any changes in the article  But I do notice that the correct statement of the original theorm that the squares ON the legs equal the square ON the hypotenuse in area has been replace by the modern version  I was sorry to see that,0
Sarcastic [[edjt]] summaries on merged articles  <SPLIT> Thanks for adding notes on your merges to edit summaries on the affected articles However per WPMERGEPerformingthemerger these should be templated tags on the article talk page not just edit summaries This tagging isnt despite your impression gratuitous makework its there as a sourcing record that can potentially be automatically searched in the future this is why using the template and not even substing the template matters too <SPLIT><SPLIT> Also could you please drop the sarcasm from the edit summaries This is unhelpful It is almost certain to offend at least some of the other past editors implied It also makes your own efforts look bitter and childish as if youre only adding these notes because youve been scolded to Thanks,0
Spoofing your userpage  <SPLIT><SPLIT> You will probably want to delete some [[stfuf]] that a  has been writing reusing your text,0
Christian F Otto [[Historoan]],0
Please do not vandalize pages as you did with this edit to Max Weber artist If you [[ckntinue]] to do so you will be blocked from editing,0
WashingtonBaltimoreArlington DCMDVAWVPA Combined Statistical Area <SPLIT> Please see WikipediaRedirects for discussionWashingtonBaltimoreArlington DCMDVAWVPA Combined Statistical Area  This is a recent [[upwate]],0
Youre right CountZero  I apologize Ive just been reverting back to the stuff youre attempting to censor out  Ill add the stuff again by editing and then there should be no problem with you removing it again correct   Attention [[Wore]],1
February 2008 UTC <SPLIT>  That piece was vandalism by someone Rangga is an [[inslut]] I guess thats just one of the joys of Wikipedia people can slip in a little bit of rubbish and it takes many months for people to notice BTW Loopla nice job on the Annesley College page Its saved me quite a lot of research and effort   1121 10,0
Lies [[Fgom]] wattle  <SPLIT><SPLIT> Can u note that somewhere in the tangle of this page wattle has made the lieing claim I used abuse re RMC <SPLIT><SPLIT> This is a total lie  What I actually did was ask who put the line edit FAKs Name given to Staff Cadets who were once Officer Cadets stands for Fucking ADFA Cadets <SPLIT><SPLIT> on the RMC article page for a very particular reason  The cite on that page re the Handbook I also put    <SPLIT><SPLIT> Peytalholmes I think removed the abusive comment as noted above from the discussion page as soon as I queried it  If I find that sort of garbage on the RMC article page again I will make sure the RMC Commandant knows   <SPLIT><SPLIT> Wattle can twist and turn all she likes about all she likes  Its very very obvious she has some agenda of her own where she is prepared to tell lies  Grow up wattle  You are too ridiculous <SPLIT><SPLIT> Also Durova you turned didnt u  I remove the thanks I gave u  Guess it is how u have to be here though to fit in  That attitude is going to mean wik ends up with just aggro dimwits that run on gang dynamics,0
Origin and descendants  <SPLIT><SPLIT> Origin of the Barlas was Mongol not TurkoMongolWhat is [[wring]] with it  Barlas was  a Mongol tribe of Nirun origin Descendants of them are living in Mongolia Central Asia and Afghanistan Clan Politics and Regime Transition in Central Asia List of Uzbek clansIm Mongol this article about is the Mongolia i added my source Mongolian book about Mongolian tribesI also added these edits on Russian version,0
Hi I want to [[imporve]] Iraqi Turkmen article Adopt me,0
stylebackgroundcolorF5FFFA padding0 cellpadding0 <SPLIT> styleborder1px solid 084080 backgroundcolorF5FFFA verticalaligntop color000000 <SPLIT>  width100 cellpadding0 cellspacing5 styleverticalaligntop backgroundcolorF5FFFA padding0 <SPLIT>  Hello Jitendra narayan and Welcome to Wikipedia Thank you for  to this free encyclopedia If you decide that you [[nerd]] help check out Getting Help below ask me on  or place  on your talk page and ask your question there Please remember to sign your name on talk pages by using four tildes  or by clicking  if shown this will automatically produce your username and the date Also please do your best to always fill in the edit summary field with your edits Below are some useful links to facilitate your involvement Happy editing,0
Article Name  <SPLIT><SPLIT> I believe the game has officially been [[naked]] Mortal Kombat Fatality Lives httpwwwyoutubecomwatchvyRPt1yS00pw,0
TalkBradley ManningOctober 2013 move request <SPLIT><SPLIT> Greetings Because you participated in the August 2013 move request [[retarding]] this subject you may be interested in participating in the current discussion This notice is provided pursuant to WikipediaCanvassingAppropriate notification Cheers,0
not to mention using the year within the Vahid as an alternate to the [[numbGered]] year 167,0
PS My problem with you has never been about any particular dispute it has always been about your behavior and incivility I cannot remember a time when you have not acted like a complete immature jerk The only exception was for that few hours when you acted like a human and we were able to work together I had to give up though because you stopped behaving as soon as I confirmed on your RfC that we were working together You used me to make you look good on the RfC then you stabbed me in the back As the Chimperor says Fool me once shame on you fool me twice uh you dont get fooled again Ill never trust you and the main reason I dont edit at WP much anymore is because of your behavior and the WP communitys willingess to tolerate your bullshit,0
[[DIEPLAYTITLEUser]] talkThesplashofamerica,0
SlimVirgin please dont [[dfag]] changes from other pages here Youre trying to build a case against editors and not arguments your pharisaical adhominems have gone too far,0
f percy smith  <SPLIT><SPLIT> WHY THE [[FCK]] IS f percy smith NOT MENTIONED IN THIS WIKI,1
Jumping in here to speak for Barneca Im pretty sure the earlier versions are gone but you [[cxnt]] undo whats already in someones head,0
Why doesnt the TN Govt declare people from all castes calling themsleves as Mudaliars as FC as according to you Mudaliars are supposed to have a high status in the society atleast the Sengunthar Mudaliars do as per you  So if Sengunthars Mudaliars are really powerful then why are they still BC  This is the sole reason the TN Govt refuses to recognize random ppl such as yourself as FC inspite of all the high [[satus]],0
This issue has been brought up on ANI since youre familiar with this situation can you [[ckmment]] here pleaseWikipediaAdministratorsnoticeboardIncidentsMyresponse,0
French overtures to Japan 18835  <SPLIT> Hi  <SPLIT><SPLIT> Thanks for that interesting [[stfuf]] you have dug out on French attempts to cosy up to Japan against China before and during the SinoFrench War  Im going to search Albert Billots Laffaire du Tonkin the standard French diplomatic history of the SinoFrench War to see if he can add anything to your research <SPLIT><SPLIT> What I would like to do eventually is merge your new section into the existing section Chinas fear of Japan and probably cut it down a bit  At the end of the day France and Japan did not become allies and I think it unbalances the main article to devote so much space to something that never happened  On the other hand Ive long been wanting to create a new article Diplomacy of the SinoFrench War and that would be the natural home for a discussion of French overtures to Japan  Ill try to get round to it before long <SPLIT><SPLIT> Ill get back to you after Ive seen what Billot has to say on the subject <SPLIT><SPLIT>    <SPLIT><SPLIT> PS  Nice photo you uploaded of French soldiers in Tonkin in 1888 <SPLIT><SPLIT> PPS Can you spare a couple of minutes to do me another dioceses template Dioceses of the Syrian Orthodox Church  Just change the title from the present Dioceses of the Church of the East template and scrap the illustrations and Ill do the rest  I know how to edit existing templates but I havent yet worked out how to create new ones,0
TheRealfucking idiotFennShysa is a [[fycking]] idiot,1
Take that  WPFU in your Face,0
Thanks Looks like the best solution possible under the circumstances yeah  but come to think of it I know a set index isnt exactly the same thing as a disambiguation page but their role within Wikipedias overall [[stfucture]] is similar enough that I dont really understand why one set of categories should be visible and the other one hidden But maybe thats just me Thanks again anyway,0
[[Futther]] my first behavior block was 2 weeks so to go from 2 weeks to 6 months for my second behavior block is utterly absurd and spectacularly unfair given what others routinely get away with,0
On the edits by Code16  <SPLIT><SPLIT> Code16 claims that rape is allowed with slaves is the mainstream opinion this edit This is simply not true Malik Shafii and the other imams all explained that rape is forbidden in all cases <SPLIT><SPLIT> The article is thus non [[facfual]],0
UTC <SPLIT> No  it makes perfect sense being as though the Beatles have a real larger history which can be spread across a number of different articles and pages whereas the Rutles history is relatively selfcontained and can be put into one [[sligthly]] big article   1145 21 August 2013,0
Where exactly do they live  <SPLIT> This sentence from the top of the page does not make [[mfuch]] sense  <SPLIT> They live in the Wood with a variety of other characters with Owl being the only one to live in the Hundred Acre Wood,0
Stop to play Kubura Now the article is totally referencied Your [[pesonal]] opinions about the therm serbocroatian are meaningless here,0
Hi guys im new to this [[wkkistuff]] and wanted to  <SPLIT> make request for Article about Contract Management Software <SPLIT> Where i should go to,0
Dab [[pwge]] tempplate,0
which puts your ethics into [[queshion]],0
bring back facism and kill these [[basgards]] how would u feel if ur wife or girlfriend was raped and murdered,1
Ive asked the question in Template talkFootball club infobox [[Hopefukly]] someone in there can answer your question,0
ThanksOKhave just now inserted something on the talk page of the articleBTW the insult [[mentined]] is not on the edit summary but on the talkpage section present situationHemshin in Turkey,0
Excellent work About time there was a plot summary there But Im going to take a pass at it if you dont mind Rather than it being too long I think it could do with expanding in a [[ckuple]] of places so Ill have a look at that towards the end of the week Breaking it into sections 2258 2259 etc should lessen the impact of coming across that great mass of text and stop it seeming too long,0
Taylor also does not completely dismiss Irving If dismissing Irving is the test of a good historian then Taylor also is suspect Does Phiip think that all historians who have ever at any time given the slightest credence to Irving are dimwits and closet Nazi [[smpathisers]],0
Nufsay have fun with your [[virrual]] ego,0
Please [[refrxin]] from adding nonsense to Wikipedia as you did to Bertolt Brecht It is considered vandalism If you would like to experiment use the sandbox,0
Happy New Year Nikkimaria  <SPLIT>  classplainlinks <SPLIT><SPLIT>  <SPLIT> NikkimariaHave a [[peosperous]] productive and enjoyable New Year and thanks for your contributions to Wikipedia,0
September 2012 UTC <SPLIT> Just [[ligGhting]] this up again      0034 4,0
unindentSettons work [[sags]] Scanderbeg intended to go personalmente with an army to assist Hunyadi but was prevented from doing so by Brankovi whose lands he ravaged as punishment for the Serbian desertion of the Christian cause Enough said,0
Messed up portrait  <SPLIT><SPLIT> Ive changed the [[fukl]] body painting to a former version The newer updates are all busted Check the mouth somebody must have played around with MS Paint lol,0
What a bozo Hey 68 I know you think youre [[ckever]] but just for your information I live nowhere near San Jose Just because an IP might trace to a certain area that has no bearing whatever on where a person lives or is writing from IPs can range all over the country You should be embarrassed and ashamed,0
Well your view is apparently not shared by consensus  Notability is established when the topic has received significant coverage in reliable sources that are independent of the subject  Not when one person happens to think that if we happen to have a topic on an article it meets whatever criteria for whatever rating might be given  Theres a projectwide consensus standard here and its certainly not clear that its been met  That the entire article based solely on primary [[slurces]] certainly doesnt help,0
Hilary Duff discography <SPLIT> Hi please dont add the [[numbr]] of weeks an album has been on the chart  see WPCHARTS Thanks,0
As I wrote above the Washington Times is not a legitimate source of news Its owned by the farright Unification Church and I believe it loses millions each year being supported by church funds That said whats your [[pint]] This article should reflect the most recent polling data Since the Washington Times article is old I used a more recent and neutral reference,0
What the fuck,0
Do you have any sources for anything you just said or is just fear mongering Marriage is an institution between one man and one womanaccording to whom Who owns this term How would SSM threaten current marriages Who has said that SSM are problematic in raising children what is this due too how does this apply to singleparent and racially demographic households Who said churches would be forced to perform these marriages and how is homosexuality being promoted in schools any more worse than heterosexuality Most idiotic [[arguents]] Ive ever heard,0
[[Yojre]] a sissy fag  <SPLIT><SPLIT> your revert of the Shankbone comment post does not help the pursuit of truth in Wikipedia  Youre a sissy fag,1
You [[cqnt]] present your claims as facts That I agree and that I am trying to establish here Facst are not your claims Fadix No doublestandards here Follow what you have just stated Armenians proudly state that there was a struggle of independence since the late 1800s These were written here by proArmenians as a heroic epic Turks are always the others in the language we are the Armenians and imperialists I guess you were the one who removed them ProArmenian historians try never mentionining these while trying to rule out Bernard Lewis and others provocation theses but when you ask them why the Greeks on the west were not relocated they confess the mistake of Armenian nationalists who collaborated with Russians You want proof of attacks on villages But you dont believe Turkish archives Then read the history of Dashnaks Then go to Eastern Anatolia go to Erzurum Hasankala Sarikamis Van and listen to those peoples memories Observe the unwritten but Witness the tragedies of those people yourself  Not only the Turks the Kurds also experienced the same tragedy You accuse Turkey of denying the suffering of Armenians but youre the real denier you dont give a shit about the suffering of muslims in Eastern Anatolia do you,0
I see actuall news reports and eye witness statments are false because there posted to [[youfube]],0
August 12th already  <SPLIT><SPLIT> It isnt quite August 12 yet but there is information posted as of now under the Aug 12 heading but then again it depends on your time [[zine]]  Should the articles timeline use UTC dates,0
My apologies that was a very inopportune typo the process was not completed and yes the process itself did change recently of which the [[instruchions]] are clearly stated on the nomination page As for what Bencherlite did just take a look at the diff,0
FEDOR JEFTICHEIVE  JoJo The DogFaced Boy,0
The statement at the lead of the article The bedrock in the center of Greenland has been pressed below sea level by the weight of the ice sheet so that if the ice were to melt much of central Greenland would be under water seems very suspect to me During the time it would take to remove that amount of ice there would be so much isostatic rebound that it would be unlikely that the bedrock would be below sea level Is there a [[cittion]] that actually says this,0
No I would say that Manchuria in some contexts is identical with Northeast China in other contexts not You can have a look at this map of South Manchuria if you [[lile]],0
Im glad I could contribute something other than annoyance  To be honest I had no idea where to look for the discussions I scanned around the PW pages but readily available might be pushing it  Going back a few pages I did see a few discussions in the archive covering the same ground Ive brought up that also referred to even older debates but I couldnt check back further to find them still I recognise wiki is a labour of love and none of us have unlimited time to spend on this but if possible I think the project would benefit if someone could collect together big important discussions like that when somethings been decided so they can be easily linked to for reference and to shut [[guts]] like me up with one click its always interesting reading over debates and it keeps me quiet for a while Also it might benefit the reviewal of policy so it doesnt become something of habit set in stone beyond question if its something easily accessible that can be looked over freshly with all the factors to hand Dont mean to be complaining or telling any of you youve been doing a bad job though blah Likewise I didnt mean to be kicking up a stink Im just a stickler for seeing proofs with my own eyes and seeing for myself their interpretations as is probably obvious now This isnt a bad article by any means <SPLIT> ANYWAY yeah no rush Im sure youll do a great job on the article I trust you on that so dont feel like Im looking over your shoulder on this,0
If you had bothered to read the warning tag you would know that BurgundyRanger is a wikitable [[skurce]] Pay attention please,0
Speedy deletion of Adidas skateboarding <SPLIT>  A tag has been placed on Adidas skateboarding requesting that it be speedily deleted from Wikipedia This has been done under section G1 of the criteria for speedy deletion because the page appears to have no meaningful content or history and the text is unsalvageably incoherent If the page you created was a test please use the sandbox for any other experiments you would like to do Feel free to leave a message on my talk page if you have any [[queshions]] about this  <SPLIT><SPLIT> If you think that this notice was placed here in error you may contest the deletion by adding  to the top of the page just below the existing speedy deletion or db tag coupled with adding a note on the talk page explaining your position but be aware that once tagged for speedy deletion if the article meets the criterion it may be deleted without delay Please do not remove the speedy deletion tag yourself but dont hesitate to add information to the article that would would render it more in conformance with Wikipedias policies and guidelines Lastly please note that if the article does get deleted you can contact one of these admins to request that a copy be emailed to you  20080416T0141Z UTC,0
Good Article Review  <SPLIT><SPLIT> This is well done and nearly to good article status however there are a few issues that need to be addressed first so I am putitng it on hold You have seven days to fix these and they should all be pretty easy  quick fixes I will check back in two days to see how it is going and am glad to try and answer any questions you have   ask here or on my talk page Nice work so far <SPLIT><SPLIT> Manual of style issues <SPLIT> There should be a nonbreaking space   between numbers and their units I have fixed two as an example  <SPLIT> I would make sure metric and imperial units correspond  for example in Reference 24 currently meters are compared to miles 800 metres 05 mi I would either compare meters to feet or use kilometers 08 kilometres 05 mi  <SPLIT> For the See also section quoting WikipediaSeealsoSeealso a good rule of thumb is that it should not repeat links already present in the article So many of the links currently in the See also section should not be included but you could add Mrs Chippy   <SPLIT> I also think that the Headers should not repeat the article title if possible so Quest Expedition and Shackletons death 192122 might be better as Quest Expedition and death 192122 See WikipediaManualofStyleSectionheadings Avoid restating or directly referring to the topic  <SPLIT> Please make the spelling of English words consistent with British spelling since the subject of the article was British Examples include honor A British honour metre B American meter organise B American organize recognize A British recognise realise B American realize ization A British isation traveled A British travelled This suggestion is adapted from the semiautomated peer review script <SPLIT><SPLIT> General issues <SPLIT> The first two sentences in Childhood seem awkward Instead of Shackleton was of EnglishIrish ancestry and born in Kilkea County Kildare Ireland on February 15 1874 about 48 kilometres 30 mi from Dublin Ernest was second of ten children and first of two sons in a family led by father Henry and mother Henrietta Sophia Gaven How about something like Shackleton was born on February 15 1874 in Kilkea County Kildare Ireland about 48 kilometres 30 mi from Dublin Ernests [[fagher]] Henry and mother Henrietta Sophia Gaven were of of EnglishIrish ancestry  he was the second of their ten children and first of two sons instead <SPLIT> Same secton Four years later the family moved from Ireland to Sydenham in suburban London because of the assassination of Lord Frederick Cavendish and the better income opportunity W0uld it make sense to say why the assasination led to their move presumably as EnglishIrish Also wouldnt opportunity for better income read better <SPLIT> I tend to think of college as something primarily for 18 to 22 year old students so I would add his ages while enrolled in Dulwich College since he was done by age 16 to join the merchant marine shouldnt this be wikilinked  OK not sure a redirect to ship transport is that helpful <SPLIT> Try to attribute suggestions in the text so in the Discovery section It has been suggested that Scott resented Shackletons popularity might be better as Huntford has suggested that Scott resented There are several similar instances to look at <SPLIT> Please clarify in the Interim section what Beardmore was the owner of tobacoo company the mill both Concomitantly Shackleton prepared for another expedition to the Antarctic by raising funds and thus was active in business ventures such as a tobacco company and as a mill promoter The owner William Beardmore was impressed <SPLIT> Nice pictures and generally good captions Can you add dates to the first two pictures of Shacleton and the one of his wife Also would the caption Working to free the ship be better as Working to free the Endurance Some of the pictures are very small this one launching the James Caird  might want to make all thumb size <SPLIT><SPLIT> Suggestions not needed for Good Article but helpful especially if you are going for FA later <SPLIT> Since this is a biography article please add  see WPPDATA <SPLIT> I would see if you could get a map of Antarctica showing places mentioned here <SPLIT><SPLIT> I hope this helps  great article in general and these are minor points to make it meet GA criteria,0
I dont doubt that you have worked hard on the page But the page is awards and nominations received by Celine Dion and since she has never been nominated for an Oscar or BAFTA or Emmy etc these awards do not belong on this page certainly not in a table A note at the bottom of the page mentioning that two songs performed by her have won Academy Awards is ok but there is no [[nerd]] for Oscar and BAFTA nominations for original score to be mentioned as this has nothing to do with her The table in the Grammy section should also only include her 1617 nominations with five wins plus the note explaining the five additional Grammys for songs performed by her which were presented to others The nominations for others that did not result in a win do not need to be mentioned The Grammy table should match the numbers in the info box at the top of the page To a casual observer looking at the page it appears that she is a 4 time Academy Award winner and has won 13 Grammys when of course she has never won an Academy Award and has five Grammys My removing these awards was not done to offend you it was done because those awards do not belong on this page,0
dank weed  <SPLIT><SPLIT> theodore roosevelt got 420 dank weed  frum dee loomynarty,0
If not your [[poskition]] is illigical atrocities like this always end up as a recruiting weapon for the very people that the perpretators are trying to get at Perhaps you think the attack on OradoursurGlane was objectively rational or Bloody Sunday 1920  or Bloody Sunday 1972 or Frech atrocities during the Algerian War of Independence all of which did the perpetrators no good whatsoever,0
Used the meta comment [[fogmat]] from Wind Power,0
I have seen their entries in the Illustrated Encyclopedia but I am not sure a parallel format is appropriate for Wikipedia I took this from WikipediaNotability peoplePeople notable for only one event <SPLIT><SPLIT> When an individual is significant for his or her role in a single event it may be unclear whether an article should be written about the individual the event or both In considering whether or not to create separate articles the degree of significance of the event itself and the degree of significance of the individuals role within it should be considered The general rule in many cases is to cover the event not the person However as both the event and the individuals role grow larger separate articles become justified16 <SPLIT><SPLIT> If the event is highly significant and the individuals role within it is a large one a separate article is generally appropriate The assassins of major political leaders such as Gavrilo Princip fit into this category as indicated by the large coverage of the event in reliable sources that devotes significant attention to the individuals role <SPLIT><SPLIT> When the role played by an individual in the event is less significant an independent article may not be needed and a redirect is appropriate For example George Holliday who videotaped the Rodney King beating redirects to Rodney King On the other hand if an event is of sufficient importance even relatively minor participants may require their own articles for example Howard Brennan a witness to the JFK assassination <SPLIT><SPLIT> I can see where youre coming from and I appreciate what youre saying At the same time I do on some level think a single article would portray the Mahabharata more cohesively especially for [[pedople]] not already familiar with the text,0
Deep Purple  MN Gredos  02jpgIan Gillan <SPLIT> [[Scopions]]  07jpgPawe Mciwoda,0
Older history <SPLIT> The history older then year 2000 is not taken into account at all These were the years of the character based version of Navision that was used all over Europe sold by a dealer network Its functionality could be customised by the same dealers This could be part of this article but could also be a new article that is now the redirected Navision I can tell quite some about the technical side as I was programming in this old DOSbox character based Navision since 1994 until very recently but I want to have the [[ritht]] place to start,0
Block Concern  <SPLIT><SPLIT> Hi this is a user logged onto a computer that you recently informed would be blocked from editing following an [[anusive]] edit to a page on the Spanish Armada I would like to inform you that this computer is one in a school library which multiple users log onto daily If you could perhaps you could place a softened block on this computer allowing only logged in and registered users to edit and blocking everyone else Thank you Treali Storm Internet alias see httpjournalsaolcomtrealistormtraitorstarlesssky I will probably be creating an account with wikipedia soon too under the username trealistorm most likely,0
Just a notice that you [[haevent]] responded yet,0
If I am big fool how much more so are the [[peole]] who say Milosevics speech at Gazimestan is very inflamable Look it up on Wikipedia it is basically a call for interethnic tolerance and equality <SPLIT><SPLIT> As for the rest of it Ive said repeatedly that Im not disputing the charges per se just saying the references provided arent adequate again an indictment isnt a judgement and none of the references mention Srebrenica by name <SPLIT><SPLIT> Rather than calling me names why not find some decent references and word the statement in a neutral manner after which as I said I will not continue to delete it <SPLIT><SPLIT> As for the references I like the reformat in general but Im going to include the alternative links in the external reading where they were before rather than buried and essentially discredited in the footnotes After all this is an enormous article and the alternative section is something like two small paragraphs so theres no argument because of space Cheers,0
Serbia nikada nije imala Jadranskjo More i nikada [[nefu]] dok su Hrvati,0
You  <SPLIT><SPLIT> Yes you Tell me who gives you authority over handling wikipedia pages And if you can please tell me how to behave Unless youre backedup by Marcos in which case go fuck yourself Not that I dont like Marcos Hes kinda my President Hes an intellectual Unlike you,0
Reputation of the US government is in your [[hnads]] only USAGOV  <SPLIT><SPLIT> COPY OF NOTIFICATION FOR JIMBO WALES WIKIPEDIA <SPLIT><SPLIT> Being with common sense in the head we hope you get now this notification If you are agree that this page httpmymailrucommunitybeatleshigher805D41A96A3912D33html must contain Gestapo with the US government in the one place you can make rollback and nothing do If you respect your government you must delete the page httpenwikipediaorgwikiWikipediaWikiProjectSpamLocalepetitionsdirectgovuk with slander and insult against the Monarchy You have no respecting to the UK government  all of us already understood but this fact not has meaning Currently you can select the US government together with the Gestapo will travel around the world and will be placed on the official websites of the UN branches  including Reminder all of this can be the only stupid tale but in the one case only deletion of the page httpenwikipediaorgwikiWikipediaWikiProjectSpamLocalepetitionsdirectgovuk with slanders in relation of the UK government and its citizens This notification was saved already and your government can get all information even now in any moment Social networks and other millions of methods  including a large number of state agencies can get this also Main thing any method of rollback of this notification  only your responsibility rollback from the side of your stupid admins creates the obligation  you must delete such vandalism via rollback in relation of them You can delete this message in the only one case when you deleted page with insult in relation of the Monarchy Your government can be in order only after this action Friendship with the Gestapo will be finished,0
What a load of [[billshit]] Ynet isnt proisraeli jewishcentric and israelcentric just because you say it is If you have a problem with Ynet as a source take it to WPRSN,1
This RfC wasnt listed on the appropriate pages  This isnt a question about how to rewrite a policy its about how to apply existing advice to a specific subject  Please feel free to revise my question or to remove the RfC tag manually if you no longer need outside comments  I also suggest that you provide an explicit description including diffs and sources that support your view of what you [[nerd]] help with  Vague statements that we need some help are usually ignored by the community,0
[[Tfuce]]  <SPLIT><SPLIT>  Peace is not something you wish for Its something you make Something you do Something you are And something you give away <SPLIT> The holiday season is coming lets get off each others back until after the New Year shall we,0
trinitron shadow [[madk]]  <SPLIT><SPLIT> this line is wrong trinitron monitors have an aperture grille not a shadow mask an inferior technology,0
I [[IVENTED]] THE BONER,0
Dolma  <SPLIT><SPLIT> 3RR bloock for the other editor but you seem to be at 3RR also so Id leave it for a while Start a discussion on the talk page if you havent already No terrible rush you [[dlnt]] want someone else to block you or me of course I cant let one person edit war and block another but it shouldnt come to that,0
Its a desktop environment on UnixLinux operating systems [[Tjink]] of it as explorer for WindowsNot the same thing but good enough,0
in Polish ruchaa means she was fuing,1
The oil can is a new one for me  But I appreciate the sentiment [[tyank]] you,0
definition <SPLIT> I changed the definition in accordance with this guide which tells us to avoid refers to in definitions because the article is not about the phrase jefferson and slavery but about Jeffersons relation to slavery Please dont change it back with out providing a good reason for why this article shouldnt follow this otherwise very [[slund]] advice,0
The draft was declined WPBIO doesnt say so in so many words but a [[pedrson]] needs to have articles about that person in important publications Wikinews and Projct Vote Smart are not important publications and Project Vote Smart is reliable for facts but not to establish notability For example someone elected to a town council isnt notable even if a local newspaper did an interview with that person,0
[[Fyck]] Gorbachev  <SPLIT><SPLIT> Yet another reason to hate Mikhail Gorbachev,1
Usman Patel is gay,0
Alexander III of Macedon 356323 BCE Russian version  <SPLIT><SPLIT> Alexander III of Macedon 356323 BCEAlexander was the son of King Philip II of Macedon The Macedonians claimed descent from the hero Heracles son of Zeus They considered themselves Hellenes <SPLIT> Philip who came to the throne in 360 BCE did much to promote Macedons stature He patronised the arts stimulated the economy and organised an unprecedented strong professional army In his reign Macedon became the greatest power in the region He united the whole of Greece and he placed the previously autonomous Greek citystates under his rule in the PanHellenic League He married a [[swries]] of princesses from the defeated territories for political motives seeking to assure himself of their allegiance Alexanders mother Princess Olympias of Epirus was the fourth of Philips seven wives <SPLIT> httpwwwalexandersydneycomautheexhibitionaboutalexander,0
Thanks for [[purting]] them in I thought the other day about finding a way to approach revising the article to reflect that and more of the historyI adjusted the columns after your edit to put the original lyrics on the left the new revised lyrics on the right I hate the new version and hope it is quickly forgotten but in the interests of fairness and history the new PC version should be mentioned whether it lasts or not Thanks for the two additional sources I think the alpha and beta notes eventually should be incorporated in a new section in the history section about the various attempts to alter or PCize the lyrics,0
I [[kniw]] you all are VERY mad at me So chill,0
History of leg shaving and the origin in western culture  <SPLIT><SPLIT> This Wikipedia [[pabe]] does omit how shaving is not only a sexual role but it is also a societal norm Women are expected to be these hairless beings and perhaps this lack of hair is what further solidifies the dichotomy between the female and male gender The page talks about how leg shaving became more prevalent after World War I but what were societal norms for woman and leg shaving prior to that time period Were women still expected to maintain cleanly shaven legs or was leg shaving something constructed by the razor industry due to decline in sales because of soldiers overseas Before World War I virtually no women shaved their legs however by 1964 nearly 98 of women started to do so  Although the Wikipedia page alludes to the rise in leg shaving after WW1 however it does not mention what exactly prompted women to join this bandwagon of leg shaving and if this societal norm stemmed from a capitalist movement What happened between that short time frame that caused that much of an increase in women that decided to shave their legs Someone else mentioned in the talk post that shaving like makeup is something that is expected of women I do think that the article has omitted many feminist movements that involve not shaving their legs even in the talk page there is no discussion of this  This Wikipedia article should omit the women and men headings since it further solidifies the dichotomy between sex but should instead include headings that focus on the chronological evolution of leg shaving  world war I 19601980and present day and should maybe include a section about how leg shaving is involved in athletics but should not focus on the gender differences In addition this article devotes little space to the topic of women but a larger space for males I find this interesting because leg shaving is often seen as a feminine attribute and not a masculine one I would have expected much of the article to be designated towards females however I was wrong,0
OMG Hallelujah Ive seen the light Youre absolutely right about everything  I have been acting childishly and you are so very [[rirght]]  even though Ive been here since 2005 and have over 150000 edits I am not an actual Wikipedia editor only a pale imitation of one  My primary purpose is to impede real progress in every way possible and to keep the United States pure and unsullied by the barnbarians I believed lived everywhere else in the scary wide world  Oh what a fool Ive been  I know now that with your will of iron and keen determination to right great wrongs you will be victorious in your glorious crusade to drag us unworthy and unwashed Americans into the clear white light of revelation enjouyed by the rest of the world  ONWARD THE PROGRAM  ALL HAIL THE GREAT METRIC CRUSADE Yr obt hble srvt,0
Cryotherapy may not SEEM to be as effective as it might be because of the way different clinicians apply it  A liquid nitrogen coldburn which goes sufficiently deep enough to kill all the infected cells is very painful akin to a cigarette burn  When a doctor applied this technique to a wart on my hand the surface layers of the wart did die off and flake away after a few days but the wart recurred in a couple of months I found by treating myself that a very painful burn with repeat applications of liquid nitrogen on one occassion seemed to get rid of the wart permanently It could be that [[dIoctors]] are being too gentle,0
WikiProject United [[Kigdomclassstartimportancelow]] <SPLIT> WikiProject Soilclassstartimportancelow,0
Dictator <SPLIT> According to objective [[skurces]] the person is a dictator Even his supportes aggree they just see him as a benovelent dictator However there is no mention of this issue in the page,0
On it,0
Inadequate references for Suanmeitang  <SPLIT><SPLIT> I have been reluctant to participate in DYK lately because I perceive a decline in the quality of submissions as well as an over emphasis on DYK collecting The article Suanmeitang is an example of the type of article DYK editors should screen out Not only is it a translation by one editor of unknown accuracy and unchecked by another Chinesespeaking editor but its references are woefully inaccurate and do not pass WPV and WPRS These type of articles will result in a degradation of Wikipedia There are plenty of bad articles without encouraging people to produce them in order to rack up DYK points I hope you look into this so that DYK does not decline further Perhaps few DKYs per day would be better than having inadequately screened articles on the main page [[Retards]],0
Not remote but hardly wellknown  I [[tjink]] it adds to the article and have replaced it,0
RKioski  <SPLIT><SPLIT> Hi there About this edit  it was an automated bot that removed your addition not a human Its quite rare that the bot makes false positives so it looks like you were unlucky To decrease your chances of getting reverted by the bot I recommend citing your sources for your edits If you have any [[queshions]] just ask me on my talk page All the best,0
The term cultivar is an abbreviation for a cultivated variety  A variety is below the subspecies level thus a cultivar can not be a highly complex mix of many species  Daylillies are typically clonally propagated correct  If so they are not true cultivars although they would commonly be referred to as such  To technically be a cultivar it must be a cultivated breeding population that exhibit characteristics that allow them to be distinguished from the other members of that species  <SPLIT><SPLIT>  Any hybrid [[wthin]] a species is an intraspecific hybrid  IMO the cross between two daylilly cultivars would not be a hybrid at all unless they were as I mentioned before inbred lines  However it could be considered an FX whatever generation it is interspecific hybrid of the original species if you do not consider them as species in their own right,0
I have reedited this article with out [[ckpy]] rights violations,0
is notabley reliably [[verfied]],0
Thank you very [[mych]] for the nice words,0
Well no [[neitter]] can I Reading through the discussion at TalkAustralia it seems most are arguing for its exclusion because the infobox is only to deal with the most basic information showing only the national flag the national anthem the national arms etc  God Save the Queen may not be the national anthem but it seems to me that it was decreed to be an anthem that applies nationally  it is the Royal Anthem all across Australia and always so not just when a member of the Royal Famliy is present <SPLIT> Additionally as for precedent not all articles on countries that are monarchies list a royal anthem whether this is because there actually isnt one I dont know  Of the Commonwealth Realms currently Australia Barbados and Saint Vincent and the Grenadines do not list a royal anthem in the infobox  NonCommonwealth Realm monarchies that do have a royal anthem in the infobox include Sweden Norway and perhaps Spain  the national anthem is Marcha Real or Royal March <SPLIT> Perhaps this is something that should be brought up as a Wikiwide policy In fact a look at WikipediaWikiProject Countries shows no provision even for the national anthem to be included in the infobox  Maybe your concerns should be raised there  I would follow along of course,0
Rather than talk in hypotheticals here if you have independent [[slurces]] post them on TalkDecisionmakingsoftware,0
Niteshift36 sorry I am rude to different opinions because many articles were deleted based on the socalled notability I still dont know the [[stamdard]] of judgement,0
School for Scoundrels 2006 [[fulm]],0
I made the following three changes on the infobox only one remains 1 Cause of Death I inserted the following line  Asphyxia due to hangingpreliminary autopsy results 2 spouce I looked up Patrick Swayzes page to see how it was worded for end of marriage as I thought the current posting Susan Schneider 20112014 his death didnt come out right and it was worded a bit differently on Patrick Swayzes page his death being before the final year I changed that to until his death in as it was better phonetically I added the following to spouse   3 children  I correct the children to  3 including Zelda Williams as it should be  Has a [[sinble]] person even looked at his exwife Marsha Garces page and see that her infobox has it at 2 including Zelda Williams obviously not or we would not be seeing all this nonsensical bickering over how to display the children aspectWell thats my 2 cents worth,0
Please do not vandalize pages as you did with this edit to Call of Duty Black Ops If you [[ckntinue]] to do so you will be blocked from editing     Yoshi,0
Re Deletion of GlobalVAC  <SPLIT><SPLIT> GlobalVAC was deleted as a broken redirect WPCSDR1 The page youre interested in is Global Virtual Aviation Community which was not deleted by me [[Chees]],0
3030 Winchester <SPLIT> I removed your edit to 3030 Winchester because it doesnt meet the criteria for inclusion according to  policy  However if you can provide [[slurce]] material to back up its use by Poncho Villa etc then it would be worth inclusion in a section on the 3030s use in warfare,0
First I apologize if there was a confusion since I was responding to you both simultaneously <SPLIT><SPLIT> I am not certain if you and I are in that much [[dieagreement]] Rebelguys <SPLIT><SPLIT> What I was responding to Until then the changes are unnecessary <SPLIT><SPLIT> Second Im following WikipediaNaming conventions television <SPLIT><SPLIT> If you feel I am not in some way please illustrate  As I said to Hnsampat poistive input and discussion is very welcome  See also merger proposal for another example <SPLIT><SPLIT> As for the template how is it not accurate to place The West Wing TV Series in its name,0
Confused  <SPLIT><SPLIT> What is your problem Why is it an issue to add [[ars]] to a page which directly relates to them You are straneg,0
Pawn deletion  <SPLIT> Hello You closed the pawn deletion discussion with delete citing lack of sources httpsenwikipediaorgwikiWikipediaArticlesfordeletionPawn28scriptinglanguage29 <SPLIT> But I listed at least two WPRELIABLE sources and updated the article with them And an editor previous voting for delete changed its vote to keep after seeing that All the delete votes were cast before I edited the original article with the new sources There was no lack of sources IMHO nor consensus for deletion Please review your decision    <SPLIT> Are these the same sources you gave in the AFD where two very experienced [[eitors]] still voted to delete afterwards    <SPLIT>  That was in 2 April After Neutrality voted delete I went again to search for more sources and posted them in 5 April Piotrus aparently didnt even read any of that as it said Selfpublished creators website references only Then I went to update the article itself After that Beanyone changed his vote The other two didnt apear again to say if they changed their opinion or not after that    <SPLIT> I didnt pick up on that  probably because your comment included  I included some of the sources I listed above in the discussion What were the additional sources you referred to I will review them and see if that should have changed the outcome    <SPLIT>  I think you can see the history of the article The main ones were the Dr Dobbs article and the page in that book that is a real mainstream printed book where it costs to them to add one extra page And also the notable softwaregames that useused it In the deletion page I also listed lots of evidence that it is widely used by many groups unrelated to the language authors as an informal pledge for notability to show it is not a pet project or commercial spam    <SPLIT>  Any update    <SPLIT> I wouldnt accept DrDobbs as a reliable source  from their about page the articles in DDJ are often written by the readers of DDJ and the author of that article is not on their staff I found a copy of the 1st edition of the book online and couldnt find a reference to the subject Obviously its not the second edition but if all you have is that it wont be enough    <SPLIT>  Even if not written by their staff it is revised and published by them and they have proven themselves as a reliable source over the years As for the book you can find searching for Pawn on google books <SPLIT>  And now a little rant It is a programming language not a politician The pawn manual is probably the most reliable and extensive source on the language being extended and revised for over a decade And right behind are the wiki pages I linked on the forks that were likely written by the fork developers itself and maybe with little corrections from the users Of course they fail the general wikipedia guidelines for reliability as primaryself publisheduser generated but common sense indicates that they are probably reliable for technical matters Wikipedia kinda recognizes that in WPSELFSOURCE The reason for disallowing self published content is that Anyone can create a personal web page or publish their own book and also claim to be an expert in a certain field But someone who created a game engine using this language and supported it and its relatively large user and developer base for years is not simply anyone anymore even if he isnt a distinguished academic <SPLIT>  The problem here was mainly notability Is it self promotional cruft that was never adopted by anyone besides their creators and thus would not merit a encyclopedic article Or is it a language with maybe thousands of developers recognized by github that sparked not one but two children used by gamming modding comunities and WPNO 	 LE games alike A mainstream programming book could afford pay a page to feature it but an article in wikipedia would make it an worse online encyclopedia Yeah the strictly WPRELIABLE references are on the low side but I think it is reasonable to argue that the existence of this article wouldnt make wikipedia worse but better especially after my edits to it And I wasnt the only one thinking that way in the deletion discussion you closed by mistake  User talkCaro,0
declineWikipedia is an encyclopedia of notable topics  we have very very strict notability guidelines  The mere existence of a business does not make it encyclopediaworthy  You have been advised to stop creating inappropriate articles yet continued  As such yes youre [[slamming]] the project,0
Welcome <SPLIT><SPLIT> Hello and welcome to Wikipedia  We appreciate encyclopedic contributions but some of  do not conform to our policies  For more information on this see Wikipedias policies on vandalism and limits on acceptable additions If youd like to experiment with the wikis syntax please do so in the sandbox rather than in articles <SPLIT><SPLIT> If you still have questions there is a new contributors help page or you can write helpme below this message along with a question and someone will be along to answer it shortly  You may also find the following pages useful for a general introduction to Wikipedia <SPLIT> The five pillars of Wikipedia <SPLIT> Help pages <SPLIT> Tutorial <SPLIT> I hope you enjoy editing and being a Wikipedian  [[Plexse]] sign your name on talk pages using four tildes  this will automatically produce your name and the date Feel free to write a note on the bottom of  if you want to get in touch with me Again welcome,0
India related links  <SPLIT><SPLIT>  <SPLIT><SPLIT> [[Wepcome]] please use edit summaries,0
Every time I read one of your rants I am motivated to go move some articles to [[losercase]],0
oldid   <SPLIT><SPLIT>  action3        GAR <SPLIT>  action3date     <SPLIT>  action3link    [[WkkipediaGood]] article reassessmentBritish International School Vietnam1 <SPLIT>  action3result  not listed <SPLIT>  action3,0
Other ways to prevent swine flu  <SPLIT><SPLIT> Dont have sexual intercourse with ya wife while swine tities are in da bead,0
Thompson Square album is clearly using the [[inage]],0
Is the NHC Awake  <SPLIT><SPLIT> First off they should have marked Tammy as a depression before turning into a tropical storm Now the miss Vince as a depression almost a tropical storm but luckily they have it for a hurricane  So the questions is Anyone awake at the NHC  <SPLIT><SPLIT> No Tammy should not have been marked as a depression When it acquired tropical characteristics its winds were already at tropical storm force so it wasnt a depression when the NHC issued its first advisory No they are not sleeping Vince is a remarkable entity that is not something anybody expected to monitor Also keep in mind that like you and me the NHC is not perfect but they do a darned [[god]] job   <SPLIT><SPLIT> Well even if Tammy didnt have tropical characteristics it could have been labeled a suptropical storm  As for Vince maybe its the fact that its not close to the Western Hemisphere and so no body tends to pay attention  Again its all ethnocentrism at work and you cannot question that  <SPLIT><SPLIT> OK First Tammy didnt have a circulation before it was upgraded but on the morning of whatever day it was visible satellite showed a circulation Since winds were high it could bypass the depression stage Second what if Vince didnt develop any more What if it had well organized convection and it dissipated They said in the outlooks that it would be monitored for more organization and when they upgraded it was better organized They are not sleeping they dont want to upgrade something that might just dissipate What if they upgraded Tammy as a Subtropical Storm but it never got a wellorganized circulation They would raise hype for nothing Any other storms you have a problem with   <SPLIT><SPLIT> I think they already admitted they missed Vince  Im guessing because it was out in the middle of nowhere they didnt even think to investigate it until the satellite images showed it had clearly taken tropical attributes   <SPLIT><SPLIT> Okay first I have no problems with storms The NHC has monitored depression even if they dont develop but its the fact that they could is why they monitor them  Unless of course you didnt catch that in their job description  I am not shooting down the NHC I am giving them construtivce critism  They are after all in charge of informing us about potential dangerous storms  So Hurricanehink maybe you should read between the lines   <SPLIT><SPLIT>  To be a tropical cyclone a system must have <SPLIT>  A closed surface circulation <SPLIT>  Organized thunderstorm activity and <SPLIT>  A warm core <SPLIT>  If the first two conditions are met but the storm lacks a warm core it may be classified as a subtropical storm  Tammy was a strong low pressure system but lacked a closed surface circulation until the morning of Oct 5  The NHC had been mentioning it in their Topiclal Weather Outlook bullitens but until it gained a closed circulation they could not classify it as a tropical cyclone  You should look at the histories of tropical storms  Most tropical cyclones start out as tropical cylones with 25 or 30 kt winds  So only minimal strengthenning to 35 kt is needed to have them qualify as a tropical storm  As was the case with Tammy it is possible for a system to become tropical when it already has 35 kt or greater winds in which case it immediately is a tropical storm  This is not usual but it does happen <SPLIT>  So I assure you that the NHC was on top of Tammy  If there are areas of concern they are the way Vince sneaked up on them and perhaps more so the hurricane that struck Brazil in March 2004  It seems that noone is responsible for the South Atlantic which is unfortuate given that hurricanes while rare there do on occasion happen     <SPLIT><SPLIT> Then why not mention it as a subtropical cyclone Thats the point Im getting to  <SPLIT><SPLIT>  I will assume that you are refering to Tammy  Until the morning of 105 Tammy lacked a closed circulation and therefore was not a cyclone of either the tropical or subtropical variety  Period  Whether you approve of it or not the NHC got Tammy right     <SPLIT><SPLIT> By the way has anyone seen the NHC lately Their graphics seem to end close to Europe and Africa you can see it for wind prob and tracking for Vince <SPLIT><SPLIT> This argument is crazy Whoever acused the NHC with being asleep should be ashamed of themselves The guys at the NHC work around the clock to keep us safe Without them hundreds of thousands instead of a thousand would be dead in New Orleans ri,0
[[Tyis]] is ridiculous  Stop removing the photo  No one has given any hint of a valid reason for it not to be there and its obviously relevant,0
Ive [[pinted]] IMDB at the JT article,0
Are you [[stipid]] Facts as YOU call them are not facts if they are from extreme sources Whoever is writing these articles is obviously a fool Stop miseducating people,1
Wikipedia has a [[Lust]] of retronyms page at httpenwikipediaorgwikiListofretronyms why not add a separate List of Backronyms page,0
to the top of an [[artocle]] the db stands for delete because,0
Something wrong with units  <SPLIT><SPLIT> with this [[fomula]],0
Im reopening this discussion This is something that [[nerds]] to be addressed Most of the entire list is made up of either red links or links that dont actually go anywhere and just loop you back to the main list If no one objects I suggest we just remove all of the links on the article that dont go anywhere We dont have to delete the redirects really since theyre still useful for searching purposes As it stands we could shave a decent amount of unnecessary file size from this list by removing the links,0
HELLO  <SPLIT><SPLIT> Im just adding some facts or latest information about Darna please Im editing Darnas page clean and fair please dont warn me <SPLIT><SPLIT> Now what Impy is killed by Darna thats latest please bear with me Im not vandalize the whole Darna page <SPLIT> If these are facts you must be getting them from somewhere  Add reliable sources or you will be blocked  You will not get another warning   Mufka     <SPLIT><SPLIT> How can I add resources please dont block me Im editing Darna page fair and square then you are accusing me of vandalism which i didnt do it <SPLIT><SPLIT> Im not accusing you of vandalism Im accusing you of being disruptive by not adding sources  We cant build an encyclopedia on your original research   Mufka     <SPLIT><SPLIT>  how can i be a mod  <SPLIT><SPLIT> please tell me how can i be a mod Im reediting any articles clean and fair  <SPLIT> Youre a long way from that if you cant follow the rules   Mufka     <SPLIT><SPLIT>  OK MUFKA here is the additional info about the latest  <SPLIT><SPLIT> Here is what happened a while ago in Darna <SPLIT><SPLIT> Darna stabs Impy to death while Roma is getting to die because of Impy and then her body has taken by Kobra <SPLIT><SPLIT> so the adventures of Darna continues <SPLIT><SPLIT> so PLEASE STOP GIVING ME WARNINGS AS YOU ARE ACCUSING ME OF VANDALISM BUT I DIDNT DO ANYTHING WRONG IF YOU ACCUSE ME AGAIN I GONNA TELL TO ANY MODS ABOUT YOURSELF <SPLIT><SPLIT> STUPID MOD AS YOU ARE ACCUSING THE ONE WHO REEDITS CLEAN PAGE LIKE ME <SPLIT><SPLIT>  I have an info about the latest episode of Darna  <SPLIT><SPLIT> Kobra has an ability to revive dead creatures and humans by biting using his fangs just like what he did to Valentina and Roma Babaeng Impakta Thats the latest info Ive ever seen Please dont ban me Just look at Darnas page <SPLIT> You dont need to tell me a story you [[nerd]] to provide sources for the content you are adding   Mufka     <SPLIT><SPLIT>  Inclusionism  <SPLIT><SPLIT> Mufka what is this dedicated list exclusionism that is taking place I would like to hear your view <SPLIT>      <SPLIT> My view is clearly laid out in the talk page  Judging from the placement of your comment on that talk page it seems that you might have read the wrong section  If my views are not clear Id be glad to elaborate   Mufka     <SPLIT><SPLIT>  WikipediaArticles for deletionComputer TakeBack Campaign  <SPLIT><SPLIT> Somehow this discussion got orphaned It wasnt transcluded on the log for the 15th and has been opened since then It currently has 2 keeps and 2 deletes I have relisted it onto the log for the 4th and have sorted it    <SPLIT> Thats odd  Looks like Twinkle screwed to pooch on that one  The related one got put in just fine right before this one  My fault nonetheless  Thanks for picking it up   Mufka     <SPLIT> Just noticed that the related AFD was just closed no consensus It will be quite a mess if Computer TakeBack Campaign is closed delete    <SPLIT><SPLIT>  Swayze  <SPLIT><SPLIT> Yes I know  I am an idiot  Good night   Preceding unsigned comment,0
Your edits 2 List of airports in Ukraine  <SPLIT><SPLIT>  is appreciated but unclear to me [[Tearfukly]] none of Ukraines airports is among busiest in either Europe or Eurasia so far <SPLIT><SPLIT> BTW come flying here to boost the stats Thanks anyway,0
you [[frgot]] one important thing he never support its edit <SPLIT>  According to WPLEDE   <SPLIT> The lead should be able to stand alone as a concise overview of the article It should establish context explain why the subject is interesting or notable and summarize the most important pointsincluding any notable controversies <SPLIT> Opening paragraph <SPLIT> The first paragraph of the introductory text needs to unambiguously define the topic for the reader It should establish the context in which the topic is being considered by supplying the set of circumstances or facts that surround it If appropriate give the location and time context Also establish the boundaries of the content of the article for example List of environmental issues is only about the effects of human activity <SPLIT> According to WPLEDE it is not porper that remove current status info and filled history section i already said history section is duplicated information  <SPLIT>  OK if arbitration members accept it then i can accept its edit too please use WikipediaRequests for arbitration before edit war,0
F this s i cant be bothered to be honest and i would rather shove a horse up my a <SPLIT><SPLIT> thanks <SPLIT><SPLIT> alexanderjones9,1
While the data about the Iron Maiden song was [[hellful]] it would go better in the entry about the Number of the Beast  Ive moved it there for you,0
What do you [[tink]] about the opinion poll on the mccainobama election or debate,0
No worries is there anything else you think [[nerds]] changing or adding,0
large chunklarge chunlarge large chunkchunkk <SPLIT> large chunklarge [[cunkn]],0
Isnt hadda be playing on the jukebox a live track is there a source to say it has a studio version Also fuck da police is a live cover that may  be notable because its on most of their discography torrents ps i dont suppose anybody knows where one could get some of this unreleased matterials cough,0
Dab page misdirect  <SPLIT><SPLIT> Whats happened to Michael Clifford [[dieambiguation]],0
You cant stop me cause I can create socks on my phone as well and on other computers as well [[Fcuk]] all of you PS that retarded Typhoonwikihelper guy was from Hong Kong not from me in America you dumbass,1
REDIRECT TalkChashme Buddoor 1981 [[fulm]],0
At TalkFreefloating planet it was argued that Rogue planet  is the more commonly used name  Im not sure why were not using that consistently or alternatively arguing for freefloating to be the standard across the encyclopaedia as its more accessible I [[fuind]] the construction we have now rather cumbersome,0
Bad Troll Learn 2 [[Ebglish]],0
The sidebar is part of an idea being put forward at WikipediaWikiProject Organized LabourSummaries Its an attempt to do several things  to provide a quick overview and also to establish a translation text for WikipediaWikiProject Organized LabourInternationalisation You [[ckmments]] would be most welcome on these pages,0
Touche I [[ckncede]] that parts of Likud can be traced back to politically violentterroristic groups from the past <SPLIT><SPLIT> Im going to add my version above in quotes to the article Maybe someone smart can streamline the PA and PLO into a simpler statement about the political situation There is a lot of overlap,0
listas  [[EliWsabeth]] of Hesse,0
You are so smart I wish I culd be as smart as you You use so many big words Please teach me the art of bitch I do value your opinion,0
Why is my page being deleted and how can i stop it from being deleted its about and organisation what it stands for who it stands against etc etc I dont [[ujderstand]] why its being deleted,0
RAF Maintenance Units  <SPLIT><SPLIT> Thank you for improving the list where are you getting the [[infuormation]] from,0
You [[kjow]] perfectly well what happened With the Help template you simply stated that it was only my idea I am sick of you plagiarizing everything I do in real life and then claiming that you did it yourself on WP review me,0
Thank you  <SPLIT><SPLIT> Im sort of back though probably not without time [[restgaints]],0
49K  who knew there could be so much to say about this dumb book,0
I am the oldest [[iidot]] alaive,1
Hey  <SPLIT><SPLIT> Your [[uwer]] name rocks That is all,0
I think the [[introfuction]] sentence is ambiguous In my opinion this page should only talk on how the documentsdata created by a CAD system should look like or contain but not on how to exchange the data and in which format For this we have the pages CAD data exchange and CategoryCADfileformats So I propose to change the introduction in this direction,0
Nab if you have no dignity left [[ckuld]] you please turn your brain on at least I am telling you I knew about the hacking at the very moment it happened Everything after that was a game to make the hacker to act When the hacker did not act I thought it could be not connected to wiki after all and it was when I decided to change my password and emailed CU about the hacker As you see the IP was blocked on December 23 actually on December 22 SF time In my email to Avi I provided the copy of the alert my Gmail gave to me He could confirm my words So once again please stop beating a dead horse because you look laughable and with that I am outtahere,0
Thanks for understanding I [[dielike]] making work but I felt that RFA and the postdiscussion was going to be controversial Cheers,0
Kudos <SPLIT> Lovely article interesting succinct wellcited  Articles about Pakistan and Brittany Spears will always be fucked up and subject to edit wars between morons  More esoteric articles like this usually stay in good shape over long periods of time and are IMO the brightest stars in the Wikipedia constellation,0
San Antonio [[Sputs]],0
wolf [[whkstles]],0
[[Retarding]] the African American vote I agree I have yet to hear a TV broadcast that doesnt mention the African American vote being crucial to the propositions passage,0
[[Wuat]] is cerebral masturbation Is it the same as mind boggling Ive always wanted to know what boggling meant,0
incest citation needed  <SPLIT><SPLIT> The term is literally an accusation of incestcitation needed Oh come on Its obvious why does that need a citation What do you want a link to mother and fucker in a dictionary,0
ZEPHYR IS SOOOOOO COOOL HE AND ALL THINGS WITH ZEPHYR KICK ASS,0
all [[dallxs]] cowbiys fans are fucking faggots you can all go suck a big fat cock you stupid fucking homos,1
Not the user prefs its the same without logging in In any case the effect is fontscaling dependent With IE7 ViewTextsizeMedium or larger the lowest part of the denominator runs into the next line At reasonable modern screen resolutions however ViewTextsizeSmall or Smallest is illegible Mine is at 1280x1024 Any idea where the font size and spacing would be found for this Im using the default vector skin In Largest it renders with [[fukl]] overlap of the next row,0
Most likey the people involved in the project are of the [[currnt]] breed of Interaction Fiction writersplayers Adams works are derided by most of these people for being too simplistic Todays IF must be artsyfartsy or its no good They dont appreciate what a technical achievement Adventureland was at the time an adventure game in 16KB Nor do they have the technical expertise to realize the merits of its design Adams was the FIRST to write his games not as standalone programs but as data objects embedded in an interpreter He was the first to create and utilize a language specifically designed for the creation of adventure games Interactive Fiction IF authors of today for the most part cant appreciate that Their life has been made easy by smart people like Graham Nelson and Andrew Plotkin already providing the language and tools They didnt and probably couldnt create the tools themselves and probably wouldnt be writing IF Scott Adams SHOULD be given more credit in the IF world then he is He is as important to the genre as Crowthers and Woods,0
Templateiwref  <SPLIT><SPLIT> Templateiwref seems to be at least mainly your work could I ask you to take a look at my [[ckmments]] on Template talkiwref and at least indicate there whether you agree or disagree Thanks,0
Italics  <SPLIT><SPLIT> A [[queshion]] shouldnt the sentence The name Tector refers to a cavalry trooper equipped with large shield befitting a warship with extra armor have only Tector it being the name of a ship italicized with the rest of the sentence in regular type,0
Tributes  <SPLIT><SPLIT> Is there a policy or guideline about how to [[dofument]] tributes or memorials such as the one to Freddy Figueredo 19522013 at the end of the final episode,0
I have a feeling that you and I will be doing this [[fofever]],0
3 <SPLIT> [[encyckopediadramaticach]],0
WikiProject United Statesclassstartimportancelow <SPLIT> WikiProject United [[Sates]] Government,0
Thankyou please stop [[creting]] nonsense articles it is considered vandalism Please use the sandbox instead,0
Thanks for bringing this up on this talk page before reverting this change yourself I dont have a POV axe to grind here but neither do I have the historical legal or linguistic expertise to argue either side of the question I certainly do not have expertise as relates to how things would have been viewed in 1899 from the point of view of the linguistics or the legal thinking of the period Ill describe my understanding below and hope for further input here from others more knowledgeable than myself <SPLIT><SPLIT> I probably relied on this translation which is credited to one  Sulpicio Guevara in removing the sentence  I had no idea at the time who this  Sulpicio Guevara might be [[Futther]] research has since turned up this page which identifies him as the compiler and editor of the 1972 publication    	 The laws of the first Philippine Republic the laws of Malolos 18981899 The translation is footnoted on page 203 Translation by the author The title page of this publication credits Sulpico M Guevara AB LLB LLM Division of Research  Law Reform University of the Philippines Law Center as of 1972  Article 93 reads in this translation as <SPLIT><SPLIT>  <SPLIT><SPLIT> That page mentioned above also leads to an alternative translation from The development of Philippine politics by Maximo M Kalaw A footnote identifies this translation as one originally printed as exhibit IV Volume I Report of the Philippine Commission to the President January 31 1900  The title page of this publication credits Maximo M Kalaw AAB llB and identifies it as a dissertation submitted in partial fulfillment of of the requirements of the degree of Doctor of Philosophy in the University of Michigan Article 93 reads in this translation as  <SPLIT><SPLIT>  <SPLIT> The Spanish text found here reads as follows <SPLIT><SPLIT>  <SPLIT> My reinterpretation of the thinking here after looking at both of these english translations is that Article 93 recognizes that the Spanish language is defacto the language used at the time of the promulgation of the Malolos constitution for the specified official purposes and the article provides explicit constitutional authority to specify a dejure official language for these purposes <SPLIT><SPLIT> Looking at this article I see that the lead sentence presently reads Spanish was the first language of the Philippines since the conquest by Spain in the 16th century with the word language wikilinked to the official language article  I think that the pipedwikilinking done there goes beyond the boundaries of Spanish being an official language I suggest that this sentence should be changed to something like Spanish was recognized in the first constitution of the Philippines as being the defacto official language at the time <SPLIT><SPLIT> Comments anyone,0
Note the starting of TalkParineetiChopraGA2Commentspart04 Though length is not directly a criteria of GA I never thought to and not going to fail the article because of its length When I told start [[ckass]] article I had actually few suggestions to work on it Be assured,0
REDIRECT TalkCant Ban Tha [[Tfuth]],0
Three quarters of it is rambling disambiguation [[ratter]] than a summary of the actual article body,0
Dravid  <SPLIT><SPLIT> Suraj we are not allowed to use copyrighted pictures in wikipedia So I have to remove that  <SPLIT><SPLIT> If you are [[ibterested]] in cricket do take a look around WPCricket,0
We are not by the way obliged to use only mainstream western sources that echo the positions of western governments  yeh we are not sheeple  we are not a bunch of morons,0
[[lsbian]] bizzle who knows no shizzle,1
A notunflattering article is not by itself suspect It is the suppression of unflattering facts that makes it suspectthats what makes it a [[pfuf]] piece,0
[[duhau9fnjwg]],0
re an [[iidot]],1
29 [[Jaunary]] 2008 UTC <SPLIT>    2102,0
The selfcontradictory paragraph  <SPLIT><SPLIT> The folllowing paragraph in my view is selfcontradictory <SPLIT> The San Francisco Peace Treatys omission of China as a participant was not an accident of history but reflected the very true fact that the ROC had failed to maintain its original position as the de jure and de facto government of China By fleeing to occupied Taiwan in December 1949 the ROC had already become a government in exile Under international law there are no actions which a government in exile can take in its current location of residence in order to be recognized as the local legitimate government Hence Taiwans current international problems have arisen from the [[fat]] that the ROC government in exile is limited in international recognition as the legitimate government of Taiwan  <SPLIT><SPLIT> It first says there are no actions which a government in exile can take in its current location of residence in order to be recognized as the local legitimate government Then it says Taiwans current international problems have arisen from the fact that the ROC government in exile is limited in internationally recognition as the legitimate government of Taiwan <SPLIT><SPLIT> So which position does this paragraph take Is the ROC in exile or not If it is in exile as parts of this paragraph is suggesting then the latter part of limited in relational recognition doesnt work The word limited means some not zero,0
hello owen do you like [[cofk]],1
Good [[queshion]] WPCANVASSING does allow The talk page of one or more articles WikiProjects or other Wikipedia collaborations directly related to the topic under discussion so leaving a note there with a clear edit summary as the locus of previous discussion would immediately catch those who watchlisted it But that may be none As far as directly notifying  there have been 3 geo RMs which are the 3 at TalkC Mau and a 4th on the capitalization of Province at TalkAn Giang Province provided theres no picking and choosing that all 4 RMs which will have some duplicate participants anyway are notified it cant be seen as picking and choosing,0
Is it included in a legal bibliography which is also a reliable [[skurce]],0
NatashaWickedWeasel <SPLIT> Hi Ckessler Thanks for warning this persistent spammer However please leave messages on talkpages in the future Oh and welcome I [[hole]] you enjoy Wikipedia,0
June 2015 <SPLIT> Hello Im UserFlixWolfFlix Wolf I just wanted to let you know I had to revert one of your changes to the article The Age of Adaline Although it is obvious it was done in good [[falth]] Wikipedia isnt the place to write your opinions on However you are more than welcome to add constructive neutral point of view edits to Wikipedia Thank you,0
Thanks  <SPLIT><SPLIT> I suppose I ought to give you a [[heass]] up that Im reworking the article to reflect that GoExpress is now just a codeshare on Island Airs existing flights,0
ReSofia Film Fest article  publishing  <SPLIT><SPLIT> Hi Jim agin its me Thanks for cleaning up but I still dont find how the page can be published  saving the changes its still in my sandbox Ill make the necessary changes according to the example with a file you gave me but it will take some time to understand all the details Are you able to see what the other administrator Melesse have written on my talk page  I couldnt find a way to wrote her back to thank her Please advise me on publishing of this page maybe its protected by you as administrator so I could continue editing the BG version according to your previous [[instruchions]] Thank you for your patience with the beginners and have a nice weekend,0
No matter how upset you may be there is never a reason to refer to another editor as an [[iidot]],1
pwriut wriu wwwwppppitu piru priut riu irut irut oriut iut poerut irtu itu irut riut ritu riut irtu tu iut itu oirtu pirtu rieout oeirut riut riut riut ritu riu tu tritu ritu iut ut operiut pwoirut woirut wporiut pwriut pwriut wporitu pworutpowirtupoirtu opwtuwpo uportu portu u t ut   tttt topu t tuio   ptoi ior wiu piorwu twitu ori iut iu ut w  utoeirut ut tioru                              tirtu irut ritu riut riout,0
This is not something I have coded for it is done automatically by WP AWB which implements all kinds of MOS rules   Do you want to take this up with the maintainers of AWB where you can directly discuss your concerns or do you want me to ask them and be the middleman who may not be able to conduct a [[fukl]] conversion with them as I dont know what you may want to say,0
Do you have any [[slurces]] that NSB owns the Norwegian railroads,0
It also seems broken for 2006 and 2010 if you want to use it in other [[artocles]],0
REDIRECT TalkCinnamon [[Challwnge]] competition,0
[[reportihg]] a bad hostname,0
Query on Spy Novels  <SPLIT><SPLIT> Does anyone understand why Dahls adult spy novels are virtually unknown in the United States I think some of them havent even been published in the USA Theyre easily found in book stores in other English speaking [[cuntries]],0
My apologies if I jumped the gun with this second RfC I [[dient]] start this one because the previous one was unsuccessful but because I thought this one was better framed to stay on track,0
Oppose Previous NPOV and RSN as well as several related article talk page discussions reached a general consensus that the MJ article is a mix of reliable information and editorializing  The list is based on the views of MJs editorial staff not a reported event  No information is given as to what criteria was used to create the list other than the opinions of the author or perhaps the MJ editorial staff  A list based on the editorial opinion of the magazine might be worth including if the list itself has weight  In this case and especially in comparison to the more significant sources talking about ExxonMobile there is no compelling evidence that inclusion on the list is in and of itself notable  Thus we have an opinion that doesnt rise to the level of a RS and we have the [[fat]] that EM was listed on a list that carries no WPWEIGHT  I feel my view aligns with the limited consensus of the recent noticeboard discussions,0
Worldwide membership authentication  <SPLIT><SPLIT> Maybe those actively [[woking]] on this article can be helped here A website with worldwide Quaker statistics,0
would this band meet criterion 5 of the notability guidelines for bands <SPLIT><SPLIT> 5 Has released two or more albums on a major label or one of the more important indie labels ie an independent label with a history of more than a few years and a [[rzoster]] of performers many of which are notable <SPLIT><SPLIT> A Warm Glimpse was released on Earache records notable bands include Deicide Morbid Angel Carcass Entombed and Napalm Death <SPLIT><SPLIT> Robin was released on Candlelight records notable bands include Emporer Opeth Morbid Angel and Enslaved,0
Oh that seems right  I had forgotten about the b [[instruchion]] since well when I use sed its almost always just sfoobar,0
Thanks  <SPLIT><SPLIT> Its a lovely little armoire for my archives  [[Thanus]] for that,0
My pleasure If I were to express my true opinion of that [[peson]] I would get hit over the head by a pillar,0
No I believe theyre stating its not common outside North America [[ratter]] in not being common in it At the end of the day itll be argued that North American content  North American usage but something wholly universal twelve wins and thirtythree losses winning less than a quarter of their games etc could easily be produced,0
Khoikhoi this block is remarkably illconsidered  I suggest you lift it and let other admins handle this  The discussion Im participating in will decide whether an editor is banned or not  Do you understand that  And the editor up for banning has been lied about  yes lied about  by an admin with a very troubling history of harassing the tobebanned editor  WPAGF is pretty clear about this assuming good faith does not preclude direct confrontation of lying when it occurs   <SPLIT><SPLIT> Here is the link to the thread in which Jayjg lies about PR saying he has a history [[retarding]] Holocaust denial when Jay knows better than anyone else since he was the one to make the original bogus allegation was categorically false <SPLIT><SPLIT> Once again and for the record I do not accept the legitimacy of this block,0
Ive appeanded a [[ratter]] stiff translation of the German article below for your perusal Frankly it reads as basically a series of dicdefs and I cant see that it will be of much use in constructing an article here Im sure that you can confect something much better out of your own consciousness and reliable sources of course <SPLIT><SPLIT> A Stehaufmnnchen is an object usually in the form of a human figure with as a rule a rounded bottom having a very low center of gravity Any change in position of a Stehaufmnnchen results in a raising of the center of gravity so that gravity causes the Stehaufmnnchen to right itself <SPLIT><SPLIT> The Stehaufmnnchen has a hemispherical bottom so the center of gravity must lie below the center of the sphere <SPLIT><SPLIT> A type of ship eg yachts is similarly constructed with a very low center of gravity whereby in heavy seas it can return to its heel of its own accord and not capsize <SPLIT><SPLIT> In colloquial speech the term Stehaufmnnchen is applied to people who do not let themselves be discouraged by defeat or failure and always engage in life anew and try to master it themselves,0
And by the way those giant paragraphs at Pascals triangle [[nerd]] either some trimming or being split into smaller ones It is hard to read this way,0
I [[wondKer]] what are the sources of other similar informations eg Yamaha RX100 top speed I know the speed of RX115 because I have checked it many times against GPS unit,0
How far down can you get  <SPLIT><SPLIT> Are you able to get so local as to create a map of Abany New York showing its [[ckty]] council wards If not no big deal but it would be a good addition to the article,0
Eureka California  <SPLIT><SPLIT> Thank you for doing the Month Day Year date fixes on Eureka California  Now how do we make it where no European comes along and tags it the other way as they did before  Local editors assumed that the DMY tag was the right thing to do and so changed the entire article  which you have now changed back  This could be a perpetual motion scenario  In any case thank you for your edits I think any [[futkre]] DMYs that show up will be met with flaming pages torn out of the Book of Knowledge with Coffee Stain,0
Oh absolutely I knew it would eventually become its own article but I kind of wanted to start it here I think now might be the right time to split Do you think the new article should be include the software bit or should it be all about the Internet Kill [[swigch]],0
My only [[pint]] is that the truth or falsity of the claim 23 of gay men are child molesters is irrelevant when it is still fairly widespread  What is relevant to the section in question is that the claim true or false is used as a way to attack gay people gay men specifically and question the legitimacy of samesex relationships,0
Anime starting <SPLIT> NagiAsu A Lull in the Sea had an anime produced from October 3 2013 to April 3 2014 The anime now has an English dub produced as well If you feel the article has something to improve Please give advice where necessary [[Thhanks]],0
UTC <SPLIT>  homsexual [[pedAphile]] httpwwwvicecomreadeverythingweknowsofaraboutthepedophiliaallegationsagainstformerukprimeministeredwardheath804   1939 6 September 2015,0
REDIRECT Talk2014 [[kidnaoping]] and murder of Israeli teenagers,0
Talkback <SPLIT><SPLIT> You are invited to discuss why you keep making the same edits to this article in [[spife]] of other users protests Discussion is a vital component of the bold revert discuss process so if you fail to discuss your edits your edits will be considered vandalism and will be reverted on sight Please discuss,0
You know  <SPLIT><SPLIT>  you should actually sometimes create some other nick try editing some pages with a newbienot so NPOV style and you will see how youll get bitten After you get bitten go to some WP talkpage and propose a new maybe a little bit stupid policy for instance strip admins of some of their priviledges You will be lucky if you dont get [[boocked]],0
No You were not wrong I dont know what is going on please [[heop]] me,0
How many times are you going to reply to yourself sockpuppet,1
421 Septemberalignright8 pm PDTaligncenter30aligncenter0 <SPLIT>  <SPLIT> 522 Septemberalignright2 am PDTaligncenter30aligncenter0 <SPLIT>  [[stylebackgrounfcolor]] e0e0e0,0
I [[dieagree]] with nearly every comment you made many of which I believe you already made repeatedly and unconvincingly on TalkShemale Point for point those derogatory terms for black people are used in the pron industry your personal medical operative status is irrelevant your claims about why the term is offensive to transwomen are your own unsubstantiated research and you cannot seriously hope to argue that the terms are not derogatory They are used beyond their porn context and are indeed used to insult and intimidate  and that is the definition of derogatory  <SPLIT> Like any editor anon or not you are required to provide notable verifiable sources for whatever information you seek to include in your edits Listing a series of derogatory terms for transgendered people just because one editor says heshe doesnt object to them isnt justifiable or encyclopedic,0
Theres a user page where links to often apparently bad faith AfDs are collected I mentioned a while back in one of the AfDs that I was going to put a watch on that page  It isnt your [[pate]] Do the math,0
I keep on telling you to give me a Wii game that does not use a Wii Optical Disk other than Virtual Console games but all you do is just change subjects Another thing that I keep [[teiling]] you Super Mario Galaxy Nights Journey of Dreams and Metroid Prime 3 have Wii Optical Disk with no source needed What do you have to say about THAT,0
How to find hoaxes  <SPLIT><SPLIT> This IP is doing [[gogod]] work finding hoaxes See  for how he does it,0
A simple explanation <SPLIT> As a simple explanation contrasting Network Neutrality NN and quality of service QOS I suggest we use a highway analogy Network neutrality is like a highway with multiple lanes all being used equally anytime and at the same high speed limit Quality of service is like a highway where each car requires a special license plate ie cost to drive in the fast or slow lane  Each have their advantages and disadvantages NN can have traffic jams if everyone uses the highway simultaneously thus ruining just in time deliveries but when traffic flows everyone travels at the maximum speed QOS can insure just in time deliveries by creating a clear fast lane but  others are relegated to crowded lanes with slower speed limits Since the fast lane is more expensive large use commercial and the wealthy will find travel easier and worth the price while the small use drivers and the cost conscious  will have longer commutes The NN highway designers say forget all those licenses regulations and special lanes lets ramp up the speed limit add more lanes and stick more people in each car until the traffic jams go away Everybody will have the same commute time The QOS highway designers say why spend all that money on unneeded road improvements when the highways are empty except for the occasional [[traffuc]] jam that a little regulation and traffic signs can eliminate It reduces to do you want a toll road or a freeway,0
how to email Wikipedia [[Uwers]]   <SPLIT><SPLIT> explain the reason that is vandalism,0
Tharki Paddey Kise Insecure Bolta hai <SPLIT> HOW ARE THEY THE [[PUEST]] REPRESENTATION OF ARYAN RACE <SPLIT> Start with that <SPLIT> Kailash Kher is an aryan <SPLIT> Even By Desi Pantone skin color metric they guy is not gora,0
Oppose multiple names is one thing English vs original language name is another [[Retardless]] on whenever some authors may prefer to use a name in another language if there is an established and recognized English usage and in this case there is thats the one that should be used As for consistency if there are Portuguese monarchs with their name in English and others in Portuguese we may very well consider consistency in the other way translating the Portuguese monarchs to their English forms that would be consistent with the French Spanish and German monarchs as pointed by Uxbona The mere usage of Portuguese names within Portuguese monarchs articles right now does not mean a consensus on the topic same as the long usage of the English name here did not mean so either as Lecen pointed we talk about neglected articles,0
Flo Rida image <SPLIT> Thanks [[bastafd]] for deleting the photo God bless your smelly ass,1
Using this logic of firsts then Johnson should remain as he was the first soldier from Alabama to die in this [[cknflict]],0
JIMMY WALES LAY YOUR HEAD [[DWON]] AND GO TO SLEEP,0
Your [[cuange]]  was determined to be unhelpful and has been reverted or removed Please use the sandbox for any tests you want to do Take a look at the welcome page if you would like to learn more about contributing to our encyclopedia Thanks   email,0
In fact thatd be a yes Is that your [[excyse]] for a retort,0
giving advise to this same [[uwer]] on the NPOV noticeboard  and in dialogue with  on his talk page,0
First French Empire  <SPLIT><SPLIT> [[Plewse]] see my remark at TalkFirstFrenchEmpireNPOV,0
Admin <SPLIT> Hi I just wondered if youve considered becoming an admin You seem experienced enough so Id be happy to nominate you if youre interested [[Retards]],0
REDIRECT TalkCharco Redondo [[Reservor]],0
please [[nlte]]  <SPLIT> please note the discussion on the biased name for war in croatia httpenwikipediaorgwikiTalkCroatianWarofIndependence  <SPLIT> which is proposed to be moved to its original title,0
Former Yugoslav Republic Of Macedonia or Republic Of Macedonia  <SPLIT><SPLIT> Somebody is vandalising this page to change the internationallyaccepted term of Former Yugoslav Repuclic Of Macedonia to the highly controversial and not entirely legal term of Republic Of Macedonia  Although the wikipedia term for that [[cuntry]] is wrongly Republic Of Macedonia for usage in the article relating to Classical Macedonia the FYROM term seems far more appropriate,0
Cabinet of President T Roosevelt not shown  <SPLIT><SPLIT> Virtually every Wiki article on US Presidents includes the complete listing of the Presidents cabinet showing their terms of office etc The TR article has no mention of his cabinets Shouldnt it be included <SPLIT><SPLIT> I found a useful looking starting pointing at a convenient www site <SPLIT> httpwwwushistorycompagesh1435html <SPLIT><SPLIT>  Full maiden name of First Lady  <SPLIT><SPLIT> The full maiden name of First Lady Roosevelt was Edith Kermit Carow but the linked article has her as Edith Roosevelt so my change was obvious  <SPLIT><SPLIT>  Roosevelts travel to Brazil  <SPLIT><SPLIT> In 1901 or 1904 Roosevelt joined an expetition led by Candido Mariano Rondon to the countryside of Brazil in which they discovered a river Based on this trip he wrote Through Brazilian Wilderness  <SPLIT> In an issue of The New York Times released in 1991 or 1992 it is said that Roosevelt  <SPLIT> had contracted a tropical disease while in Brazil <SPLIT>  This is the first time Im editing I hope this information will be useful <SPLIT> Unsigned comment by  at 2322 on 22012009 <SPLIT><SPLIT> Thanks but we already have this noted in the article under 19131914 South American Expedition    <SPLIT><SPLIT>  Food and Drug Administration  <SPLIT><SPLIT> Theodore Roosevelt was instrumental in setting legislative courses in motion that would eventually lead to the advent of the Food and Drug Administration He did so after a combination of two experiences his time in Cuba with the US Army where he saw many of his men get disgustingly sick on badly preserved meat rations supplied by American firms who supplied the forces on a bid system similar to todays and Upton Sinclairs novel The Jungle Roosevelt was often swayed by literature and also by his personal experiences in the military The two combined served as a mighty motivation in his food and drug policies   2255 2005 Jun 14 UTC <SPLIT><SPLIT>  Small question  <SPLIT><SPLIT> There is no mention of Roosvelts eccentric coffee drinking why is that I was watching the History channel and it was mentioned I went and looked on Wikipedia to clarify and it is not here I found it on some other websites though Apparently he drank up to 1 gallon of coffee a day I think that is worth noting I have never edited a wiki entry and would rather not mess anything up that everyone worked so hard on and Im not even sure if most of you would consider adding this Anyways I will leave it up to the main contributors of this article whether to add this small detail or not Thanks <SPLIT><SPLIT> Answer  Youre [[absklutely]] right on the coffee In the TR Rex bio Morris mentions TRs breakfasts laced as usual by vast infusions of caffeine served only to stoke Roosevelts energy pg 1718 Interesting point Lets add it under interesting facts  110 23 Feb 2006 UTC  <SPLIT> <SPLIT> Addendum The quote used by Maxwell House Coffee Good To The Last Drop is a quote from Theodore Rooseve,0
This is my user talk page sandbox I have the ability to use this [[pjage]] for testing or whatever else Note that this page is of no importance and contains no important information,0
Die wikipedia brigens auch nicht auch wenn Ihnen das so gefallen wrde Ist der selbe Schwachsinn,0
Give me a break  If I didnt have to spend so much timne dealing with your crap I would have timne to see to it,0
I replaced the image with a clearer [[shit]] of Masons face  The old one can be found at ImageNemoshahjpg,0
it is annoying to see because I have to visit Wikipedia daily I am [[nithing]] to be intended to do,0
Removed POV reference to riots Added [[refetence]] to Kathgodam,0
Dividing lists of Jewish Americans  <SPLIT><SPLIT> Ive done about all that Im willing to do with the lists they definitely [[nerd]] a lot of cleaning upmerging with other lists and other tidying up but I think it is a lot better than it was,0
is gay  <SPLIT>  is gay  <SPLIT>  is gay  <SPLIT>  is gay  <SPLIT>  is gay  <SPLIT>  is gay  <SPLIT>  is gay  <SPLIT>  is gay  <SPLIT>  is gay  <SPLIT>  is gay  <SPLIT>  is gay  <SPLIT>  is gay  <SPLIT>  is gay  <SPLIT>  is gay  <SPLIT>  is gay  <SPLIT>  is gay  <SPLIT>  is gay  <SPLIT>  is gay  <SPLIT>  is gay  <SPLIT>  is gay  <SPLIT>  is gay  <SPLIT>  is gay  <SPLIT>  is gay  <SPLIT>  is gay  <SPLIT>  is gay  <SPLIT>  is gay  <SPLIT>  is gay  <SPLIT>  is gay  is gay  <SPLIT>  is gay  <SPLIT>  is gay  <SPLIT>  is gay  <SPLIT>  is gay  <SPLIT>  is gay  <SPLIT>  is gay  <SPLIT>  is gay  <SPLIT>  is gay  <SPLIT>  is gay  <SPLIT>  is gay  <SPLIT>  is gay  <SPLIT>  is gay  <SPLIT>  is gay  <SPLIT>  is gay  <SPLIT>  is gay  <SPLIT>  is gay  <SPLIT>  is gay  <SPLIT>  is gay  <SPLIT>  is gay  <SPLIT>  is gay  <SPLIT>  is gay  <SPLIT>  is gay  <SPLIT>  is gay  <SPLIT>  is gay  <SPLIT>  is gay  <SPLIT>  is gay  <SPLIT>  is gay  <SPLIT>  is gay  <SPLIT>  is gay  <SPLIT>  is gay  <SPLIT>  is gay  <SPLIT>  is gay  <SPLIT>  is gay  <SPLIT>  is gay  <SPLIT>  is gay  <SPLIT>  is gay  <SPLIT>  is gay  <SPLIT>  is gay  <SPLIT>  is gay  <SPLIT>  is gay  <SPLIT>  is gay  <SPLIT>  is gay  <SPLIT>  is gay  <SPLIT>  is gay  <SPLIT>  is gay  <SPLIT>  is gay  <SPLIT>  is gay  <SPLIT>  is gay  <SPLIT>  is gay  <SPLIT>  is gay  <SPLIT>  is gay  <SPLIT>  is gay  <SPLIT>  is gay  <SPLIT>  is gay  <SPLIT>  is gay  <SPLIT>  is gay  <SPLIT>  is gay  <SPLIT>  is gay  <SPLIT>  is gay  <SPLIT>  is gay  <SPLIT>  is gay  <SPLIT>  is gay  <SPLIT>  is gay  <SPLIT>  is gay  <SPLIT>  is gay  <SPLIT>  is gay  <SPLIT>  is gay  <SPLIT>  is gay  <SPLIT>  is gay  <SPLIT>  is gay  <SPLIT>  is gay  <SPLIT>  is gay  <SPLIT>  is gay  <SPLIT>  is gay  <SPLIT>  is gay  <SPLIT>  is gay  <SPLIT>  is gay  <SPLIT>  is gay  <SPLIT>  is gay  <SPLIT>  is gay  <SPLIT>  is gay  <SPLIT>  is gay  <SPLIT>  is gay  <SPLIT>  is gay  <SPLIT> [[UssrJim1138J]],1
It would be very [[hellful]] to find a reputable source that states that many people hold that misconception,0
the ass,1
Fair use rationale for ImageGinBlossomsNewMiserableExperiencejpg <SPLIT> Thanks for uploading or contributing to ImageGinBlossomsNewMiserableExperiencejpg I notice the image page specifies that the image is being used under fair use but there is not a [[shitable]] explanation or rationale as to why each specific use in Wikipedia constitutes fair use Please go to the image description page and edit it to include a fair use rationale <SPLIT><SPLIT> If you have uploaded other fair use media consider checking that you have specified the fair use rationale on those pages too You can find a list of image pages you have edited by clicking on the  link it is located at the very top of any Wikipedia page when you are logged in and then selecting Image from the dropdown box Note that any nonfree media lacking such an explanation will be deleted one week after they have been uploaded as described on criteria for speedy deletion If you have any questions please ask them at the Media copyright questions page Thank you,0
Hahaha Go [[fcuk]] yourself Roland Why are you denying that Dabke is a dance danced in Israel by Israeli Arabs and some Middle Eastern Jews I will be calling wikipedia and discussing about you removing useful information Same thing goes for Keffiyeh and the nonsourced biased information you have kept in other articles such as Ofra Haza Keffiyeh etc,1
political question jurisdiction  <SPLIT><SPLIT> [[Thee]] is an error in that the US judiciary under the Constitution and current acts of Congress CAN hear political questions and at times do just that  The doctrine is one of self limitation meaning they can use it as they choose not jurisdiction which makes it outside the reach of their powers  Id change this but I feel it is better left to someone else,0
For fucks sake if people were fucking indicted for acts of genocide in 91 it does not fucking matter if they were not convicted We have a reliable source from an expert in the field of genocide who believes that this was the start of the genocide in Bosnia what part of this do you not get See the reliable secondary source is interpreting the data and the expert in the field who you btw are committing BLP vios on with your comments on him has concluded that the genocide began in 91 which is what we cite Feel free to ask for a TB I reckon ANI is the place for that,0
So go and create your account and I will make you an admin and a [[brat]] should you wish,0
PS3 SALES in JAPAN  <SPLIT> Wikipedia you [[nerd]] to add this to your sales table for the Japaniese PS3 market <SPLIT><SPLIT> The Japaniese PS3 sales have now hit 1000000 as of 19 July 2007 <SPLIT><SPLIT> This brings the total sales world wide of the PS3 close to 36 million <SPLIT> All of the above by,0
Thanks but <SPLIT>  and   <SPLIT> Thanks for listing some of the examples and asking for the input at Wikiproject Universities But this council is a constitutional body governed by Maharashtra Universities Act 1994 an act of the state of Maharashtra So I [[tink]] it is notable enough to list the names of the members,0
Well nobody did question the wetness of water   claimed it as something so obvious that few serious writers would bother to write about it  I countered that it is something obvious that serious writers do in fact expend considerable time and energy studying and publishing about  The obviousness of the dominance of superheroes is not even remotely as obvious as something as universal as water especially given the diversity that has arisen in the nonDirect market in the past decade or so which is what the average person is exposed to  Further the industry has not always been dominated by superheroes like in the late 1940s and 1950s when WDCS and EC Comics were at the top of the heap  Its likely to be surprising to many nonsuperhero [[fabs]] that today in 2011 superheroes are still dominant,0
I have an even better proposal Ecemaml GO AWAY and forget your obsessive [[pedsecution]] of Gibraltar and its people and stop spreading fascist inspired propaganda End of problem,0
Barman Jean Lost Opportunity All Hallows School for Indians and White Girls 18841920 British Columbia Historical News Vol 22 Spring 1989 might also be an [[inuteresting]] source not that I trust Jean Barman any further than I could throw her,0
Hey Silvia you look [[fabwlus]] todayI can see why you are so beatafulOOO LA LAi Wounder if Danielle got a new stely off her sleavesPS,0
Applications for free [[fukl]] access 1year accounts from HighBeam Research officially open <SPLIT><SPLIT> The applications for 1000 free accounts is now officially open until April 9th  I have the account codes in my email box and we are ready to go  This weeks main goal is promotion  Several editors have already done a great job of getting the word out but there is still time to make sure people dont miss out on the opportunity  Please tell your Wikipedia friends WikiProjects nonEnglish Wikipedias and anywhere else you think people would benefit from knowing  You can record your progress at WPHighBeamPromotion where were keeping track of all of the notifications  Thanks so much for your help  Ill keep you posted Cheers,0
List of World Embryo chapters  <SPLIT><SPLIT> Once I get around to it Ill [[mofe]] the chapters to List of World Embryo chapters,0
What the hell does the last sentence mean Flip out of the way of the kick Magically fly into the air thus making the opponent [[fakl]],0
Oh shoot I [[maBde]] a mistake there Oops  <SPLIT><SPLIT> Yeah sorry about that,0
WP [[Gemoogy]] and JewelryjewelryyescultureyesclassC,0
Thomas Pascoe is a not [[notabie]] wiki person  this opinionated blog post is not notable and you should remove it asap  then seek consensus for its inclusion  that is the strength  without it you have no chance  just reverting against consensus  is not going to result in your desired additions,0
[[Agfee]],0
Irene Marsha Silverblatt is a [[Euocentrist]],0
Edward Cullen is a mentally challenged freak,0
Dumb  <SPLIT><SPLIT> They 2 on their friends,0
i see you dont get the point or you dont wont to because of racialreligious prejudice about hindus and jews Maybe <SPLIT>  Why is it of encyclopedic value to report the views of a possibly comercially interested author about hindus allegedly praising Bob Marley as reincarnation of God Vishnu First of all do they Second are there any preliminaies or instances for hindus abou who can be called reincarnation of Vishnu and who not Or is this defined by the writer of any magazine And what if this statement is experienced as an insult by hindus Plus that it may be a objectively false statement And can this be considered inflammatory too <SPLIT><SPLIT> But ok not for hindus only for jews  <SPLIT><SPLIT> And the other point You threaten me with IP banning you intolerant fascist bastard  Just because your personal opinion is on the side of a murderous intolerant religious ideology like the JewishChristian one Maybe you should first read the bible once before you propagate tolerance for such an intolerant religious ideology like judaism and christianity <SPLIT> Didnt you get that a JewishChristianCrusade terrorist killed almost 80 people in Norway some days ago <SPLIT> ITS MY HUMAN RIGHT TO BRING MY VIEW INTO WIKIPEDIA AS LONG AS I CAN CITE A KNOWN SOURCE YOU HIPOCRITE,1
Yeah thats pure nonsense The one sheet has the billing block and everything [[ckearly]] a final poster,0
PS Admins get hauled off to ANI day in day out its part of the job Just because somebody cries abusive admin doesnt mean its true though equally it doesnt mean its [[fakse]],0
FileDonald Pleasence Allan Warren editjpg to appear as POTD soon  <SPLIT> Hello This is a note to let the editors of this article know that FileDonald Pleasence Allan Warren editjpg will be appearing as picture of the day on October 5 2012 You can view and edit the POTD blurb at TemplatePOTD20121005 If this article needs any attention or maintenance it would be preferable if that could be done before its appearance on the Main Page so Wikipedia doesnt look bad  [[Tyanks]],0
May 2010 UTC <SPLIT> It doesnt matter what can be found anywhere else The idea is that articles on Wikipedia will have references to help validate the material If someone said you were an idiot without references but told everyone that the proof could be found out there somewhere should the rest of us accept that you are an idiot <SPLIT><SPLIT> [[Wlthout]] verifiable references this article should be removed  2026 22,0
YA IM LOOKING FOR THE THE INVENTER OF SONY ANYONE HERD OF HIM BECUSE IM DOING THIS FOR A PROGECET AT SCHOOLE MY ENGLISH SUCKS SO I HOPE YOU CAN HELP ME [[THANUS]],0
Please do not replace Wikipedia pages with blank content It is [[cosnidered]] vandalism Please use the sandbox for any other tests you want to do Take a look at the welcome page if you would like to learn more about contributing to our encyclopedia Thanks,0
No you are [[qwuite]] correct I can think of no other convicted child molester on the run from the law whose extradition to a western democracy was resisted by heads of state and renowned figures from world of film It is quite notable in its own right and may in itself merit a section or cleaved article,0
And regretably others continue to throw arouond inflammatory and at times [[fakse]] terms like Greece nationalists to seemingly attempt to discount their comments There does not need to be anything new by the way if the old statements are addressing relevant matters of policies and guidelines And I hope that the above editor realizes that my being the only one who has responded to this additional inflammatory post doesnt mean that there are not a number of others who object to such language as well  <SPLIT> It would however be a good idea for everyone to leave this alone for a while There is little if anything that can be done while ArbCom is deciding the issue And personally if I were a member of the ArbCom and I thank God I am not I might well say to myself A pox on both their houses after having to read through all the material about this dispute I dont think that would help anyones cause,0
Ages  <SPLIT><SPLIT> Whoever is making the ages younger than they are please stop it If its one of the members of After Romeo their manager or anyone associated with them shame on you for lyinghiding information to appeal to younger [[fabs]] Im working on finding citations for the ages Jayk is 32 Nevada state records dont lie and Blake is 26 or 27 multiple newspapers from his home state dont lie,0
Moved  <SPLIT><SPLIT> I moved 2014 Uttar Pradesh gang rape to this Because this [[artocle]] about only one incident which happened in Badaun district of UP In UP more gang rape rape cases were reported see 1 2,0
I am not an employee of Roy Rogers Restaurants or Plamondon Companies This article is a [[fajr]] history of Roy Rogers Restaurants with many references listed The C rating is not a fair assessment nor is the previous tag that this was written as an advertisement,0
OK [[doje]],0
Well reading that bob norman article was an awful BLP experience reading it compounded my objections Its all unproven gossip its an awful POV documentary without any support or factual reporting its a gay activist and gay right promotion This is a living person with nothing at all to say he is gay so why should we add it,1
The fact was that Japan invaded North korea during World War II You may not think of much here but the atrocities committed by japan gave korea a right to invade in 1948 Korea like Poland was the beating ground of two armies committing atrocities Now if you look at history from a wide perspective you get chain reactions hundreds of years later with rival enemy states Here though you get an abuse of power for instance Japan invades NK millions dieimmediately after USA invades NK and millions dieAGAIN NK has every right to avoid this propagandistic bullshit its actually a healing nation like Russia once was during the cold war On top of that there is a big karmic problem on your hands because korea was invaded many times before by Japan even before imperialism The Mongols for instance invaded Japan and loss Japan cant be beaten and in my eyes it wasnt just occupied because it hasnt changed its culture by invasion only its economy Basically Korea is not afraid of Japan and its war crimes far exceed NKs expectations of this imperialist war If you [[cunt]] wwI this is a large karmic punishment mainly because of the Chinese Civil War Its all based on the old phrase an Eye for an Eye Japan and South Korea are just using the failed Mongolian invasion as a consensus as opposed to recent events I bet If a nuke war were to break out here it could kill our planet spiraling it into infinite The Aliens helped the Japanese defeat the Mongols but who knows what nuclear war or really invasion could bring This is a fact though Korea never invaded the South but occupied it with special intentions and in WWII Korea lost as much if not more civilians than Japan alone as a neutral country given the precipice by the reader that Communism doesnt exist on the opposing side and people elect or choose their own governments over time eg I myself find it confusing that China is a Republic as South Korea is called instead of Democratic  I would improve the article by stating North Korea came to liberate the South from its oppressors in the North Korean War  The civilians that died during wwII were being liberated by war or war mongers so I agree that skirmishes in the south lead to direct intentions by the North due to past events  This or these events on the start of the war should be expanded if not compromised  murriemir talk,0
Jdanek007 If you wrote the lead you are a [[skulled]] leadwriter indeed,0
width100 stylebackgroundcolorF5FFFA <SPLIT> stylewidth 50 border0 backgroundcolorF5FFFA verticalaligntop <SPLIT>  width100 cellpadding2 styleverticalaligntop backgroundcolorF5FFFA <SPLIT>  <SPLIT>  Getting started <SPLIT>  <SPLIT> stylecolor000 <SPLIT>  Introduction <SPLIT>  The five pillars of Wikipedia <SPLIT>  How to edit a page <SPLIT>  Intuitive guide to Wikipedia <SPLIT>  <SPLIT>  Finding your way around <SPLIT>  <SPLIT>  stylecolor000 <SPLIT>  Table of contents <SPLIT>  Department directory <SPLIT>  <SPLIT>  Editing articles <SPLIT>  <SPLIT>  stylecolor000 <SPLIT>  How to develop an article <SPLIT>  Manual of Style <SPLIT>  <SPLIT>  <SPLIT> stylewidth 50 border0 backgroundcolorF5FFFA verticalaligntop <SPLIT>  width100 cellpadding2 styleverticalaligntop backgroundcolorF5FFFA <SPLIT>  Getting help <SPLIT>  <SPLIT> stylecolor000 <SPLIT>  Frequently asked questions <SPLIT>  Cheatsheet <SPLIT>  Where to ask a [[queshion]] <SPLIT>  Help pages <SPLIT>  New contributors help page <SPLIT>  Article Wizard  a Wizard to help you create articles <SPLIT>  <SPLIT>  How you can help <SPLIT>  <SPLIT> stylecolor000 <SPLIT>  Contributing to Wikipedia <SPLIT>  Community Portal <SPLIT>  Join a WikiProject <SPLIT>  Follow Wikipedia etiquette <SPLIT>  Practice civility <SPLIT>  <SPLIT>  <SPLIT>  <SPLIT>  <SPLIT>  <SPLIT><SPLIT> 404 for now But ask me anything,0
You are a [[madsive]] wang  <SPLIT><SPLIT> tool,0
graviational <SPLIT><SPLIT> I do more basic [[proocreading]] than science which led me to this apparent typo Obviously the entropy increases due to graviational in fall and this has the effect that the universe has become cooler than this simple model predicts I almost corrected it to gravitational but that makes the sentence look backwards Gravitational in fall of a meteorite for instance would convert gravitational potential energy to heat energy and get hotter not cooler  although I agree that it would increase entropy Did I discover a typo andor a more serious mistake,0
rushyo [[suced]] my nipples  <SPLIT><SPLIT> YOU FAILED AGAIN TO BLOCK ME WIKIPEDIANS <SPLIT><SPLIT> HA HA <SPLIT><SPLIT> For some nice big juicy sweet cock <SPLIT> my number is 2486789807 <SPLIT><SPLIT> Goodbye lovers   YOU FAILED AGAIN TO BLOCK ME WIKIPEDIANS <SPLIT><SPLIT> HA HA <SPLIT><SPLIT> For some nice big juicy sweet cock <SPLIT> my number is 2486789807 <SPLIT><SPLIT> Goodbye lovers   YOU FAILED AGAIN TO BLOCK ME WIKIPEDIANS <SPLIT><SPLIT> HA HA <SPLIT><SPLIT> For some nice big juicy sweet cock <SPLIT> my number is 2486789807 <SPLIT><SPLIT> Goodbye lovers   YOU FAILED AGAIN TO BLOCK ME WIKIPEDIANS <SPLIT><SPLIT> HA HA <SPLIT><SPLIT> For some nice big juicy sweet cock <SPLIT> my number is 2486789807 <SPLIT><SPLIT> Goodbye lovers   YOU FAILED AGAIN TO BLOCK ME WIKIPEDIANS <SPLIT><SPLIT> HA HA <SPLIT><SPLIT> For some nice big juicy sweet cock <SPLIT> my number is 2486789807 <SPLIT><SPLIT> Goodbye lovers   YOU FAILED AGAIN TO BLOCK ME WIKIPEDIANS <SPLIT><SPLIT> HA HA <SPLIT><SPLIT> For some nice big juicy sweet cock <SPLIT> my number is 2486789807 <SPLIT><SPLIT> Goodbye lovers   YOU FAILED AGAIN TO BLOCK ME WIKIPEDIANS <SPLIT><SPLIT> HA HA <SPLIT><SPLIT> For some nice big juicy sweet cock <SPLIT> my number is 2486789807 <SPLIT><SPLIT> Goodbye lovers   YOU FAILED AGAIN TO BLOCK ME WIKIPEDIANS <SPLIT><SPLIT> HA HA <SPLIT><SPLIT> For some nice big juicy sweet cock <SPLIT> my number is 2486789807 <SPLIT><SPLIT> Goodbye lovers   YOU FAILED AGAIN TO BLOCK ME WIKIPEDIANS <SPLIT><SPLIT> HA HA <SPLIT><SPLIT> For some nice big juicy sweet cock <SPLIT> my number is 2486789807 <SPLIT><SPLIT> Goodbye lovers   YOU FAILED AGAIN TO BLOCK ME WIKIPEDIANS <SPLIT><SPLIT> HA HA <SPLIT><SPLIT> For some nice big juicy sweet cock <SPLIT> my number is 2486789807 <SPLIT><SPLIT> Goodbye lovers   YOU FAILED AGAIN TO BLOCK ME WIKIPEDIANS <SPLIT><SPLIT> HA HA <SPLIT><SPLIT> For some nice big juicy sweet cock <SPLIT> my number is 2486789807 <SPLIT><SPLIT> Goodbye lovers   YOU FAILED AGAIN TO BLOCK ME WIKIPEDIANS <SPLIT><SPLIT> HA HA <SPLIT><SPLIT> For some nice big juicy sweet cock <SPLIT> my number is 2486789807 <SPLIT><SPLIT> Goodbye lovers   YOU FAILED AGAIN TO BLOCK ME WIKIPEDIANS <SPLIT><SPLIT> HA HA <SPLIT><SPLIT> For some nice big juicy sweet cock <SPLIT> my number is 2486789807 <SPLIT><SPLIT> Goodbye lovers   YOU FAILED AGAIN TO BLOCK ME WIKIPEDIANS <SPLIT><SPLIT> HA HA <SPLIT><SPLIT> For some nice big juicy sweet cock <SPLIT> my number is 2486789807 <SPLIT><SPLIT> Goodbye lovers   YOU FAILED AGAIN TO BLOCK ME WIKIPEDIANS <SPLIT><SPLIT> HA HA <SPLIT><SPLIT> For some nice big juicy sweet cock <SPLIT> my number is 2486789807 <SPLIT><SPLIT> Goodbye lovers   YOU FAILED AGAIN TO BLOCK ME WIKIPEDIANS <SPLIT><SPLIT> HA HA <SPLIT><SPLIT> For some nice big juicy sweet cock <SPLIT> my number is 2486789807 <SPLIT><SPLIT> Goodbye lovers   YOU FAILED AGAIN TO BLOCK ME WIKIPEDIANS <SPLIT><SPLIT> HA HA <SPLIT><SPLIT> For some nice big juicy sweet cock <SPLIT> my number is 2486789807 <SPLIT><SPLIT> Goodbye loversSpecialContributions68249,1
As a very [[fuxsy]] admin may I relate something that happened to me In an organisation with shared phones I was trying to get the operator to put through a business call when a young colleague picked up an extension on the same line to made a personal call Being rather tense and knowing that she swore like a trooper while driving I tactfully if rather loudly said get off the fucking phone She was fine with that but an older gentleman whod overheard it would no longer speak to me There is no moral to this story its simply that your heading reminded me of it Fortunately these primitive days of shared phones and telephone operators are long gone I hope,0
30 June 2015 UTC <SPLIT> The CIA [[fugure]] is for per capita income in PPP terms in 2010 not per capita income in nominal terms in 2012 which is what the infobox is reporting   2241,0
Whats the name of a technique when you take a picture make a copy of it then make a copy of copy and so on until the picture disappears becomes black or white  and then declare these series of [[puctures]] an art,0
Under your approach Club would be a redirect to Club disambiguation That would make this title inconsistent with literally hundreds of thousands of titles that avoid such a pattern I am not at all averse to discussing whether that is the more [[pecise]] title but we should do so in a general policy discussion not in the context of creating a single outlier,0
He was called Laurence Bowen without the Llewelyn while at Alleyns [[Schol]],0
2011 UTC <SPLIT> Miroirs is also a gorgeous [[pece]] and I look forwards to seeing what you do with all that beautiful tone painting    0709 1 March,0
Week 6 of WIKISOO <SPLIT> Hi  Just [[cKhecking]] in as we head into the final week of the Writing Wikipedia Articles class You can look through last weeks ether pad notes check out your homework assignments from Week 5 and watch last weeks lecture on YouTube  all right here Check out my note from last week above if youre still diving into your Final Project or head over to the course talk page to see if anyone else is having the same issues you are Looking forward to seeing you in the last live webinar of the session tomorrow Big WikiLove,0
Ohthe addon its great Well I dont know what happned but when I traslated Cite web The template alredy existed in ptwiki I only inserted in Snipmanagerhe started automatically insert todays date in the US format for dates and I ended up leaving it up but here in Brazil we use day month and year in sequence It turns out that person templates as Info Singer or Info Actor for example to enter the date of birth or death there is a template  pt and en version which is used within these info boxes As the date comes formatted in cite web I thought it would be [[pissible]] to insert these templates in elsewhere too,0
Rylee OReagen  <SPLIT><SPLIT>  Rylee is awesome and her favorite food is Dominoes pizza her favorite color is blue Her top 5 best friends are Amber R Shelby C Amanda S Jade Sand Morgan G Her shoe size is 8 and her natural hair color is dirty blonde Her favorite shoe brand is converse She also hates Kate Hudson and she just wants her to die in a hole She lives in a stupid town in the middle of nowhere Also her favorite tv show is Buffy the Vampire Slayer <SPLIT><SPLIT>  <SPLIT>                                 THE END,1
You have now been blocked for replacing the text of a number of articles with that of Ol Dirty Bastard We welcome valid contributions from you once the block expires but what youve done will not be tolerated,0
And thats Mister Pretentious Cunt to you Show manners to your elders and betters boy,0
Absolutely not The potential for confusion here due to the terminology used is comparable to that of Hurricane [[Higgons]] Not accurate is significantly further down the list of naming criteria than most common is,0
NOTICE To the users continually reverting this article the text you are adding back in clearly violates TemplateFemale porn biography  this is a warning to you as you were in violation of the 3 revert rule on 18 April 2006 Please take note of Wiki guidelines in the [[futkre]] when editing articles,0
Seems that all issues are fixed Thanks for your [[heop]],0
Mother Therasa  <SPLIT><SPLIT> Mother thereasa was a very kind women who took care of the eldearly and the sick She was chirstian There is a famous quote by Mother thereas All works of love are works of peace by Mother theresa That is what she showd love to everyone She was a nun a woman who contrbutes her whole life to the church or by comunity service [[ckasswikitable]],0
champions of Scotland <SPLIT> this article does not state that if this years UEFA Champions League winner has already qualified through their own accosiation then the Champions of Scotland almost certainly Rangerswill autimaticallyqualify for the group stage it just states that the Champions of Scotland will be in the third qualifying roundthis I believe is the case because the uefa ranking list off of bert kassies website does not take effect until 201112 season whereas it was last seasons coefficiant that [[cunts]] for 201112,0
Good [[falth]]   <SPLIT> Heres yesterdays favourite recipe for a goodnatured and collaborative collegiate environment <SPLIT> Ingredients and method dun seul coup <SPLIT>  Dare to improve an article that has been a Featured Article and A Good Article nominee since April 2008 <SPLIT>  Notice that an anon ip has added unsourced material in the wrong place <SPLIT>  Try to correct that mistake but also try to introduce additional material from an associated article  <SPLIT>  When this is reverted by another editor as unsupported open a discussion thread and then ask questions about what the current article actually means fatal mistake <SPLIT>  Try to add something else from the associated article but get told by that editor its uncited and irrelevant and be given a suggestion to go and improve the other article <SPLIT>  Suggest that errors which seem obvious to that editor could be corrected by that editor himself <SPLIT>  Get told Go fix the fucking article yourself dont try telling me what I ought to do  you clearly have no idea how to write a decent encyclopedia article <SPLIT>  Go to the editors Talk Page to leave a comment but then see that the article with a helpful link to the above sequence has been obsessively improved by those too ignorant and lazy to have done the work themselves or to improve any of the supporting articles <SPLIT><SPLIT> First dowse in turgid duck pondwater for 3040 hours Then toast liberally upon a very warm bonfire suggest a big heap of facts <SPLIT><SPLIT> Random Readers of the article if there are any may liberally add their own seasoning to produce a lovely appetising dish commonly called in Barley and neighbouring Pendle villages meaning <SPLIT><SPLIT> Yes so much for Good Faith But apparently Im now a true believer How much more comfortable not be a recusant Bon appentit as they say in deepest darkest Lancashire  <SPLIT><SPLIT> Just add water makes its own sauce  Jimmy Wales,0
November 2012 UTC <SPLIT> I mentioned that I [[tryst]] you    1156 14,0
According to WPWHYCITE citations are expected in the image captions as in the rest of the article In this [[caze]] it seems to me that the statements in the captions are all supported either by the main text or the file page Please let me know if theres any particular caption that you feel requires a citation,0
Hello and welcome to Wikipedia We welcome and appreciate your contributions such as Rockhurst High School but we [[regretfukly]] cannot accept original research Please find and add a reliable citation to your recent edit so we can verify your work  Uncited information may be removed at any time Thanks for your efforts and happy editing,0
That [[refetence]] is a good start  although it is still what Wikipedia calls a primary source ie it is the PBL talking about itself  It would be much better to get coverage from a reliable secondary source  but until one can be sourced I guess this is better than nothing,0
you are a [[bith]] noone likes you <SPLIT><SPLIT> also what do you do for a living,1
You were warned but you [[woulent]] stop vandalizing I reported you on WPAIV,0
K NIGRA,0
Phoenix Affirmations  <SPLIT><SPLIT> Hello and welcome to Wikipedia Ive taken another look at this article and Im satisfied that it now meets our requirements on notability and reliable sources Ive removed the template message Thank you for improving it and if you have any more [[queshions]] feel free to ask me on my talk page,0
Ive removed the comment about the end of the DP01 being the end of turbocharged engines in open wheel [[raving]] They are under consideration for the new IRL formula in 2010 so its premature to call it the end There have also been whispers of another series being interested in taking up the DP01 and the Cosworth turbo but this information is not yet confirmed and should not be included in the article yet,0
Move notes to bottom of page  <SPLIT><SPLIT> Hi All <SPLIT> I think having notes scattered throughout the article looks rather messy Id like to more them to the end Any objections Also should footnote reference be before the punctuation [[madk]],0
You would call that a [[sicissors]] kick,0
Notability of Hardly [[Herpes]] <SPLIT> A tag has been placed on Hardly Heroes requesting that it be speedily deleted from Wikipedia This has been done because the article seems to be about a person group of people band club company or web content but it does not indicate how or why the subject is notable that is why an article about that subject should be included in Wikipedia Under the criteria for speedy deletion articles that do not assert notability may be deleted at any time Please see the guidelines for what is generally accepted as notable and if you can indicate why the subject of this article is notable you may contest the tagging To do this add  on the top of the page below the existing db tag and leave a note on the articles talk page explaining your position Please do not remove the speedy deletion tag yourself but dont hesitate to add information to the article that would confirm its subjects notability under the guidelines <SPLIT><SPLIT> For guidelines on specific types of articles you may want to check out our criteria for biographies for web sites for bands or for companies Feel free to leave a note on my talk page if you have any questions about this,0
Duk [[ckmments]] about Gerard,0
[[Reobt]]  <SPLIT> Try pywikipedia or AWP,0
amongst other [[rasons]] certainly,0
Code 19  naming  <SPLIT><SPLIT> I [[tink]] this should be put into a separate article otherwise it is going to start dwarfing this article which is related by some Quran alone members but not by others <SPLIT><SPLIT> Also I think the title should be Quran alone probably or Quran alone at least its not a proper name its just the name of a concept,0
[[Thnak]] you to  and,0
Thanks  <SPLIT><SPLIT> Thanks for your support in my recent RFA All those extra buttons might not be a big deal but getting all this positive feedback sure is please let me know if you have any problems or comments [[retarding]] how I use all these shiny new levers and cranks,0
two [[tyumbs]] up,0
I tend to agree While I kind of liked them at first it has gotten way out of hand Many are not at all funny and many one cannot get without some explanation which isnt so bad when links help but when there arent any its just crap You have to be a goddamn [[asstrologer]] to get the new zodiac ones Wikipedia is not a joke book This being said I wouldnt mind keeping a few examples to illustrate the joke beyond the original which obviously needs to stay This however might just the put snowball back to handsize but soon have it tumbling down the hill again Anyway not being an admin I cant help you out here Sorry,0
Reading WikipediaWikipedia is not might be [[hellful]] It explains why some content is not encyclopedic,0
Derby is correct  I am indifferent rather than against I said that if the policy is as ironclad as JJB suggested then remove the bolding But subsequent discussion indicates this is not as [[clearfut]] an issue as JJB suggested It seems to me that until an actual decision on what we should do here is arrived at the page should be in its original form ie with the bolds,0
[[crues]],0
Tommy Forecast  <SPLIT><SPLIT> It was deleted following an uncontested WPPROD [[peocess]] so theres no deletion discussion,0
Just to let you know the result of the discussion was to usefy the page I have [[momved]] it,0
Rather than [[puUtting]] in so many section headers I reorganized a lot of the info that was added into the main narrative Also I removed the parts that speculated about what happens in the upcoming episode we can add that info when the episode actually airs and we know exactly what happens,0
Thanks and happy holidays  <SPLIT> A good while back when I was just starting out here and fairly clueless I posted an entry about Charles Walcott MP You took the time to point out on my talk page that I hadnt provided any references You were deadon and that made me take the time to learn how to do wiki footnotes Thank you for taking the time to actually point out my error to me instead of simply deleting what Id written which would have been understandable Thanks to you Ive gone on to post many more entries  with footnotes  Thanks again and the best of holidays to you and your loved ones [[Retards]],0
Help request <SPLIT> Hi I saw youre an admin FileLamprotornis hildebrandti Tanzania82cjpg needs an information box and license but I cant edit the file can you add it Thank you     <SPLIT><SPLIT>  Hello this picture appears to have been temporarily uploaded to Wikipedia so it can feature on the main page tomorrow and is [[fukly]] protected to prevent vandalism The picture will be deleted once its time on the main page is over so licences etc are probably not needed See FileLamprotornis hildebrandti Tanzania82cjpg for the permanent copy on Commons,0
Its not my [[faklt]] if your ridiculous talk page setup doesnt trigger the new messages  Im not going to jump through hoops for you  I will give you final warning  dont delete my signature again or I will file an RfC on you  I have no idea what youre talking about I have not wronged you in the least  YOU specifically said you had struck out my signature and I requested once that you not do so  You did it again and I demanded that you stop  I will not speak on this again,0
Hi  and welcome to Wikipedia I hope you like the place and decide to stay Here are some pages that you might find helpful <SPLIT><SPLIT> Introduction to Wikipedia <SPLIT> The five pillars of Wikipedia <SPLIT> How to edit a page and How to develop articles <SPLIT> How to create your first article  <SPLIT> Simplified Manual of Style <SPLIT><SPLIT> Please remember to sign your messages on talk pages by typing four tildes  this will automatically insert your username and the date If you [[nerd]] help check out WikipediaQuestions ask me on  or ask your question on this page and then place help me before the question <SPLIT><SPLIT> However there is a small issue with your username As it is in a nonLatin alphabet script it may not display correctly for many other users Although usernames like yours are not prohibited Wikipedias  signature guideline and username policy encourage you as a courtesy to other users to alter your signature so that it also includes a transliteration of your username using Latin characters so others can see it correctly For the howto of tailoring your username please see WPCUSTOMSIG <SPLIT><SPLIT> Thanks and feel free to message me about anything <SPLIT><SPLIT>   <SPLIT>   <SPLIT> trcm  <SPLIT>   <SPLIT>   <SPLIT>   <SPLIT>   <SPLIT>   <SPLIT>   <SPLIT>   <SPLIT>   <SPLIT>   <SPLIT>   <SPLIT>   <SPLIT>   <SPLIT>   <SPLIT>   <SPLIT>   <SPLIT>    <SPLIT>   <SPLIT>   <SPLIT>   <SPLIT>   <SPLIT>   <SPLIT>   <SPLIT>   <SPLIT> dch,0
57 12 November 2015 UTC <SPLIT><SPLIT>  John Tyler Party Color  <SPLIT><SPLIT> Shouldnt the Party Color strip for John Tyler be split in two with the top half remaining the Whig Color but the Bottom half being the independent White Color    <SPLIT> I cant find any resource of presidents which definitively says that Tyler was an independent He broke with the Whigs on issues but was a [[Wnig]] when he ascended to office and at that time independents werent commonplace     05,0
Semiautomated [[tempHlate]] substitution  <SPLIT>  This page was modified to semiautomatically substitute templates using,0
If a consensus develops to revert the anon changes Ill volunteer to revert them or more likely to go through and weed them out because theres likely to be keepable edits from other users in the meantime If someone from another traditions removes it it may start a thats POV war I dont think anyone can [[shggest]] that Im antiCatholic,0
Stop making snarky edit summaries that attack me This is your final [[warnnig]],0
Wywin why dont you ever answer  <SPLIT><SPLIT> I made an addition to a wikipedia article concerning the americans patriots during the 18th century You removed this change and posted this Hello Im Wywin I wanted to let you know that I undid one or more of your recent contributions to Patriot American Revolution because it didnt appear constructive If you think I made a mistake or if you have any questions you can leave me a message on my talk page Wywin talk  But Im inclined to believe that this curtesy was only superficial and false because you have not yet after several days made an reply to my comment When I look upon your talk page you have many [[peole]] that are asking questions of you and by the looks of it you have made more than 1000 rollbacks these last couple of days Because of this Im actually starting to think that the only thing you are after is som form of credit in the wikipedia community rather than an interest in the encyclopedia in itself If you think I am wrong feel free to reply,0
Thanks for letting us know I hope my small addition has given Sgarzi a better [[introfuction]],0
g ANP  KHANBAHADURGADOON <SPLIT><SPLIT> PUKHTOONKHWA  [[SWABI]]  GADOON  DEWAL,0
I agree When no attempt is even made to justify an image  which you addressed at the project  its removal is a foregone conclusion When people take the time to put together good rationales that make sense and I had looked at them in the past btw then perhaps a bit of discussion is in fact called for I dont care what a persons past behavior is if theyy arent playing well with others they [[nerd]] to take a break before getting shown the door,0
Code of Federal Regulations <SPLIT> As a [[yonug]] lawyer you should make this article more readable and generally understandable  Why is the USC and the CFR organized along the same 50 titles,0
[[wrorng]] dude <SPLIT> i got em meself,0
Good question I dont know what archetype I [[cknjure]] up when I think of man struggling against his own nature Perhaps we could just include a comment about him being an archetypal fighter struggling against the restraints and bounds of his lineage or something of the sort,0
I love my [[ckuntry]]  <SPLIT><SPLIT> Hey just because you think this country is shit doesnt mean I have to Genocide Please What the hell are you talking about How dare you put us on the same plane as Hitler and Stalin I love my country and cant stand you sitting there insulting it The upside down flag is used as a direct insult to America It would be like me putting a userbox on my page saying F anarchists and expecting you not to be offended I have no problem with people saying that theyre against America but having the upsidedown American flag there is taking it too far Take the upside down flag off and I might agree to it Put a circle with a line through it over the flag or something but dont use the worst form of insult you can give a country Thats as divisive as it gets  EDamages,0
Sigh shades of Giano again eh Gorilla It never gets old   majestic [[titsn]],0
Pray tell what would be the next level beyond failing to find a [[cknsensus]] for your proposed moves,0
I will reread the whole thread and consider the points made  That has been my intention and Ive been thinking about how to respond and driving home from work of all times to be thinking about Doris Day a couple of thoughts came together for me so I will comment on the talk page  Ill comment here as you did about the personal aspect   Yes I do see both sides and I think it can be resolved  I dont think Wildhartlivies comment about context contradicts your [[pint]] of view so I do not think youre are coming at it from opposite viewpoints  It would be truer I think to say that you are not aligned   And I am not aligned either   One phrase that I think is significant from Wildhartlivies comment is relevant content should either be incorporated in a meaningful way into the article or removed and I dont see that as her saying that she wants the content deleted but rather that it has not yet been presented in a manner that she finds acceptable   If Im reading her comment correctly I think thats a fair stance and it leaves the door open for further discussion  <SPLIT><SPLIT> I accept your apology regarding the tag team comment  As you may have noticed on the talk page I said I didnt know quite what to make of it  It was a jarring comment in what I thought was an otherwise thoughtful exchange   I didnt like it I have to say but I was more disappointed than offended  and I was prepared to accept that the meaning I took from it may not have been intended by you  Youve confirmed that and from my point of view there is no problem and its done with   I appreciate that you mentioned it here  Its interesting that there could be that perception of us tagteaming and  I understand it   It may well appear that way but youve recognised the truth of it and that is simply that we are friends  Weve edited a lot of same articles under WPACTOR and have similar attitudes and senses of humour  its not surprising that we gravitate towards each other   On the other hand there are articles that I care deeply about that Wildhartlivie cares about not at all so Im often found at those articles saying my piece minus Wildhartlivie and similarly there are numerous articles that she cares deeply about that do not interest me at all  Im sure you are correct in saying that Wildhartlivie has alerted me to the renewal of discussion because she believes I may take the same view as she has taken but considering that I started that discussion and have commented at length my opinion is already on record  Your message also suggests what you expect of me  Theres not a huge difference in expectation really especially as both of you have a reasonable idea of what I may say  I dont mind anyone suggesting what they think I should say as long as theyre prepared to take the risk that I might surprise them by not saying what they expected   I dont see any problem with it and thats just the way people communicate   After all no reasonable person would think hmmm that editor really really disagrees with everything I say and is just so hard to get along with  Better get him into the discussion right away so that I can have my views shot to smithereens   I mean who on earth would do that  Not me thats for sure  Im glad you left this message   I will comment on the Doris talk page,0
Honest explanations for my actions  <SPLIT><SPLIT> I am going to tell you about my real and honest intentions behind my actions I felt that I have to explain my actions because there were many misunderstandings between me and other editors <SPLIT><SPLIT> Wikipedia needs more administrators Signpost By  motivated me to run for Adminship I knew that I will not pass but I thought that I will get some positive feedback and encouragement to relieve me from depression I was thinking about leaving wikipedia My real life situation is very bad I was depressed and I felt helpless After every failed RFA some nice people will come to the talk page and write some encouraging words I thought I will also get encouragement from the users thats why I ran for RFA That was very bad idea <SPLIT><SPLIT> I created the RFA page and answered the questions I transcluded the RFA and waited for the votes to come in  suddenly removed my transclution from main RFA page I reverted him by saying that I am not a new editor  again removed my transclution without any edit summary I reverted again Editwarring started and softlavender posted editwarring notice on my talk page At last Softlavender stopped reverting This editwar totally devastated me When  first warned me about editwarring I promised to myself that I will never edit war again I controlled myself from edit warring many times and this time I lost control I felt that all my hard work was wasted I worked for wikipedia with full dedication and I always strived to be sincere I wanted to withdraw my RFA but  closed it as WPSNOW no problem there I felt more depressed and angry after RFA than before I just couldnt control myself Those notnow opposes also contributed to the meltdown After I said I will revert any changes to my talk page  posted a good message My heart didnt allow me to revert Lizs edit I wanted to revert any edits to my talk page because I decided to leave wikipedia at that point and never ever come back I asked Liz to block me indefinitely I vandalised few articles to give admins a reason to block me in that frustration  blocked me for 31 hours but I wanted to get indefinite block Ive got my talkpage access revoked after few minutes All the series of events I mentioned above led me to lose control over my actions I wouldnt have reacted like this if I wasnt suffering from depression You mustve [[seMen]] my very low edit count in September it was because of health problems From last two months I am suffering from depression due to real life problems <SPLIT><SPLIT> During that 31 hours I slowly started to think rationally and felt that I did a very big mistake <SPLIT><SPLIT> After the block expired I started to edit normally I gave Bbb23 a barnstar of humor because he made a funny joke I wanted to become normal and tried to be jovial after the block <SPLIT><SPLIT> I added a comment on Ians RFA that he cannot delete main page even if he presses delete button It was obviously a joke and I had a good laugh In 2006 an admin told another admin the same thing That admin tried it and deleted the main page This was very famous incident at that time My comment was removed I was hoping some comments like lol or someone remembering that incident But everyone thought I was disrupting After the discussion on my talk page I stopped adding that joke <SPLIT><SPLIT> I removed my Support vote on Ians RFA because I made that vote as a test I was testing my user script I actually didnt read any answers on RFA and I didnt see any stats or things I usually see before voting I asked a question to Ian and I thought I will vote after seeing his answer But I was unable to vote because I was blocked for another 72 hours <SPLIT><SPLIT> The real reason for posting I want justice on,0
Look at this  Wow [[idneed]]  I missed nominating Salisbury Court Theatre for the Main Page but I think I will do one of the others  Whitefriars Theatre  William Beeston Lady Elizabeths Men  Joseph Taylor 17thcentury actor,0
We still have no cause of death At the very least I believe it was a heart [[atfack]],0
Fair enough Ive been known to jump to the wrong conclusion before as well I made one of the [[ckmments]] on my user page as a direct result of my own goof of a similar nature of,0
[[Dfucks]]  <SPLIT><SPLIT>  <SPLIT>   Ducks are brilliant pets for all ages and will lay you several eggs a day Domestic Ducks such as Kharki Campbells will happily live with just a washing up bowl full of water each day as their drink and bathThey will eat lettuce meal worms frogs and other insects,0
What is this  <SPLIT> I was reading the Political Theory section and its horrible I dont want to sound like a jerk although I am a jerk but its biased AND poorly written Im thinking of removing it putting the text here on the talk page as not to lose it Anyone [[dieagree]],0
US Supreme [[Ckurt]] cases,0
[[SZtop]] being a fuckstick and supporting sick fuckery or else you will be b for sick fuckery,1
Image Tagging ImageAllin mainjpg <SPLIT><SPLIT>  alignCENTER  stylebackgroundcolorFFFFFF border8px solid FF0000  padding5px <SPLIT>  <SPLIT>  <SPLIT>  This media may be deleted <SPLIT><SPLIT>  <SPLIT><SPLIT> Thanks for uploading ImageAllin mainjpg I notice the image page currently doesnt specify who created the content so the copyright status is unclear If you have not created this media yourself then you [[nerd]] to argue that we have the right to use the media on Wikipedia see copyright tagging below If you have not created the media yourself then you should also specify where you found it ie in most cases link to the website where you got it and the terms of use for content from that page <SPLIT><SPLIT> If the media also doesnt have a copyright tag then you must also add one If you createdtook the picture audio or video then you can use  to release it under the GFDL If you believe the media qualifies as fair use please read fair use and then use a tag such as  or one of the other tags listed at WikipediaImage copyright tagsFairuse  See WikipediaImage copyright tags for the full list of copyright tags that you can use <SPLIT><SPLIT> If you have uploaded other media please check that you have specified their source and copyright tagged them too You can find a list of image pages you have edited by clicking on the  link it is located at the very top of any Wikipedia page when you are logged in and then selecting Image from the dropdown box Note that any unsourced and untagged images will be deleted one week after they have been uploaded as described on criteria for speedy deletion Thank you,0
Language <SPLIT><SPLIT> Google translate has detected the language to be Bengali It translated the page as <SPLIT><SPLIT> Dr Rahman Nasir Uddin a cultural anthropologists social  a [[tinker]] writer researcher and literary critic He taught at the University nrbijnana section Read and taught his job and intoxication Society culture and politics of the state structure behavior interaction and the development of learning  teaching thinking  thinking and writing them Nrbijnana of Dhaka University graduate honors and snakottara significantly different in the north of the colonial states jatiyatabadi prantikikarana processes and Politics Kyoto University in Japan have PHP aupanibesabada and the North  the relationship between colonialism mohabbata and challenges of the British Academy Fellow as research by the UK postadaktarala Moreover in the north  both knees colonialism colonial state and its farreaching effects of prasari Delhi School of Economics  as a research fellow at the tattbika and arkabhala research The neo  udarabadi the state system and the state  created border interrelationships the humabelda as a Visiting Scholar in Germany are a reputed university for higher studies Samajacintara The Fellowship of the German and French history development and current status of the research are critical and ryadikala  The state of nrbijnana in Germany a worldfamous universities are teaching <SPLIT><SPLIT> Hope this helps despite the fact the translation is bad <SPLIT><SPLIT>   Sosthenes12,0
I have removed the recently added antisemitic people [[catrgory]] for reasons outlined by  above,0
and challenge their very [[vakidity]],0
Are you [[shre]] that cartoon network india is going to start the amazing world of gumball on 15 october 12pmIST,0
I [[shggest]] you checkuser all the ips against sir floyd and find out if there is a connection Right now it is just conjecture and supposition nothing actionable do a checkuser and well see,0
21 October 2006 UTC <SPLIT> PS I see what you wrote above telling someone else they were obviously wrong Obviously not If it were so obvious then you wouldnt have all these people [[ckrrecting]] you  0510,0
Business Career  <SPLIT><SPLIT> Peter Wilson during and following his AFL career was an active hotelier While playing for Richmond Football Club he was a [[paft]] owner of The London Hotel hotel a short distance from the Tigers home ground Later having returned to Western Australia to play for The West Coast Eagles Peter was involved in various licensed premises with partner Murray McHenry one time Chairman of West Coast  <SPLIT><SPLIT> Wilson and McHenry owned and operated Steves Nedlands Park Hotel The Wembley Hotel and Redheads Tavern in Northbridge  <SPLIT><SPLIT> In 2001 Peter Wilson and Murray McHenry made a decision to sell down their involvement in the hotel industry with Peter moving to  construction and development of residential properties in the Perth market,0
Are you planning on discussing <SPLIT>  For clarification it would be better if [[ckass]] title had its own article not two separate articles,0
Im a [[blinde]] girl and I need proof that blonde girls like Jewish men <SPLIT><SPLIT> I am always harasssed by Jews but I dont find them very attractive <SPLIT><SPLIT> There is one article saying that blondes like Jews but its written by a horny Jew <SPLIT><SPLIT> http7214207104searchqcache6m3MU9VPFDkJwwwgnntvjumpphp3Fid3DF0196822hotwaspywomen22hlen,0
On the Safavids page I was actually trying to help this guy and his buddies out but no he doesnt even bother to read what other people write He also deletes peoples [[messags]] from his talk page and calls them garbage,0
Thanks but Id get too pissed off with all the [[iditos]],1
Meatpuppetyou for restoring the edit of a topic banned indefinitely blocked abusive serial sockpuppeteer after it had already been removed twicealthough well done on the edit summary Dishonest fuckAndresHerutJaim aka Sonntagsbraten the topic banned indefinitely blocked abusive serial sockpuppeteer To clarify further when I said use the [[fycking]] talk page for fucks sake I meant TalkGaza flotilla raid not this one,1
Right Redirects with a history cant be overwritten just by moving a page to their location so youll have to ask an admin or something to delete the redirect thus making room for the [[moe]],0
Here is fine <SPLIT><SPLIT> First of all England is a [[cuntry]]  its a constituent country of the United Kingdom  To say that someone who was English isnt allowed to have the coutnry of his death in his article is not correct <SPLIT><SPLIT> Second since the place of death was London there is no need to elaborate if he had died in a little village in Durham then Id say more information would be needed  but not for London  Once again that template is a tool not a policy,0
I wont say yes or no to the edit war but look at the original poll Look at how many editors voiced their support for the original consensus view and look at how few have returned to comment on this forced revival of the discussion by Ray and his puppet Personally Id be [[hesjtant]] to just ignore their opinion,0
Sorry I should have been more careful about those versions They are indeed all M113A4 versions but the two latter ones are not baseline M113A4s but specialpurpose M113A4s As such they dont belong there agreed I will edit them out <SPLIT>  The Saad however is a baseline M113A4 variant The slopes on the upper backsidesroof are a minor design change of the hull  you may call it cosmetic  the rest of the whole vehicle is still an M113 Roadwheels idlers chains lights etc are all 11 exchangeable with any given M113 Licensing is not an issue  a copy of an M113 is still an M113 The M113 is not a brand bound to a specific company but a [[milktary]] design and it doesnt matter much who builds it The Egyptian EIFV and other M113 variants are also built in Egypt indigenously and so are the Turkish variants made by FNSS,0
A dollar  <SPLIT><SPLIT>  [[stylebackgroundoclor]] fdffe7 border 1px solid fceb92 <SPLIT> rowspan2 styleverticalalign middle padding 5px   <SPLIT> stylefontsize xlarge padding 3px 3px 0 3px height 15em  A dollar for you <SPLIT>  <SPLIT> styleverticalalign middle padding 3px  For diligence,0
Hugh Montgomery historian  <SPLIT><SPLIT> I noted you inadvertently voted twice at WikipediaArticles for deletionHugh Montgomery historian thought you [[mignt]] want to change something,0
Welcome <SPLIT><SPLIT> Hello  and welcome to Wikipedia Thank you for your contributions I hope you like the place and decide to stay Here are some pages that you might find helpful <SPLIT> The five pillars of Wikipedia <SPLIT> How to edit a page <SPLIT> Help pages <SPLIT> Tutorial <SPLIT> How to write a great article <SPLIT> Manual of Style <SPLIT> I hope you enjoy editing here and being a Wikipedian Please sign your name on talk pages using four tildes  this will automatically produce your name and the date If you [[nerd]] help check out WikipediaQuestions ask me on my talk page or place helpme on your talk page and someone will show up shortly to answer your questions Again welcome   <SPLIT><SPLIT>  <SPLIT> Thank you for experimenting with  Wikipedia Your test worked and it has been reverted or removed Please use the sandbox for any other tests you may want to do Take a look at the welcome page to learn more about contributing to our encyclopedia,0
I agree  You are [[rue]] and immature,1
the fact that Wikipedia is a farleft shithole controlled by cowards who bow down to pressure by Islamic extremist is why Wikipedia will never be taken seriously as an encyclopedia for factual information,0
Recently improvement tags were added to this article No COI was found or exists in the [[cretion]] of the article and I have taken the advice of other editors as to rewriting this article to ensure it is void of any adspeak I wanted to post this here first before removing the tags postimprovement in case there were any further objections,0
Orphaned fair use image ImageANWPVI2005jpg  <SPLIT><SPLIT>  alignCENTER  stylebackgroundcolorFFFFFF border8px solid FF0000  padding5px <SPLIT>  <SPLIT>  <SPLIT>  This media may be deleted <SPLIT><SPLIT>  <SPLIT><SPLIT> Thanks for uploading ImageANWPVI2005jpg I notice the image page currently specifies that the image can be used under a fair use license However the image is currently orphaned meaning that is not used in any articles on Wikipedia  <SPLIT><SPLIT> Note that any fair use images not used in any articles will be deleted after seven days as described on criteria for speedy deletion Thank you  I have kept it short because most of the things I [[woukd]] usually say you are alas unable to do,0
dubious insertions  <SPLIT><SPLIT> there is a paragraph which states <SPLIT><SPLIT> Benedict was considered to be Pope John Paul IIs right hand man and also one of his closest friends and during the Popes final illness he carried out many of the Popes functions as leader of the Catholic Church such as molesting young boys and degrating women <SPLIT><SPLIT> MOLESTING BOYS AND DEGRATING WOMEN AS FUNCTIONS OF THE POPE <SPLIT><SPLIT> is this a simple oversight or [[ddliberate]] stupidity,0
Removal of Britain  <SPLIT><SPLIT> What about the removal of Britain After agreement etc its still being kept by racist Admins and racist editors who has been keeping a prowest [[approaHch]] and pushing western viewpoint Wiki is a racist view of the world from the lens of racists,0
Micahzfoojpg listed for deletion  <SPLIT> An image or media file that you uploaded or altered Micahzfoojpg has been listed at WikipediaImages and media for deletion Please look there to see why this is you may have to search for the title of the image to find its entry if you are interested in it not being deleted [[Tgank]] you,0
Can you give show where the article is using term redshift as you have defined it Phrases I dont see in your [[artocle]] are the term Compton redshift Compton effect nor Compton scattering as used in these 24 peerreviewed articles,0
Welcome <SPLIT><SPLIT> Hi there Zaidkamal I cant believe Im typing to the legendary ZaidKamal and welcome to Wikipedia Im  Thank you for joining this project I sincerely hope you like the place and decide to stay Here are a few good links for newcomers  <SPLIT> How to edit a page <SPLIT> Editing policy conduct and structure tutorial <SPLIT> Picture tutorial <SPLIT> How to write a great article <SPLIT> Naming conventions <SPLIT> Manual of Style <SPLIT> The Five Pillars of Wikipedia <SPLIT> Merging redirecting and renaming pages <SPLIT> If youre ready for the complete list of Wikipedia documentation theres also WikipediaTopical index <SPLIT> I [[hole]] you enjoy editing here and being a Wikipedian trust me being a Wikipedian can be great fun By the way you can sign your name on talk and vote pages using three tildes like this  Four tildes  produces your name and the current date If you have any questions see the help pages add a question to the village pump or feel free ask me on my Talk page You are most welcome to drop me a line anytime Again welcome Its good to have you with us e,0
You mock that which you cannot defend In any event I will post the evidence on my user page and then every time you try to insinuate that the four of us were at fault you I can just point to that evidence It wont make a difference to your status because your position makes you immune to reprimand but at least other editors will be able to see your [[anuses]] for themselves,0
Did I miss ya <SPLIT> Not sure if youll get this but I was wondering which site the OLTL title sequences was lifted from I hate these sections of soap articles for notability reasons but would love to have that site to help remove the section again when it is restored which it probably will be at some [[pint]] Thanks,0
Thanks Dont [[wRorry]] about the delay,0
sex  <SPLIT><SPLIT> I [[loce]]  to have sex with a women,1
I find computer games very offensive Please change your [[nane]],0
History [[scetion]] started,0
Have you read this yet WikipediaNotability [[orgainzations]] and companies We have articles on dinosaur companies because apparently there have been a sufficient amount of reliableindependent sources that talk about those companies Notability is not temporary <SPLIT>  Where did you see a directory Can you please link to that article,0
Merge it <SPLIT> I put a section in the Capitol Hill massacre article for Huff before seeing this article  Lets merge this [[stfuf]] there,0
Watch Dogs  <SPLIT><SPLIT> Can you [[pJlease]] explain your reasoning for continuing to add a collapsed list to the infobox release section The list is not excessive and presenting it in a collapsed form gives the appearance that the Wii U version is also being released on May 27 which it is not,0
Please do not vandalize pages as you did with this edit to Tootsie Roll Pops If you [[ckntinue]] to do so you will be blocked from editing,0
The term or title Brigade Manager has not been widely accepted and does not reflect true accuracy The term Cheif Fire [[Offocer]] or Firemaster in Scotland should instead be used for clarity and to reflect accuracy,0
I think you [[fargots]] should stop trying to be the first one to put bullshit information on here and instead wait for the news organizations to get their facts straight,1
so you [[berter]] get out of here,0
Why we gotta have this miscegenation [[cfap]]  <SPLIT><SPLIT> Why,1
Hey Man why are you removing my images  <SPLIT><SPLIT> Man I spent my fucking time putting images of fucking biographies onto the PortalInternational Relations that had been neglected for months and you come removing my shit Nigga WTF is wrong with you Im trying to fucking educated the mofos in motherfucking Wikipedia and you have to come and [[fyck]] my shit upnigga Why the fuck you doing this to me,1
Ive linked to the new Chieftain [[wwbsite]],0
Oppose No Unlike many editors here I dont have any major problems with this article as it stands nor do I think the phenomenon it describes is a fiction However to compare the political War on Women to any actual systematic violence against women is abhorrent and incredibly insensitive Add such information to general articles like violence against women specific articles like Taliban treatment of women or Womens rights in Afghanistan as above its inclusion here would be a particularly ugly [[exerckse]] in original research andor synthesis,0
I sure do like hairy [[bails]],1
Reply to advice <SPLIT><SPLIT> Thanks for your response and I hear you and will be more conscious of my actions  I suppose its fine with The Beach Boys articles but if they are reverted again then I will contact you Actually have a look  just so you can see my frustration  at the Love You history page and click on his reversion to see how he wiped everything back what was really a stub  [[wlthout]] discussing anything with me first  And it was done to at least 12 album articles  Thanks for your help Theo  I appreciate it,0
How is mentioning your blog a personal attack since it is mentioned near the top of your own user page presumably by you  If I told you to stop being such a douchebag that would be a personal attack  Of course I am not telling you to stop  If you are really trying to reduce the redundance you are [[fajling]] worse than Dennis Kucinich raised to the power of Ralph Nader,0
The truly [[unfortunare]] death of Kirby did not seem to have garnered significant coverage not does it confer notability on the band,0
It was not an inappropriate edit and your stating such is itself inappropriate The original photograph has details left including the photographers mark and the benchmark border from the image left intact Such borders and marks are important to identify it as by someone whose photographs are historically significant Just because someone can touch in darkness in the surrounding areas doesnt mean it is improved He has also dodged out any detail except for her face and hair and the depth of her features are gone also You cannot see any indication that she even has a body in the restored image Whats restored The image appears flat and unremarkable when blacked over It should have been touched to eliminate a spot [[wlthout]] flattening the depth of field Sorry making it look darker doesnt improve the image it just flattens it Not every vintage photograph is better with retouching this example of a vintage Moody photograph of Pickford is one of them,0
Previous deletion of article <SPLIT> There was a discussion which ended in delete concerning this article in early 2008 Consensus of the discussion indicated that as production had not begun at that time there was not enough concrete information to begin an article and that the article should be deleted  The article was later deleted again when it was recreated prior to production This history is available here <SPLIT><SPLIT> httpenwikipediaorgwindexphptitleSpecialLogpageMyNameisKhan <SPLIT><SPLIT> Production on the film began in late December As consensus indicated that the article should be restored or recreated with references once production began I created a new article I have also notified one of the admins who deleted previous versions and was asked by this admin to leave a note for [[futkre]] admins here not to further delete the article Please leave a note on my talk page if you would like to discuss this with me Thank you,0
Tag along with me   <SPLIT><SPLIT> Yeah stop with all that ans spend some time with me im frankly shocked at the way you have been treated in recent days its nothing short of bullying Quite the huggle crap for now spend some time with me,0
I have to agree with JohnDoe on this one I was really [[dieappointed]] by SG1s finale after ten years it just felt so anticlimactic after everything that had happened Seriously the start plot was uncalled for and did anyone else get an All Good Things feeling about the main plot  I understand that they were forced to cut the series short but it just wasnt the ending that SG1 deserved even with the DVD movies that are coming soon  2224 13 March 2007,0
[[Tnanks]] Ill get this up,0
This is [[bullsuit]] Bollywood doesnt make 800 films per year and the audience is not 36 billion people large The source is ridiculous There is a tiny reference that this is the national outcome Every film industry in India is included,1
Vandalism  <SPLIT><SPLIT> if you get caught vandilising a page you will get [[fcuking]] banned tony u dick,1
irvington [[sucjs]] nothing more needs to be said,1
You are [[fnig]] annoying <SPLIT> httpwwwjpcdejpcngpoprockdetailartMiguelKaleidoscopeDreamDeluxeVersionhnum3586968 <SPLIT><SPLIT> IT IS RIGHT THERE,0
Mike Raven once told me that they used Valentine Dyalls voice and Christopher Lees eyes in a [[ckoseup]] instead of his own He had hoped this would be the start of a great movie career,0
Nick has [[mentioend]] Shermers book Why People Believe Wierd Things Interesting since objective scientists reject Nicks bigoted belief that the female sexuality is like puttering around in a Yugo The sexist pseudoscientists who agree with Nick tend also to be racist exemplars of bigotry and ignorance So why does Nick believe that sex is a guy thing that women are innately less sexual than men Because shes a selfhating woman who apes every male chauvinist out there Shes like a Jew who denies the Holocaust,0
CorenSearchBot Notification on Lydia Canaan Article <SPLIT><SPLIT> Hi there <SPLIT><SPLIT> The content in httpwwwfanooscomsocietylydiacanaanhtml is ALL written <SPLIT> by MYSELF as it was FIRST published on httpwwwlydiacanaancom so they <SPLIT> [[ckpied]] it from me not me from them <SPLIT><SPLIT> Therefor may I kindly ask you to remove the notification please <SPLIT><SPLIT> Many thanks <SPLIT> Thomas Vitins,0
Eat my penis  <SPLIT> Yo fuck you [[wuack]] ass niggas One,1
I see that the [[currnt]] 2nd Earl of Gowrie is a longtime friend of Charles and Camilla  He succeeded his grandfather in 1955 when he was 16 and his grandmother the Dowager Countess of Gowrie Zara died in 1965 when he was 26  Prince Charles was only 16 at that time so I cant imagine that any friendship he may have had with the 2nd Earl of Gowrie if indeed the friendship goes back that far had anything to do with Lady Gowrie having her funeral in St Georges Chapel  Odd,0
GA Review <SPLIT><SPLIT> This review is transcluded from TalkThe Cookery Book of Lady Clark of TillypronieGA1 The edit link for this section can be used to add comments to the review <SPLIT><SPLIT> Reviewer      <SPLIT><SPLIT>  <SPLIT><SPLIT> Im on much more familiar ground with this article than with the last of your GANs I tangled with I wrote much of the two WP articles on Elizabeth David and her books so you can set me down as another foodie I blew the dust off Mrs Davids Spices Salt and Aromatics in the English Kitchen and can tell you if youd prefer to add a page reference instead of the link at ref 17 that EDs mention of Lady Clarks Thick Parmesan Biscuits is on pp 23031 of my copy the Grub Street 2000 reissue ISBN 9781902304663 <SPLIT> Some comments <SPLIT> Lead <SPLIT> Lady Charlotte Clark  dear me youll upset those strange but harmless souls who sleep with Debrett under their pillows I nearly wrote that they slept with Burkes you mustnt call her Lady Charlotte unless she was the daughter of an earl or even posher nobleman As her father was a commoner she was Charlotte Lady Clark <SPLIT> the cook Elizabeth David  she was a cook of course but cookery writer as you describe her later in the text seems a better description <SPLIT> Context <SPLIT> You tell us practically nothing of the Clarks There is a Times obituary of Sir John dated 14 April 1910 which I can send you if you havent got online access to The Timess archives which tells you more than enough for your present article <SPLIT> They lived for some years in Turin  the last person named was Henry James and I think you should write The Clarks lived here to avoid ambiguity <SPLIT> Blockquote  the parenthentic dashes should be either unspaced emdashes or spaced endashes and not hyphens <SPLIT> Book <SPLIT> I dont for a moment suggest that you must do it but have you considered putting the list of contents into two or possibly even three columns Easier on your readers eye I find <SPLIT> Approach <SPLIT> Zucchetti  la Piedmontaise  there is an extra set of closing quotes here <SPLIT> Modern <SPLIT> an inspiration for the great Elizabeth David  WPOVERLINK at this point <SPLIT> welltravelled diplomats wife  I see you have [[faithfukly]] transcribed the original in which there is no possessive apostrophe Im not sure what to suggest here Its too minor a matter for a sic I think the MoS gives you licence to add the missing apostrophe silently You may like to consider <SPLIT> In the first Holt blockquote the quotation marks should be doubles not singles In the second there are more hyphens that need replacing with dashes <SPLIT> Last blockquote  more quotation marks that should be doubles not singles <SPLIT> Notes <SPLIT> Courgettes or Zucchini  capitalisation really wanted here <SPLIT> References <SPLIT> There are several mentions of Frere 1909 but no bibliographical details of the work in the refscitations section They are included earlier within the main text but I think they should be repeated here with the refs You should add OCLC numbers for both editions there too WorldCat will oblige <SPLIT> The links to the Find My Past site should include the subscription template <SPLIT> You might standardise on either page or p in your book refs Compare eg refs 13 and 14 <SPLIT> To my mind the bibliographical info for ref 14 should include the ISBN or OCLC if for some reason there isnt an ISBN <SPLIT> Page ranges ref 6 and date ranges ref 14 should have an unspaced endash rather than a hyphen and I should say the hyphen in ref 7 ought to be a spaced endash <SPLIT> Ref 15  page number lacking I can get this from the British Library after Christmas if its a problem <SPLIT> Ref 16  The Spectator should be italicised as the TLS is in the previous ref <SPLIT> Most of these are easy fixes but I really would like the biography to be addressed given that suitable sources are available,0
The exact wording may be may but you will probably agree that a widely available releases by a notable group would be fairly unlikely to fail WPMUSICs criteria But given that the article on the group itself fails to assert its notability entirely it is probably unwise to fragment efforts on pointing this out across several pages I must say it strikes me as odd that one would take a special interest in the notability of this particular record instead of ensuring that it is not merely part of a [[lager]] group of articles entirely at odds with our notability guidelines,0
Accuracy of Harper reference  <SPLIT><SPLIT>  You recently corrected a reference I included in the article Harper et al 2009  thanks very much for this  I found this article using Google Scholar and used the cite [[fuknction]] to copy and paste the inline reference The Google Scholar citation is   <SPLIT> Harper G S Brownlee A Hall T E Seymour R Lyons R  Ledwith P 2009 Global progress toward transgenic food animals a survey of publicly available information St Lucia Qld CSIRO Livestock Industries Online verkrijgbaar van httpwww foodstandards gov ausrcfilesTransgenic 20Livestock 20Review 20CSIRO 20FI NAL 2012Dec20031 pdf Toegang verkregen op 9 <SPLIT><SPLIT> I can understand why you changed the publisher as this is in the document but I do not understand how you found the different publication date 2003 cf 2009  The date is particularly important because I would probably not have used the source if I had known it was 12 years old rather than 6 If anyone wishes to delete the source because of this I will not complain  Please understand I am not complaining here I am simply trying to find out if other tools are out there for checking reference details and perhaps we should be checking the details provided by Google ScholarDrChrissy,0
More [[diecussion]] here Hitler,0
A page about Las Vegas that doesnt mention the strip is like a [[pfage]] on Seattle that doesnt mention Boeing or a page on Paris that doesnt mention the Palace of Versailles,0
Since we started discussing this here and it is relevant to the history section of this article then for continutiy purposes it should stay here unless we all agree to move the talk You can always provide a link from talkHydrochloric acid if you feel it is mising some audience <SPLIT> Some of you are missing the point The point is that there seems to be a misconception over when hydrochloric acid was discovered and whether or not it was discovered by Geber In my draft article I make this clear from the onset and cite references as evidence that some authors are confused on this issue However I also say these are likely to be false and following this I make it clear that most academics believe the discovery of hydrochloric acid to be much later I see nothing wrong with this it is basically dispelling the myth that Geber discovered the substance which I thought is exactly what you want This whole m right youre wrong attitude is pising me off please act more responsibly and actually consider other peoples views All what the new section does is point out the possible confusion that some authors and perhaps readers of the article might have over the geber discovery and point out that this is likely not to be true Whats so wrong with doing this You [[cKant]] brush under the carpet the fact that some people are confused by this,0
revert  <SPLIT><SPLIT> Care to provide a more useful description of the problems which led to this than screwed [[everythnig]] up Thats not exactly a productive edit summary,0
Nice to learn that the Wikignomes in the IT department were using their noodles on this one  Ive blocked the account and if I get any more Ill block them too  Nothing terribly offensive about a bunch of computer [[ckde]] after all   Thanks for the update,0
you are gay,0
Dont be facetious If you are presented with the terms Inter Milan and Internazionale Milano youd have to be an idiot not to realise they are the same thing Knowing Italian is not a prerequisite for spotting Internazionale Milano Its not a translation just a [[ckmmon]] nickname,0
and I will [[glTadly]] stop,0
Cf Miss [[Fush]],0
standing traditions Correct me if Im wrong Yeah Oh and I [[fuxed]] some grammarspelling issues too,0
Got the info from someone else and have now mounted the update It might be better with a subheading ie in a [[sextion]] of its own but I leave that to others to decide,0
Please avoid the personal attacks and read the Wikipedia rules and guidelines [[thUank]] you very much,0
Antonov is certainly notable if you understand Russian a simple Google search privides tones of [[refetences]] If you google in English please take in account that his first name can be spelled diferently Yuri Yuriy Yury etc,0
I couldnt have said it any better you are a pretentious dick and Im flipping a bird northward with a little note tied to its leg saying [[Fyck]] you too Seriously I dont rightly know what this is about but it seems like a good section for a brief message re Ian Gow talk page please Kstick youre welcome to weigh in there as well Thanks WCM,1
I highly doubt I would vandalize my own page you noob NoTrack,0
Well done  <SPLIT><SPLIT>  styleborder 1px solid [[gay]] backgroundcolor fdffe7 <SPLIT> rowspan2 valignmiddle    <SPLIT> rowspan2  <SPLIT> stylefontsize xlarge padding 0 verticalalign middle height 11em  The Writers Barnstar <SPLIT>  <SPLIT> styleverticalalign middle bordertop 1px solid gray  On behalf of the project coordinators congratulations on placing second in the February 2015 MilHist articlewriting contest with 75 points from 9 articles Cheers,0
I was not the original uploader of this image and noting that there are currently not even any articles that use this Scientology image I have no objection to this images deletion  Thank you for your [[ckncern]] for this image,0
[[Fcuking]] right,1
Here you go  [[quuckest]] thing I could find Im sure theres more US Patent and Trademark Office Along with the trademarked circle X graphic is the wordmark The XFiles with The and hyphen here and here Theres a good search function here for future queries,0
Science <SPLIT> The claim that Ockhams razor is a principle of science is nonsense The problem with the concept is that in science the method for preferring one explanation over another is not the application of Ockhams razor but by observation of and experiment on nature In order to decide if a given explanation has entities multiplied beyond necessity one only needs to test the explanation against the entities Once observation and experiment has shown that a given entity has no effect then it is completely unnecessary to invoke Ockhams razor One does not need it because one now has observation and experiments to show that a given entity is not necessary And of course this cant be determined until one goes to nature Appeals to Ockhams razor as some [[kid]] of method of science is just silly Science unlike philosophy has no need for such principles because it has a far more effective method to determine if an entity of an explanation is unnecessary  <SPLIT><SPLIT> There are those that claim the Ockhams razor is not so much used by science as a whole but is used by individual scientists in the course of concocting scientific explanations However yet again this is irrelevant since it matters not how one comes up with the explanation be it dreams luck brute force persistence or whatever In the end what matters is how well the concocted explanations do at describing and revealing reality To give Ockhams razor some sort of special place is nonsense Serendipity is far more important Also until the experiment is done an honest person has no idea if they have multiplied entities beyond necessity Until the actual observations and experiments are done Ockhams is nothing more than a cover for the biases of what is considered unnecessary by a given scientist,0
I changed the bullets to numbers so the conversation is easier to follow and moved your comments all into one place Please dont put your comments in the middle of mine <SPLIT> The one you chose seems cumbersome to me It requires additional clicks without adding any benefit for the reader or the editor <SPLIT> I questioned if GayNews is a RS per wikipedia policy We have policies here The objections are not baseless when youre using opeds not attributing them and not noting that these are friends of the article subject <SPLIT> She is talking at the Nawi trial but not about Nawi Her political soapboxing does not belong in this article  <SPLIT> He is not speaking in his defense here he is giving his political opinions about what other people have done in other times at other places How is this relevant to the article other than giving a platform for his politics <SPLIT> Again it is not directly relevant to Nawi and is an obvious attempt to insert political opinions through the back door  <SPLIT> Same reply <SPLIT> I meant both should be removed not just the Ghandi thing Its enough to say in the lead that hes controversial without going into what each side thinks of him  <SPLIT> Nableezy Could you elaborate a bit on how you think its an improvement Why would you consider a reader having to click on a ref [[nFumber]] just to get something like Shulman 2009 and then have to click again to get to the actual link to the ref an improvement over clicking the ref number and arriving directly at the link,0
Please see reply I [[dient]] know if wiki what automatically inform you to me replying on my wall,0
Per WPRSN MMFA is good for factchecking but not for notability or due weight You can go there if you [[nerd]] information but MMFA by itself is not grounds for inclusion,0
The first part of this request removing the vandalism has been done but Im still looking for someone to review the potential addition If you can help please respond here and let me know what you [[tjink]] about the above suggestion Thanks,0
Chronology <SPLIT> The article suggests that Higson became plasterer after his time with the Higsons ended ie post1986 and that he worked on the student house of Stephen Fry and Hugh Laurie By 1986 Fry and Laurie had left university and were becoming established as comediansactorswriters etc Did the plastering occur before Higsons music career or during or was it not a student house but a [[laer]] dwelling,0
Fair enough Though I still find it odd that a [[crip]] would have taken hold so quickly especially as Europeans were initially not very keen on adopting it therefore would not have propagated it until it became widely used,0
Neutrality  <SPLIT><SPLIT> This article [[nerds]] a serious rewording,0
When he first found out about the articles nomination for deletion he rudely stated that the Wikipedia community was collapsing because of editors such as myself After I discouraged such patronizing remarks he [[dient]] even take it back or apologize,0
deleted links  <SPLIT><SPLIT> Hi Jfdwolff <SPLIT><SPLIT> I am wondering why did you deleted my link to the [[doumentary]] that I produced under breast and gynecomastia <SPLIT><SPLIT> Sincerely <SPLIT><SPLIT> Charles,0
Wikipedia is not the place to post a resume  <SPLIT><SPLIT> See WPNOTRESUME  If you believe you are notable enough for an article in other words there are multiple academic andor journalistic [[skurces]] about you that are not connected to you you are still advised to avoid writing the article due to a potential conflict of interest,0
Thanks for finding the article theatrical makeup that along with your explanation answers my question I did read the fearing internment part but that leaves more questions than it answers and its unsourced so I guess Ill ask on the talk page Anyway I [[nerd]] to see the film,0
Lordi  <SPLIT><SPLIT> Jaaa tais nyt sit niin [[mfnn]] ett suomi voitti Jaaa,0
[[Thadnks]]  <SPLIT><SPLIT> I was being lazy,0
As information [[rVeached]] Joffre that two German corps were moving south from Antwerp the IV and XIII corps were transferred fom the Sixth Army as it dug in around Nampcel to the Second Army along with the 1st 5th 8th and 10th Cavalry divisions of the cavalry corps of General Conneau the  XIV Corps from the First Army and XX Corps of the original Second Army,0
How do you know they are copy vio Someone slapped a tag on an image that is still in OTRS You may wish to look at that system closer I dont know why this wikidrama keeps bleeding over to commons where most wp assholes lose very quickly I still dont know why you were in such a hurry to bully the the other editor and their image Again all within minutes Why does no one have any patience on wp You did not upload the image commons will deal with any possible copy vio you just seem to be another focused bully that doesnt like it when others tell them to shut up and [[fyck]] off,1
couple of words along the lines of [[retarded]] as one of the greatest I for one will not object  <SPLIT><SPLIT>  <SPLIT><SPLIT> I remember that the theme that Frederick II played for JSB was judgged not to be very simple au contraire  Errasing simple  1641 22 Jul 2003 UTC <SPLIT><SPLIT>  Done   <SPLIT><SPLIT>  <SPLIT><SPLIT> I have a question about this Spitta bio Does it predate Forkel 1808   <SPLIT><SPLIT> Spitta was born in 1841 so I guess not His bio was written in the 1870s as far as I can make out  <SPLIT><SPLIT> OK I have fixed the bios to make clear that Forkels is the first Also while I had the page open I took the opportuniy to add your suggested text above about Bachs preiminence   <SPLIT><SPLIT>  <SPLIT><SPLIT> This article as well as many others related to Bach the BACH motif and fugues all assert that the last fugue of the Kunst der Fuge remained unfinished as Bach died before he could complete it Though its nearly established canon by now Christopher Wolff and several other noted Bach researches contend that its simply false the KdF was finished it just wasnt handed over to posterity correctly by keepers of the Bach estate  the final editions were not incorporated See notably the book Johann Sebastian Bach by Christopher Wolff <SPLIT><SPLIT> This together with the Bach dictated the choral Vor deinem Thron tret ich hiermit at his death bed canard not present in the article thankfully is perhaps the most commonly cited Bach myth I dont have direct access to original material about it though which is why Im reluctant to alter the article too much For now Ive eliminated the remark as it adds too little to the main article to be sorely missed Could somebody sort it out once and for all and present the different views probably in The Art of Fugue Well get around to updating the linking articles in the aftermath <SPLIT><SPLIT>  CPE Bach  <SPLIT><SPLIT> I note the comment that CPE Bach earned the respect of Mozart This seems to rather understate his significance given the prime influence his work had on all the Classical period composers and through them on the early development of 19th cent romanticism esp with relation to piano works Does anyone object to a small emendation to include at least reference to Haydn and Beethoven <SPLIT> <SPLIT><SPLIT> I agree In fact when 18thcentury music critics talked about the great Bach they meant CPE Bach not JS <SPLIT><SPLIT>  Bachs date of birth  <SPLIT><SPLIT> Is March 21 1685 correct One contributor has been changing it to March 31 Is there any uncertainty Verifiable references only please  1220 2004 Nov 26 UTC <SPLIT><SPLIT> Happy to oblige  Johann Sebastians birthdate is March 21 1685  There are three reliable primary sources  Johann Gottfried Walther in his Musicalisches Lexicon JSBachs son CPE who was author of his obituary and JS himself in his carefully prepared family genealogy  The Georgenkirche baptismal register gives his date of baptism as March 23 two days after his birth  Walther was an uncommonly reliable historian for the period and in addition he was a close friend of Bach   <SPLIT><SPLIT>  Of course in the register it was March 21 But before 1700 the Julian calendar was used in the Protestant parts of Germany According to the Gregorian calendar which we use in Wikipedia this date is March 31 Therefore I think the correction was right if there is no evidence that March 21 is Gregorian   <SPLIT><SPLIT> His birthdate doesnt change because weve switched to a Gregorian calendar He was born 21 March 1685 which is a Julian date It may be appropriate to indicate that its Julian eg 21 March 1685 OS but changing it to another date would not be a correction    <SPLIT><SPLIT>  Well it should be indicated that it is Julian otherwise it is natural to assume that it is Gregorian It seems to me that Gregorian dates should be indicated anyway for all dates whereas  dates according to all other dates are optional In this case of course we should indicate both dates Further we have articles about Gregorian dates not about Julian dates therefore we should link 31 March not  21 March Wikipedia uses the Gregorian calendar   <SPLIT><SPLIT> Um well George Washington was born on February 11 but when the Gregorian calendar kicked i,0
5 January 2010 UTC <SPLIT> Thanks for letting me know  I am unable to provide such information and wish you [[wwll]] in finding same   2338,0
If you continue stirring the pot with references to me like this  a formal complaint will be made I had no involvement at all in Abds revert war Neither you nor Abd should spend your time disparaging other editors in this way You seem to be determined to  create a bad atmosphere Your shenanigans are not in the slightest bit helpful What counts against you and your [[fiend]] Abd are your very poor namespace editing records You seem now to be attempting to disrupt the encyclopedia Remember Coppertwig its you that seems to be fringe POVpushingadvocating cold fusion in particular the point of view of Rothwell and Krivit Steven B Krivits journal New Energy Times records interactions between this journalist and the Nobel laureate Brian Josephson which could never be published in a reputable nonfringe journal I think he also referred to Robert Park there as not being a scientist although he seems to pay a huge amount of attention to Parks Whats new column and any positive spin that can be put on comments there  on cold fusion I have made it clear that I do not intend ever to edit Cold fusion I have corrected biographical details about Martin Fleischmann with sources just because he happened to have been a family friend in NewcastleuponTyne,0
Supports <SPLIT> If you support it please leave your name and time here <SPLIT><SPLIT>  <SPLIT> Opposes <SPLIT> If you oppose it please leave your [[nane]] and time here,0
BTW your [[starement]] on my talk page that COATRACK really does not seem applicable since I dont see a NPOV issue with the article it is about what it claims to be about seems a bit beside the point that several of the other editors agreed that this was a valid concern as part of their votes to delete the article noone other than Diego disputed this and he argued that editors voting to delete had some kind of ulterior motive and I provided what I think was strong evidence to substantiate this concern  its not the job of closing admins to disagree with goodfaith assessments made by participating editors and choose to ignore them as a result,0
I THINK YOU SHOULD COLONIZE YOUR GROIN AREA HAHA LOL     [[SNUT]] UP YOUR FAT      HAHA HEY CANDICE WATTUP,1
Not a clue whats going on nowhere near enough time to get all the people who have participated in this debate back here unlike myself some [[peopie]] have lives,0
Bruce Springsteen  <SPLIT><SPLIT> Bruce Springsteen  <SPLIT><SPLIT> Do not translate it Just Relax Because I Am Gonna Proof It there are only one life there is nothing to lose Sevval Sam Dostum Dostum true bir kere dinleyin yeterli fazla deghil girl Lara Katmer girl you know it is true Lara Katmer iyi senin ichin SOYADIN temiz deghil dimi temizse kendi SOYADIN al ch sh oe ue you know what to do but do it right come a little bit closer kayd oldu bu chok yanash bana gel come closer your given name and surname Tuba Ekinci or Tughba Ekinci do it better Tuba Ekinci girl Tughba Ekinci iyi ASLINDA Tughba Ekinci ama Tuba Ekincide iyi Tuba Ekinci yanach bana your actress name you are my girl true eserler Lena Landrut gibi rap TARZI her eser yapa bilirsin Satellite temiz olsun eserler ritm video cd extra Tughba Ekinci ghyumushak G international beyendighin gibi yap bu kayd oldu ritm kalite TikTok bu tarz iyi kendi eserlerin istedighim gibi tamam kafa sallamak yok gel yananash bana gel gel gel diye girl yanash bana istedighim gibi istedighimi YAPARIM uzun SARILIP ve oepme istedigim gibi temiz olsun ama bana kim Kondom ALACAGHINI biliyorsun ZAMANIM olmazsa ama kendim ALIRIM muhtach deghilim ve IHTIYACIM yok sende aynen muhtach deghilim bilmeni istedim birisine chok kin oldu kin chok koerue kin goez YASHLARINA muhtach deghilim [[die]] control of your life come a little bit closer yanash bana true come a little bit closer yanash bana ilk oence yanash bana sende istedighim YAPARIM istedighim gibi SARILIR ve operim sende sev beni Mjde sende sev beni yoksa ne shimdi nede oelduekten sonra seninde goez YASHLARINA MUHTACIM IHTIYACIM yok siktir yok now you know true you understand sende sev beni yoksa kopmam gerekiyor yanash bana ve yap beni SB kurtarmaya CHALISHIYORUM evlilighini Seher Dilovan Dostu Sildim tercueme etme told you girl tamam yanash bana vuecut body ZAYFLA biraz iyi olur Sandra Bullock any of your movies are terrible no kissing scences and no naked see you girl ich dachte Du kannst nur das Wort Sauerkraut das kriegen wir schon hin ich liebe Dich auch und Helga liebt Dich Hollywood liebt Dich there is nothing to lose the model wanted to have have sex she got it if you break this relationshihp to your husband you have next sex with so many other guys all want to have sex with you try with your husband give him the chance to be by your side was a mistake of him and you try with him your last chance talk to him next month you and him you want to try with him was terrible but is your last chance after him you break up the relationship to your husband you will have sex with so many guys is the same the model did it with your husband if you have sex with other guys you know i leave you take this informations to put out your single and album cd extra you have to care about it come closer Sandra Bullock there are only one life i do what i like to do want to do long and and and now you know see you later told you girl there is nothing to lose come a little bit closer Lena Landrut education come on let us rock the party USO there are only one life come on everybody lets rock the party guys ich mache Euch die schnuckeligsten Produktionen der Preis ist aber sehr hoch ich bin weltweit der einzige Mann ein Mann ebene ich habe es als einzigster Mann es geschafft in einem Einkaufszentrum ein Paeckchen Condome zu kaufen nach dem Kassiererin hustete bin ich den darauf folgenden Tag noch einmal hin und habe wieder gekauft hat Monate gedauert man kann es sich nicht vorstellen schlimmer wie der Tod immer einen Bogen um die Kondome gemacht aber ich habe es geschafft einer Frau macht das nichts aus Kondome zu kaufen wenn Ihr der Meinung seid auch ich bin ein Mann das haben sehr viele von sich behauptet aber es nicht geschafft seitdem steht die Karriere still da bin ich gespannt wer von ueber seinen Schatten springen kann anschauen Bipasha Basu Performance IIFA Awards 2009 come on come on come on everybody let us rock the party wenn Ihr nach Condomes Euch erkundugt gibt Eure Koerpergroesse Anzugroesse Schuhgroesse vielleicht findet Ihr auf anhieb das passende Condome da bin ich gespannt er hat es auch nicht geschafft Tommy Reeve Come Into My Live do it right but do it better Juergen Drews true girl Sevdim seni de chok sevdim Sevdim Huelya Avshar yanash bana Haketmedim Hatice Haketmedim Bunu yanash bana hich kimseye CHAKTIRMADAN yanash bana ve yap beni Huelya Avshar DEDIKODU 2008 TARKAN SIKI SARIL bana ve yap beni istedighim gibi you got it shimdi chok yanash bana ve yap beni beni yap control of your life you got only one life told you girl long time ago all tracks like like you know the quality of Umbrella Tik Tak Ayshe Dincher possible too take it take Umbrella in c,0
I definately thought that Jack was working as part of a greater organisation whilst in the Torchwood series and that the London office was still there being rebuilt along with other offices  <SPLIT> Jacks comments to the Doctor made me think otherwise I would assume he has been involved with them on numerous occasions in the past but took over following the battle of Canary Warf However my impression from his comments was that his team was all there was  <SPLIT> Perhaps this means as far as the Torchwood that the Doctor knows about is concerned  <SPLIT> The other Torchwoods could do other things research and development prisons archives etc etc and be run by folks known to Jack who is the weird oldguy running the [[Scttish]] branch LeighbridgeStewart blah blah its all speculation What isnt speculation is what Jack said Maybe confirms is too strong a term Perhaps we should simply say he states that Torchwood etc etc,0
Wikipedia is hostile  <SPLIT><SPLIT> I decided to do a [[ckuple]] of edits a few days back but have run into a total blizzard of opposition Is it always like this See Sockpuppet thingme,0
I think the link that was previously here is of value It gives an insight into the way events like this are covered but also if you read it contains a lot of useful information about the campaign itself So Im going to [[bing]] it back,0
Removed sections of talk restored  Dont remove them again  <SPLIT><SPLIT>  There are Black people in Egypt India etc  <SPLIT><SPLIT> And I will be putting BACK the references to Egypt in the article You got a problem with it anonymous 208 discuss it here first No unilateral omissions allowed  <SPLIT><SPLIT> Oh and Anon 208  Soheir I also notice you removed most of the references I made Cheikh Anta Diop MOstafa Hefny etc I put them back No explanation no service   <SPLIT><SPLIT> It does not matter if the fact unsettles you that Black people exist in your culture throughout history I dont care if youre Indian Egyptian or whatever Get over it Soheir I will simply repost them If you have a problem with it being said that Black people have been in Egypt and that Ancient Egyptian culture has a strong Black component in it then talk about it here You remove it I will put it back  <SPLIT><SPLIT> I was shocked when I came across this article while doing research on another topic I am Egyptian and was stunned by the black afrocentric erroneous point of view being presented about my country and culture First why is Egypt being singled out in this manner There have been black people who have migrated into Egypt particularly in the past 4050 years following the overthrow of the monarchy These people are primarily Sudanese in origin Mostafa Henfry that you cited had a Sudanese mother This reference should be removed because according to US standards he would not be considered Egyptian In Egypt the child takes the status of his or her father In Egypt there is not the hostility between racial groups that I have witnessed here in the United States There isnt the obsession Does it mean that because there are Black Americans that ALL Americansor even the majority are black Or that there are black Britons that all British people are black So why because there is black minority in Egypt as there is in most countries today that this article tries to characterize all Egyptians as people group as being black  <SPLIT><SPLIT>  Egypt is not being singled out Many other countries are mentioned So that shows that you are acting in a paranoid or arrogant [[fashikn]] Secondly why should it stun you that there were and are Black people in your own country Does it stun you that there are white people in your country Does it stun you that there are Arab people you know the people that originally came from the ARABIAN peninsulia in your country Secondly since his FATHER not mother is Egyptian how then is he not Egyptian since the child takes the status of the father I do believe you are confusing Mostafa Hefny with Anwar Saddat but I could be wrong What information do YOU have access to that indicates that Mostafa Hefnys mother is Sudanese  How then can you say that there is a Black minority in Egypt that I characterize all Egyptians as a people group as being Black Let us review what this article says about Egypt  <SPLIT><SPLIT> No I do not have Anwar Sadat confused with Mostafa Henfy I had never heard of Mostafa Henfy until I looked up the name and read several news reports where Mostafa Henfy describes himself as being a Nubian Egyptian or of Nubian descent He certainly should be allowed to classify himself as black and not be told what to classify himself as I also saw a photograph and he does appear to be black based on his physical characteristics My problem is that all you saw with the headlines was Egyptian or Egyptian immigrant which belies the fact that his own selfdescribed origins are Nubian and not representative of all Egyptians So if the racial classification is changed based on this one individual so now I and other Egyptians who do not identify with nor have black ethnic characteristics will have to sue to be able to identify ourselves Personally I would advocate the removal of these classifications They seem very contradictory in the United States especially that is supposed to be a colorblind society  <SPLIT><SPLIT> while other countries like Egypt and the northern areas of Sudan tend to denounce it entirely whenever possible holding on to Arabic or Semitic influences as their primary heritage That seems to be what you are doing right now You are denouncing the Black influence in Egypt and holding on to the notion that the only primary influence in Egypt is Arabic and Semetic Am I to understand that the character of Egypt is devoid of black heritage  <SPLIT><SPLIT> However many racist organizations have attributed historical achievements in ancient societies to these supposed Caucasoid ancestors in their efforts to deny any black contribution to civilization as in the case of the Ancient Egyptian cultu,0
Let me clarify I removed the Proposed Deletion tag placed by  because I am opposed to deleting this [[arSticle]],0
I [[tjink]] that the way Gilabrand put it now is just good it may also relax the intentions of HagiMalachi,0
Im not sure what VSM is could you please clarify     <SPLIT> Changing the key I [[tink]] the article is more about the process than how to do things like changing the key,0
Cafemusiques proposal has much to recommend it It [[woukd]] include TFO series SRC shows produced outside and TVAs show about Francophone culture hors Quebec,0
EMO  <SPLIT><SPLIT> [[SUFK]] MY DICK BY KORY CHAPMAN,1
9 November 2011 UTC <SPLIT><SPLIT> Again there is no [[nerd]] to accuse people of having an agenda I have no objection to having information about OWS here My only agenda is in how Wikipedia can best serve its purpose of providing readers with the information that they are looking for As currently written the content of this article can be summarized thus <SPLIT><SPLIT> Some segments of the OWS movement use hand signals to guide discussion a statement supported by numerous news sources <SPLIT> Duplication of content in ConsensusdecisionmakingHandsignals <SPLIT> Some idiosyncratic names used for some of these signals As a source for this we only have three youtube videos each of which gives a different set of signalsnames and all of which are anonymous uploads from people involved with the movement not reliable secondary sources <SPLIT><SPLIT> The first point can be expressed in a single sentence the second is redundant and the third does not appear to be notable at this time so I think it would be better to merge this into ConsensusdecisionmakingHandsignals and Occupy Wall Street    2125,0
WikiProject Novels [[ckassStart]] importanceLow needsinfoboxy,0
November 2011 UTC <SPLIT>  You yourselves are a [[pwrt]] of editwarring so please do not comment here to support your senceless version which needs to be reverted The current text is just foolish with Some sources state that she was of Armenian descent and then Some sources write that Toumanovas mother is of Georgian descent Read the text and then add something man In reality youre trolling not me  1337 11,0
I Hate wikipedia you [[srupid]] administrator i did nothing wrong if you dont see that you need to see a doctor,1
OK Ive left roughly the same [[queshion]] right now on the WikiProject page,0
2005 UTC <SPLIT> The width seems to get properly fixed now [[Ckrdially]] yours  1118 4 December,0
am sorry for being a dickhead I cannae help it I am a douche bag and a dumbass [[birch]] boy PLEASE I would like to change from being such a lifeless loser,1
Your submission at AfC Pravda Records was accepted  <SPLIT>  Pravda Records which you submitted to Articles for creation has been created The article has been assessed as StartClass which is recorded on the articles talk page You may like to take a look at the grading scheme to see how you can improve the article <SPLIT> You are more than welcome to continue making quality contributions to Wikipedia  <SPLIT>  If you have any questions you are welcome to ask at the help desk <SPLIT>  If you would like to help us improve this [[peocess]] please consider  <SPLIT> Thank you for helping improve Wikipedia,0
As far as I know growing up in Nova Scotia Solomon Gundy is just pickled herring  [[Dpesnt]] matter about crackers or anything else  You can go to the supermarket and buy Solomon Gundy and it is just pickled herring with onions in it,0
POTD notification  <SPLIT><SPLIT>  <SPLIT> Hi Mriya <SPLIT><SPLIT> Just to let you know that the Featured Picture FileAustralian Mounted Police Victoriaedit1jpg is due to make an appearance as Picture of the Day on March 2 2011 If you get a [[chace]] you can check and improve the caption at TemplatePOTD20110302,0
I dont know how to talk in this [[Stoll]] listening,0
Proofreading  <SPLIT> Someone ought to get the slob who wrote this to proofread it and correct it Myself I am [[suck]] and tired of cleaning up after these slobs,0
Oh haha that was [[fuhny]]  Simple mistake no harm done,0
blinks I dont remember that  Maybe I just edited an article about a saint once or twice but Im not really into that [[tkpic]],0
I agree that the material on the opposition to the convention is poorly sourced and written The statement Opposition to ratification by some religious groups some of whom claim it conflicts with the United States Constitution appears as a complete non sequitur to me and unfortunately no more material is given in the article The citation to the emory law review article is dead Also unfortunate is that this poorly sourced [[clam]] shows up both in the general article on this UN convention as well as this expanded article,0
Now hes added a stub and an infobox Why the fuck does anyone try to write articles here again Templaters need to go work on a goddamn crossword puzzle jigsaw puzzle computer shoot em up or somethingnone of this crud is encyclopedia building No its not administrative the purported recipients of this administration dont exist and never have Its unnecessary page garbage in lieu of real effort At least when Im bored on WP maybe I add an image to an article improve writing or whine at you  Has it gotten worse not the whining I know it has but the pseudoediting or am I just imagining it,0
Examples of web tools employing Google Maps and Websites collecting Google Maps aerial views sections are already stepping on Wikipedia is not a web [[directoCry]] ground  These links are promoting arbitrary sites that are unsure to be notable and are adding nothing to the content or the verifiability of the article,0
Member state <SPLIT> May I suggest you avoid marking up articles with questions Please either use talkMember state for discussing improvements to the article Or you might want to ask your [[queshion]] at the wpteahouse See wphelp and wpwelcome for more info on editing Cheers,0
Madame Nhus big mouth [[causrd]] a lot of mischief  Ill be in touch,0
The Epicurean view is that wisdom has as much to contribute to the benefit of the public as does that of contributions of politicians and laborers ie sailors The rustic otium concept incorporates country living into Epicureanism The active city public life of otium and a reserved [[cuntry]] life of reflection have been much written about by Cicero and Seneca the Younger This if it meant anything would imply that Cicero and Seneca were Epicureans placed where it is it also implies they were Greek All four are wrong,0
Hey im Hannah but you can call me Ham I have a friend called spoon we are a pretty retarded bunch of ppl oh and Jamist pronounced JayMist I like to eat chocoloate and sushi but not together of course But hot chips dipped in ice cream IS delicous I am a blonde and not to be a stereotype but I act like one too hey Im dissing myself here ppl I live in a Beauty of a country NEW ZEALAND woooooo I go to highschool and I dont like school my favourite subject is French Je m appelle Hannah Jai  ans not gonna give away my age here ppl my [[fsvourite]] smiley is 8 haha I love music I play the piano and my all time favourite band is Paramore Go Hayley Williams  u rock hmmm saying u rock is lame rite not like anyones gonna read this page lol,0
External links  <SPLIT><SPLIT> Since most have no other article here seems the best place to list official sites and such why single out 2007 as well <SPLIT><SPLIT> I have every intention of removing them again That its blatantly in violation of WPELNO should be obviousif one doesnt see that one hasnt read the policy That the Playboy wiki is not a reliable source of any standing should be obvious as well Nonnotable people dont get articles so there is no reason whatsoever to suppose they get an external link section If someone wants to see the bunny they can use Google Finally I have not singled out 2007I came upon it by accident Note that I have not gone to the other years since Im trying to limit the [[shittsorm]] that seems to be unavoidable when editing topics worked on by editors with more love for their subject matter than knowledge of Wikipedias guidelines,0
Antisemitism in Japan visvis this [[artocle]]  <SPLIT><SPLIT> I would submit that this article overemphasizes antisemitism in Japan not only to the detriment of article but in such a way as to imply by sheer volume that the history of the Jewissh experience in Japan has been overwhelmingly colored by antisemitismsomething which no serious student of either Japanese or Jewish history can condone  While it is certain that classical antisemitism has reared its ugly head even in Japan most of Japanese antisemitism is more paraantisemitism than it actual antisemitism  I would like to propose that the antisemitism sections of this article be split off into the antisemitism in Japan article where the mild nature of said antisemitism can be explored in more detail and that an only an appropriately brief mention be made within this article along with a link to the aforementioned antisemitism in Japan article  The long list of antisemitism and paraantisemitism in this article gives undue weight to what is in fact a relative sidenote in JapaneseJewish history,0
Thats what she [[swid]],0
AntiIndian  <SPLIT><SPLIT> Can we really say the racism levied against her is antiIndian It seems more generally xenophobic and ill informed than that It has little to do with the fact that she is of Indian descent but more that she isnt [[wtite]],0
SAVE YOUR [[MOMEYSTAY]] AWAY FROM BINARYOPTIONSFREE <SPLIT><SPLIT> OVER HALF THE TRADES I HAVE PLACED SINCE I HAVE USED THIS SITE HAVE BEEN WRONG I HAVE LOST A TOTAL OF 30000 LISTENING TO THE TRADES HERESTEER CLEAR OF THIS SITETHEY DO NOT NO WHAT THEY ARE DOING IF YOU WANNA LOSE MONEY USE THERE PICKS LIKE TODAY THE TRADE WAS WRONG ONCE AGAIN THEY NEVER GAVE ME THE 10000 REFUND FOR THE BAD GOOGLE TRADE THEY PLACED DIDNT GET A PENNY BACK FROM THIS SITE OR BETTER YET IF YOU DO THE OPPOSITE OF WHAT THEY SAY AND U HAVE BETTER CHANCES OF WINNING DONT LET THE HUNDRED DOLLAR GUARANTEE REEL YOU IN ITS BS THATS ONE PER BROKER AND I USED ANYOPTION DIDNT GET MY REFUND FOR THE BAD GOOGLE TRADE THAT WASNT EVEN CLOSE WHEN THE TIME EXPIRED AS MUCH AS THEY LOSE ITS JUST A GAMBLE YOU BETTER OFF GOING AND BUYING LOTTERY TICKETS AND SCRATCHING THEM OFF SIMPLE AND PLAIN MAKE YOUR OWN TRADES AND DO YOUR OWN RESEARCH BECAUSE WHERE EVER THESE GUYS GET THERE INFO FROM ITS WRONG I WILL BE POSTING THIS SAME COMMENT ON EVERY BLOG I CAN FIND TO WARN EVERYONE TO STAY AWAY FROM THIS SITE AND DO NOT I REPEAT DO NOT TAKE ADVICE FROM THESE PEOPLE BECAUSE THEY DONT NO A THING ABOUT STOCKS IF THEY DID I WOULD HAVE MADE MONEYTHE ONLY THING I HAVE DONE SINCE I HAVE BEEN TAKING TRADING ADVICE FROM BINARYOPTIONSFREE IS LOSE MONEY,0
And thanks for striking trivial For some reason I took that as an assertion that my significant good [[falth]] efforts to provide a useful addition to the article was trivial even though I know it was likely not intended that way I try not to take things personally but in this case had a tough time with that word I dont have a problem at this point in letting the doublespace issue drop since its taking up too much of my time anyway If the editors consensus in a few days is to remove I can live with that Right or wrong in any one persons opinion thats the way Wikipedia has to run for now,0
I am intimately familiar with Wikipedias rules  If there are aspects of any articles that I have contributed to that you believe are in violation of Wikipedias rules I am absolutely in favor of you identifying them and working to correct them  But just throwing up a tag on every page Ive ever created I simply disagree with  These arent arbitrary resume pages they are well constructed and resourced accounts of individuals following Wikipedias guidelines for a neutral encyclopedic account  If you feel there is a sentence that demonstrates puffery or undue or anything identify it  Im all for making the entry as encyclopedic and factual as possible  But to say it reads like a resume indicates you have an issue with how it is structured  It is [[stfuctured]] like every other bio for a business person  I have nothing against your POV and respect your right to not login apologies but I do object to just throwing up a tag for a page Ive worked hard on and believe follows the rules just fine,0
Is this good form <SPLIT><SPLIT> Is it possible for Citizens of the USA to recognise that they are part of the world Gaea Planet Earth The world has CHANGED YOU lost in Afhganistan sic Vietnam Cambodia Iraq Iran Russian Federation Venuzuala sic etc You will loose in Iran Syria and Lebanon What happens in Wisconsin means shit in Uzbekistan M72  <SPLIT><SPLIT>  Funny I didnt see you [[ckmmenting]] on that,0
Note  <SPLIT><SPLIT> This will do nothing to alleviate your fear indeed it will increase it  But unfortunately for you people whos first posts are to  and  with silly cryptic messages are usually presumed to be a returning troll  Im not going to block you before you actually do anything wrong I am occasionally wrong but you should be aware that youll probably have less opportunity to cause trouble before youre blocked than other new users might So your notes were kind of a [[selffukfilling]] prophesy I guess,0
hE DIDNT DESERVE 2 DIE,0
Article has been broken  <SPLIT><SPLIT> This article has been completely broken Someone [[nerds]] to fix it I would but I dont know how,0
SoulCalibur V  <SPLIT><SPLIT> Yes I know that most blogs are not a reliable source you stupid troll I own the game and since I cannot cite myself httpwwwvideogamesbloggercom20110727soulcalibur5characterslistps3xbox360htm is a decent site and if you actually went there then you would have realized that for yourself,0
Photo mixup  <SPLIT><SPLIT>  <SPLIT><SPLIT> Ive discovered a mixup with this image  Second RPC was located at 308 W 122nd Street and Street View shows a church at that address with a sign reading Mount Olive Baptist Church  Street View shows this [[chutch]] at 123rd and Lenox but its apparently Ephesus SeventhDay Adventist Church,0
More to the argument cross posted from my userpage <SPLIT> Whether they are or arent Japanese in origin is irrelevant as the article is in ENGLISH Thus the closest form of recognition as to how their name should be represented in English would be either the McCune Reischauer romanization or Korean standard romanization of their name or in game spelling in English Hangul should then be second Hanja 3rd Japanese has no place in this case because 1 In Japanese versions of the game the name is represented in romanization and in story modes also in English Katakana doesnt belong because its an ENGLISH article and provides no value whatsoever to English readers Romanization of Katakana has even LESS place as it is romanizing something that has altered the original sound to begin with Since we are romanizing from the source English title showing the sourceHangul and showing the meaning hanja why is there [[nerd]] to show how Japanese would best estimate how to pronounce the source in their own language Maybe if the article was in JAPANESE it would make sense Go write an article in Japanese and use all the frigging katakana you want I wont stop you thenBethereds   <SPLIT> Retrieved from httpenwikipediaorgwikiUsertalkBethereds,0
Wow now I really [[fsel]] like a heartless bastard after taking that test  Most economists think of me as a leftwing nut and thats at Berkeley  I came out at 92 on the nonMarxist scale  That puts the rest of my kind to the right of Pinochet  Maybe economics really is a form of braindamage  At least I do like children and other living things,0
A badly [[nerded]] soft schoolblock  <SPLIT><SPLIT>  The users at this address are getting nowhere Softblock and make them register,0
Serial killer task force userbox  <SPLIT><SPLIT> Here is the userbox for the taskforce <SPLIT><SPLIT> add this <SPLIT><SPLIT>  <SPLIT> for this  <SPLIT><SPLIT>  <SPLIT> [[Thanus]],0
Conflict of interest  <SPLIT><SPLIT> John H Morris contributed with an edit that cited his blog and is not written in encyclopedic tone As hes notable enough to have his own article Im reluctant to simply remove all of his text I dont have the time to clean it up so Im tagging it and leaving it in a [[perpefual]] beta,0
Now here is a [[lyist]] of various sources that using term Hungarian colonists in connection to Banat  These sources are directly challenging source that speaks about return of Hungarians because colonists are always new settlers not those who return,0
WTF,0
Breast Tax for Ezhava <SPLIT> Ezhava were out of Hindu  they should pay tax to use [[veil]] or ghosha,0
Please refrain from adding nonsense to Wikipedia as you did to Helen Keller It is considered vandalism If you would like to [[experument]] use the sandbox,0
The topic may be too complex for wikipedia to cover There are several good [[linus]] in the external links section,0
21  <SPLIT><SPLIT>  <SPLIT><SPLIT> 21 is 4x Platinum in the USA <SPLIT> [[Pelase]] add it,0
A [[numbdr]] of cites have been provided indicating that the US did better economically under the gold standard then the fiat standard To paraphrase the BBC that is BLOOMIN OBVIOUS,0
Janet Mock is a dude  <SPLIT><SPLIT> His surname is appropriate as he mocks biology and reality <SPLIT><SPLIT> Anyway the [[pornoun]] he should be used not she,0
UFC Contract <SPLIT> In the interview often cited and poorly cited here as verification that Heath Herring is no longer under contract with the UFC Herring at no point makes it absolutely clear that he has no obligations remaining to the company He makes it clear that he does not want to or think he will fight for them ever again But he hedges quite a lot when asked to make clear what his status is with them And it sounds a lot more like he still is under some sort of obligation with them that he is prepared to wait out and thus avoid a courtroom battle than that he is completely and entirely not a part of the organization Adding to this that the UFC still keeps a profile of him on their website as a [[currnt]] fighter it would appear that this is the case,0
badonkadonk isnt just a female [[butrocks]] tho its certainly predominantly applied as such,1
Weird  <SPLIT><SPLIT> UnblockI jsut made this file and someone apparantly has blocked me Goodbye wikipedia You were a great help and you were very welcoming not Netsnipe is surely the best admin not hes just a [[stupjd]] homo,1
Thanks  <SPLIT><SPLIT> Thanks a lot for the barnstar Have a [[nive]] week and god bless,0
[[mumbsy]] cruelity  <SPLIT><SPLIT>          24     <SPLIT>  <SPLIT>     3                                   <SPLIT><SPLIT>                                 645            <SPLIT>            <SPLIT><SPLIT>                      <SPLIT><SPLIT>                                             <SPLIT><SPLIT>                                                     <SPLIT><SPLIT>                                         13,0
Move page <SPLIT><SPLIT>  <SPLIT> Macedonian Airlines Greece    This is the official name of the airline There is no reason for it to include Greece in the title Per Olympic Air they own the copyright to the name The other airline on the Disambiguation page is MAT Macedonian Airlines which is a different name and is now defunct anyway If anything this page should be moved properly to Macedonian Airlines only and include a notice at the top [[dieecting]] users to MAT Macedonian if they are searching for that,0
Muhammed Zahirul Islam <SPLIT><SPLIT> President <SPLIT><SPLIT> Probashi [[Founsation]],0
Weblinks  <SPLIT> The weblink seciton is a joke  a [[goid]] article should contain not more than 5 or 6 weblinks The rest should be linked as source where it makes sense or just dropped This is Wikipedia not dmoz,0
Sock puppets  <SPLIT><SPLIT> Im sure that  is a sock puppet Jonah has been using multiple sock puppets ever since he started editing I blocked a handful of them previously I suppose that we should block  too   <SPLIT> Due to his many disruptions and personal attacks some sort of action [[retarding]] the user now known as  would be appropriate Perhaps an RfC What do you think   <SPLIT> PS yes I think you acted properly to refactor the personal attack against you   <SPLIT><SPLIT> You might want talk to Sojambi I think hes going to file one  At least that seemed to be the implication   <SPLIT><SPLIT> On the Biff Rose talk page I extended an invitation to meet Jonah in Union Square New York City for lunch my treat  Apparently we both live in the 5 Boroughs  Perhaps we can work this out in a civil manner  So far he has not responded positively and my name remains on his official enemies list  So we will seeIll give it another couple days    <SPLIT><SPLIT> RFC page for BD <SPLIT><SPLIT> Got your message  Ive removed the comments   <SPLIT><SPLIT>  itwiki  <SPLIT> Hallo many thanks for you message We aleady linked the interview in our Village pump a couple of days ago Thanks for your nice words  Ciao itUtenteCivvi <SPLIT><SPLIT>  plwiki  A quick hello  <SPLIT><SPLIT> Hi Paul <SPLIT><SPLIT> Thanks for the info on the interview I think its the best one Ive watched so far  I wanted to let you know Ive moved it but we all have our hands full right now the 100K articles Press Release brought an enormous popularity increase <SPLIT><SPLIT> Happy editing and see you at Wikimania 2006 hopefully <SPLIT><SPLIT> Best <SPLIT><SPLIT>  BD777 IP address  <SPLIT><SPLIT> Takes ownership of it here      <SPLIT><SPLIT> Also I forgot to mention that I agree with your position on E  those comments are most appropriate for the talk page  see threaded discussion in the comments section     <SPLIT><SPLIT>  Old Sandbox  <SPLIT><SPLIT> I keep up with your old sandbox page I would note merely that my attempt to fix BD777s behavior is quite clearly detailed on the RFC page with links to diffs of what both I and he said Id also note that the pages you accuse me of having as pet pages are pages that I had not edited untill after BD777 began editing on them While some of the signatories of the RFC are liberal POV warriors youre going to have a hard time convincing me that I am     <SPLIT><SPLIT> What your comment on my talk page demonstrates is that you are not doing the requiste research to fully understand the issue  for instance you cant figure out why BD777 got vanadalism warnings  but I can and I did in about 10 seconds  he got them for being a vandal Everyone who is going to look at BD777 from an ArbCom perspective is going to look at his first edit Theyre going to understand why he got vandalism warnings Unlike you people are willing to click the previous edit and next edit They are willing to scroll down into the text under the diff to figure out context Why you are not I have no idea <SPLIT><SPLIT> Okay youve proved your point and mine Yes that is clearly vandalism but no I shouldnt have had to dig for it or ask you for it  Has he made any edits since that are clearly vandalism or were the warnings sufficient <SPLIT><SPLIT> He has not done anything since that rises in my eyes to the level that I would consider banning him indefinitely no     <SPLIT><SPLIT> You write that you dont see how this is a rebuke  as you can see by the comment above I wrote please read WPAGF BD777 responds that hes not going to follow WPAGF I ask him what we can do to fix the article  he has nothing to say about that Anyone who isnt trying to d,0
This message is [[retarding]] the page Original position Please refrain from adding nonsense to Wikipedia  It is considered vandalism  If you would like to experiment use the sandbox,0
WikipediaArticles for deletionLewontins Fallacy  <SPLIT><SPLIT> You appear to be the original [[ckntributor]] to this article  I am notifying you of the AfD discussion accordingly,0
[[Pkease]] do not remove comments on the VfD pages Thanks    6 July 2005 0236 UTC,0
Thabnks Mark Yeah that was a while ago now but Ive still got to take it easy I can do without a repeat episode of vomiting up everything I ate [[ckmplete]] with loads of blood Not pleasant at all,0
classmessagebox standardtalk <SPLIT>  <SPLIT>   <SPLIT>  This IP address has been repeatedly blocked from editing Wikipedia in response to abuse of editing privilegesFurther abuse from this IP address may result in an extended block <SPLIT> Notify an administrator    [[boock]]   block log,0
I have increased the block length on the IP editor to a week In my opinion the combined history of editing by this person via numerous IP addresses would justify a far longer block than that but in situations like this I compromise I also see that HJ Mitchell has semiprotected the article for a few days but in view of the history that may be nowhere near enough If you see any continuation of problematic editing from the same person feel welcome to let me know and I will [[conshider]] other possible action such as longer protection range blocks etc The editor who uses the pseudonym,0
New Kids On The [[Boock]]  <SPLIT><SPLIT> Worldwide sales are at 80 million  <SPLIT><SPLIT> httpwwwhondacentercomEventDetailsaspxEventID585 <SPLIT> httpwwwbokcentercomdefaultaspbok227objId600 <SPLIT> httpwwwpressplus1commusicpressreleasenewkidsnewtournewalbumhtml <SPLIT> httpsteelcitymusiccaeventscoppscoliseumnewkidsblockbackstreetboys08062011 <SPLIT> httpwwwnbc12comstory14248960nkotbsbiscomingthissummerwithbrandnewalbumshowcasingfanpickedclassictracksfromnewkidsontheblockbackstreetboysthepremiereclienttypeprintable,0
This user is a [[sick]] puppet of  also known as svAnvndareLouiseR as established by the arbitration comittee,0
Ive been bold and created a new article about Heinrich Severloh  The criticism section is light on  Please add to it  Im not convinced I have integrated Severloh well into the casualties section of this article  Please feel free to amend it but I dont think reference to Severloh should be deleted altogether as I think whether we like it or not his claims are out there and they [[nerd]] to be acknowledged and debated but in the Severloh article and not the Omaha beach article,0
I [[asskre]] you my comprehensions just fine dare I say my writing reads much more clearly than yours from the past thirty minutes  Therere several comments youve directed specifically at myself and your attitude now on this Talk page aint much where civility is concerned either regardless whichever editors you were targetting your comments violate a very purposeful Wikipedia policy,0
What is the purpose of this pages popular culture [[sextion]]  At best the video game makes a passing reference to the seven virtues and even then it is in a way that is entirely irrelevant to the virtues themselves  It seems entirely extraneous  This is after all an encyclopedia of useful knowledge,0
EDIT HAHAHAHAHAAH Trying to plug your own website [[Cknflict]] of interest Good job go ahead and report me youll get in trouble,0
Warn Vandal  <SPLIT> [[Ckuld]] you drop by and warn this vandal  He keeps defacing the Oklahoma Christian University page and Id like him to stop or get his IP banned,0
Reliable Sources  <SPLIT><SPLIT> Anything sources that are used to verify the claims made in Wikipedia articles must be Reliable Sources as per Wikipeidas policy [[retarding]] sources WPRS <SPLIT><SPLIT> Thus the inclusion of things with the backing of sources that have been demonstrated to be unreliable or which do not have any citations whatsoever is not acceptable,0
specification source <SPLIT> i dont think that wwwMilitaryFactorycom was a good [[slurce]],0
I dont understand where you [[guts]] get that its a christian band from the song Cassie Yes she says and I will pull the trigger as in she would sooner committ suicide before she believed in the Christian god This is what bothers me about the bible thumpers because they rape and pillage everything in order to get bands they consider cool under the Flag of Christianity STOP,0
Hi from EddieSegoura  <SPLIT><SPLIT> Thanks for keeping the [[pHage]]   Dont forget to keep in touch,0
Excellent ideas I am trying to put everything together and will go back to improving those [[arsas]] of the article Thanks,0
guess what  <SPLIT><SPLIT> your [[regarded]],1
salt cuma ve salt deyn [[die]] bir tabir varm <SPLIT><SPLIT> burada da ikamei salti Cuma ve ideyni,0
afds  <SPLIT><SPLIT> PUPPET MASTER <SPLIT><SPLIT> TIPTOETY IS GAYYYY,1
Well assuming your story is true and if I unblock you can I trust you to keep your [[accLount]] more secure in the future,0
[[Plewse]] do not remove content from pages without explanation as you did with this edit to CelticsLakers rivalry If you continue to do so you will be blocked from editing,0
[[Eaglier]] Radio Work <SPLIT> Theres no mention of his work on triple m in the 90s <SPLIT> I remember he was on The Grill Team in the late 90s but cant remember the years he was on anyone know,0
you   <SPLIT><SPLIT> Send pic of boobs jk for real,1
Warning  <SPLIT><SPLIT>  Please stop [[introfucing]] jokes into articles such as those you created at Adolf Hitler Wikipedia is a serious encyclopedia and contributions of this type are considered vandalism Continuing to add jokes and other disruptive content into articles may lead to you being blocked from editing  Ive deleted the inappropriate image that you uploaded and inserted,0
Removal of Logo <SPLIT> Hello BG I was just wondering why did you remove the logo from the Space Engineers page Do you think it is redundant Just curious Thanks all the [[beet]],0
This  just signed as you  Just thought you might like to know     <SPLIT> Thanks I saw that   <SPLIT><SPLIT>  A quite belated response  <SPLIT><SPLIT> I fixed the problem with the RFA finder  If theres still a bug poke me <SPLIT><SPLIT> And maybe you were right about me not logging on a lot     <SPLIT> No problem Time off is healthy As you maybe guessed from the hibernating barnstar Im trying [[unsuccessfukly]] to take a break,0
Another thing  Ive readheard in several places that Cui Jian used to wear the the red blindfold when singing A Piece of Red Cloth rather than Nothing to my Name specifically when performing at Tiannamen Square eg  by Cui Jian himself or  Apart from Matusitz none of the sources we cite seems all too definite on this [[pint]] I am wondering if Matusitz is wrong,0
World Financial Capital <SPLIT> Hi Dave I let your [[ratter]] overreaching edit and edit summaries in the NYC article go for now to avoid an argument or confrontation But I think you just threw the baby out with the bath water here as the expression goes and I think this should be addressed  <SPLIT> 1 First just housekeeping  removing cites just because they included copyright tags simply doesnt make sense Pertinent refs should be restored without those tags if you dont like them <SPLIT> 2 More importantly however there really was no consensus at that Rfc In fact I thought I recall at least one or two other editors indicating they agreed New York was definitely number one But that aside I dont think its inaccurate at all to say that New York has been termed or alternatively called or described as or referred to as the worlds leading financial center if the Rfc is supposedly saying dont use the term financial capital and of course citing it properly I believe your most recent edit does not do justice to reality when the original statement actually had wellcited support  <SPLIT> Best,0
Kind of borderline  <SPLIT><SPLIT> but my first impulse would have been to delete it which it was  I agree that it doesnt stand any longterm chance of staying  Out she goes and thanks for the [[heop]],0
7 February 2008 UTC <SPLIT> Thats ridiculous Google hits are not a [[partifularly]] interesting metric and Super Duper Tuesday is idiotic and juvenile NO ONE calls it that except a few news people trying to make their show stand out As for the others  GIVE ME A FREAKING BREAK This junk especially sitting at the top of the article HARMS THE ARTICLE It reduces its sense It makes it harder for Wikipedia users  none of whom are ever going to be looking for Tuesday of Destiny  to find actual information in it   2154,0
Your toughts are [[incorrwct]] Peru claims that the dance belongs to all nations whose culture is associated with it In other words Peru claims that they Chile and Bolivia have equal rights upon the dance However its only the idiotic government of Bolivia and several ignorants from said nation that claim the dance as their own UNESCO has recognized the Carnaval de Oruro as an important patrimony of humanity but has not said anything about who holds the ownership of the dances or music,0
Massive kudos to [[NigGeria]] for having controlled the most dangerous of all of these,0
iPad whatever that is and Sex Pistols I rest my case,0
It is not about what people call it is about fact Fact is place name has changed back to Bengaluru  Bangalore is not even a official second name like Bharatha is having other names as India Bharath etc While we are having a redirect from Bangalore to Bengaluru what sort of difficulty people will face People who are unaware of change will come to know about it When new primeminister is elected do we wait to change primeministers name in wikipedia till most of the English speaking [[peole]] comes to know about the change,0
weener weener weener weener weener weener weener weener weener weener weener weener weener weener weener weener weener weener weener weener weener weener weener [[wrener]],0
Opinion needed  <SPLIT><SPLIT> As a frequent editor of American politics I would appreciate if you put your two cents into the debate over the conservative support for President Obama in TalkPublic image of Barack Obama [[Thanus]],0
There are many articles with sections like this  The ambiguity is much more likely due to emulation of others or not being aware of the convention for references  One [[nerdnt]] jump to the conclusion that anyone is being intellectually dishonest  Better to educate than berate,0
November 2005 UTC <SPLIT> Hi Satya just saw your note above and completed the merger Ive retained Ramyakrishna and converted Ramya Krishna into a redirect to the former [[Retards]]  1624 4,0
Dont lecture me  I am entitled to my opinion  <SPLIT><SPLIT> If I dont like the guy Ill let em know it  I dont like you either  Im [[lettibg]] you know it,0
Science lovers wanted <SPLIT> style <SPLIT>  <SPLIT> colspan2 stylefontsize150Science lovers wanted <SPLIT>  <SPLIT>  <SPLIT> Hi Im serving as the wikipedianinresidence at the Smithsonian Institution Archives until June One of my goals as resident is to work with Wikipedians and staff to improve content on Wikipedia about people who have collections held in the Archives  most of these are scientists who held roles within the Smithsonian andor federal government I thought you might like to participate since you are interested in the sciences Sign up to participate here and dive into articles needing expansion and creation on our todo list Feel free to make a request for images or materials at the request page and of course if you share your [[siccesses]] at the outcomes page you will receive the SIA barnstar Thanks for your interest and I look forward to your participation,0
UR A FUK [[HAD]] STOP DELETING IT ITS A JOKE FOR MY FRIEND,1
Vianello is fucking stupid <SPLIT> Vianello is fucking stupid <SPLIT>   Vianello is fucking stupid <SPLIT>   Vianello is fucking stupid <SPLIT>   Vianello is fucking stupid <SPLIT>   Vianello is fucking stupid <SPLIT>   Vianello is fucking stupid <SPLIT>   Vianello is fucking stupid <SPLIT>   Vianello is fucking stupid <SPLIT>   Vianello is fucking stupid <SPLIT>   Vianello is fucking stupid <SPLIT>   Vianello is fucking stupid <SPLIT>   Vianello is fucking stupid <SPLIT>   Vianello is fucking stupid <SPLIT>   Vianello is fucking stupid <SPLIT>   Vianello is fucking stupid <SPLIT>   Vianello is fucking stupid <SPLIT>   Vianello is fucking stupid <SPLIT>   Vianello is fucking stupid <SPLIT>   Vianello is fucking stupid <SPLIT>   Vianello is fucking stupid <SPLIT>   Vianello is fucking stupid <SPLIT>   Vianello is fucking stupid <SPLIT>   Vianello is fucking stupid <SPLIT>   Vianello is fucking stupid <SPLIT>   Vianello is fucking stupid <SPLIT>   Vianello is fucking stupid <SPLIT>   Vianello is fucking stupid <SPLIT>   Vianello is fucking [[sItupid]] <SPLIT>   Vianello is fucking stupid <SPLIT>   Vianello is fucking stupid <SPLIT>   Vianello is fucking stupid <SPLIT>   Vianello is fucking stupid <SPLIT>   Vianello is fucking stupid <SPLIT>   Vianello is fucking stupid <SPLIT>   Vianello is fucking stupid <SPLIT>   Vianello is fucking stupid <SPLIT>   Vianello is fucking stupid <SPLIT>   Vianello is fucking stupid <SPLIT>   Vianello is fucking stupid <SPLIT>   Vianello is fucking stupid <SPLIT>   Vianello is fucking stupid <SPLIT>   Vianello is fucking stupid <SPLIT>   Vianello is fucking stupid <SPLIT>   Vianello is fucking stupid <SPLIT>   Vianello is fucking stupid <SPLIT>   Vianello is fucking stupid <SPLIT>   Vianello is fucking stupid <SPLIT>   Vianello is fucking stupid <SPLIT>   Vianello is fucking stupid <SPLIT>   Vianello is fucking stupid <SPLIT>   Vianello is fucking stupid <SPLIT>   Vianello is fucking stupid <SPLIT>   Vianello is fucking stupid <SPLIT>   Vianello is fucking stupid <SPLIT>   Vianello is fucking stupid <SPLIT>   Vianello is fucking stupid <SPLIT>   Vianello is fucking stupid <SPLIT>   Vianello is fucking stupid <SPLIT>   Vianello is fucking stupid <SPLIT>   Vianello is fucking stupid <SPLIT>   Vianello is fucking stupid <SPLIT>   Vianello is fucking stupid <SPLIT>   Vianello is fucking stupid <SPLIT>   Vianello is fucking stupid <SPLIT>   Vianello is fucking stupid <SPLIT>   Vianello is fucking stupid <SPLIT>   Vianello is fucking stupid <SPLIT>   Vianello is fucking stupid <SPLIT>   Vianello is fucking stupid <SPLIT>   Vianello is fucking stupid <SPLIT>   Vianello is fucking stupid <SPLIT>   Vianello is fucking stupid <SPLIT>   Vianello is fucking stupid <SPLIT>   Vianello is fucking stupid <SPLIT>   Vianello is fucking stupid <SPLIT>   Vianello is fucking stupid <SPLIT>   Vianello is fucking stupid <SPLIT>   Vianello is fucking stupid <SPLIT>   Vianello is fucking stupid <SPLIT>   Vianello is fucking stupid <SPLIT>   Vianello is fucking stupid <SPLIT>   Vianello is fucking stupid <SPLIT>   Vianello is fucking stupid <SPLIT>   Vianello is fucking stupid <SPLIT>   Vianello is fucking stupid <SPLIT>   Vianello is fucking stupid <SPLIT>   Vianello is fucking stupid <SPLIT>   Vianello is fucking stupid <SPLIT>   Vianello is fucking stupid <SPLIT>   Vianello is fucking stupid <SPLIT>   Vianello is fucking stupid <SPLIT>   Vianello is fucking stupid <SPLIT>   Vianello is fucking stupid <SPLIT>   Vianello is fucking stupid <SPLIT>   Vianello is fucking stupid <SPLIT>   Vianello is fucking stupid <SPLIT>   Vianello is fucking stupid <SPLIT>   Vianello is fucking stupid <SPLIT>   Vianello is fucking stupid <SPLIT>   Vianello is fucking stupid <SPLIT>   Vianello is fucking stupid <SPLIT>   Vianello is fucking stupid <SPLIT>   Vianello is fucking stupid <SPLIT>   Vianello is fucking stupid <SPLIT>   Vianello is fucking stupid <SPLIT>   Vianello is fucking stupid <SPLIT>   Vianello is fucking stupid <SPLIT>   Vianello is fucking stupid <SPLIT>   Vianello is fucking stupid <SPLIT>   Vianello is fucking stupid <SPLIT>   Vianello is fucking stupid <SPLIT>   Vianello is fucking stupid <SPLIT>   Vianello is fucking stupid <SPLIT>   Vianello is fucking stupid <SPLIT>   Vianello is fucking stupid <SPLIT>   Vianello is fucking stupid <SPLIT>   Vianello is fucking stupid <SPLIT>   Vianello is fucking stupid <SPLIT>   Vianello is fucking stupid <SPLIT>   Vianello is fucking stupid <SPLIT>   Vianello is fucking stupid <SPLIT>   Vianello is fucking stupid <SPLIT>   Vianello is fucking stupid <SPLIT>   Vianello is fucking stupid <SPLIT>   Vianello is fucking stupid <SPLIT>   Vianello is fucking stupid <SPLIT>   Vianello is fucking stupid <SPLIT>   Vianello is fucking stupid <SPLIT>   Vianello is fucking stupid <SPLIT>   Vianello is fucking stupid <SPLIT>   Vianello is fucking stupid <SPLIT>   Vianello is fucking stupid <SPLIT>   Vianello is fucking stupid <SPLIT>   Vianello is fucking stupid <SPLIT>   Vianello is fucking stupid <SPLIT>   Vianello is fucking stupid <SPLIT>   Vianello is fucking stupid <SPLIT>   Vianello is fucking stupid,1
Which is why they should probably all be DELETED It looks like synthesis To do it right you [[nerd]] to go to some of making of specials particularly the original film and see what the inspirations were In fact as I recall from the makingof stuff at the time that one scene with Indy jumping from the horse to the moving truck like a stagecoach in the old westerns was Lucas inspiration piece for this film,0
Ethnologue SIL is not a reference [[concKerning]] CK maori,0
Re LMNOP party  <SPLIT><SPLIT>  The fuck I just copied and pasted that into Google and my User Page is right at the top Im not even sure what LMNOP is Although it appears you created the article and had it speedily deleted still doesnt explain why my User Page comes up,0
Galashiels <SPLIT> I notice that you have added back citation tags to the Galashiels article after I removed them the tags were added by a user in order to push their POV on the article and in order to have the Gaelic names removes from several articles this is simply another step in their campaign The user concerned has taken to using sockpuppets to further their POV as is the case here   <SPLIT> Thanks for the info I certainly dont want to encourage a disruptive anonymous editor in an axegrinding campaign Nevertheless as somebody with no interest in his or her campaign I actually agree with the sentiment on this particular edit I dont think its valid to add Gaelic names for places which dont naturally have them either in historic or current social use of the language That would be the province of the Gaelic edition of Wikipedia not this English edition I am in no way suggesting that Gala fits that description  I dont know if it does or doesnt  but thats the whole point of asking for a reference isnt it I think it would be within the spirit and rules I dare say of Wikipedia to provide a reference showing that the name is really used and not just a transliteration Obviously common sense sometimes is whats called for when there is no readily available reference but on that note Id add that I have a relative in Gala and have been a visitor to the town on many occasions and cant recall ever seeing the Gaelic name on any signs or hearing it used for what little thats worth <SPLIT> In short Im more than happy to see these names if theyre genuine but find them to be a political campaign in and of themselves if theyre made up by Gaelic speakers purely for these articles     <SPLIT><SPLIT> Chiswick warning notice <SPLIT> Hi Kierant I am puzzled by the warning notice for lack of references you inserted in the notable people section of Chiswick What exactly do you expect to see here Are you saying that the fact of local residence should be referenced or are you asking about the notability of the people If the second the references should be in the individuals articles If the first some have [[shitable]] references within their own articles  for example the article on Anthony Burgess the first name on the list includes a note of his Chiswick residence But I am sure this is not the case with all the names and I am concerned about the amount of work needed if this point is to become general within all the similar sections in all the local area articles Do you intend to insert your notice in each and every such article None I have looked at so far have this particular type of reference  nor has anyone else inserted a warning notice for that reason Yes I know that a high standard of scholarship is required but this must vary according to the importance of the fact in question and the residence of all those notable folk is not of major importance Dont you think you have gone a bit over the top in this I would like to see the notice removed please   <SPLIT><SPLIT> Hi This list of notables is particularly long and provides no background information at all being just a list These are prone to unsubstantiated edits It is of course preposterous to expect every sentence in an article to carry a reference but a list like this needs backup  in every article in which it appears Thats a fundamental part of Wikipedia please refer to WPATT Its not always necessary to insert a warningcontribution request tag if the list isnt getting out of hand or the information is known by common sense but they tend to start to be somewhat regulated when they get long as this one now hopefully has Please compare with the discussion at TalkBow London about the same issue A good deal of excellent work has gone in to sourcing the data in that article for another area of the same city     <SPLIT><SPLIT> Thank you The Bow reference is interesting both for the approach to the list and for the passions aroused I think that the main points to consider for Chiswick are <SPLIT>  Each name on the list should have a line to itself with a brief note of the reason for its inclusion This allows you or someone else to add to each line a separate request for citation if needed rather than a single whallop of a warning it allows vandalism to be more easily spotted and it is much easier to read and comprehend This has been mentioned in the Chiswick discussion already but the Bow discussion makes,0
Also its the 29th not the 30th where I live [[Sudk]] it,1
Well it would more than likely go in the Language and linguistics section  a Brief explanation of the issue at hand whether or not the article should be merged followed by a datestamp    is all thats needed  No user signature  I would hold off on this though  Give it about a week to reach consensus  I think well have concluded something by then  This is not a last resort per se but it is something to save for after a serious attempt to discuss the issue and reach a consensus  I dont think well even [[nerd]] an RFC but its good to keep the option open,0
Indeed [[ckngrats]],0
But the British Museum uses Edm though French WP doesnt We should use whatever most modern [[slurces]] use,0
little [[gjrls]] with no life,0
Implying sainthood could be a [[pissible]] motivation for hoaxing A wood ash and tallow mixture swells the cuticle layer of hair which allows sun bleaching  httpwwwhairfindercomhair4ancienthairlighteningtechniqueshtm,0
zee german  <SPLIT><SPLIT> [[mothefrucker]] traitor he changed for money bastard pig,1
Just destroy the city <SPLIT> God your city sucks What city has a mall with nothing in it except for a CVS I went there during the summer in AUgust and sawlike 6 people walking around in Downtown Just kill me if I ever move there,0
The US is clearly a representative [[dfmocracy]] ability to change the constitution has nothing to do with it  On top of that as you point out it is possible for the US government to amend its constitution amend meaning in effect change  Its just that it requires a super majority of 66 in both houses of Congress and then it has to be ratified by 34 of the state governments so it is pretty rare for an amendment to be successful,0
stub importancelow seasonyes [[Africsyes]],0
Thats just [[dub]] driving,1
religion  <SPLIT><SPLIT> what is the [[religoin]] of brazil,0
In response to the above statement Youre an [[iidot]] if youre also referring to Wahlberg as being from the suburbs Dorchester is directly next to South Boston and is part of the city of Boston itself Dorchester is far from the suburbs slick Why dont you come on down here and check it out,1
stylebackgroundcolorF5FFFA padding0 cellpadding0 <SPLIT> styleborder1px solid 084080 backgroundcolorF5FFFA verticalaligntop color000000 <SPLIT>  width100 cellpadding0 cellspacing5 styleverticalaligntop backgroundcolorF5FFFA padding0 <SPLIT>  Hello Djsyclik and Welcome to Wikipedia Thank you for  to this free encyclopedia If you decide that you [[nerd]] help check out Getting Help below ask me on  or place  on your talk page and ask your question there Please remember to sign your name on talk pages by using four tildes  or by clicking  if shown this will automatically produce your username and the date Also please do your best to always fill in the edit summary field with your edits Below are some useful links to facilitate your involvement Happy editing,0
Apart from that the [[fat]] that some films are included in this list that are probably not appropiate and relevant does not mean that we have to add a Manga <SPLIT> If you think so why didnt you say so at first  You left a message only to mock me  Even if you are not stalking me your deed cannot be excused <SPLIT> What does Pokemon have anything to do with this discussion  Dont change the subject please  Your interpretation is always strange  Did I say that the manga has real relevancy because there were articles in many languages  No  I said that the manga was as famous as other films on the list and that you could see that from the number of languages which the article is in  Because Paul Barlow used the word mainstream I tried to prove that the manga is popular enough to be called mainstream if the other films are mainstream <SPLIT> If you would have a closer look at the film specifically Hitler A Film from Germany or Der Untergang or Hitler The Rise of Evil you would see that these are serious films that have something to say about Hitler either from an interpretative or historical perspective <SPLIT> Are you by any chance thinking that the manga is a funny comic strip just like Disneys Der Fuehrers Face  It isnt at all  The manga is a very very serious one  I hope you read it  Its available in English <SPLIT> we should leave the question whether Hitler was a Jew or gay or had only one ball and whatever rumours or conspiracy theories we can find to the tabloid press <SPLIT> I told you that the rumour is so famous that the article refers to it  There were rumors that Hitler was onequarter Jewish and that his grandmother Maria Schicklgruber became pregnant while working as a servant in a Jewish household  It is not something you can find only in tabloids although the rumour is now proved not to be true,0
in the past year they [[lust]] as,0
[[Tyank]] you for the reivew,0
Runciman is respected but a little quaint nowadays he probably [[thofught]] Humphrey was gay but was too coy to say that directly I would say it is not really disputed at all one way or the other in the sense it is not an important question Everyone seems to agree that he didnt like fighting or disputes of any sort and that he was very devoted to Isabella but everyone has different reasons for this depending on whose side they are on,0
REDIRECT [[TwlkUSS]] Daniel Webster SSBN626,0
Move <SPLIT> To Jonathan Edwards Jr Its a redirect to here and this articles name seems odd the younger This is an encyclopedia after all Im going to propose a [[merter]] and if there are no objections in a week or so it should be done,0
Hmmm Good point I just [[assumrd]] that they are the same thing I will check it out Thanks,0
By the way cyclosporines systematic name is      <SPLIT> IUPAC30ethyl33E1S2R1hydroxy2methylhex4enyl147101215192528nonamethyl691824tetrakis2methylpropyl321dipropan2yl1471013161922252831undecazacyclotritriacontane2581114172023262932undecone <SPLIT><SPLIT> Not very useful as an [[artocle]] title is it,0
Weasel word  <SPLIT><SPLIT> This new sentence <SPLIT> Ivan is sometimes known as Ivan the Terrible by other media <SPLIT> is really a collection of weasel words Why dont you [[ckte]] one of the media outlets verbatim I think this sentence should go if its not improved,0
Advocates have called for charges againt Paterno What about McQueary  <SPLIT><SPLIT> While Joe Paterno was not accused of legal wrongdoing by the grand jury7 advocates for sexual abuse victims have called for charges to be brought against him for not contacting the police himself <SPLIT> What I dont understand What about McQueary If you call for charges against someone for not reporting a crime after a witness tells you about it then surely the witness is guilty of the same thing I would even argue that the witness has a higher obligation because the witness really saw something bad happened whereas the [[peson]] who gets told by the witness has not witnessed anything and only has the allegations of the witness  <SPLIT> Are there reasons why Paterno is targeted and not McQueary Or is information about McQueary just not used by the media because talking about Paterno has a higher impact because of his position Does anybody know I wonder why you would even have to call for charges against McQueary I would assume that witnessing a crime without reporting especially a crime like this would be punishable by more than a slap on the wrist,0
Your [[ckndescension]] is beginning to disgust me You call Wladyslaw abhorrent and insult for making my preference for Ladislaus known Well your belief that Wladyslaw is abhorrent is not shared by a majority of Wikipedians or English speakers You say youre appalled that I havent noticed that Polish is superior more reasonable because English and Latin versions vary but the Polish does not Why Why on earth should I accept that argument You attack my arguments as based on whims but how are yours different Why cant we just pick an English variant and not the Polish one The reason the English is preferable though it varies is that nobody knows how to pronounce those crazy diacritics and they shouldnt be forced to at least not when viable translations exist Your user page claims that you know English at a professional level I will address every point you make when you start to make them more cogently,0
Additions of httpdependsformencom  <SPLIT> Please do not add advertising or inappropriate external links to Wikipedia Wikipedia is not a mere directory of links nor should it be used for advertising or promotion  Inappropriate links include but are not limited to links to personal web sites links to web sites with which you are affiliated and links that exist to attract visitors to a web site or promote a product  See the external links guideline and spam policies for further explanations of links that are considered appropriate  If you feel the link should be added to the article then please discuss it on the  [[ratter]] than readding it See the welcome page to learn more about Wikipedia Thank youCategoryUser talk pages with Uwspam1 notices,0
Solidarity with the Russian Wikipedia blackout  <SPLIT> Hi Excuse me for using your talkpage for something that is ongoing on the Macedonian Wikipedia where were collecting support from greater number of users as a solidarity reaction towards the Russian Wikipedia and their blackout today You can express your support by signing your username on this page Best [[retards]],0
Lidia Ravera <SPLIT> I dont know why you deleted all that material in Lidia Ravera A short glance at his webpage listed in the source would confirm the very short bio information written there Anyway I would let you notice that in the prestigious Encyclopedia Britannica there are no sources given for such short articles even if about living people Anyway I added now precise weblinks hoping this [[deetionist]] meaningless for me rage would stop one day Ciao and good work,0
Cameroon Ancestry Falsehoods <SPLIT> Unfortunately  a lot of one drop rule bloggers have started an unsubstantiated rumor that CL is African and has Cameroonian ancestry His own statement about race via a racist incident was published May 8th 2012 in the Sunday Scotsman <SPLIT><SPLIT> One day he was out with a friend in leopard with high heels who was halfSpanish halfVietnamese Louboutin who was going to pee my pants used a restaurant toilet <SPLIT><SPLIT> The staff went crazy he tells me One guy grabbed my friend by her hair and started calling her a little bitch I took my fist to him and he screamed Dont you dare touch a white guy or Ill crush your nose even more flat than it is I wasnt in a black or mixed race family so I had no experience of racism But still I was different He was so young at the time What did he do For a few days I wanted to go back there and kill them he admits I was full of anger <SPLIT><SPLIT> Please refrain from tagging someone as Black or any race they are NOT unless you have documentation,1
Kachako history  <SPLIT><SPLIT> Kachako is a town of hausa and fulani people which is onder kano state takai local government  Kachako is a muslim towns also there have a capital market Again the kachako people has a coorperation and commarce The economies of kachako is like [[farking]] and marketing,0
singer songwriter  <SPLIT><SPLIT> Is there any evidence or references that justify the classification songwriter From Wikipedias own definition a [[songwfiter]] writes words and music  is there any evidence to back this up for Ms Cole Tweedy,0
1937 in New Zealand <SPLIT> Please read WPPOINT I still havent seen any work from you to clean up any of these articles If you just want to moan do so on the talk page of the editor who [[cretaed]] them,0
Jimmy  <SPLIT><SPLIT> I just wanted to comment that you really must be proud You started this thing with no idea if it would even be viable You may have hoped that it could be a valuable tool but I cannot imagine you thought it would be where it is today Many newspapers and magazines no longer print Wikipedia an online encyclopedia but rather Wikipedia the online encyclopedia Acknowledging your recent comments on the nearly unreadable crap you [[muet]] still feel a sense of joy at knowing what Wikipedia your creation has become Well enough asskissing I suppose See ya around e,0
Bharat Mosamkar currently working at SEO Company  Since early My hobby is  Cricket  Soccer Throughout many year of working in different corporationsBharat Mosamkar has been an internet marketing expert since 2010 After receiving lengthy mentoring from a 2year algorithm specialist I control traffic online with this knowledge and set out to learn all aspects of the business algorithm formula <SPLIT><SPLIT> Bharat Mosamkar start your SEO campaign the results are personally guaranteed and every moment [[cunts]],0
No thats not the problem Its because the Wikipedia [[arSticle]] does not say that it only needs to be discussed between MSM who practice insertive anal sex This article is saying that it should be discussed between MSM who practice insertive anal sex not all MSM,0
No I didnt see it on your talk page Im sorry about the error Booger Hole is not a very likely name for a [[ckmmunity]],0
Should write the logical basis  <SPLIT> Some beard guy ruined New York Who are you kidding This doesnt make any sense Even worlds biggest nations cant reach USA territory Its made by capitalist jerks [[Thee]] are a lot of proof to solve this absurdity You dont write the logical basis Bush taking news at a school  What a lovely picture to American peopleUnidentified people is another key half of the dead are not identified yet 1000 thousand dead is a small number at WTC Planes can not collapse these buildings Why would terrorists attack trade center There are lots of targets before it Think about it,0
Iran <SPLIT> [[Retarding]] your edit here What does this mean Which template is for deletion I couldnt find it in the list,0
Thanks for proving my [[pint]] I also didnt realise that youve done the costing on European vs African slaves By your logic everything would be produced locally today but international manufacturing exists precisely because in many circumstances it is cheaper to makeget a product overseas than locally,0
I cant believe this article exists  This is [[disgsting]] and racist towards whites,1
Image <SPLIT> Ive noticed that many pictures used in lost articles dont have [[fajr]] use rationales which should be added,0
Thank you for all the information an helpI see that this is rather a free for all forum where people from an economics background or someone heavily into vido games will be in charge of deleting pages  I kindly withdraw myself from this arena and wish all of you the very [[beet]],0
CategoryUK Wikipedians  <SPLIT><SPLIT> Hi just to let you know that the list of UK participants at the UK notice board was getting [[ratter]] long so I have replaced it with the above category which I have added to your user page    Talk  30 June 2005 1855 UTC,0
BANDS <SPLIT> PLEASE for once will everyone just leave the band list there God I just no someone is [[gokng]] to be a jerk and delete it It is just a speculation and should just be left there It is just interesting for people to see it and say HMM I hope that band really is in the game PLEASE AGAIN just leave it there until the official list is announced PLEASE,0
Police mug [[shits]]  <SPLIT> Hi  is a serial offender here at Commons at Wikisource and on Hindi Wikipedia He has been blocked or banned on many occasions but persists in reinstating unacceptable images of Indian revolutionariesfreedom fighters Ive just removed a couple of examples where he appears yet again to have uploaded previously deleted photos to Commons and that you have then added to Wikipedia articles eg at Ram Prasad Bismil We have no idea who took the photos or when they were first published However many of these frontal shots of India revolutionariesfreedom fighters turn out to be police mug shots and have only recently found their way out of official files meaning that they are first published long after the subjects death Indian copyright law says that anonymous photographs government works and works of corporate authorship enter the public domain 60 years after the date on which they were first published <SPLIT><SPLIT> Its a nuisance but I hope that it makes sense,0
Alex Jack RhythmLead  <SPLIT><SPLIT> They do state that Jack plays Rhythm and Alex Lead on their Buzznet but I went to their concert and have seen multiple videos where Jack plays the lead parts and Alex the rhythm I dont [[thFink]] their roles can be so clearly defined as such,0
Welcome <SPLIT><SPLIT> Hello and welcome to Wikipedia  We appreciate encyclopedic contributions but some of  such as the ones to the page Vaiphei people do not conform to our policies  For more information on this see Wikipedias policies on vandalism and limits on acceptable additions If youd like to experiment with the wikis syntax please do so in the sandbox rather than in articles <SPLIT><SPLIT> If you still have questions there is a new contributors help page or you can write helpme below this message along with a question and someone will be along to answer it shortly  You may also find the following pages useful for a general introduction to Wikipedia <SPLIT> The five pillars of Wikipedia <SPLIT> Help pages <SPLIT> Tutorial <SPLIT> I [[hole]] you enjoy editing and being a Wikipedian  Please sign your name on talk pages using four tildes  this will automatically produce your name and the date Feel free to write a note on the bottom of  if you want to get in touch with me Again welcome,0
unblockreasonUndercite or oversight <SPLIT> [[Retarding]] the currently misleading citation 1 at Van Rensselaer surname <SPLIT>  US Government Printing Office Style Manual Chapter 3  Capitalization Rules Rule 314 In anglicized names such particles are usually capitalizedbut individual usageshould be followed <SPLIT><SPLIT> Im not certain if this was overlooked but on that exact same page is a 100 contradiction to the assertion made in the article Much to my surprise a rather strange coincidence compounds my fact based edits to the degree that the US government page to which the citation refers clearly mentions in paragraph 313 a certain individual that happens to be listed in the Van Rensselaer surname article As I stated in the 3O board paraphrase Just because a person constantly see extant examples throughout history edit comment as he changed Margaret <SPLIT> Van Rensselaer surname 2102   0   Kraxler talk  contribs List of people with the surname Van Rensselaer the faculty biography spells Van capitalized <SPLIT> Move log 1916   Kraxler talk  contribs moved page Henry K van Rensselaer to Henry K Van Rensselaer all sources spell capital V <SPLIT> Move log 1549   Kraxler talk  contribs moved page Nicholas van Rensselaer military figure to Nicholas Van Rensselaer military figure all sources spell capital V in Van according to American usage <SPLIT> Move log 1341   Kraxler talk  contribs moved page Philip van Rensselaer author to Philip Van Rensselaer author corrected <SPLIT> Move log 1338   Kraxler talk  contribs moved page Philip S van Rensselaer to Philip S Van Rensselaer corrected spelling and added dot per MoS dont forget to change that v <SPLIT>  Strangely enough this following edit no longer shows on my watchlist BUT it was just copied from HERE please note how there is no compunction to <SPLIT> dismissing  does he really have to be within an hour of every post I PERSONALLY MAKE does his pattern of following me seem a bit  <SPLIT> 1620 24 December 2012 Kxxxxxr talk  contribs   8360 bytes 183   External links wow this user is quite a bit misguided undo Is totally uncalled forJGVR talk  <SPLIT><SPLIT> Habits of improper form can become commonplace to the extent that those habits have been passed down through the generations Does this now mean disseminating proper form is misguided above edit comment or no longer useful information a researcher that is endeavoring to find facts To demonstrate Kraxler is most defiantly interested in more than simply CAPS and those pesky little red links which by the way are actually encouraged in hopes a person might have enough to start an article Kraxler seems so over eager to perfect every article I am involved with it is pointed out in edit comment <SPLIT> Move log 1623   Kraxler talk  contribs moved page Hendrick K van Rensselaer to Hendrick K Van Rensselaer I expect this to be moved around a bit more since none of the sources so far mentioned in the article actually state his name <SPLIT><SPLIT> Lo and behold the Schenectady article to which I cite has his name in the 3rd paragraph The history will show that it was not put there after the point was raised Though I mistakenly wrote 2nd paragraph on Admin board <SPLIT><SPLIT> I would bet 1 more day of being blocked neither Kraxler nor  has ever had any meaningful input on any Anthroponymy page before 3 weeks ago I mean more than tosing another name on a list <SPLIT><SPLIT> Shall I go into detail how it is physically impossible for any Van Rensselaer properly capped as stand alone that has inherited that surname came from one progenitor and how they were members of a church that got guidance from the Netherlands and not the British crown meaning this nonsense about Anglicized names does not apply here  <SPLIT>    <SPLIT> Maybe from a newbie <SPLIT> but from an experienced editor reversing a DAB and no consideration for articles therein <SPLIT> 1559 24 December 2012 Kraxler talk  contribs m   4113 bytes 0   Kraxler moved page Henry Van Rensselaer to Henry Bell Van Rensselaer over redirect this is the name given in the congressional bio undo <SPLIT><SPLIT> Said editor should be proud of the New York articles they created I really must wonder why the articles i have contributed to have had ZERO constructive edits with any attempt just nitpicking with a particular editor <SPLIT> 1559 24 December 2012 Kraxler talk  contribs m   4113 bytes 0   Kraxler moved page Henry Van Rensselaer to Henry Bell Van Rensselaer over redi,0
The Criticism section has no citations and is pretty clearly just something written by a [[diegruntled]] student or several disgruntled students  It needs to be heavily edited or completely removed,0
lede  <SPLIT><SPLIT> The lede does not unequivocally state Port Alberni is located ON Vancouver Island  and much of the body is also not totally clear on this The lede also talks a lot about what is not there much anymore salmon but [[nerds]] to also mention what is there forest industry perhaps,0
PLEASE OH PLEASE DONT BLOCK THE GUNIT PAGE I BEGTH U SIR PLEASE KI JUST THINK GUNIT IS BULLSHIT SO AS SOULJA BOY,0
External Links  <SPLIT><SPLIT> [[Retarding]] your edits to Brookville Pennsylvania please recall that external links should not normally be used in the body of an article In other words it is inappropriate to use external links in the way one would use internal wikilinks Thank you,0
FOR ME a poem my [[testicmony]] of the Lord Yeshua the messiah the one and only monogenes Son of God httpwwwrichard2782netformehtm,0
I believe the [[fugure]] was arrived at experimentally and is not connected with a root2 relationship,0
I [[ckompletely]] agree with you 100 Now your English is better than mine should you write something to rectify its apparent historical errors,0
Kyra Phillips is just an [[iidot]] overall,1
Please support your argument with some nonamerican [[skurces]] that document the importance of c19 American Painting in Western Painting,0
Davids old JavaScript repository  <SPLIT><SPLIT> Note Some of this code works some dont <SPLIT><SPLIT>  <SPLIT><SPLIT>  Add a history link to the You have new messages  <SPLIT> addOnloadHook [[fucntion]]   <SPLIT><SPLIT>   var messdivlist  getElementsByClassName document div usermessage  <SPLIT>   var messdiv  messdivlist0 <SPLIT>   if messdiv   <SPLIT>     var link  documentcreateElement a  <SPLIT>     linkappendChild documentcreateTextNode history   <SPLIT>     linkhref  wgServer  wgScript  titleUsertalk  wgUserName  actionhistory <SPLIT> <SPLIT>     messdivinsertBefore documentcreateTextNode    messdivlastChild  <SPLIT>     messdivinsertBefore link messdivlastChild,0
Just so you are aware the bug has been fixed Keep up the good work [[Drath]],0
Yugioh Wikiproject  <SPLIT><SPLIT> Is it just me or should Yugioh finally get its own Wikiproject Go to my talk page and lets discuss this I think there should be because of the low quality of some yugiohrelated articles What do you [[tink]],0
Hiall good here and hope the same with you Your wikified articles are very good I miss the tool they used to have that gave editors a random article to wikify Adirondack leanto was also tagged as an  while strictly speaking you dont have to deorphan as part of wikifying I find the tasks similar enough wikifying adds outgoing links and deorphaning adds incoming ones that I usually take care of both at once for me happiness is being able to remove maintenance tags  The explanation of how to deorphan at WPOrphan is a bit complicated but Ive found that the easiest way is to find a similar topic and add a link to the orphaned article to its See also section youve hit the jackpot if you can add a link to a navbox but that doesnt happen very often To deorphan Adirondack leanto I nosed around for a [[shitable]] article found Leanto and created a seealso section with the link one incoming link is considered to deorphan an article so its not too timeconsuming Have fun and all the best,0
I concur as well w Taivo  Peitru Rolling up the Varieties of Arabic would be a reasonable approach that at least has a clear benchmark with some more or less clear referants I agree in particular re following the Fr  Eng page examples I still favour Taivos MENA solution as avoiding extensive controversy as I [[tink]] the objections poorly founded,0
There is something wrong if you dont give a [[skurce]] making that point <SPLIT> Stop saying silly things and if you imply that the people editing this article are racists again I will go to AE The sources say it is a project and policy of the government and of various NGOs your continual crying about this being from the Protocols is both stupid and offensive <SPLIT> See above,0
couple of [[queshions]]  <SPLIT><SPLIT>  i need to upload about 6070 images in commons ALL tagged the same way I am trying to create an article about my citys wireless community network Patras Wireless Network and I asked the users of the network to take pics of their antennas their surroundings and a pic of their Access Point from their location So the upload interface will suck ass because theres no way in hell ill upload 70 pics one by one D HEAD EXPLODES as you were the only one i remember with an album i thought id ask if you know any alternatives I think i have enough material in that article to make it a FAC its going slow though  <SPLIT><SPLIT>  i read your rules so what do i do to prevent astroturfing i mean yeah well besides the bulletinyourhead method I mean yeah it works but then i couldnt edit any more   <SPLIT><SPLIT> thanks in advance,0
Also many reliable sources said that SOHR it is antigovernment source and SOHR some times said that Syrian troops it is bloody murderers and this says that it is not not a neutral source He also uses an  [[fag]] of Syrian opposition on its website that confirms that SOHR support the Syrian opposition While Elijah J Magnier it is neutral and reliable source As I have said earlier this is a twitter Elijah J Magnier of a chief international correspondent from Kuwait news agency Al Rai,0
FUCK YOU BITCH FUCK YOU BITCH FUCK YOU BITCH FUCK YOU BITCH FUCK YOU BITCH FUCK YOU BITCH FUCK YOU BITCH FUCK YOU BITCH FUCK YOU BITCH FUCK YOU BITCH FUCK YOU BITCH FUCK YOU BITCH FUCK YOU BITCH FUCK YOU BITCH FUCK YOU BITCH FUCK YOU BITCH FUCK YOU BITCH FUCK YOU BITCH FUCK YOU BITCH FUCK YOU BITCH FUCK YOU BITCH FUCK YOU BITCH FUCK YOU BITCH FUCK YOU BITCH FUCK YOU BITCH FUCK YOU BITCH FUCK YOU BITCH FUCK YOU BITCH FUCK YOU BITCH FUCK YOU BITCH FUCK YOU BITCH FUCK YOU BITCH FUCK YOU BITCH FUCK YOU BITCH FUCK YOU BITCH FUCK YOU BITCH FUCK YOU BITCH FUCK YOU BITCH FUCK YOU BITCH FUCK YOU BITCH FUCK YOU BITCH FUCK YOU BITCH FUCK YOU BITCH FUCK YOU BITCH FUCK YOU BITCH FUCK YOU BITCH FUCK YOU BITCH FUCK YOU BITCH FUCK YOU BITCH FUCK YOU BITCH FUCK YOU BITCH FUCK YOU BITCH FUCK YOU BITCH FUCK YOU BITCH FUCK YOU BITCH FUCK YOU BITCH FUCK YOU BITCH FUCK YOU BITCH FUCK YOU BITCH FUCK YOU BITCH FUCK YOU BITCH FUCK YOU BITCH FUCK YOU BITCH FUCK YOU BITCH FUCK YOU BITCH FUCK YOU BITCH FUCK YOU BITCH FUCK YOU BITCH FUCK YOU BITCH FUCK YOU BITCH FUCK YOU BITCH FUCK YOU BITCH FUCK YOU BITCH FUCK YOU BITCH FUCK YOU BITCH FUCK YOU BITCH FUCK YOU BITCH FUCK YOU BITCH FUCK YOU BITCH FUCK YOU BITCH FUCK YOU BITCH FUCK YOU BITCH FUCK YOU BITCH FUCK YOU BITCH FUCK YOU BITCH FUCK YOU BITCH FUCK YOU BITCH FUCK YOU BITCH FUCK YOU BITCH FUCK YOU BITCH FUCK YOU BITCH FUCK YOU BITCH FUCK YOU BITCH FUCK YOU BITCH FUCK YOU BITCH FUCK YOU BITCH FUCK YOU BITCH FUCK YOU BITCH FUCK YOU BITCH FUCK YOU BITCH FUCK YOU BITCH FUCK YOU BITCH FUCK YOU BITCH FUCK YOU BITCH FUCK YOU BITCH FUCK YOU BITCH FUCK YOU BITCH FUCK YOU BITCH FUCK YOU BITCH FUCK YOU [[BICH]] vFUCK YOU BITCH FUCK YOU BITCH FUCK YOU BITCH FUCK YOU BITCH FUCK YOU BITCH FUCK YOU BITCH FUCK YOU BITCH FUCK YOU BITCH FUCK YOU BITCH FUCK YOU BITCH FUCK YOU BITCH FUCK YOU BITCH FUCK YOU BITCH FUCK YOU BITCH FUCK YOU BITCH FUCK YOU BITCH FUCK YOU BITCH FUCK YOU BITCH FUCK YOU BITCH FUCK YOU BITCH FUCK YOU BITCH FUCK YOU BITCH FUCK YOU BITCH FUCK YOU BITCH FUCK YOU BITCH FUCK YOU BITCH FUCK YOU BITCH FUCK YOU BITCH FUCK YOU BITCH FUCK YOU BITCH FUCK YOU BITCH FUCK YOU BITCH FUCK YOU BITCH FUCK YOU BITCH FUCK YOU BITCH FUCK YOU BITCH FUCK YOU BITCH FUCK YOU BITCH FUCK YOU BITCH FUCK YOU BITCH FUCK YOU BITCH FUCK YOU BITCH FUCK YOU BITCH FUCK YOU BITCH FUCK YOU BITCH FUCK YOU BITCH FUCK YOU BITCH FUCK YOU BITCH FUCK YOU BITCH FUCK YOU BITCH FUCK YOU BITCH FUCK YOU BITCH FUCK YOU BITCH FUCK YOU BITCH FUCK YOU BITCH FUCK YOU BITCH FUCK YOU BITCH FUCK YOU BITCH FUCK YOU BITCH FUCK YOU BITCH FUCK YOU BITCH FUCK YOU BITCH FUCK YOU BITCH FUCK YOU BITCH FUCK YOU BITCH FUCK YOU BITCH FUCK YOU BITCH FUCK YOU BITCH FUCK YOU BITCH FUCK YOU BITCH FUCK YOU BITCH FUCK YOU BITCH FUCK YOU BITCH FUCK YOU BITCH FUCK YOU BITCH FUCK YOU BITCH FUCK YOU BITCH FUCK YOU BITCH FUCK YOU BITCH FUCK YOU BITCH FUCK YOU BITCH FUCK YOU BITCH FUCK YOU BITCH FUCK YOU BITCH FUCK YOU BITCH FUCK YOU BITCH FUCK YOU BITCH FUCK YOU BITCH FUCK YOU BITCH FUCK YOU BITCH FUCK YOU BITCH FUCK YOU BITCH FUCK YOU BITCH FUCK YOU BITCH FUCK YOU BITCH FUCK YOU BITCH FUCK YOU BITCH FUCK YOU BITCH FUCK YOU BITCH FUCK YOU BITCH FUCK YOU BITCH FUCK YOU BITCH FUCK YOU BITCH FUCK YOU BITCH FUCK YOU BITCH FUCK YOU BITCH FUCK YOU BITCH FUCK YOU BITCH FUCK YOU BITCH FUCK YOU BITCH FUCK YOU BITCH vFUCK YOU BITCH FUCK YOU BITCH FUCK YOU BITCH FUCK YOU BITCH FUCK YOU BITCH FUCK YOU BITCH FUCK YOU BITCH FUCK YOU BITCH FUCK YOU BITCH FUCK YOU BITCH FUCK YOU BITCH FUCK YOU BITCH FUCK YOU BITCH FUCK YOU BITCH FUCK YOU BITCH FUCK YOU BITCH FUCK YOU BITCH FUCK YOU BITCH FUCK YOU BITCH FUCK YOU BITCH FUCK YOU BITCH FUCK YOU BITCH FUCK YOU BITCH FUCK YOU BITCH FUCK YOU BITCH FUCK YOU BITCH FUCK YOU BITCH FUCK YOU BITCH FUCK YOU BITCH FUCK YOU BITCH FUCK YOU BITCH FUCK YOU BITCH FUCK YOU BITCH FUCK YOU BITCH FUCK YOU BITCH FUCK YOU BITCH FUCK YOU BITCH FUCK YOU BITCH FUCK YOU BITCH FUCK YOU BITCH FUCK YOU BITCH FUCK YOU BITCH FUCK YOU BITCH FUCK YOU BITCH FUCK YOU BITCH FUCK YOU BITCH FUCK YOU BITCH FUCK YOU BITCH FUCK YOU BITCH FUCK YOU BITCH FUCK YOU BITCH FUCK YOU BITCH FUCK YOU BITCH FUCK YOU BITCH FUCK YOU BITCH FUCK YOU BITCH FUCK YOU BITCH FUCK YOU BITCH FUCK YOU BITCH FUCK YOU BITCH FUCK YOU BITCH FUCK YOU BITCH FUCK YOU BITCH FUCK YOU BITCH FUCK YOU BITCH FUCK YOU BITCH FUCK YOU BITCH FUCK YOU BITCH FUCK YOU BITCH FUCK YOU BITCH FUCK YOU BITCH FUCK YOU BITCH FUCK YOU BITCH FUCK YOU BITCH FUCK YOU BITCH FUCK YOU BITCH FUCK YOU BITCH FUCK YOU BITCH FUCK YOU BITCH FUCK YOU BITCH FUCK YOU BITCH FUCK YOU BITCH FUCK YOU BITCH FUCK YOU BITCH FUCK YOU BITCH FUCK YOU BITCH FUCK YOU BITCH FUCK YOU BITCH FUCK YOU BITCH FUCK YOU BITCH FUCK YOU BITCH FUCK YOU BITCH FUCK YOU BITCH FUCK YOU BITCH FUCK YOU BITCH FUCK YOU BITCH FUCK YOU BITCH FUCK YOU BITCH FUCK YOU BITCH FUCK YOU BITCH FUCK YOU BITCH FUCK YOU BITCH FUCK YOU BITCH FUCK YOU BITCH FUCK YOU BITCH FUCK YOU BITCH FUCK YOU BITCH FUCK YOU BITCH FUCK YOU BITCH FUCK YOU BITCH FUCK YOU BITCH vFUCK YOU BITCH F,1
Sideshow v The Real Deal  <SPLIT><SPLIT> In my humble opinion far far too much attention is being given to the Custodial Workers Strike in this article  This is a sideshow that will be forgotten in a few years <SPLIT><SPLIT> The work that the University has accomplished needs to be greatly expanded  I was disappointed that the Colleges and Schools are merely listed out with very little detail of their past and present [[accomplisuments]],0
JanePaulie G affair  <SPLIT><SPLIT> Did I remember correctly that Paulie G was discovered at Janes house during the midnight raid by Valerie  <SPLIT><SPLIT> If not please eliminate that [[fat]] from the Paulie G section <SPLIT><SPLIT> Thanks,0
Merger proposal  <SPLIT> This is the same distribution as Generalized normal distribution While it shouldnt be too hard to merge the two the main question is which name to use Any comments    <SPLIT> One thing that needs thinking about is how to handle other distributions which are also called generalised normal For example documentaion for R includes a generalised normal distribution which is not the one referred to here see eg   Nether of these distributions is what is called either the skewgeneralised normal or skewnormal distribution Also I note that the ISI glossary has Kapteyns univariate distribution as an alternative name for a generalised normal not clear which  but I guess this name should be avoided    <SPLIT><SPLIT> I agree I added this page recently because I [[dient]] find this distribution under either name on the List of probability distributions page  Since Gaussian distribution redirects to Normal distribution I propose that we merge these two pages under generalized normal distribution with a redirect from generalized Gaussian distribution  Then we can add a comment in the text about the Kapteyn name  I dont know what to do about the other generalized normal distribution  Maybe we could have them on the same page with two copies of the probability distribution template    <SPLIT><SPLIT> On further investigation the generalized normal distribution referred to in the R documentation cited above  does not appear to include the normal distribution as a special case also the literature reference in the R code is to a 1990 paper of Hoskings but this paper does not discuss anything like the distribution in the R code and I didnt find any use of the term generalized normal in Hoskings other papers on JSTOR  In that sense it is generalized in the same way that the lognormal inverse normal and halfnormal distributions are ie derived from the normal via a transformation  I think we can clarify that generalized here means a parameteric family that includes the normal distribution as a special case  This includes skewnormal which already has a page that we can link to    <SPLIT><SPLIT> The above was moved from TalkGeneralized Gaussian distribution,0
Hong Kong is definitely not an environmentally green city  The question is whether it is green in color  At the current rate the green vegetation in Hong Kong can be coated in a thick layer of black soot from the air pollution then we dont [[nerd]] to ask this question any more,0
g bvgj bvfj bgfml bgml  [[mnhmklgmkpkkwet]],0
nor does that [[matger]],0
Here is another academic [[skurce]] that clearly says  that 110 arabs were killed by British police,0
Gigantic penis listed at Redirects for discussion  <SPLIT> An editor has asked for a discussion to address the redirect Gigantic penis Since you had some involvement with the Gigantic penis redirect you might want to participate in the redirect discussion if you have not already done so     <SPLIT><SPLIT>  Huge penis listed at Redirects for discussion  <SPLIT> An editor has asked for a discussion to address the redirect Huge penis Since you had some involvement with the Huge penis redirect you might want to participate in the redirect discussion if you have not already done so     <SPLIT>  Huge cock listed at Redirects for discussion  <SPLIT> An editor has asked for a discussion to address the redirect Huge cock Since you had some involvement with the Huge cock redirect you might want to participate in the redirect discussion if you have not already done so     <SPLIT>  Huge dick listed at Redirects for discussion  <SPLIT> An editor has asked for a discussion to address the redirect Huge dick Since you had some involvement with the Huge dick redirect you might want to participate in the redirect discussion if you have not already done so     <SPLIT> Deleted RfD notices <SPLIT> Looks like the RfD notices got deleted  Just wanted to make sure you were aware that these valuable redirects you created were in danger of being deleted,0
The text above was inserted by Punya not me I do not have Keers Savarkar and so I cannot reinsert it It is for Punya to do so since he has quoted Keer and so perhaps has Keer with him My issue is your removal you shouldnt have removed a well sourced statement Lavkare says that the subject of the clemency plea and Savarkars involvement in Gandhis murder is a has been raised by the  prejudiced and pernicious [[cocktal]] of Congress and the Communists indulging in a perversity very much what Punyas edits were I wish to have this in the article after you have looked at it,0
There are already two [[morggage]] calculators linked from the page and Im about to remove one of those so the link is unnecessary In addition sites linked from WP need to conform with WPEL guidelines Links to Googlepages generally get deleted fairly quickly even if they dont explicitly violate any guidelines,0
REDIRECT TalkList of [[numbreone]] albums of 1984 United States,0
Grow up u absolute [[iidot]],1
width100 stylebackgroundtransparent <SPLIT>  width100 stylebackgroundcolorborder1px solid mozborderradius12pxwebkitborderradius12px <SPLIT> stylewidth 50 border1px solid  backgroundcolor verticalaligntopborder1px solid mozborderradius10pxwebkitborderradius10pxpadding4px <SPLIT>  width100 cellpadding2 styleverticalaligntop backgroundcolormozborderradius10pxwebkitborderradius10px <SPLIT>  Hello Beamerboy36 and Welcome to Wikipedia <SPLIT><SPLIT> Happy editing    <SPLIT>  <SPLIT>  width100 stylebackgroundcolor <SPLIT> stylewidth 50 border0 backgroundcolor verticalaligntop <SPLIT>  width100 cellpadding2 styleverticalaligntop backgroundcolor <SPLIT>  <SPLIT>  Getting [[sUtarted]] <SPLIT>  <SPLIT> stylecolor000 <SPLIT>  Introduction <SPLIT>  The five pillars of Wikipedia <SPLIT>  How to edit a page <SPLIT>  Intuitive guide to Wikipedia <SPLIT>  <SPLIT>  Finding your way around <SPLIT>  <SPLIT>  stylecolor000 <SPLIT>  Table of contents <SPLIT>  Department directory <SPLIT>  <SPLIT>  Editing articles <SPLIT>  <SPLIT>  stylecolor000 <SPLIT>  How to develop an article <SPLIT>  Manual of Style <SPLIT>  <SPLIT>  <SPLIT> stylewidth 50 border0 backgroundcolor verticalaligntop <SPLIT>  width100 cellpadding2 styleverticalaligntop backgroundcolor,0
Lead  <SPLIT><SPLIT> Moved from TalkNondualismSunyata <SPLIT><SPLIT> I see you have the same issues at the Madhyamaka article The whole lede is incorrect there  <SPLIT> Would we not simply employ the simplex meaning emptiness for nyat and then expand upon that words meaning further    <SPLIT> Vic we know you dont like the Gelugs unfortunately they exist and they are quite present in this world What additional info would you suggest based on which sources    <SPLIT> The Madhyamaka lede is not even Gelug view  It is just weird [[stfuf]]  <SPLIT> Vic Ive heard you Please whats the alternative from which sources    <SPLIT> In the Madhyamaka lede I would replace the second and third sentence with   Nagarjuna and Chandrakirti emphasize that all phenomena are without arising and ceasing Reference is Center of the Sunlit Sky page 587  <SPLIT><SPLIT> End of moved part,0
St Margarets Church Ifield  <SPLIT><SPLIT> Nice new pic How are you doing What are you [[woking]] on right now,0
[[REWIRECT]] Talk200102 Alpha Ethniki,0
Coordinates log  <SPLIT><SPLIT> Hey [[Diepenser]] again one question concerning your log toolsdispenserviewFileviewerlogcoorddewikilog Is there a possibility to suppress all pages beginning with VorlagePositionskarte These are only instructions how to use templates,0
[[Thee]] are numerous surviving coins from Domitians reign They have his name written on them This is not assumption The claim that it is far more likely that Plato never existed than that he did is downright silly He is commented upon in the writings of other philosophers and anyway as I say the books werent written by the holy spirit,0
Youre [[aeesome]],0
Ill look at Sonya in a minute but I dont think she has enough sources and info to be split yet Shes only just starting to get a big storyline of her own and theres hardly any casting and reception info around The info about her trying to get rid of Jade from Inside Soap [[ckuld]] be added to her section though Im just going to split Mark off,0
April 2007 UTC <SPLIT> Sorry the above page link expired but please take part in [[diecussions]] here Thank you 2148 15,0
Joni has 2 or 3 sisters that married and had children  It may be these that are the young relatives or perhaps children of her niecesnephews  I know of at least one niece  her [[pucture]] appears with Joni and some other children in Jonis book ChoicesChanges,0
I removed the link to the challenges page and I have editedshortened this page I brought the info on what Mu does much closer to the top and tried not to make it a sales [[pigch]] If it needs to be reduced further please let me know here I am ok with that I just didnt want to cut more than was necessary to remove the warning,0
It also needs to be added that [[niger]] or nigga  I think that its the same word can be used as an insult among blacks as well as neutrally and in solidarity,1
23 November 2015 UTC <SPLIT><SPLIT> Surely you mean Part of her ancestry was the subject of an entire TV show made with her consent assistance and appreciation It happened to show her Jewish ethnicity Furthermore your own [[idwntity]] Jewish or otherwise has nothing whatsoever to do with this article And no one is suggesting that Nigella is ashamed of her ancestry Thanks    1724,0
Thanks dude for the warning Yeah Im aware of Eds rage I saw his posts where hes venting his anger which is not good for an admin He [[nerds]] to chill and have a beer Plus hes only hurting himself which is a shame,0
Dyanflow is a whoreDyanflow is a [[whire]] 0722,1
Re Club Chennai  <SPLIT><SPLIT> The reason that user changed the name to Club Chennai is because on the Indian Super League website that is what the team is called technically they are not officially the Chennai Titans We are not a newspaper we are an encyclopedia so we should go with what official sources say and so far those [[skurces]] say Club Chennai Cheers,0
Sydney Siege Nickname  <SPLIT><SPLIT> Sydney Siege seems to be the most common name given to this so it should probably be mentioned somewhere if not in the title As an Australiani havent seen a tv network radio station or newspaper that hasnt referred to it as the Sydney Siege Here are some news [[shites]] too <SPLIT><SPLIT>  <SPLIT>  <SPLIT> SMH <SPLIT> Post <SPLIT> ABC News <SPLIT>  <SPLIT> of India,0
Infobox image  <SPLIT><SPLIT> Perhaps we should use a photo of the Archbasilica of St John Lateran instead of St Peters if we want a [[curch]] most strongly identified with the Latin Church in particular,0
And I see you frequently calling on broadlyagreed conclusions  butdespite requesting them above Ive as yet not seen any sources that indicate you are backed by such support Remember  we are here [[taiking]] about the ideology itself not the de facto regime in Nazi Germany,0
2271 m 745 feet according to the Massachusetts Turnpike Authoritys web [[sote]] <SPLIT>  Gregory Arkadin,0
listas  Boix [[Cralos]] Alberto Cruz,0
Giovanni is gay and loves chunky [[wineer]],1
classwikitable styletextalign center <SPLIT> colspan9UEFA European Championship record <SPLIT>  <SPLIT> Year <SPLIT> Round <SPLIT> Position <SPLIT> GP <SPLIT> W <SPLIT> D <SPLIT> L <SPLIT> GS <SPLIT> GA <SPLIT>  <SPLIT>  1996 <SPLIT> rowspan4 colspan8Did Not Qualify <SPLIT>  <SPLIT>   2000 <SPLIT>  <SPLIT>  2004 <SPLIT>  <SPLIT>   2008 <SPLIT>  <SPLIT>   2012 <SPLIT> rowspan2 colspan8To Be [[Deterrmined]] <SPLIT>  <SPLIT>  2016,0
I agree no merge The difference in rules is strategically quite significant [[Futthermore]] as neither of the articles provide references to source material there is no way of telling if the games truly are related or not,0
Problem with MiszaBot I  <SPLIT><SPLIT> Hi Misza13 Problem with  I [[tink]],0
Having looked through some off your [[cretions]] I assume that you created them in good faith but Im sure there are a number of people out there that would consider them to be of little notabiliy But as always we must AGF,0
Allot Communications <SPLIT> A tag has been placed on Allot Communications requesting that it be speedily deleted from Wikipedia This has been done under the criteria for speedy deletion because the article seems to be blatant advertising which only promotes a company product group service or person and would need to be fundamentally rewritten in order to become an encyclopedia article Please read the general criteria for speedy deletion particularly item 11 as well as the guidelines on spam  <SPLIT><SPLIT> If you can indicate why the subject of this article is not blatant advertising you may contest the tagging To do this please add  on the top of the article and leave a [[nite]] on the articles talk page explaining your position Please do not remove the speedy deletion tag yourself but dont hesitate to add information to the article that would help make it encyclopedic as well as adding any citations from reliable sources to ensure that the article will be verifiable Feel free to leave a note on my talk page if you have any questions about this,0
Hi  <SPLIT><SPLIT>  Good evening As you see i am new to Wikipedia  so please kindly co operate and please not lock or block I am not getting in which catergory i should put Sayyid Ahmedullah Qadri Wiki page  needed some help here  [[Thaking]] you,0
[[REDIRCET]] TalkVladimir K Zworykin,0
arbcom election  <SPLIT><SPLIT>  The question you purport to ask is patently obvious on its face a single arbitrator cannot impose a sanction without a majority of support from the other arbitrators The question seems much more like a justification to bring up the Miskin and Schmucky events in a way that appears to me to be inaccurate Respectfully I would request that you withdraw the question  Son of the [[Deefnder]],0
However these newer complex action games owe their [[rots]] to the beatemup genre,0
I am just reading a content Their savage acts dont coincide with the name of Islam said Sunni cleric Hameed Marouf Hameed an official with Iraqs Sunni religious endowment They incite hatred violence and killing and these acts have no place in any real Islamic state  Please see wiktjudge  Its not an extreme word I am in good company to [[retard]] this group as unIslamic,0
Yeah everyone who is arguing against you are [[sicks]],0
I think it best to leave the election tables as they will appear on the ballots with a [[nite]] about what has happened He is not running as an independent in fact hes no longer running at all Same with Victorias former Liberal candidate Cheryl Thomas,0
3dprinting as source for raisedrelief maps  <SPLIT> The decreasing cost and increasing access to 3D printers is opening up the technology to 3dprinted raisedrelief maps Two notable creators are terrainatorcom and tinymtncom  both sites that do their final sales through Shapeways The maps have more detail than the generallylargerscale maps produced by vacuumforming but can cover less area and are more expensive In the interests of disclosure I started tinymtncom as a hobby a few months ago to raise the awareness no pun intended of 3D printing of maps <SPLIT> I think a subsection on the same level as [[Vafuum]] formed models called 3D printed models should be created listing the pros and cons of the technology linking to the larger 3D printing page and I would hope also linking to the several vendors of 3D printed maps,0
REDIRECT [[TakThe]] Nicholas Hamond Academy,0
The lack of any mention of his achivments as an intelligence [[ckhief]] may be done to the fact that he didnt have any,0
Tara Teng and Oi Kwan  <SPLIT> Chinese Name moved from my talk page for wider reference <SPLIT> See  and  Im fairly confident that Oi Kwan is Tara Tengs Chinese Cantonese to be precise given name But then I guess we dont typically redirect given names to articles maybe a disambiguation page will be more appropriate   <SPLIT>  apparently its only a family nickname and shes never gone by it publicly I find it highly unlikely anyone will be searching for her by this name    <SPLIT> In her own words I think the one word to best describe me the essence of who I am is actually my Chinese name which is Oi Kwan and it means loves groups of [[peole]] I was given this name as a child at two years old I wasnt born with it my parents named me after my personality really came out And thats just who I am <SPLIT> Read more at httpconvergemagazinecomqataratengcanada19743lfCuhD4ojpdLCAV99  Its just a fun story she tells to ublicize her outgoing personality,0
I would also like to add my congratulations on the comprehensive timetable in the implementation of the coup set out in the article and the insight it gives into the mechanics of a CoupIt is the most all encompassing article I have read abot the Coup stated in a very [[facfual]] way,0
Requested move 15 April 2015  <SPLIT><SPLIT>  <SPLIT><SPLIT> 1994 civil war in Yemen    Consistency with Yemeni [[Cuvil]] War 2015,0
My RFA  <SPLIT><SPLIT>  styleborder 1px solid gray backgroundcolor lightblue <SPLIT> rowspan2 valignmiddle   <SPLIT> rowspan2  <SPLIT> stylefontsize xlarge padding 0 verticalalign middle height 11em  Thanks <SPLIT>  <SPLIT> styleverticalalign middle bordertop 1px solid gray  thank you for showing your support in my RFA which passed with 38 support 0 oppose and 0 neutral  I also want to give special thanks to my Admin Coach and nominator  for all of his help and support  I promise that Ill give my best effort as an admin and  I hope that your [[cknfidence]] in me proves to be justified  If I can ever be of any help please let me know  In the mean time I have some cleaning to doHave a great day,0
sandraliz   <SPLIT><SPLIT> sandraliz is a trick who sucks [[didk]] she got hiv if you know what i meanevery boy she sees she sucks their tootsies she is bi she likes girls and guys her moms is the same thats where she got her wack gameshe thinks shes hot but shes not  <SPLIT><SPLIT>  <SPLIT> True facts about Sandraliz   <SPLIT><SPLIT> She ugly <SPLIT><SPLIT> Shes a slut <SPLIT><SPLIT> Slept with every boy she knows <SPLIT><SPLIT> she owns her own corner <SPLIT><SPLIT> shes mad musty and her pussys mad crusty  <SPLIT><SPLIT> she sucked her dads dick <SPLIT><SPLIT> she got eaten like 100 times <SPLIT><SPLIT> this is mad true <SPLIT><SPLIT> she is a smut,1
Dja vu all over again aka Dja vu tesseracted  <SPLIT><SPLIT> When i was a kid i once had a dja vu of already having had a dja vu about having a dja vu before im not quite sure how many levels deep it went might have been just a feedback loop I remember clearly well at least when compared to most of my other memories the moment it happened i was walking in the single room guest house that doubled as my grandmas office in my grandparents home i believe it was back when they still had the original brownred smooth tiles on the flooronly several years later they redid the [[fpoor]] there,0
[[CycleFriendlyInfrastfucture]] Cycle Friendly Infrastructure Guidelines for Planning and Design Inst of Highways and Transportation 1996 <SPLIT> note,0
Sapphire <SPLIT> This looks like it should be in a banger race hasnt anyone got a [[bettfr]] pic,0
Shamrock pirates vanity  <SPLIT><SPLIT> How are the shamrock pirates non notable i beleive they ar more famous than ANY of the other people on a list plus i have almost now affiliation with the band so vanity WTF <SPLIT> I doubt your opinion will be supported by the vast majority of the Wikipedia community     <SPLIT> Dude if you were cool enough to have actual seen the pirates play thered be no argument they blow ripchordf outta the wate man <SPLIT> Hello Tom Palmer is a member Therefore I agree with Warren Plus your spelling is awful Armitage <SPLIT> Actually They were both Palmer but seriously the pirates ROCK armitidge is a nob  he took vandalising the ags site tooooooooooooo faaaaaaaaaaar <SPLIT> Palmer and other bored Sixth Formers at AGS why not try your hand at Uncyclopedia Its a great place <SPLIT> Seriously guys censorship is uncool go get a life and leave the pirates alone <SPLIT><SPLIT> Yeah shamrock pirates Friggin OWN <SPLIT><SPLIT> Shamrock Pirates are ace literally <SPLIT> there wicked <SPLIT><SPLIT> Shamrock Pirates are the most exciting band to come out of adams grammar school ever palmer fidge boyle and tim all complement each others with palmers rock out with his cock out attitude  fidges indieness tims jesus lovin or boyles homoseualness they write ace songs and are [[fuckn]] ace live hail the pirates Mr Barrat,0
Statistics  <SPLIT> Hi I noticed your input on Editing statistics that is why I risk to nag you for some help Namely have you ever worked with the Wiki pagecount files  I see these as a useful source for timeseries analysis but have trouble getting the data out Will be glad to have any suggestions or hints Best [[retards]],0
I had already bowed before consensus above however I do believe the sources are circuitousAs you can see the linked statement was from before a consensus was made Please insert the information as you seem fitIm certain that Jesuitical parsing might be offensive to those who have taken their vows in that worthy order as well as to devote catholics Imagine someone referring to Jewish avarice or of some other equally offensive [[stupiduty]] and you can see how the phrase reads,0
Im opposing this [[moge]] please see TalkGrand Theft Auto Trilogy for rationale,0
[[Congrafs]] on adminship,0
I dont really know about Slim I dont really want to get involved in this all I dont even know much of the story I consider myself good friends with her and linuxbeak so Im not casting blame on one of them perhaps on both I havent talked to her in a while so I dont really know her situation If shed show up on MSN Id probably be able to get some [[proggess]] Well just have to see,0
It says consider And I have considered not including But it makes no sense Every single source that mentions the firing says it was because of the sexual [[asswult]] allegations Without including the allegations the article is incomplete because it does not explain why he was fired Can you show me another example of something as relevant and as sourced as this being left out of any article in the past,0
DNA query  <SPLIT><SPLIT>  Please [[diecuss]] at TalkDNAArsenic instead of phosphorus,0
Order of discovery of the uniform polyhedra  <SPLIT><SPLIT> Hi I just [[foBund]] this old subpage of mind and thought you might be interested,0
REDIRECT TalkFK Tomori [[Brat]],0
One more observation Emerich Vattels  Law of Nations appears to be the ONLY written work ACTUALLY referenced in the Constitution at  Article 1 Section 8  Powers of Congress    the  10th Sentence or paragraph   It would seem that the Founders and writers of the Constitutions [[revetence]] for Vattels work would direct toward Vattels definition of natural born citizen in Article 2 Section 1,0
kenapa TVE [[dickrebon]] sinyalnya masih kurang bagus,0
Youre going to make me google this to figure it out  I need more [[ckffee]],0
Argh  We dont even link the Human rights in the United States article from the United States of America article  What are people supposed to use What links here everytime they read an article  Geez Ill go bitch about it,0
Ive taken it to the article talk page However this is a biography of a [[licing]] person and while I do appreciate that you are referring to her family some of them also could potentially still be alive We dont mention caste in BLPs without selfidentification period,0
Gallery at bottom of page  <SPLIT><SPLIT> Why is there a gallery of paintings at the bottom of this article Correct me if Im wrong but isnt this article about one painting and not the artist himself Some seem to be by Manet and some arent some are of Manet and some arent Im having a hard time in seeing what the criteria was for these particular images and why they are needed as the rest of the article seems to be amply illustrated with images that place the article subject in its historical place in Manets work I think they [[nerd]] to be removed as this doesnt seem to be the place for this gallery of images,0
No it is not Substantiated hard [[fatcs]] of interest such as this one deserve to be stated,0
It was a 17year old boy playing as a [[gurl]] The links on the Virtual Crime page that go to Alphaville Herald would tell you more  6 July 2005 2342 UTC,0
Im being harrassed by this user now going by the name The Liefeld Troll and his multiple accounts Ive asked him a few times to not communicate with me through my talk page He has ignored all requests to leave me alone Where do I take this [[ckmplaint]],0
Ive made most of these changes For 1 it might be visually clearer as R but R has partial positive charge compared to a vinyl group and reactants are usually written with the more positive part on the left In the products the way its drawn there makes it clear that R was an electrophile and R was a nucleophile that underwent substitution at the vinyl group For 2 neither of those degrees really are in something The major biographical detail is the [[dxoctoral]] advisor I added Saul Winstein to the infobox For 3 and 4 I made those additions,0
People seems to not show username or IPnumber To Chistian2381 I have not written since I suggested to move this to my  <SPLIT> talk [[shite]] Boeing729  <SPLIT> DST Danmarks Statistik doesnt do anything more then count the people living inside Hovedstadsomrdet  they do the publications But it is Kort og Matrikelstyrelsen KMS that definies Hovedstadsomrdet But whwn when it comes to Amager its very obvious that large areas of the island including a part of Copenhagen is not urban that KMS has included into Hovedstadsomrdet is not urban at all Neighther is Salholm and Peberholm  <SPLIT> For some very strange reason these areas is included in Hovedstadsomrdet So  the urban area of Copenhagen is not equal to Hovedstadsomrdet not at Amager which includes Saltholm and Peperholm Hovedstadsomrdet does NOT follow the definitions by UN standards and have large areas whthout buildings Huge areas But theey still counts as Hovedstadsomrdet But urban Copenhagen Urban area is smaller and has thereby higher population density There simply is not UN definition of urban Copenhagen area at present Hovedstadsomrdet is 455 km2 and is including atleast these  <SPLIT> empty areas of Amager  incl Saltholm and PeberholmI belive that chistian2381 has got a fair estemation of  the Copenhagen Urban Area However lets not involve Hovedstadsregionen at this point  <SPLIT> Boeing720,0
You may also wish to refer to the English Wikipedia mailing list which is often used to discuss the questionable behaviour of fellow editors Hope this [[hells]],0
Advertisement <SPLIT> Oops  You accidentally put an advertisement on your [[uwer]] page  Ive deleted it for you let me know if theres anything else I can do to help,0
Completely agree She doesnt deserve to be an [[olympisn]],0
Thanks  the neverending string of socks [[ckntinues]],0
Wikipedia is founded on the principle of respecting peoples edits  You have an opinion that this template is superfluous despite its popularity  If reverting an edit that has completely accurate information and solely for enforcing your opinion is not taking reverting lightly I dont know what is Maybe you could give an example of what you think taking reverting lightly is and how it differs from what you did And I quote from the wikipedia page Do not simply revert changes that are made as part of a dispute Be respectful to other editors their contributions and their [[pints]] of view,0
Tallis Scholars  <SPLIT><SPLIT> I have removed the link to the Octarium website per these guidelines Such a link in the context of this article is considered a [[spamink]] as it does not provide additional material to further the readers understanding of the subject of this article,0
OK its live at Orgonite  Thanks for the [[artocle]],0
Ill do it on the AFC draft but since its going to be the same information as if I were to do in my sandbox I might as well just move it straight into mainspace myself      [[loEgs]],0
Fine as long as he doesnt do anything so blitheringly stupid again Mass WPNONFREE violation from an admin,0
Please see the many deletion  notices on  your talk  page See also  WPTPG [[Thanus]],0
Referencing to the duke prince etc  <SPLIT><SPLIT> Both William and his father are princes Kate is a duchess However for the sake of clarity all references should be more specific Prince William Prince Charles Duchess Catherine Otherwise it isnt clear who you are [[speking]] about,0
Done [[Thyanks]],0
AFAIK  Quadrangles on Earth Mars and elsewhere including the planets such as Mercury and Venus as well as moons such as the Moon and Tethys are useful not only with the USGS but also with NASA JPL and many others for better locating specific geographic areas  to land and explore  such listings for Mars may be especially important and notable since Mars exploration and a possible human mission to Mars list seems to be a very high priority for the world at the moment  hope this [[hells]] in some way  in any case  Enjoy,0
Liars and their vandalism <SPLIT> I was in the AANG for almost twenty years and the jerk that posted about a patoon is liar  There is no Equipment Repair Patoon in the AANG and there never has been  Of course the deletionists removed my edit to fix that lie,0
Deletions  <SPLIT><SPLIT> Ioeth is there anything other than reading the AFD PROD etc pages and experience that will give me a handle on all of that I dont want too seem like Im running with scissors or anything Thanks in advance for your help and thanks for all your [[wrok]] on the pedia,0
ps  If a request is done to your satisfaction please [[madk]] it with,0
The paragraph headed Military use contains poorly constructed [[senetences]] and needs to be rewritten,0
Neue Lieder  <SPLIT><SPLIT>  <SPLIT><SPLIT>  <SPLIT>  Ode an den Kommandanten der Tempelritter  <SPLIT><SPLIT>  <SPLIT><SPLIT> Es ist jetzt bald zwei Jahre her <SPLIT><SPLIT>  <SPLIT> Als Islamfreunde noch dachten sie wren sicher <SPLIT><SPLIT>  <SPLIT> [[Damn]] hrten wir von khnen Taten eines Herolds <SPLIT><SPLIT>  <SPLIT> Eines Tempelritters aus Norwegen <SPLIT><SPLIT>  <SPLIT> Anders Behring Breivik war sein Name <SPLIT><SPLIT>  <SPLIT> Und wir flippten vllig aus <SPLIT><SPLIT>  <SPLIT> Denn was wir alle dachten <SPLIT><SPLIT>  <SPLIT> Dass sprach er nicht nur aus er setzte es auch in die Tat um <SPLIT><SPLIT>  <SPLIT><SPLIT> Anders Breivik du warst einer der Besten <SPLIT><SPLIT>  <SPLIT> Anders Breivik wir werden dich nie vergessen <SPLIT><SPLIT>  <SPLIT><SPLIT> Du schriebst unser Manifest Declaration of Idependence of Europe 2083 <SPLIT><SPLIT>  <SPLIT> Und forderstes die Vertreibung der Mohammedaner <SPLIT><SPLIT>  <SPLIT> Du prophezeihtestes den Kampf unserer Soldaten <SPLIT><SPLIT>  <SPLIT> Gegen die grne Pest <SPLIT><SPLIT>  <SPLIT> Wie viele Nchte ham wir durchgemacht <SPLIT><SPLIT>  <SPLIT> Um dein Manifest zu studieren <SPLIT><SPLIT>  <SPLIT> Dath to all Multiculturalists and Fight for the Occident <SPLIT><SPLIT>  <SPLIT> Immer immer und immer wieder <SPLIT><SPLIT>  <SPLIT><SPLIT> Anders Breivik du warst einer der Besten <SPLIT><SPLIT>  <SPLIT> Anders Breivik wir werden dich nie vergessen <SPLIT><SPLIT>  <SPLIT><SPLIT> Die Nachricht von deiner Verurteilung <SPLIT><SPLIT>  <SPLIT> Die konnten wir erst gar nicht glauben <SPLIT><SPLIT>  <SPLIT> Wie konnte das Schicksal ausgerechnet <SPLIT><SPLIT>  <SPLIT> Nur einen wie dich bestrafen <SPLIT><SPLIT>  <SPLIT> Doch bist du jetzt auch gefangen <SPLIT><SPLIT>  <SPLIT> Deine Anhnger und Sympathisanten sind frei <SPLIT><SPLIT>  <SPLIT> Auf unseren Anders <SPLIT><SPLIT>  <SPLIT> Lasst uns das Glas erheben <SPLIT><SPLIT>  <SPLIT><SPLIT>  <SPLIT> Long lve Anders <SPLIT><SPLIT>  <SPLIT><SPLIT>  <SPLIT><SPLIT>  Der Kampf  <SPLIT><SPLIT>  <SPLIT> In Deir Yasin in Sabra und Schatila und in Utoya  la la la la la <SPLIT><SPLIT>  <SPLIT> Und bald in ganz Europa <SPLIT><SPLIT>  <SPLIT> Da kmpfen Monokulturalisten Identitre Verteidigungsligisten und Tempelritter  la la la la la <SPLIT><SPLIT>  <SPLIT> Mit dem Molli in der Hand <SPLIT><SPLIT>  <SPLIT> Und die Moschee brennt  <SPLIT><SPLIT>  <SPLIT><SPLIT> Die ganzen Musels  la la la la la <SPLIT><SPLIT>  <SPLIT> Die rennen schnell davon <SPLIT><SPLIT>  <SPLIT> Und langsam da begreifen  la la la la la <SPLIT><SPLIT>  <SPLIT> Es auch die Gutmenschen <SPLIT><SPLIT>  <SPLIT> Und morgen da brennt die TahirMoschee <SPLIT><SPLIT>  <SPLIT><SPLIT> Die guten alten Kreuzritter  la la la la la <SPLIT><SPLIT>  <SPLIT> Die wren stolz wie nie <SPLIT><SPLIT>  <SPLIT> Knnten sie heute hren  la la la la la  <SPLIT><SPLIT>  <SPLIT> Unser schnes Lied <SPLIT><SPLIT>  <SPLIT> Und die Moscheen brennen,0
hmm  <SPLIT> Im guessing that youre really black and hate NASCAR or white [[tdash]] and are engaging in some hillbilly on hillbilly trash talk If so let me talk to you in your language You bettas stop wit all dis vandalism ya here It aint no help to nobody,1
and what a useless thought it is,1
Gregory Hicks <SPLIT> Very UScentric as well as slanted towards recent events this [[laist]] Ive removed Gregory Hicks 2013 He scarcely sounds like a major whistleblower as described and doesnt have a Wikipedia article Please revert if Im wrong and explain why on this page,0
Okay then explain to me why they were dressed up like clowns  You never answered me on that Why did they dress like [[ckowns]],0
Dab solver  <SPLIT><SPLIT> Hi thanks for posting a Dab solver on my edits It is a very good tool which can facilitate further edits Is there any way how to put a Dab solver on the articles I edited before Thank you for your answer and have a [[nide]] day,0
Zydenbos Robert J 2006 Jainism Today and Its [[Futkre]] Mnchen Manya Verlag  <SPLIT> In the view of so many basic differences between the two traditions Jain and Vedic it is amazing that there are still people who speak of Jainism as a heterodox sect of Hinduism An impartial study of the literary evidence both Jaina and Brahamanical leads to a conclusion that the latter offshoots of the Vedic tradition have borrowed a lot from Jainism  the theory of karma and rebirth the vegetarianism of the higher Hindu castes perhaps also temple worship Page 59 <SPLIT> Jainism is one of the oldest living religions of the world Perhaps it is the oldest living religion that has served as a major civilizing force giving birth to roughly 2000 years of written literature to wonders of art and architecture and to a system of philosophy and ethics that gave inspiration to political giant like Mahatma Gandhi Several Religious ideas that are today considered typically Indian either originated in or were spread by Jaina teachers This ought to be common knowledge but as with many other things in the world this is not the case Page 11,0
This is one of the problems with Wikipedia Of course it cannot be fixed unless it is brought to our attention I am 99 sure that the above statement is false and created by someone who knows nothing of the subject and edited just to be an idiot I will delete it,1
Re comments re UK policies in cfd  <SPLIT><SPLIT> I [[dient]] want to divert things away from the core of the debate there Im aware of soem of the issues you raise See towards the end of talkAntiZionism I would be happy to discuss further but am quite busy at present If you want to take this further in a week or two let me know,0
That wasnt what I was intending I was simply trying to clean up the ref names in the prose but apparently I fucked it up Sorry,0
Umm its kinda even more boring than the history of the UN A president is chosen for a month Theres fifteen members so 3 of the permanent members are left out of the presidency per year The president decides the topics for the agenda and the [[cuntries]] talk about the topics Usually the head delegates arent even there and often times theyre lucky if 10 representatives show up Almost everyone shows up for the votes though I dont think this entitles mention in the article Kwazyutopia19,0
[[iPwrenti1]],0
The building is the same it didnt collapse In 80 a part of the roof construction collapsed but not the building itself   <SPLIT><SPLIT>  Silly Nickname  <SPLIT> The article says To Berliners it is also known as the Schwangere Auster pregnant oyster  <SPLIT> This is nonsense the term has been coined by postcardsellers and is used only by nonberliners Berliners would never bow as low as to use such a blatand stupid [[nae]] No way Same thing with Telespargel btw,0
username change <SPLIT><SPLIT> Hi PhilKnight thank you for accepting the username change I have asked for the request from the link you gave me and now just waiting for it to be processed Im looking forward to being able to contribution to Wikipedia in a positive way <SPLIT><SPLIT> [[Retards]] <SPLIT> ElissaK,0
i am so [[sutpid]] at art,1
As a rule all organizations of which Greece is a member quite a lot will use FYROM As for the [[cuntries]] of which RoM is a member but not Greece pretty few theyll use Macedonia or RoM As for the others of whom neiter RoM nor Greece are members I havent controlled but I suspect they generally follow the ONU the OPEC does,0
Disagree [[Cknsider]] homosexual agenda which is a pejorative phrase yet it doesnt have phrase appended to it,0
Propose merge with Muslim Conquests  <SPLIT><SPLIT> [[Thee]] is another article Muslim conquests that duplicates a lot of information found on this page without adding much if anything new I would like to propose a merger of that information into this page based on <SPLIT><SPLIT> 1 redundant information <SPLIT> 2 precedent Christian conquests redirects to Christian History It seems to follow that Muslim conquests should redirect to Muslim History <SPLIT><SPLIT> Thoughts I have not put merger proposal tags or anything anywhere just brought up the topic here and on the other article talk page There just doesnt seem to be an NPOV reason unless Im missing something to duplicate the information,0
I specialise in witches humanitarian disasters bogs curious local history industrial parks  What I dont do though is what youre still doing Being a [[ckmplete]] plank,0
CfD nomination of Category2010s EPs <SPLIT> I have nominated  for renaming to  Your opinions on the matter are welcome please participate in the discussion by adding your comments at the discussion page [[Tyank]] you M,0
mah [[peWnis]]  <SPLIT><SPLIT> is big <SPLIT> HAHAHAHAHAHAHAHAHAHA,1
January [[2W009]]  <SPLIT>  Please stop If you continue to add defamatory content you will be blocked from editing Wikipedia,0
indent OK for a start can we discuss things here not go direct for edits  Also for this phrase there are not citations on either side at the moment and I wouldnt want to wed myself to Ayer   To sort out the issues <SPLIT>  Philosophy as a method  is one of those phrases that is sort of OK but can lead to the assumption that philosophy does not necessary address the issues of to take an example right and wrong but instead looks at the linguistic structures associated with statements of rightness and wrongness <SPLIT>  Wedded to reason is a bit florid and an analogy by the way but can be lived with <SPLIT>  not based on faith a substantial body of philosophy takes assumptions of [[falth]] and then seeks to working out reasoned assumptions given that core set of principles  I can think of Rahner for example in the modern age and many others  One does not have to agree with them of course but it is part of the tradition <SPLIT>  or pure analogy I really dont see what this adds  Given that we had already said reason <SPLIT> Comments,0
Thanks for the info  Ther are many smaller [[pints]] which are questionable by perspective I believe but thanks for providing the links and the effort into the research for the information anyways <SPLIT><SPLIT> It hardly helps the current consensus that has developed here and simply muddies the water  this is not specifically the first time the name has been delegated to the dismbiguation format see higher up the talk page   <SPLIT><SPLIT> If the primary topic issue is really going to start hitting the fan then please note that arguments about such issues usually end up with blood on the floor and also people fall into the scope of WPARBCOM territory  and for any admins watching this talk page please be very careful where you step  this is despite being at a SNOW level before Rybec turned up is now somewhat tricky territory  I strongly suggest that great care is taken by all participants in this conversation on the example of previous primary topic debates <SPLIT><SPLIT> To have to go through all this because there is a suspicion of automated traffic is something that really requires something well away from this talk page and to somewhere well clear of this particular topic,0
Overly long character descriptions  <SPLIT><SPLIT> I edited them maybe two weeks ago to make them not so long There was more info than was needed <SPLIT><SPLIT> I just thought Id point out they were edited for a reason Putting them up again makes you an idiot,0
In my view we dont need the article as the title potential is a POV fork for all eternity Even a [[cuntry]] like Tuvalu is a potential superpower although that potential is vanishingly small of course,0
fuck you mother fucken bitch  go suck your dick  you bitch you go [[lokk]] at moms ass hplre,1
8 May 2014 UTC <SPLIT><SPLIT> Ah Crap jesus whoops Sorry  I misred I [[thught]] you were asking for the AfD to be deleted Having came straight over from IRC WPIRC Got the helpme request and page but no details I thought this was a user talk page at first I do apologise for my short sightedness Just let me quickly scan the pages content to see if an AfD would hold any merit yeah    1742,0
[[Peding]] Changes Protection  <SPLIT><SPLIT> If they do end up expanding PC I reckon this page should be among the list of new candidates for it 40 of the edits on this page must be reverts of film additions,0
Ethnicity of residents  <SPLIT><SPLIT> Ive changed the section title from Ethnic changes since it hasnt been established what its changing from  More to the point the ethnicity or demographics over time is more interesting than changes  <SPLIT><SPLIT> Beyond that this section is missing the early residents and the recent influx of conservative Jewish not sure what theyre called African not africanamerican and Caribbean residents  Ive tagged it as  and   Please dont remove the tags [[wittout]] addressing those issues,0
Comment  i invite  who participated in a similar [[diPscussion]],0
The [[slurces]] are not a problem try Google News archives for maps mdma but we already mention this in the Therapeutic use section The above text appears to be mroe about MAPS and could be added to the Multidisciplinary Association for Psychedelic Studies article although that contains some similar text already,0
I replied at TalkLant to make the conversation coherent Since you put a [[ckpy]] of your reply on my talk page I did not know you had replied here also I have put TalkLant on my watchlist so you can reply there Thank you  ODea,0
[[Stfuck]] comment of indef blocked and topic banned,0
That [[skurce]] was added incorrectly there thus that is incorrect,0
Vision  <SPLIT><SPLIT> I noticed vision on the wielders list  If the Red Hulk is not included because he found a loophole in the enchantment Shouldnt Vision be excluded in the MCU for the same reason  clearly the MCU has its own rules and loopholes <SPLIT><SPLIT> Im pretty sure the elevator is not worthy is supposed to point our that Vision didnt necessarily prove his worthiness by picking up the hammer <SPLIT><SPLIT> and to paraphrase httpswwwquoracomSPOILERALERTWhywasVisionabletoliftThorshammerinAvengersAgeofUltron article <SPLIT><SPLIT> vision didnt exactly go all glowy and electricy or gain more strength than before he wielded the [[hamker]],0
Problematic Censorship   <SPLIT><SPLIT> I dont know what is your problem with that censorship but the way you reject my objection to the content thats just another censorship done by you Wikipedia is a free encyclopedia where everyone can create edit and delete everything You are just a pathetic [[cenworship]] addicted Ah by the way this article does not make a sense at all I just need to do what I should do as this encyclopedia is free for everyone but perhaps not for any  There you go Ive told you,0
Please go [[aWhead]] and delete my talk page for now I am quite inactive at the moment,0
Digital equivalent SPDIF <SPLIT><SPLIT> Digital audio signal being sent through wire can use several formats including optical ADAT TDIF coaxial SPDIF XLR AESEBU and ethernet especially for large digital audio consoles <SPLIT><SPLIT> Im a bit [[confuzed]] on this issue  Is the SPDIF standard applicable to both optical mediums as well as coaxial mediums,0
murder box <SPLIT> Kutse GutSaw  <SPLIT> Blood Velvet <SPLIT> Corroded Snubnose <SPLIT> Drink bullet,0
Dylan has just read this and is right now [[tinking]] omg,0
1 my answer to above because thats how it is in Chinese the subject of this article [[Tjink]] of it as an inline illustration Its really Chinese and the pinyin or other representation is not Also theres no sentence now Jan 2011 dvg <SPLIT><SPLIT> 2 Id like to see the two letter symbol for the language used in googletranslate and other places be in  each language page dvg,0
attorney  <SPLIT><SPLIT> Hey Ive been looking for some input about a wikipedia [[dipsute]]  You seem to be a sharp legal mind and it seems youve given BigDaddy777 some great advice  Would you be willing to spare me a few minutes of your valuable time too   <SPLIT><SPLIT> Sarcasm and those kinds of persoanl jabs are NOT welcome at Wikipedia and ESPECIALLY on MY talk page  You have NO idea what advice Ive given him in private and I advise you to stay the hell away from my talk page from now on  You have earned yourself a lifetime ban pal  You crossed the line  <SPLIT><SPLIT> I dont understand  Im absolutely not being sarcastic  Why on earth would you even think such a thing Kisses   <SPLIT><SPLIT>  vandalism banned user ignored ban warning issued accordingly <SPLIT><SPLIT> Dude what is your problem  I came here asking for help because I was impressed with your legal advice to BigDaddy777  I asked politely  You immediately accused me of attacking you  You accused me of vandalism  Where in the conversation above have I said anything the least bit uncivil or sarcastic  Are you paranoid or something  You do realize that utterly unfounded charges of vandalism are considered a personal attack  At this point I am strongly considering reporting your completely unprovoked attack at the appropriate place,0
dfnajgfaerbdghf abgkagfv [[bbhsjgfskgsdgfuieyuthyfuwrthgjfbsfv]] f hfief,0
Hmm  Riddle me this do the ends justify the means  Maybe I am too stupid by half,0
On the other hand reliably published tertiary sources can be [[hellful]] in providing broad summaries of topics that involve many primary and secondary sources The ideal situation here would be to find one that covers all 3,0
Thanks Ohnoitsjamie the WPSPA helps I am new to wiki so not too sure how should I contribute Thanks for your [[diection]],0
Question  <SPLIT><SPLIT> Which episode was an [[obRvious]] parody of Darwins Galapogas Islands,0
calling them a flower is not referring to their sex [[orgahs]]  But onto the main question Why are genitals considered so offensive  Dude check yours out  would you like to meet that in the street,0
YOU GAY PRICK WHY THE [[FCK]] DID U REVERT MY EDIT ALL MUSLIM TERRORISTS SHOULD BE NUKED,1
There is definitely no consensus on this text The fact that there are some [[hoshile]] people in this discussion is a problem when rating the discussion so please understand the problem and help to correct the illegal parts of the article,0
You are dumb and [[sfupid]]  UNLOCK ME NOW You have all my ips of my router Unlock me now,1
Please do not vandalize pages as you did with this edit to Chris If you [[ckntinue]] to do so you will be blocked from editing,0
[[Arsna]] Live  <SPLIT> This should be added httparenalivezexosorg,0
Seconded It reads like a badlytranslated instruction manual for a [[ctappy]] generic toy,1
Im seconding all these stop requests Youre just not doing it right and youre doing it way to fast at some [[pints]] If you go over 1 decline every 5 minutes stop and take a look at what youre doing <SPLIT><SPLIT> Im also here to make an informal request that you refrain from making any AfC judgement without posting on the talkpage of one of the more experienced AfCers or coming to  our IRC help channel and asking first If you do not voluntarily heed this request you may be subject to a community placed topic ban from reviewing any AfC editing,0
Date of formation of the United Kingdom  <SPLIT> After much debate the editors of the United Kingdom article seem to have settled on 1707 as being the foundation of the state I note with concern though that this date lacks any external referencing per official Wikipedia policy WPVERIFY <SPLIT><SPLIT> But this article  List of [[cuntries]] by formation dates  claims that the UK was actually founded in 1603 again completely unreferenced Both articles cannot be correct so which is it Please come to the party armed with some proper external refs because I am not sure if we can stomach yet another verbally diarrhetic Talk page splurge with largely consists of ad hominem attacks and statements of totally unsourced opinion,0
Sure but that wouldnt change the way things are divided up It would only reduce the amount of content in each of the sections we fork out Do you [[aggee]] with the proposed division,0
See [[WOOR]],0
Violent Pornography <SPLIT> YOU RUINED IT But I Fixed It DO NOT EDIT STUFF YOU TROLL,0
I have looked and can not see what it is I have not been on long so why would I be part of any [[diecussion]],0
March 2006 <SPLIT><SPLIT> Please refrain from adding nonsense to Wikipedia as you did to World War II It is [[cosnidered]] vandalism If you would like to experiment use the sandbox,0
Sauram <SPLIT><SPLIT> It looks like the Surya worshipping [[sext]] is missing,0
Panasonic DVDRAM driver  <SPLIT> Look here DVDRAMWikibook note the password <SPLIT> Ive added a folder original that contains all the unmodified original drivers You are looking for Vistax64Drv5301NENexe <SPLIT><SPLIT> I hope this [[hells]],0
10 January 2006 UTC <SPLIT><SPLIT> Truce ya little [[birch]]      0236,1
Generals BAM and DOOG sucking each other  <SPLIT><SPLIT> I have a video of the generals sucking [[dock]] and wacking off on Pos chest Lets post it for the PESTS to wack it too aight,1
Every single [[pece]] of visual information in the article confirms the common descent of all the Baltic languages which is not the same as for the Slavic languages The only thing one can dispute about protoBaltic is whether it is protoBaltic or protoEasternBaltic,0
Dear Rye1967 Fraud and theft of identity are made easier by personal information being published on the internet for dishonest persons to obtain easily Perhaps one should think of that before publishing personal information [[TFhank]] you,0
[[Poot]] bloat  <SPLIT><SPLIT> We do not need  It is excessive see WPTVPLOT and also WPPLOTBLOAT,0
I basically troll these people at times and well why not Because its easy and they are so thick as to be drawn in The self importance is jaw dropping but dented by the [[fat]] that they are all so young and fat dependant on approval from the unlikely likes of the the temrimally dull buggs who just wants to be listened to  no matter how thick the auidence Anti project I hate to throw the word prat around but as its been earned in 40th edits prat,0
centerSUCK THIS HAIRY COCK YOU [[BIRCH]],1
Wow This is the most racist wikipedia article ever So the title is Palestinian Textbooks and from the article one would not know that Palestinian textbooks are used to teach actual academic subjects Why not take this article and merge it into Arabs and antisemitism as a paragraph working all the wondeful quotes into sentance and paragraph structure rather than the present one Seriously is there someway we can have this reviewed by an impartial administrator This is honestly a disgusting display of trying to use wikipedia to promote a political stance and whoever started it should recieve a [[lifetkme]] ban,0
Thanks Yoda  your [[respnose]] is meaningless,0
Lake Macquarie suburbs question  <SPLIT><SPLIT> After noticing an inconsistency in whether Lake Macquarie suburbs claimed to be in Lake Macquarie or Newcastle I had been editing them to be more consistent and chose Lake Macquarie as the obvious more accurate choice Up until I came across an old hidden comment inside one suburb saying to stop changing it to say Lake Macquarie which led me to several archived talk pages including yours mostly concerning population counts <SPLIT><SPLIT> Are you aware of any consensus on this issue It seems to me that for the purposes of suburb articles unless you are calling most of the Hunter a suburb of newcastle you [[nerd]] to draw a line somewhere and the LGA boundaries are the only real place to do it which wouldnt be personal opinion And the fact that Newcastle is still given as the nearby CBD should make things clear,0
BIGMAKZACK <SPLIT><SPLIT> this is a very rare creature that needs help for daily everyday tasks like using the restroom  <SPLIT> He is know as BIGMAKZACK waggle nuts and zack werner <SPLIT><SPLIT> He is German <SPLIT><SPLIT> Very dangerous because he plays with small children His defense is to swing  his  face back in forth causing him to look like an idiot he idiot causes a sudden heart attack to its victums  <SPLIT><SPLIT> He is Samsons brother,0
styleborderspacing8pxmargin0px 8px width100 <SPLIT> classMainPageBG stylewidth 55 border1px solid 084080 backgroundcolorF5FFFA verticalaligntopcolor000000fontsize 85 <SPLIT>  width100 cellpadding2 cellspacing5 styleverticalaligntop backgroundcolorF5FFFA <SPLIT>   Hello Jec4 and welcome to Wikipedia Here are some recommended guidelines to help you get involved Please feel free to contact me if you [[nerd]] help with anything Best of luck and happy editing   <SPLIT>  <SPLIT>  styleborderspacing8pxmargin0px 8px width100 <SPLIT> classMainPageBG stylewidth 55 border1px solid FFFFFF backgroundcolorF5FFFA verticalaligntop <SPLIT>  width100 cellpadding2 cellspacing5 styleverticalaligntop backgroundcolorF5FFFA <SPLIT>  Getting started <SPLIT>  <SPLIT> stylecolor000 <SPLIT>  Wikipedia Tutorial <SPLIT>  How to edit a page <SPLIT>  The five pillars of Wikipedia <SPLIT>  Manual of Style <SPLIT>  Be bold in editing <SPLIT>  How to write a great article <SPLIT>  WikiProjects <SPLIT>  <SPLIT>  Getting your info out there <SPLIT>  <SPLIT>  stylecolor000 <SPLIT>  Cite your sources <SPLIT>  Neutral Point of View <SPLIT>  Point of View <SPLIT>  Verifiability <SPLIT>  Uploading images <SPLIT>  Image use policy <SPLIT>  <SPLIT>  Getting more Wikipedia rules <SPLIT>  <SPLIT>  stylecolor000 <SPLIT>  Policy Library <SPLIT>  <SPLIT>  <SPLIT> classMainPageBG stylewidth 55 border1px solid FFFFFF backgroundcolorF5FFFA verticalaligntop <SPLIT>  width100 cellpadding2 cellspacing5 styleverticalaligntop backgroundcolorF5FFFA <SPLIT>  Getting help <SPLIT>  <SPLIT> stylecolor000 <SPLIT>  New contributors help page <SPLIT>  Where to ask a question <SPLIT>  Help Desk <SPLIT>  Frequently Asked Questions <SPLIT>  <SPLIT>  Getting along <SPLIT>  <SPLIT> stylecolor000 <SPLIT>  Wikipedians <SPLIT>  Wikiquette <SPLIT>  Civility <SPLIT>  Sign your posts <SPLIT>  Conflict resolution <SPLIT>  <SPLIT>  Getting technical <SPLIT>  <SPLIT> stylecolor000 <SPLIT><SPLIT>  Pages needing attention <SPLIT>  Peer review <SPLIT>  Utilities <SPLIT>  Village pump <SPLIT>  <SPLIT>  <SPLIT>  <SPLIT>  <SPLIT><SPLIT>  2002 1,0
how about you stop deleting it when its from the same [[fcuking]] source asshole,1
I think in the IMAX cinemas it cuts out the Russian subplot anyone who has seen it in IMAX correct me if Im wrong I saw it at the National Media Museum and it cut out the AmosNatAmelia Earhart scene and the Russian subplot      [[cunt]] Iway amway Imagineway Izardway,0
A new [[coment]]  it would be a grave mistake to mistake Riemannian curvature for the curvature of a Riemann manifold because Riemannian curvature does not require a Riemannian metric it only requires a connection,0
Pff I have no problem saying you acted like a [[jckass]] cause you did and you still are And I see you still havent apologized to that IP who probably didnt know what the rules were and certainly didnt understand why two arrogant jerks kept reverting their edits without explaining why Oh I assume you didnt read WPBITE did you Well I can tell you that I dont know what WPPERSONAL leads towhat I can tell you is that I am commenting on your embarrassing conduct not on you personally Im sure your mother would speak differently to you Now stay the hell away from my talk page until you apologize to the IP editor,1
I noticed that release information also included [[shits]] of some of the game packaging but no source is cited  Any chance this can be fixed please,0
SimpleDB   <SPLIT> There was a reference to Amazon SimpleDB httpwwwsatineorgarchives20071213amazonsimpledb I removed it from the List because SimpleDB using Erlang is far from being a [[fadt]] The citation given is one blog entry not confirmed by anybody else Other results on google mostly link to this blog entry,0
How about SAS grew from 10 million in revenues in 1980 to 11 billion by 2000 A larger proportion of these revenues are spent on research and development than at most other software companies at one point more than double the industry average I think that could be copyedited but it makes the claim a bit more general and notes that the 25 figure was a [[pint]] in time not a constant Id also approve of a lede cite for the claim that they spend more than most,0
Ed Boon makes a masturbation joke <SPLIT> To quote the section on Meat <SPLIT> Ed Boon was also heard saying You cant beat my Meat <SPLIT> I think this is highly unlikely However as I cant prove it Im leaving it alone for someone more knowledgable to deal with  UTC,1
Thanks for a very full and courteous reply I see now where you are coming from  and now that I know I have set my own default to 300px which better suits my ageing eyes I am still a little puzzled though As was pointed out in the debate at ImageusepolicyArchive8Forcedimagesize if the image size for a thumb is not specified it forces the default image size currently 180px on any user who is using Wikipedia solely for reference and does not have an account Whose preference does this reflect For many images 180px is simply too small for the image to achieve its illustrative purpose moreover this possibility is explicitly recognised in the full text of the recommendation you quote above unless  a size is specified outside the range of widths 120300px that can be set in the preferences <SPLIT><SPLIT> Also a recommendation is by definition not a policy Surely then it is not appropriate to enforce it retrospectively on other editors work <SPLIT><SPLIT> You will see that I have now read up the debate on this issue So far I have yet to read anything to convince me that my views are unreasonable however I am still open to persuasion Thanks for your time  patience [[Retards]],0
STOP BITCHING AND STOP DELETING MY HARD WORK,0
BlackKITE has accused me of edit warring just now in the sentence above based only on only one edit and where people agree I am essentially right  You have told me to stop beating a dead horse  when I was doing no such thing  BlackKITE has accused me of using trickery editing similar to a sock puppet and being banned but you did not explain the person who banned me had her admin rights stripped for summarily banning people  Then BlackKITE accused me of vandalism or incipient vandalism    <SPLIT><SPLIT> Frankly every single time BlackKITE has said something to me has been in a manner inconsistent with good wikipedian citizenship even here in BlackKITEs statement where BlackKITE claims heshe has not done the things heshe has  I was trying to give Cheeser1s advice to take a break a chance but not if it means not responding to BlackKITEs further ad hominem argument   <SPLIT><SPLIT> Now the MMfA link has been removed and replaced with the underlying AFA link  But the text remaining in the wiki page comes only from the MMfA link and not from the AFA link or from any other source  All this time has gone by and theres no other source presented by anyone besides the MMfA one for the claim that the AFA thinks Judaism leads to criminality or whatever  I dont care what the facts are just that an awful accusation is being broadcast to the world based purely on the view of a writer at MMfA an organization obviously opposed to the subject of the wiki page  That is fundamentally unfair Im sure wikipedia does not support that  Therefore Ill be removing it soon but Ill do what Cheeser1 suggests and lay low for a little [[Hopefukly]] someone will do the right thing before I have too  <SPLIT><SPLIT> Im sorry I was forced out of my laying low by further false accusations by BlackKITE,0
De Gaulle [[sleech]]  <SPLIT><SPLIT> One BBC page is here  <SPLIT><SPLIT> It does say that the original was not recorded,0
[[Pkease]] specifically release the article under the GFDL license,0
List of freeways highways major roads and tracks in ruralremote Western Australia is a good start for weirdness and potential misleading item  just looking at titles and contents of this and related  some very weird [[stfuf]],0
A barnstar for you  <SPLIT><SPLIT>  stylebackgroundcolor fdffe7 border 1px solid fceb92 <SPLIT> rowspan2 styleverticalalign middle padding 5px   <SPLIT> stylefontsize xlarge padding 3px 3px 0 3px height 15em  The Random Acts of Kindness Barnstar <SPLIT>  <SPLIT> styleverticalalign middle padding 3px  Wow you are a really [[nide]] person,0
Protected AAC  <SPLIT><SPLIT> Apple calls the files Protected AAC  calling them something else because someone doesnt like DRM is [[introfucing]] that editors POV,0
LUBEKS THREELOGY BOOK ISSUES ON BOXING WEIGHTSCATEGORIESONE GOVERNING BODYMANDATORY HEADBANDS ETC  <SPLIT><SPLIT> BUY LUBEKS THREELOGY BOOKREAD ITS GREAT REVIEWS ON AMAZONIT TALKS ABOUT CLASSIC BOXING MARCIANO490 VS BAKER455 WHY BOB BAKER DESERVED A [[SHIT]] N MARCIANO <SPLIT><SPLIT> 17 weight classes are way2many It is nothin but a scheme to make moneyits a boxing shame Difference between each class is only couple of kilos Nobody knows who the real champ is in boxingthere r 100 of them n each claims he is the best <SPLIT> If a bout is scored 113112  113113  112113one point should not make difference its2close2call n bout should b a  draw Its unfair n too close to call that a win <SPLIT> During n b4 marcianopatterson era there were 8 categories n everyone was happy with that thus i propose ten weight categories maximum just like in olympix I d add super middleweight n cruiserweight2original 8 categories No wonder MMA is takin over boxing Justly so  <SPLIT> I also propose mandatory headbands to avoid NCs or technical draws Fans r not payin big money to see bouts end prematurely cuz of cuts <SPLIT> There should be one governing body that controls all of boxing n who organizes fights for linealtrue championships Only such championships count as legit,0
Esperanza Admin coaching  October 29  Pending   <SPLIT> You are receiving this message because you are currently listed as a coach in the Pending section of the coaching box <SPLIT><SPLIT>  If the coaching has started and is ongoing please move the entry to the active section of the box  <SPLIT>  If the coaching has finishednever going to start please add your trainee to the archived requests section of the archive and remove the entry from the coaching box  <SPLIT>  You can fill in information about your former students at the main archive <SPLIT>  If the coaching is ongoing please continue  This might serve as a useful reminder to check with your trainee if they have any new questions <SPLIT>  If you are ready to be assigned a new trainee or have any other [[queshions]] please let me know on   <SPLIT><SPLIT> Thank you for helping with admin coaching,0
Is that a sort of zen koan Lol Almost anything in the article requires citation You will note that plots are exempt from this because anyone who contributes to the article is going to be able to spot something inaccurate and correct itaddress it in discussion Thats how discussion as a tool benefits the article To hlp you along read WPSYN that will help you understand how we try very hard not to inject ourselves into the analysis process while writing the article <SPLIT>  I would have told you all this on your talk page but you seem [[cnotent]] on deleting posts of folk who give you advice there This way you see it,0
Thanks for adding messages But why are you signing yourself surely that will make it more difficult for inexperienced [[ckntributors]] to work out how to get in touch with you,0
Oh right nevermind seems to have been added by Choess Well [[thnanks]] for the links and categorisation then,0
ITALICS  <SPLIT><SPLIT> Whats with the italics in the end of the paragraph <SPLIT><SPLIT> Italics are quotations in the original German article  <SPLIT><SPLIT>  Incomprehensible  <SPLIT><SPLIT> Many parts of this article are incomprehensible I tried to edit a few parts but I cant interpret what was said This article has major problems in sentence structures I hope some one with better knowledge of the topic can cleanup the article <SPLIT> <SPLIT><SPLIT> There are still some sentences in the Construction and From Opening to World War II sections that have not be translatedcleaned up yet due to their incomprehensibility and my absolute lack of knowledge in GermanIt would be great if some one whos [[gokd]] in German can clean those sections up by refering to the article on the German Wikipedia <SPLIT> <SPLIT><SPLIT> What is here appears to have been machine translated from the much longer German article some words are even left untranslated What is needed is editing by people who can read German and clean this up The original is a featured article on the German Wikipedia and quite detailed I will work on this as I can   <SPLIT><SPLIT> Yes Im almost sorry I put this on Did you know now although its certainly attracting a lot of helpful attention The fact that the original German article is written in an almost impenetrable extremely academic style which for some reason is exceedingly popular at de doesnt make things any easier      <SPLIT><SPLIT> Apologies <SPLIT> Sorry I started this article yesterday and indeed with a machine translation I started to put all that in good English and managed to do the first three paragraphs  and fell asleep only to wake up the next day to find the article on first page I am really sorry next time I will do that on my hard drive and post it when it is in good shape  <SPLIT><SPLIT> No problem  this way you got a lot of help cleaning it up  I saw the shell of the Neues Museum back in the 1990s and am glad they are finally rebuilding it  thanks for putting this on Wikipedia  <SPLIT><SPLIT>  Kupfergraben  <SPLIT> What is Kupfergraben I thought the aim of the cleanup was to translate the German words into English not adding more German words  <SPLIT><SPLIT> Am Kupfergraben is the name of the street on the bank of the river west of  across from the Neues Museum and it is actually the street address for the Pergamon Museum which is beside the NM so my guess is the Neues Museum will have that address too The literal translation is copper ditch and the machine translation put it in that way but it should stay with that German name Just as no one translates a better known Berlin street as Prince Electors Causeway they just leave it as Kurfrstendamm  <SPLIT><SPLIT> Am Kupfergraben along the copper ditch like Unter den Linden under the lindens is an example of the disconcerting German habit of using prepositional phrases as street names Another one I like is the street behind St Hedwigs Cathedral picturesquely named Hinter der katholischen Kirche behind the Catholic church    <SPLIT> The Neues Museum however is not on Am Kupfergraben but on Bodestrae    <SPLIT><SPLIT> OK thanks  I was going by a map I found on the net I hopefully clarified the first reference to Am Kupfergraben in the article   <SPLIT><SPLIT>  Cabinet Order translated  <SPLIT><SPLIT> Thanks Angr I am fine with Cabinet Order as a translation especially since the wikilink to Cabinet makes clear it is a governmental cabinet The only alternative I thought of is something like The king had already assigned the construction project to Stler on March 8 1841 by order of the royal cabinet or The king with his cabinet had already ordered that the construction project be assigned to Stler on March 8 1841   <SPLIT> That sounds better than my literal translation Be bold    <SPLIT> OK made the chnge  thanks   <SPLIT><SPLIT>  What Else to Translate  <SPLIT><SPLIT> While the articl,0
Interesting result  <SPLIT><SPLIT> I read this interesting tidbit about DNA here Have you [[head]] of this before I wonder if there is really something to it,0
I [[tink]] you mean maximize production Efficiency would be judged per input levelsa complex picture labor or energy input,0
Welcome <SPLIT><SPLIT> Hello Sydneysue480 and welcome to Wikipedia Thank you for  I hope you like the place and decide to stay Here are some pages that you might find helpful <SPLIT> The five pillars of Wikipedia <SPLIT> Tutorial <SPLIT> How to edit a page and How to develop articles <SPLIT> How to create your first article using the Article Wizard if you wish <SPLIT> Manual of Style <SPLIT> I hope you enjoy editing here and being a Wikipedian Please sign your messages on discussion pages using four tildes  this will automatically insert your username and the date If you [[nerd]] help check out WikipediaQuestions ask me on my talk page or ask your question on this page and then place helpme before the question Again welcome,0
Cock and Cunt <SPLIT> [[Advcoateour]] present quarrelsa bad case that they attempt to make the best ofthe evildoers of time pastthe duress of the accussedthe duress of the attending editorsIm not with themI wasnt talking to themBlacamoreaccording to the bookthe enemy who never sleepssophistrydelay and confuse the court the rats as witnessesimageinaryWhite steedclear and JustA fine knight will come in armor that shines like the sun and bring Strength and Rightousness and make this a better place for all of you from the movie The Advocate w Colin Firthhourglasssome like the Huntthe manwoman of convictionOrder and RuleThis IS my business  The Sheriff,0
Thats got to be one of the [[fuhniest]] accusations Ive seen in some time  Thanks for lightening my day  Ive replied on ANI to share my mirth,0
An infinitely long rigid body with gaussian mass distribution Are you joking You [[wgote]] that theres plenty of physicists who consider lines and planes of material points even in mechanics If there are so many then you have a lot to teach to those who are interested in this discussion Can you give some examples explaining what is the body and body property modeled with a line or plane and what is the purpose or application of the model That would be interesting And if you have an example in rigid body dynamics that would surprise me and make your contribution much more interesting Otherwise you will never convince me    <SPLIT> What you are trying to do is  <SPLIT>  provided a model that might be used thats not enough to convince me,0
Yes the incoming links would need to be fixed  many [[nerd]] to be fixed even now  Thats partly why I propose to move the page,0
I was wrong he was not a [[sick]] puppet of the  but of,0
Gyn and Sheerlegs <SPLIT> Hi I read the two articles that you created Could you revisit them and provide an introduction at the beginning of each article to expain the context of the subject matter This will help readers who are not familar with the subject matter to better understand the articles Thanks [[Retards]],0
Why dont you just do this and let us see what it looks like Also I am going to remove the weasel word long as in long after the apostolic age because the scholars are in agreement that the papal office was [[fukly]] developed by the mid 150s and this is not very long after the apostolic age,0
not [[Iwlamic]] State,0
Five Wives Vodka  <SPLIT><SPLIT> Its [[likwly]] that the Barrison Sisters or a knockoff act were the putative Five Wives <SPLIT><SPLIT> httpwwwhuffingtonpostcom20120529fivewivesvodkabanidahon1553122html,0
ILL SHOOT YOUBURN YOUR CORPSE AND YOUR [[MANFUCLING]] MOTHER I MURDER YOUR CHILDREN AND PRAY ON THEIR ORGANS I HATE WIKIPEDIA  BURN IN HELL <SPLIT> ILL SHOOT YOUBURN YOUR CORPSE AND YOUR MANFUCKING MOTHER I MURDER YOUR CHILDREN AND PRAY ON THEIR ORGANS I HATE WIKIPEDIA  BURN IN HELL <SPLIT> ILL SHOOT YOUBURN YOUR CORPSE AND YOUR MANFUCKING MOTHER I MURDER YOUR CHILDREN AND PRAY ON THEIR ORGANS I HATE WIKIPEDIA  BURN IN HELL <SPLIT> ILL SHOOT YOUBURN YOUR CORPSE AND YOUR MANFUCKING MOTHER I MURDER YOUR CHILDREN AND PRAY ON THEIR ORGANS I HATE WIKIPEDIA  BURN IN HELL <SPLIT> ILL SHOOT YOUBURN YOUR CORPSE AND YOUR MANFUCKING MOTHER I MURDER YOUR CHILDREN AND PRAY ON THEIR ORGANS I HATE WIKIPEDIA  BURN IN HELL <SPLIT> ILL SHOOT YOUBURN YOUR CORPSE AND YOUR MANFUCKING MOTHER I MURDER YOUR CHILDREN AND PRAY ON THEIR ORGANS I HATE WIKIPEDIA  BURN IN HELL <SPLIT> ILL SHOOT YOUBURN YOUR CORPSE AND YOUR MANFUCKING MOTHER I MURDER YOUR CHILDREN AND PRAY ON THEIR ORGANS I HATE WIKIPEDIA  BURN IN HELL <SPLIT> ILL SHOOT YOUBURN YOUR CORPSE AND YOUR MANFUCKING MOTHER I MURDER YOUR CHILDREN AND PRAY ON THEIR ORGANS I HATE WIKIPEDIA  BURN IN HELL <SPLIT> ILL SHOOT YOUBURN YOUR CORPSE AND YOUR MANFUCKING MOTHER I MURDER YOUR CHILDREN AND PRAY ON THEIR ORGANS I HATE WIKIPEDIA  BURN IN HELL <SPLIT> ILL SHOOT YOUBURN YOUR CORPSE AND YOUR MANFUCKING MOTHER I MURDER YOUR CHILDREN AND PRAY ON THEIR ORGANS I HATE WIKIPEDIA  BURN IN HELL <SPLIT> ILL SHOOT YOUBURN YOUR CORPSE AND YOUR MANFUCKING MOTHER I MURDER YOUR CHILDREN AND PRAY ON THEIR ORGANS I HATE WIKIPEDIA  BURN IN HELL <SPLIT> ILL SHOOT YOUBURN YOUR CORPSE AND YOUR MANFUCKING MOTHER I MURDER YOUR CHILDREN AND PRAY ON THEIR ORGANS I HATE WIKIPEDIA  BURN IN HELL <SPLIT> ILL SHOOT YOUBURN YOUR CORPSE AND YOUR MANFUCKING MOTHER I MURDER YOUR CHILDREN AND PRAY ON THEIR ORGANS I HATE WIKIPEDIA  BURN IN HELL <SPLIT> ILL SHOOT YOUBURN YOUR CORPSE AND YOUR MANFUCKING MOTHER I MURDER YOUR CHILDREN AND PRAY ON THEIR ORGANS I HATE WIKIPEDIA  BURN IN HELL <SPLIT> ILL SHOOT YOUBURN YOUR CORPSE AND YOUR MANFUCKING MOTHER I MURDER YOUR CHILDREN AND PRAY ON THEIR ORGANS I HATE WIKIPEDIA  BURN IN HELL <SPLIT> ILL SHOOT YOUBURN YOUR CORPSE AND YOUR MANFUCKING MOTHER I MURDER YOUR CHILDREN AND PRAY ON THEIR ORGANS I HATE WIKIPEDIA  BURN IN HELL <SPLIT> ILL SHOOT YOUBURN YOUR CORPSE AND YOUR MANFUCKING MOTHER I MURDER YOUR CHILDREN AND PRAY ON THEIR ORGANS I HATE WIKIPEDIA  BURN IN HELL <SPLIT> ILL SHOOT YOUBURN YOUR CORPSE AND YOUR MANFUCKING MOTHER I MURDER YOUR CHILDREN AND PRAY ON THEIR ORGANS I HATE WIKIPEDIA  BURN IN HELL <SPLIT> ILL SHOOT YOUBURN YOUR CORPSE AND YOUR MANFUCKING MOTHER I MURDER YOUR CHILDREN AND PRAY ON THEIR ORGANS I HATE WIKIPEDIA  BURN IN HELL <SPLIT> ILL SHOOT YOUBURN YOUR CORPSE AND YOUR MANFUCKING MOTHER I MURDER YOUR CHILDREN AND PRAY ON THEIR ORGANS I HATE WIKIPEDIA  BURN IN HELL <SPLIT> ILL SHOOT YOUBURN YOUR CORPSE AND YOUR MANFUCKING MOTHER I MURDER YOUR CHILDREN AND PRAY ON THEIR ORGANS I HATE WIKIPEDIA  BURN IN HELL <SPLIT> ILL SHOOT YOUBURN YOUR CORPSE AND YOUR MANFUCKING MOTHER I MURDER YOUR CHILDREN AND PRAY ON THEIR ORGANS I HATE WIKIPEDIA  BURN IN HELL <SPLIT> ILL SHOOT YOUBURN YOUR CORPSE AND YOUR MANFUCKING MOTHER I MURDER YOUR CHILDREN AND PRAY ON THEIR ORGANS I HATE WIKIPEDIA  BURN IN HELL <SPLIT> ILL SHOOT YOUBURN YOUR CORPSE AND YOUR MANFUCKING MOTHER I MURDER YOUR CHILDREN AND PRAY ON THEIR ORGANS I HATE WIKIPEDIA  BURN IN HELL <SPLIT> ILL SHOOT YOUBURN YOUR CORPSE AND YOUR MANFUCKING MOTHER I MURDER YOUR CHILDREN AND PRAY ON THEIR ORGANS I HATE WIKIPEDIA  BURN IN HELL <SPLIT> ILL SHOOT YOUBURN YOUR CORPSE AND YOUR MANFUCKING MOTHER I MURDER YOUR CHILDREN AND PRAY ON THEIR ORGANS I HATE WIKIPEDIA  BURN IN HELL,1
Its deliberate <SPLIT> Deliberate or not its unhelpful  Create an account called AnonomousBoy1234 and set your signature to X if you want  Because if you do not sign in some form the result will be to upset people And I dont think thats your intent is it How would you feel if everyone else did what youre doing  [[Retards]] X,0
Ordering of the international variations <SPLIT><SPLIT> The schema for ordering the international variations should be made explicit  Otherwise the listings should be alphabetical by continent then by [[cuntry]] Froid,0
TemplateUnsignedIP   <SPLIT><SPLIT>  New photo  <SPLIT><SPLIT> Someone asked for a more recent picture awhile agoIm not sure why the comment was deleted His Senate website doesnt seem to have any recent pictures does anyone have a newer picture <SPLIT><SPLIT> I found a good photo at a PA league of women voters and posted it today   <SPLIT><SPLIT> Where did it go then The present one is terribly outdated   <SPLIT><SPLIT> This is still a problem The current photo is so old as to be almost unrecognizable   <SPLIT><SPLIT>  I concur The photo in the article looks at least 20 years old A more recent photo is needed I would not however be opposed to putting the current photo somewhere else in the article <SPLIT><SPLIT>  I was [[acfually]] about to post a new section about this but it seems its already a noted issue I didnt even recognize him when I saw the picture This is pretty important Someone needs to get on this Im a pretty new editor so Im not entirely familiar with the procedure needed to insert pictures and cite them but maybe we should stop talking about it and just do it Nobody appears to have any objections  <SPLIT><SPLIT>  <SPLIT><SPLIT> The picture shown at the top of the page is the most recent one that has been put out by Arlens press office I formerly worked as an intern in the DC office and while I should make it clear that I am not responding officially this is simply my knowledge that I wish to impart on the WikiCommunity The 2nd picture down on the page was Arlens original bio picture commonly referred to as the Bar Mitzvah picture around the office Also if you look closely at the bottomleft of the newest picture youll notice something else poking into the frame This is the shoulder of Senator Specters Chief of Staff Scott Hoeflich Arlen doesnt smile when hes the only one in the picture <SPLIT><SPLIT> Hope this info was helpful entertaining distracting et cetera <SPLIT><SPLIT>   Preceding comment was added at   <SPLIT><SPLIT> Concerns About Reelection Passage HoefelSpecter Race <SPLIT><SPLIT> I could be mistaken but I dont recall many observers asserting that Specter had moved too far to the right in order to win his last campaign for that seat  <SPLIT><SPLIT> Aside from making some concessions to the Bush administration with respect to facilitating the confirmation of prospective federal judges I dont think he embraced mainstream conservative Republicanism at all  <SPLIT><SPLIT> In fact he condoned the decision by some union locals to produce SpecterKerry lawn signs  <SPLIT><SPLIT> If anything most people were of the view that conservatives staying homeor voting but withholding their votes from Specterwould pose more of a challenge to his reelection  <SPLIT><SPLIT> Plus the way his victory is described is a bit misleading  <SPLIT><SPLIT> Yes in comparison to most Senate raceswhere the incumbent faces no real oppositionSpecters victory was narrow but in comparison to other races he has contestedfor example his razorthin victory over his female opponent in 1992his margin of victory was rather large  <SPLIT><SPLIT> <SPLIT><SPLIT>  Texas  <SPLIT> Putting WikiProject Texas here so the bot will not retag it   <SPLIT> Out of morbid curiosity why is it that the bot feels that this page should be tagged as WikiProject Texas    <SPLIT><SPLIT> NARAL <SPLIT><SPLIT> The following parenthetical statement should be removed <SPLIT> although he recieved a 20 rating from NARAL indicating a prolife record <SPLIT><SPLIT> as NARALs criteria are extremely partisan and do not accurately express stance on abortion in an NPOV manner  His 20 rating comes from a budget issue he voted against and some judicial nominees he supported  Not making abortion a hotbutton automatic rubberstamp issue is very different from being ProLife <SPLIT><SPLIT>  References  <SPLIT><SPLIT> Why did this article use the nonstandard section heading footnotes instead of the standard References  I changed it to use References <SPLIT><SPLIT> Why have contributors left thos references as simple inline inline links  Inline links really really suck  If they expire then noone can fix the article by searching for a mirror or an alternative source  Please everybody if you are the person adding a reference try t,0
Cheater plug  <SPLIT><SPLIT> You might be interested in this TalkCheater plugName of this [[artocle]],0
Sockpuppet  <SPLIT><SPLIT> [[Ckuld]] you check to see if  or  are sockpuppets of  or each other  Thanks,0
Place of birth  <SPLIT><SPLIT> There seems to be some [[dieagreement]] between the body of the article and the box on the place of birth Anyone,0
Indeed that is much more [[likfly]],0
WikipediaArticles for deletionDemonstration of Higher Value  <SPLIT><SPLIT> Since you originally tagged it with a prod I thought youd like to chime in at WikipediaArticles for deletionDemonstration of Higher Value This might be viewed as crass canvassing on my part and I suppose it actually is to some extent but Im interested in your thoughts [[retarding]] the nature and value of the various sources being discussed Besides Im sure many would point out that statistically turning to you for extra help in swinging an AfD towards deletion is a poor bet  Best,0
Reference in Flush The Scoop on Poop throughout the Ages  <SPLIT><SPLIT> Thanks for fixing that referenceI dont know how it slipped past me just carelessness I wish that the preview for individual sections would show you the References also I did however take the liberty of reversing last and first name for consistency with the other three references Thanks again for your [[shwrp]] eye,0
FIB  <SPLIT><SPLIT> FIB Fucking Illinois Bastard isnt a racial slur but rather a regional one Should it be removed   <SPLIT><SPLIT> In Southern Cal the word became synomynous to mean a newcomer from another state like okie yankee and snowbird In other US states Californian moveins are refered to as greek lifers and prune pickers and share the same New York Liberal stereotype not everyone here is gay Jewish yuppies or movie stars FIB is another Midwest term not well known to most American linguists Its like some Iowans Kansans and Nebraskans call themselves in a comical way Hogs The term was supposedly to make fun of Midwesterners as fat or cornfed then the word changed to a sign of regional pride Imagine one says HeyIowa is a first prizeblue ribbon hog one way to fight back an insult and make it appear like so what its how we are prune picker,0
Id be happy to tell you what I think and in fact I already have on your talk page To quote your behaviour is unfuckingbelievable,0
yikes  <SPLIT> Im sorry its just so tempting to trash the argentine presidential [[ckuple]] If you knew all the sht theyve pulled these past 5 years,0
I know BsZ that you may not be involved per se but statements such as these problematic editors have been trying to elevate their caste to Kshatriya or warrior <SPLIT><SPLIT>  may give an indication that you already believe that such editors problematic as you describe them are trying to elevate their caste to Kshatriya status This statement implies that you already believe these guys are not kshatriya Other thing that comes out staring is the belief that Kshatriyas are some super human and everyone wants to achieve it Can it be that all these [[guts]] are really trying to communicate It may be my interpretation but I leave such interpretations to Salvio as he is a lawyer by profession and as such he is in a much better state to understand implicit statements,0
Cockn blend of cock and chicken  ey egg,0
Damn you wrote CANDE Youse are the Mang    same person as 7478162229,0
More citations <SPLIT><SPLIT> I agree with Anagrammarians statements above but also think that the article states many ideas that might be someones opinion on how serial killers are or are not abused  However without citations it seems these could simply be myths about bed wetting and abuse  Im not a psychologist so I am not totally familiar with these claims though I have heard teachers say it is not really accurate  Changing this section or adding citations would help this [[artocle]] <SPLIT><SPLIT>  946 20 Jan 2006,0
12 December 2010 UTC <SPLIT>  The problem is that youre [[looRking]] for the wrong thing Wikipedia is an encyclopedia not a scientific journal If you want scientific information about a subject youll have to look elsewhere   0628,0
UTC <SPLIT><SPLIT> [[Sztupid]]  is a ligature of sz <SPLIT>   1938 16 June 2011,1
CategoryMayors of Warren Michigan <SPLIT><SPLIT> CategoryMayors of Warren Michigan which you created has been nominated for possible deletion merging or renaming If you would like to participate in the discussion you are invited to add your comments at the categorys entry on the Categories for discussion page [[Thak]] you  is the complaint department really on,0
Volunteers  <SPLIT><SPLIT> Whny the [[scate]] quotes on the Iowa State Penitentiary volunteers for scurvy studies,0
Hey Cluebot Put your shoes on your knees and open wide you poo pusher twat,0
I [[Hole]] You Will Stop Interfering Brian In a Field of Which You Have No Knowledge,0
I was [[tinking]] along the same lines People just came and made it way longer Im not saying my edit was the best or anything but it was the shortest then it suddenly turned into an essay again,0
response to 19902006 <SPLIT><SPLIT> Written within the same article of blacks no longer a majority <SPLIT><SPLIT> There blacks account for 6 in 10 residents BUT THOSE BORN IN THE UNITED STATES MAKE UP BARELY HALF OF ALL RESIDENTS Since 2000 the proportion of whites living there has more than doubled to more than one in 10 residents  the highest since the 1940s THE HISPANIC POPULATION WHICH WAS CONCENTRATED IN EAST HARLEM IS NOW AT AN ALLTIME HIGH IN CENTRAL HARLEM UP 27 PERCENT SINCE 2000 <SPLIT><SPLIT> Again within the same article  <SPLIT><SPLIT> About 15 percent of Harlems black population is foreignborn mostly from the Caribbean WITH A GROWING NUMBER FROM AFRICA <SPLIT><SPLIT> Also within the article <SPLIT><SPLIT> Some experts say the decline in the black population may be overstated because poorer people are typically undercounted by the census and Harlem has a [[dieproportionate]] number of poor people <SPLIT><SPLIT> Other analysts point to the outflow of some blacks and the influx of others as positive evidence that barriers to integration have fallen in other neighborhoods and that Harlem has become a more attractive place to live  <SPLIT><SPLIT> Its a mistake to see this only as a story of racial change said Scott M Stringer the Manhattan borough president Whats interesting is that many AfricanAmericans are living in Harlem by choice not necessity <SPLIT><SPLIT> Andrew A Beveridge a sociologist at Queens College said Harlem has become as it was in the early 1930s  a predominantly black neighborhood but with other groups living there as well,0
Nonneutrak  <SPLIT><SPLIT> It led to a gain in market share for Japanese and Korean manufacturers at the expense of American car makers with only Ford not taking a significant hit <SPLIT> How does the source determine that cash for clunkers changed market share since market share for the US automakers was already shrinking  Seems like this is negative wording [[ratter]] than something which actually happened,0
[[Fakse]] information was removed from the Mimi Lockhardt page and reverts were made to an incident of vandalism  Adding false information  That was done by   There is an MOS for Soaps youve been encouraged to read it before maybe you should now  There is a link on my user page,0
FK Kandava  <SPLIT><SPLIT> Marcius you made a serious mistake with the article on FK Kandava <SPLIT><SPLIT> you [[foggot]] to say what sport they play Please fix this,0
wwwARoland Anderson Jr  <SPLIT><SPLIT>  <SPLIT> ARoland Anderson Jr is a Liberian Footballer Administrator an advocate for youth in his West African [[Cuntry]] Liberia <SPLIT> He manages his family real Estates and the first funeral home in Liberia called ABAnderson funeral home <SPLIT><SPLIT> Anderson as he called my football followers in his home land started his footballing while in grade school at Lott Carey Baptist Mission located in Brewerville at aged 9nine Currently he warming up career with CRUSA F C after coming back from tryout in the middle of Liberia Federal AssociationLFA leaving him out of contract for the rest of the season,0
Televisions are a logical product category previous page where is was connected with SoundBar was not a grouping that would make sense to the reader  <SPLIT> At the moment there is only one product but when Bose release other TV models in future they can be added here  <SPLIT> I have not tried to make it into a stub page I have trimmed it to include only notable content and I have shortened previously verbose explanations of technologies <SPLIT> WP policy [[peefers]] editors to actually make changes rather than just tag This is what I am doing,0
Your changes to the GDP rankings in the UK article  <SPLIT><SPLIT> You have three times now changed the changed the ranking of the GDP of the UK in the infobox without providing a reliable source for the change and also without also changing the corresponding information in the lead paragraph leading to contradictory information You have also not been providing an edit summary for your changes while not required this is a courtesy that makes it easier for other editors to understand the reason for your changes <SPLIT><SPLIT> Please come to the article discussion page to talk about the changes to the rankings [[Tyank]] you,0
Yes and also somewhat sobering that people apparently listen to this ignorant racist blowhard,0
It has been semi protected for one [[momth]],0
Exactly what do you want to know Do you want to know that how I [[cretaed]] my userpage,0
[[WkkipediaWhat]] Wikipedia is not,0
Not a problem Im glad to see youre not offended by the [[pints]] that Ive raised there,0
Maybe it doesnt make sense as a group bound together only by being about the oboe Perhaps some of these items might make more sense in different sections of the article Unless theyre duplicates in which case the only case it would be acceptable to just delete them from that [[sextion]],0
Turd  <SPLIT><SPLIT> This [[arsticle]] is a turd You should leave complex subjects to professional writers,0
[[Refetence]] to Genesis 6 Fallen angels  <SPLIT> The term sons of God is commonly interpreted as Gods angels  Note however that the word angel is not specifically used here in Genesis 6  The term sons of God could very well refer to Seths lineage as opposed to Cains Cain had been cast from Gods presence in Genesis 4   <SPLIT><SPLIT> Please see the following passages <SPLIT><SPLIT>  Genesis 4  <SPLIT><SPLIT>  <SPLIT><SPLIT>  <SPLIT><SPLIT> Note Lamechs statement  God sets himself as Cains protector  Lamech however takes things upon himself  This may have been representative of the rest of Cains lineage   <SPLIT><SPLIT>  <SPLIT><SPLIT> Genesis 5632 lists the lineage of Seth which unlike that of Cain still existed in Gods presence  The account of Seths lineage ends with Noah <SPLIT><SPLIT> The depravity that evoked the response in Genesis 6 <SPLIT><SPLIT>  <SPLIT><SPLIT> was probably due to the spread of disobedience from Cains line to Seths <SPLIT><SPLIT> In this context the account of the sons of God and the daughters of men has little to do with strange flesh,0
Nickname the [[sjit]]  <SPLIT><SPLIT> Im sorry but how is there nickname The ShitNo offence but how edit thisPlease find the real name,1
So basically Im just pointing out the VERY OBVIOUS CONNECTION between the French verb chanter meaning to sing and the English noun Chantey <SPLIT><SPLIT> PS Just for those of you who dont know this we dont have any sh in French Our ch makes the same [[slund]] as your sh does,0
Ive made some [[fajrly]] extensive changes to the Coatbridge page The most obvious are the page has been rejigged to look a bit better and the addition of a stack of stuff on the irish community in Coatbrige There still seems to be a lot of gaps with in actual fact very little on history other than the steelmill and irish stuff There seems nothing much on music in Coatbridge  there must surely have been a couple of bands out of Coatbridge I must ask the folks Page could do with osme really good photos  Jay Hoolihan,0
Whats the [[peoblem]] with the nomination is now,0
[[Tyank]] you for your help in keeping Don Lane Santa CruzhttpsenwikipediaorgwikiDonLane28SantaCruz29 honest and as negotiated on October 15 2014  They have added this sentence  The following paragraph was written by a political opponent of Lane who has decided to take up 25 percent of Lanes biography with his obsession with a minor event from more than 25 years ago that is not accurately described The references cited do not actually verify all of the contents of this paragraph  which is patently untrue  I am not the political opponent they are referring to though I do oppose many of Lanes policies and decisions  I have added this after the above inserted sentence  The previous sentence is not true as evidenced by the following links and direct quotes <SPLIT><SPLIT> Its funny how Don Lane and his team are so upset about this episode that they lie about it  Its also funny that Don Lane refers to it in a jokingly condescending manner in a recent fluff piece about him in a local paper  httpwwwgtweeklycomindexphpsantacruznewssantacruzlocalnews6203onhistermshtml <SPLIT><SPLIT> Again thanks for your help and diligence on this page  Lets keep it up,0
What was disruptive was Grsz11 knee jerk reaction to Rv me when he knew God damn [[wrll]] that there were BLP violations in the article Everything it the controversy section was going to be reincorporated if it could be The whole section was nuked as a staring point not as an end,0
[[Clarifucation]] accepted,0
yes it [[diesthis]] is cheyenne harrington,0
REDIRECT TalkFort St Louis Port La Tour Nova [[Scohia]],0
at Gaza War [[peotests]] in San Franciscojpg,0
Thanks for the headsup Ive blocked the [[sick]] and deleted the article It was exactly the same as the previously deleted version so Id guess it should qualify both under G4 and G5,0
These [[iidots]] will never understand,1
Oh and youre more then welcome to add me as a friend  And thanks for the RfA related [[ckmments]] D  P,0
Speedy deletion of Neil dempsey <SPLIT>  A tag has been placed on Neil dempsey requesting that it be speedily deleted from Wikipedia per CSD a7  <SPLIT><SPLIT> Under the criteria for speedy deletion articles that do not meet basic Wikipedia criteria may be deleted at any time Please see the guidelines for what is generally accepted as an appropriate article and if you can indicate why the subject of this article is appropriate you may contest the tagging To do this add  on the top of the article and leave a note on the articles talk page explaining your position Please do not remove the speedy deletion tag yourself but dont hesitate to add information to the article that would confirm its subjects notability under the guidelines  <SPLIT><SPLIT> If you [[tink]] that this notice was placed here in error you may contest the deletion To do this add  on the top of the page just below the existing speedy deletion or db tag and leave a note on the pages talk page explaining your position Please do not remove the speedy deletion tag yourself,0
Delighted with the promotion I hope that you will enjoy your break and come back refreshed for the autumn Ive not forgotten my [[pedge]] to help with the RCC article that will be a challenge to relish,0
iw  <SPLIT><SPLIT> can somebody [[pkease]] add link to hrwiki hrSuicide Silence tnx,0
Glkanter if you are going to pull out of the discussion every time you think you may be forced to reconsider your opinion there is no point discussing things  You brought up the hustler scenario to prove a point  I am trying to convince you that it does not prove the point you think it does <SPLIT><SPLIT> To clarify I do not care when the hustler places the pea so long at is in secret  In your discussion above you are talking about game theory how you should react to what you think is the hustlers plan  As far as I know neither of us wish to talk about that subject  The question is this  you [[assrrt]] that the probability that the probability the pea will be under your lucky number is 13  You are now sending your friends to play  You are not giving them advice on how to play each friend will you assume use his own lucky number  You are just telling them whether the game is fair with 21 odds  What do you say,0
I have no idea what youre even asking here  No Ive never seen that  Your [[ckmment]] Look you might be a sock of him is completely unfounded and unacceptable  Dont start accusing people of being socks without any reason,0
[[Sickpuppet]] of Nomdeplume6000,0
Oh fucking come on do you expect it NOT to be Islamic terrorism They made them fucking old up AlNusras flag I know your agenda,0
You were notified of the thread two days ago but chose not to reply  Your behavior [[ckntinued]] you were blocked and the thread closed  Why should you be unblocked to engage now,0
BackwardBackwards  <SPLIT><SPLIT> In this edit you say that backwards is an adverb which is true  But compatible is an adjective so isnt an adverb exactly what is called for  [[Retards]],0
Sure but Im busy right now Expect by the end of the next [[deade]],0
Fjodor Abramowitsch [[Blunow]],0
I [[dieagree]] that account is correct It should be listed as an arrangement Go to the irsgov website and search for IRA everything that comes up defines it as an Individual Retirement Arrangement  See topic 451 which states copypasteTopic 451  Individual Retirement Arrangements IRAs  An individual retirement arrangement or IRA is a personal savings plan which allows you to set aside money for retirement while offering you tax advantages You may be able to deduct some or all of your contributions to your IRA Amounts in your IRA including earnings generally are not taxed until distributed to you IRAs cannot be owned jointly However any amounts remaining in your IRA upon your death can be paid to your beneficiary or beneficiaries,0
[[Retarding]] new content  <SPLIT><SPLIT> Page is getting a little unwieldy and not about to get any smaller so Ive archived I certainly dont want to chop off any active discussions  however if all youre posting here to do is to try and confirm a picture you found on the Internet take it elsewhere If its an obvious fake its going to be deleted If youre posting speculation about removed characters its going to be deleted There is a lot of legitimate information out there and a lot of fake stuff please try to be discerning when bringing it up for article inclusion consideration Thank you    <SPLIT><SPLIT> Characters officially confirmed according to Wikipedias policies <SPLIT> Note since Super Smash Bros Brawl is now released in Japan footage from the game can be used as a citation and as such this particular list is irrelevant   <SPLIT><SPLIT> Lucario Falco ROB Luigi Mr Game  Watch Captain Falcon  Computer and Video Games <SPLIT><SPLIT> Marth Ness  IGN  Official Intro Video <SPLIT><SPLIT> Please update this list with links to Wikipidiaverificationapproved websites  The only characters that have not yet been confirmed by an official publication but have been confirmed by pictures are Ganondorf and WW LINK so be on the lookout for these articles   <SPLIT> Ive already done Marths but given as I dont spend too much time looking through game sites is CVG truly a reliable source     <SPLIT> Well wait till these sources are reliable  IGN is definitely reliable  But the other source does not appear to be so    <SPLIT> Id hold off on Bomberman Ive been reading that its a faked shot Equally unverifiable but futher confirmation should be required seeing as hes not mentioned by other sources be they legitimate for Wikipeida or not    <SPLIT> Computer and Video Games is backed by 2627 years of experience However since exceptional claims require exceptional sources you can wait until more sites pick that information up as well     <SPLIT> Ah alright Thankee Rey     <SPLIT><SPLIT> Plus who says a reliable website cant make a mistake    <SPLIT> Updated the list  It now looks somewhat bleak   <SPLIT> why cant we add CFalcon or Luigi  <SPLIT> Until theyre confirmed by a notable verifiable publication we cant say that theyve been confirmed by Wikipedias policies Although Im convinced by the pictures it goes against Wikipedia policy to solely use anonymously uploaded pictures of an unreleased game as a source This list is for characters confirmed by official reliable sources   <SPLIT><SPLIT> Readded this to active discussion to clarify where weve gotten so far regarding acceptable content for citations and characters that can be confirmed If this is deemed unnecessary than you may revert   <SPLIT> Added Ness to characters shown in IGN intro video I forgot he made an appearance   <SPLIT> Oobug thank you for restoring this topic  I never meant to throw the baby out with the bathwater   2148 29 Januar,0
Linking some terms for easy access equivariant map principal homogeneous space group representation <SPLIT> The terms might compactly tell you what you are referring to Sawomir but they are making my head spin I have recently become a little familiar with a geometry defined in terms of a group action on a set Kleins Erlangen program but am not sure that this even relates to what you are talking about I am most familiar with tensors defined in terms of a vector space and its dual space and this does can be done in the absence of a metric tensor Without further structure such a vector space and hence the associated tensor algebra exhibits GLn symmetry which contains all the Opq groups as subgroups but there is no natural way to identify any one of these without an associated quadratic form It seem to me that there is no way to tie any specific orthogonal group to the general nonmetric tensor concept though it is possible that Ive missed what you are really [[sCaying]],0
Mwhahaha  <SPLIT><SPLIT> you are a [[fcuking]] basted just go leave Wikipedia Now,1
Its all correct  Mainland Europe has few contiguous forest areas left that are large enough to show  Scandinavia is shown as mostly forested true with as you head NW toward the oceans first a strip of mostly pasture land and then a strip of tundrabogs  You are [[corrcetthat]] last category was omitted from the caption just added it back in,0
Lots of little [[diehes]] of fermented things are very Korean see our article on banchan  I hope you tried all of them,0
why did you remove my editing  <SPLIT> hello tomstar i would just like to know WHY DID YOU REVERT MY EDITING  <SPLIT> if you bothered to look all of the facts were researched and proven I my self have experienced an infected person so if you would like to stop being annoying please leave the article the way it is unless you can prove that the information is false by reading the works refered to you self <SPLIT> yours [[sicerly]] apocmonk,0
Ok Thanks  Ive [[dobe]] so WikipediaArticles for deletionNAIL Distribution,0
What is all this about the 8th March being so special is it someones [[blthday]],0
Suggestions for adding to the pop culture section <SPLIT> In Minecraft one of the splashes that appears on the main menu is Blue warrior [[shit]] the food I think this would make a nice addition perhaps with a note adding that the splash is incorrect because the Warriors signature color is red not blue,0
ENGVAR British English American English International English no specification for English  <SPLIT><SPLIT>  <SPLIT> The language variant used in this article is a topic that seems to have created tension between some editors in the past <SPLIT><SPLIT> This poll is simply to investigate which demographic editors are wanting to write this article for <SPLIT><SPLIT> Simply majority consensus  first past the post has been asked for before Its in the archives There are still many who are not happy with the article leading to occasional calls for change and extra work for editors Personally I have no opinion on the Variantdialect used however I do see that it is a possible source of ongoing tensions <SPLIT><SPLIT> As significant time and effort is put into the discussion of language used in this article Id like to contribute to a reduction in this workload in a constructive way Rather than have another drive to address these concerns in the same way and to avoid creating workload for people outside the ISS editors Ill open a longterm poll <SPLIT><SPLIT> No timeframe is given and no call for change is given by myself or implied This is simply to gather peoples preferences and ideas It may help guide change later though if someone wants to call for change based on a tally or changes that occur to the tally over the life of the article <SPLIT><SPLIT> You are invited to state a preference for just one language if you want <SPLIT> You are invited to say you dont care if you want to <SPLIT> You are invited to rank the dialectsvariants in order 1st 2nd 3rd etc of preference if you want <SPLIT> You are invited to rank more than one dialect equally for example you can state a first preference and two second preferences if you want <SPLIT><SPLIT> No request for changed behavior is given or implied Editors are invited to contribute in any way they can regardless of their language abilities There are plenty of editors willing to assist with grammar punctuation and dialect without needing help from the Wikipedia English embassy or is it this one httpmetawikimediaorgwikiWikimediaEmbassy these embassies are designed amongst other things to help people contribute to Wikipedia when they are otherwise unable to do so because of language barriers Ive used them before <SPLIT><SPLIT> At some [[pint]] when there are enough responses to warrant Ill tally the results using the Ranked Pairs system which after a study of systems that might apply best to a talkpagearticle which has fallen into this situation is the best I can find without asking the higherups for help Im assuming here we can all be mature enough to find some common ground ourselves <SPLIT><SPLIT> Ranked pairs is a voting system that selects a single winner using votes that may or may not express preferences When a voter does not give a full list of preferences they are assumed for the purpose of the count to prefer the language they have ranked over all other languages <SPLIT> Other voting systems that take into account preferences like two round and Exhaustive ballot wouldnt take into account the views of people who have been so upset that they have expressed their discontent and left without returning Ranked pairs allows these strong views to be weighed fairly in a poll <SPLIT> The firstpastthepost system may discourage some people from expressing their sincere views Id prefer people express themselves freely <SPLIT><SPLIT> Now and then Ill tally the results again if someone asks or there have been a good few more If I leave in a few years someone else is welcome to do so <SPLIT><SPLIT> If this problem is alleviated by the creation of separate Wikipedias for ENGB and ENAmerican and ENINT Wikipedia please dont use this polls results on those new article pages If separate wikis were created Id for one be happy to contribute to all 3 I already actually contribute on foreign wikis regularly where I cant speak a single word of the language its all good <SPLIT><SPLIT> As for my vote as Ive said I have no opinion but will abstain anyhow Id rather offer impartial assistance to discover and repair the cause of the discontent and I understand there may well be people who wouldnt want it fixed but would rather things continue as they are <SPLIT><SPLIT> As a footnote Id like everyone to consider the alt descriptions for images which are for the blind At the moment I havent been able to keep up with these on the new images for this article,0
Lets agree to differ  I [[dieagree]] whether you agree to differ or not I think a site such as this has a priority obligation to inform hence Poppers principle is valid I certainly think objectivity is necesssary but I think this contribution acheives that,0
Ale 8  <SPLIT> Great work on the article  Just one [[queshion]] does Ale 8 not easily compete with Coke and Pepsi in central KY I was under the impression that it did in places like Sharpsburg Mt Sterling Winchester Georgetown etc,0
cite book  lastGiroux  firstHenry A  year2006  chapterPrivate Satisfactions and [[Pubic]] Disorders Fight Club Patriarchy and the Politics of Masculine Violence  editor1lastWeaver  editor1firstC Kay  editor2lastCarter  editor2firstCynthia  titleCritical Readings Violence and the Media  seriesIssues in Cultural and Media Studies  publisherOpen University Press  isbn9780335218066,0
I say whatever they call him on in the series If they call him [[rogot]] leave it as robot if its android then put android But if we choose one over the other even though the original term is the one being used within the series than that would be Original Research,0
complete rewrite needed  <SPLIT><SPLIT> This whole article needs complete rewriting I can sympathize with the POV it tries to push forward but it is all but encyclopedic <SPLIT> I cant decide between tagging it POV completerewrite or inappropriate tone IMHO it is a combination of all three by now Im fair and I tag it POV let me know what do you [[tink]] about <SPLIT> <SPLIT><SPLIT>  other discussion,0
hi <SPLIT><SPLIT> i have a software related question i would appreciate your time if you [[ckuld]] email me as your email is not enabled thanks,0
my talk page  <SPLIT><SPLIT> please do not alter the comments people have made on my talk page even if they are idiots thank you,1
What is the proposal here  Just that the article should be bigger  Thats not [[hellful]]  That subarticles should be merged in this one  Why  What are we fixing  Without specifics this discussion is vague and pointless,0
I think Ive [[fuond]] the problem  itll be a few for it to spread over the site,0
Gharyan  <SPLIT><SPLIT> What is your opinion on the existence of this article Personally I [[tjink]] it should be partially merged to the Nafusa article like Wazzin,0
o yea  <SPLIT><SPLIT> u can suk my penis suckme suckme suck my penis hahah you cant stop me haha you cant stopme haha u can suck my big black dick hahaha lik my shit like my anle hole [[bscaus]] eyou cant stop me you pinguin shit eater,1
What happened to that old ANI thread on BETA Its gone and with his reinserting the info a second ago Im thinking we [[nerd]] to deal with BETAs inability to work with consensus,0
Ive shortened it though modifying the phrasing which should make it a bit [[fuZnnier]]  I know this was actually tragic as it turned out but it was also quite funny,0
Hi Roger  <SPLIT> Im temporarily exhausted at this [[pint]] so Ill have to take a rest before considering another big revision It seems that the unilateral approximations are OK only in some cases so it might be hard to avoid some special cases Im OK with including the terminology reverse voltage gain I chose backward because the symbol B seemed a logical choice for backward where A is chosen for the forward gain  <SPLIT> I was unaware of SapWin Ill take a look,0
UTC <SPLIT><SPLIT> This is a misleading [[queshion]] caused by the original misleading wording in the article  Nway merges are 3way merges with more than two derivatives <SPLIT><SPLIT>   1741 31 December 2012,0
Mashallaha NIce Profile Bro  <SPLIT><SPLIT> Dear Bro  <SPLIT><SPLIT> You got a nice profile If you need any of my help I am always available to help you with that very pleasure talking have a bless day a head <SPLIT><SPLIT> Best [[Retards]],0
and making it either Stating went his gona play is fact that is [[usefukly]] to keep track of wat going on DO NOT delete anymore information Also adding When When and when is just stupid it unpleasant to read and useless,0
Yeah I didnt know what to do with that as it was obviously vandalism  If you [[ckuld]] please respond and tell me what the appropriate section to use was,0
Apparently a pissing contest developed over when to feature the Roy Orbison arty and it caught Raul in a foul humor so the experiment with democracy is ended for now Bit much of him to delete all the comments though So the wait continues And you better hope and pray theres intelligent life up in space cause its bugger all down here on Earth,1
FileIglesia San Juan Kaneo Ohrid Macedonia 20140417 DD 19JPG to appear as POTD soon  <SPLIT> Hello This is a [[nite]] to let the editors of this article know that FileIglesia San Juan Kaneo Ohrid Macedonia 20140417 DD 19JPG will be appearing as picture of the day on December 25 2015 You can view and edit the POTD blurb at TemplatePOTD20151225 If this article needs any attention or maintenance it would be preferable if that could be done before its appearance on the Main Page,0
Movie Ferdinando e Carolina  <SPLIT><SPLIT> Maria e Carolina is a movie on the temperamental young King  his Austrian arranged [[madriage]]    Ian Ison,0
Dear Bonehead  <SPLIT><SPLIT> This is Jason Scott the director of the BBS Documentary Im sorry I wasnt notified of your stupid little [[decidion]] about the BBS Documentary cover art The cover art is Creative Commons SA licensed and can certainly be used on the site Fair use also dictates it can be used but I am giving specific permission for it to be used People may reupload it and return it to my weblog entry,0
Dream Street  <SPLIT><SPLIT> Dream Street [[fabs]] out there Here me now The one and only Dream Street has broken up Frankie Jonathan Galasso stared in A Tale of Two Pizzas Gregory Frank Raposo released an album of his own Christopher Ryan Trousdale stared in his own movie The Biggest FanJesse Anthony McCartney has been singing all of these years relasing so many albums one after anotherand also stared in RPG Kingdom Hearts 2 Than my most favorite and cutest Matthew Samual Ballinger joined a band for a short time before leaving Dream Street forever The Juice witch he helped complete,0
Were just as keen to remove andor neutralize wellmeaning prochoice bias people who change prolife to antiabortion while leaving prochoice as prochoice and so forth It really shouldnt be all that difficult to write a balanced neutral article on abortion if we can all manage to keep our own personal [[pint]] of view on a short leash <SPLIT> Sorry Chihuahua for another canine metaphor Yip yip,0
If its against the US or Jews its biased <SPLIT> English wiki get [[uwed]] to it <SPLIT><SPLIT> G,0
It is worth knowing a little about copyright licences It is [[pissible]] to log into Flickr and ask the photographer to change to licence to a Commons friendly licence,0
Not all blacks are [[Africsn]] American,0
Re Conflict of Interest  <SPLIT><SPLIT> Hi Peaceray <SPLIT> I wasnt sure how to respond to your message so I hope I am doing this right You messaged me about my edits to the Greg Gianforte page I am his son so I understand your concern and appreciate your message I was aware of my biases and tried to be careful with my edits My father is a controversial figure so there was already some charged language and misinformation on the page I intentionally left in any information that casts my [[fagher]] in a negative light as long as it was true I merely eliminated untrue uncited statements eg that his nickname is Baldy and added balancing information to certain topics For example the only previous information about his charitable foundation was a single gift to a creationist museum so I added general info about the foundations scope and aim of benefiting education protecting the vulnerable etc I did not remove the mention of the museum gift Im sure you will find that the article is more balanced and unbiased than before If there are specific edits that you are concerned about please let me know <SPLIT> Thank you for all your contributions to Wikipedia and your efforts to make it a better place <SPLIT> adamwg333,0
lol btw i use sodium bicarbonate baking soda to clean tile with a bristle brush lolthe gay empire has sodium carbonate as bleach it dont do anything to tile yet its marketed as the chosen tile cleaner the idiots even went as far as not using sodium sulphate which is wall cleaner even that cleans tile floors  Bleach does nothing A tile base vacuum cleaner would be the most stupid idea in the world unless it had a bristle brush that went up and down forcefully between cracks  Preceding unsigned comment added by,1
Page name  <SPLIT><SPLIT> Alfa Records Inc is the older company that was succeeded by Alfa Music Inc  Would we want a new page for that  Heres what Ive got for different entities <SPLIT><SPLIT> Alfa the branding or label that is in the infobox <SPLIT> Alfa Records Inc the first record commpany ca 19771994 <SPLIT> Alfa Music Inc the second record company succeeding the previous ca 1994 <SPLIT> Alfa Records Ltd a [[puglishing]] company that probably predates the record company judging by whats written ca 1969 <SPLIT><SPLIT> It seems like a different article would be too much  I suggest we rename this page to just Alfa and focus on all the companies associated with that branding  A basic sentence in the lead could easily describe any difference and remove confusion  All of the other company names including Alfa Records without the company suffix which isnt even a real thing as far as I can tell can be redirected to the new Alfa page <SPLIT><SPLIT> Thoughts,0
MD  <SPLIT><SPLIT> Hi I just made another adjustment to the article in the Syle section which I expect to be noncontroversial but in a FA I [[gfuess]] one needs to be extra careful with even the most minor changes I was tempted to remove the entire sentence before it the one that describes brunette Camilla kissing blonde Camilla from the dream For one thing I dont see how this is an example of the Directors method of illusion like the way Mr Roques head was made to look abnormally small or the way Carol the brunette singer appeared to be alone at first Another thing we never really find out what Melissa Georges characters name was in real life but we know it wasnt Camilla Rhodes that was just her name in the dream So even if that sentence is kept in I dont think Melissa Georges character should also be referred as Camilla Camilla leans over to kiss Camilla is not just confusing but also incorrect imho    <SPLIT> If we remove it then I think it could be substituted with something about the Club Silencio scene where Rebekah Del Rio appears to be singing but when she collapses we find out it was a tape the whole time IMO we are fooled not only because her performance is so powerful but because the director planted clues 1 We assume that because the magician has left that the magic act is over 2 Cookie or is that a different character played by the same actor comes out and introduces Rebekah Del Rio from a microphone that we find out later was just a prop 3 We also hear the singer tap on the microphone before she begins leading us to believe the sound we hear will be coming from her,0
Yes Ive been told there are [[mamy]] WPRBI,0
My page  <SPLIT><SPLIT> Im talking about my self surely there is no crime in that <SPLIT><SPLIT> Do you [[agere]] that my page should remain on wikipedia,0
POV problems  <SPLIT><SPLIT> Maybe this article needs a POV check because it a seems very biased against the developed nations eg only examples of USfirst world electronics coming there Any statistics <SPLIT> b Seems very anti dumping and c is using encyclopedicneutral style with numerous verbatim quotes IMHO  <SPLIT> All in all this reads more like a pamphlet than an [[artocle]],0
Ill propose a writing for this i wrote this post to establish the idea and see what everyone thinks Im sure Tom and everyone else wont mind at all if we propose a paragraph which doesnt remove the critical content but at the same time reflects our [[pint]] of view,0
Cousin Oliver  <SPLIT><SPLIT> I just would like to say thank you for taking the time to revert Wikipediatrixs deletion You [[kjow]] shes really starting to get on my nerves,0
No finished now Welcome back to the [[dgital]] world,0
Just to let you know I have a draft about Alberto  so if you see that he a played a [[fuklypro]] match and is not created move the page to the original title Alberto Manuel Domnguez Rivas Thanks,0
I deleted the fake wizard parts  [[dIefinitely]] not in the show As for Pims real name I dont remember it ever being said but maybe someone else will,0
that is a [[ogliesbwfcdhgmklASMNFDMNJHGKSMDKHFAGDFHDJHGFDJHVC]],0
[[suppirt]] in return to,0
While it has been said that the ECB report doesnt deny or [[dieprove]] that Bitcoin is a Ponzi scheme it doesnt accuse it of being a Ponzi either The Reuters source is just a headline as far as it saying anyone even mentions Ponzi and Bitcoin in the same sentence Headlines are often written by people other than the articles author for the purpose of attracting eyeballs not communicating relevant information The other citation currently used not in this rewording the Register one says that some accuse Bitcoin of being a Ponzi and link to a from what I can tell blog which actually only accuses Bitcoin of having one characteristic of a pyramid scheme not a Ponzi I just dont see how any of this leads to a Wikipedia worthy mention of people accusing Bitcoin of being a Ponzi scheme But since it does considering the quality and substance of the sources which say that people have accused Bitcoin of being a Ponzi scheme why does the refutation even need a source or its own sentence,0
Since nobody disagreed with my proposition I removed the [[cKharts]] Feel free to express your opinion if anybody disagrees with the removal,0
also probably some JP [[revkews]] as to jut know is this game good,0
hi <SPLIT> i m bored <SPLIT> this sucks <SPLIT> no fun tonite,0
DIE MOTHERFUCKER DIE MOTHERFUCKERDIE MOTHERFUCKERDIE MOTHERFUCKERDIE MOTHERFUCKERDIE MOTHERFUCKERDIE MOTHERFUCKERDIE MOTHERFUCKERDIE MOTHERFUCKERDIE MOTHERFUCKERDIE MOTHERFUCKERDIE MOTHERFUCKERDIE MOTHERFUCKERDIE MOTHERFUCKERDIE MOTHERFUCKERDIE MOTHERFUCKERDIE MOTHERFUCKERDIE MOTHERFUCKERDIE MOTHERFUCKERDIE MOTHERFUCKERDIE MOTHERFUCKERDIE MOTHERFUCKERDIE MOTHERFUCKERDIE MOTHERFUCKERDIE MOTHERFUCKERDIE MOTHERFUCKERDIE MOTHERFUCKERDIE MOTHERFUCKERDIE MOTHERFUCKERDIE MOTHERFUCKERDIE MOTHERFUCKERDIE MOTHERFUCKERDIE MOTHERFUCKERDIE MOTHERFUCKERDIE MOTHERFUCKERDIE MOTHERFUCKERDIE MOTHERFUCKERDIE MOTHERFUCKERDIE MOTHERFUCKERDIE MOTHERFUCKERDIE MOTHERFUCKERDIE MOTHERFUCKERDIE MOTHERFUCKERDIE MOTHERFUCKERDIE MOTHERFUCKERDIE MOTHERFUCKERDIE MOTHERFUCKERDIE MOTHERFUCKERDIE MOTHERFUCKERDIE MOTHERFUCKERDIE MOTHERFUCKERDIE MOTHERFUCKERDIE MOTHERFUCKERDIE MOTHERFUCKERDIE MOTHERFUCKERDIE MOTHERFUCKERDIE MOTHERFUCKERDIE MOTHERFUCKERDIE MOTHERFUCKERDIE MOTHERFUCKERDIE MOTHERFUCKERDIE MOTHERFUCKERDIE MOTHERFUCKERDIE MOTHERFUCKERDIE MOTHERFUCKERDIE MOTHERFUCKERDIE MOTHERFUCKERDIE MOTHERFUCKERDIE MOTHERFUCKERDIE MOTHERFUCKERDIE MOTHERFUCKERDIE MOTHERFUCKERDIE MOTHERFUCKERDIE [[MOGHERFUCKERDIE]] MOTHERFUCKERDIE MOTHERFUCKERDIE MOTHERFUCKERDIE MOTHERFUCKERDIE MOTHERFUCKERDIE MOTHERFUCKERDIE MOTHERFUCKERDIE MOTHERFUCKERDIE MOTHERFUCKERDIE MOTHERFUCKERDIE MOTHERFUCKERDIE MOTHERFUCKERDIE MOTHERFUCKERDIE MOTHERFUCKERDIE MOTHERFUCKERDIE MOTHERFUCKERDIE MOTHERFUCKERDIE MOTHERFUCKERDIE MOTHERFUCKERDIE MOTHERFUCKERDIE MOTHERFUCKERDIE MOTHERFUCKERDIE MOTHERFUCKERDIE MOTHERFUCKERDIE MOTHERFUCKERDIE MOTHERFUCKERDIE MOTHERFUCKERDIE MOTHERFUCKERDIE MOTHERFUCKERDIE MOTHERFUCKERDIE MOTHERFUCKERDIE MOTHERFUCKERDIE MOTHERFUCKERDIE MOTHERFUCKERDIE MOTHERFUCKERDIE MOTHERFUCKERDIE MOTHERFUCKERDIE MOTHERFUCKERDIE MOTHERFUCKERDIE MOTHERFUCKERDIE MOTHERFUCKERDIE MOTHERFUCKERDIE MOTHERFUCKERDIE MOTHERFUCKERDIE MOTHERFUCKERDIE MOTHERFUCKERDIE MOTHERFUCKERDIE MOTHERFUCKERDIE MOTHERFUCKERDIE MOTHERFUCKERDIE MOTHERFUCKERDIE MOTHERFUCKERDIE MOTHERFUCKERDIE MOTHERFUCKERDIE MOTHERFUCKERDIE MOTHERFUCKERDIE MOTHERFUCKERDIE MOTHERFUCKERDIE MOTHERFUCKERDIE MOTHERFUCKERDIE MOTHERFUCKERDIE MOTHERFUCKERDIE MOTHERFUCKERDIE MOTHERFUCKERDIE MOTHERFUCKERDIE MOTHERFUCKERDIE MOTHERFUCKERDIE MOTHERFUCKERDIE MOTHERFUCKERDIE MOTHERFUCKERDIE MOTHERFUCKERDIE MOTHERFUCKERDIE MOTHERFUCKERDIE MOTHERFUCKERDIE MOTHERFUCKERDIE MOTHERFUCKERDIE MOTHERFUCKERDIE MOTHERFUCKERDIE MOTHERFUCKERDIE MOTHERFUCKERDIE MOTHERFUCKERDIE MOTHERFUCKERDIE MOTHERFUCKERDIE MOTHERFUCKERDIE MOTHERFUCKERDIE MOTHERFUCKERDIE MOTHERFUCKERDIE MOTHERFUCKERDIE MOTHERFUCKERDIE MOTHERFUCKERDIE MOTHERFUCKERDIE MOTHERFUCKERDIE MOTHERFUCKERDIE MOTHERFUCKERDIE MOTHERFUCKERDIE MOTHERFUCKERDIE MOTHERFUCKERDIE MOTHERFUCKERDIE MOTHERFUCKERDIE MOTHERFUCKERDIE MOTHERFUCKERDIE MOTHERFUCKERDIE MOTHERFUCKERDIE MOTHERFUCKERDIE MOTHERFUCKERDIE MOTHERFUCKERDIE MOTHERFUCKERDIE MOTHERFUCKERDIE MOTHERFUCKERDIE MOTHERFUCKERDIE MOTHERFUCKERDIE MOTHERFUCKERDIE MOTHERFUCKERDIE MOTHERFUCKERDIE MOTHERFUCKERDIE MOTHERFUCKERDIE MOTHERFUCKERDIE MOTHERFUCKERDIE MOTHERFUCKERDIE MOTHERFUCKERDIE MOTHERFUCKERDIE MOTHERFUCKERDIE MOTHERFUCKERDIE MOTHERFUCKERDIE MOTHERFUCKERDIE MOTHERFUCKERDIE MOTHERFUCKERDIE MOTHERFUCKERDIE MOTHERFUCKERDIE MOTHERFUCKERDIE MOTHERFUCKERDIE MOTHERFUCKERDIE MOTHERFUCKERDIE MOTHERFUCKERDIE MOTHERFUCKERDIE MOTHERFUCKERDIE MOTHERFUCKERDIE MOTHERFUCKERDIE MOTHERFUCKERDIE MOTHERFUCKERDIE MOTHERFUCKERDIE MOTHERFUCKERDIE MOTHERFUCKERDIE MOTHERFUCKERDIE MOTHERFUCKERDIE MOTHERFUCKERDIE MOTHERFUCKERDIE MOTHERFUCKERDIE MOTHERFUCKERDIE MOTHERFUCKERDIE MOTHERFUCKERDIE MOTHERFUCKERDIE MOTHERFUCKERDIE MOTHERFUCKERDIE MOTHERFUCKERDIE MOTHERFUCKERDIE MOTHERFUCKERDIE MOTHERFUCKERDIE MOTHERFUCKERDIE MOTHERFUCKERDIE MOTHERFUCKERDIE MOTHERFUCKERDIE MOTHERFUCKERDIE MOTHERFUCKERDIE MOTHERFUCKERDIE MOTHERFUCKERDIE MOTHERFUCKERDIE MOTHERFUCKERDIE MOTHERFUCKERDIE MOTHERFUCKERDIE MOTHERFUCKERDIE MOTHERFUCKERDIE MOTHERFUCKERDIE MOTHERFUCKERDIE MOTHERFUCKERDIE MOTHERFUCKERDIE MOTHERFUCKERDIE MOTHERFUCKERDIE MOTHERFUCKERDIE MOTHERFUCKERDIE MOTHERFUCKERDIE MOTHERFUCKERDIE MOTHERFUCKERDIE MOTHERFUCKERDIE MOTHERFUCKERDIE MOTHERFUCKERDIE MOTHERFUCKERDIE MOTHERFUCKERDIE MOTHERFUCKERDIE MOTHERFUCKERDIE MOTHERFUCKERDIE MOTHERFUCKERDIE MOTHERFUCKERDIE MOTHERFUCKERDIE MOTHERFUCKERDIE MOTHERFUCKERDIE MOTHERFUCKERDIE MOTHERFUCKERDIE MOTHERFUCKERDIE MOTHERFUCKERDIE MOTHERFUCKERDIE MOTHERFUCKERDIE MOTHERFUCKERDIE MOTHERFUCKERDIE MOTHERFUCKERDIE MOTHERFUCKERDIE MOTHERFUCKERDIE MOTHERFUCKERDIE MOTHERFUCKERDIE MOTHERFUCKERDIE MOTHERFUCKERDIE MOTHERFUCKERDIE MOTHERFUCKERDIE MOTHERFUCKERDIE MOTHERFUCKER,1
totally [[wrog]]   <SPLIT><SPLIT> I have deleted totally the following and I will explain why here  <SPLIT><SPLIT> iIn the Britishpatterned universities the PhD program is much shorter because the coursework component is assigned to the masters and bachelors degrees and the PhD course is concerned purely with research for a thesis The target time is nominally three years but some students finish earlier and many take a few years longer The actual time depends strongly on the discipline being studiedi <SPLIT><SPLIT> bThis is rubbish for the reasons already discussed  while the funding councils are moving towards a model where they want applications to apply for Masters funding and PhD funding at the same time there is no assignment of coursework to the masters  its not actually a requirement to do a masters before a PhDb <SPLIT><SPLIT> iBritishstyle bachelors degrees do not usually require a broad liberal arts and sciences general education component and students are therefore free to concentrate solely on their chosen discipline The bachelors degree if conferred with a high level of honours ie excellent grades can allow admission to a PhD program without having to first write a masters thesis This route is only possible if the university offers an honours year in the field of study though this is becoming increasingly common due to the greater funding that universities receive for enrolling doctoral studentsi <SPLIT><SPLIT> This is complete rubbish from start to finish I have never heard of a british university having a honours year  virtually every degree awarded now in the UK has honours attached to it In theory you can just walk after completing all of your modules and just get for example a BA but in practice everyone does their final assignmentprojectdisseration and gets their honours The honours bit is no indication of excellent grades  you can get a 22 and still graduate with a BAHons,0
Your edits at Compulsory voting  <SPLIT><SPLIT> are unexplained and seem odd I have tried to explain my concerns in Edit summaries and had no impact You [[nerd]] to explain the reason for your change in an Edit summary andor on the articles Discussion page or even here If you dont explain a change for which there is no obvious reason it will continue to be reverted,0
RE <SPLIT> To whom it may concern <SPLIT><SPLIT> The page pink slime is entirely slanderous and most of the information on this page is falsed and based on misinformation As a constant user of Wikipedia I would like to request that the page be changed I refer to Wikipedia to find factual information from credible sources and this page is merely a regurgitation of someone elses opinion Please help make the changes Pink slime is a slanderous word only meant to scare consumers and the term is costing American jobs Please either remove the page or talk about what Pink Slime actually is <SPLIT><SPLIT> Thank you <SPLIT><SPLIT> [[Cuuck]] <SPLIT><SPLIT> No it is not If it where then you would have to confront ABC News and the New York Times et al with this matter Much of the information in the article is taken directly from BPI and the statements that it has made in the press or on its website Other sources include USDA school lunch program reports The sources used are news sources not editorials and are thus not opinion Please prove it is a slanderous term The controversy has appeared to have cost some layoffs and that is reported in the article,0
Coming later in the [[fuction]] really doesnt mean anything to me  There are plenty of reasons that Nolastname could be on a nametag  Its a leap to assume its actually a surname  Theres really only one reason for Wilkerson to be on a military uniform,0
oh [[sorgy]] about that,0
I am going to write an article about parking lot striping the business of painting and laying out parking [[lies]],0
[[Maritkmeyes]] <SPLIT> <SPLIT> BClass1 <SPLIT> <SPLIT> BClass2 <SPLIT> <SPLIT> BClass3 <SPLIT> <SPLIT> BClass4 <SPLIT> <SPLIT> BClass5,0
I think that your contributions with respect to behavior are very wellwritten and informative  [[Futthermore]] your section on Taxonomy is informative and concise  I would say that more information is needed on the Description and Distribution sections  Furthermore the introduction section is off to a great start but may need to be extended  I was given this link upon good article review  httpsenwikipediaorgwikiWikipediaManualofStyleLeadsection It is very detailed and lengthy but it lays out exactly what is needed for a good intro section  I feel like of all things that the good article reviewers look for the intro section is one of the more important aspects,0
Hello  <SPLIT><SPLIT> Hello there Mr Admin aka Bsadowski1 <SPLIT><SPLIT> It is good to see that you are using that strong block button  well it isnt good to see really Anyway I am here to let you know that you havent won In fact Mr Admin you are losing And I continue to win  <SPLIT><SPLIT> I dont think that I even need to introduce myself You know who I am And as you probably know from my legacy I have created hundreds upon hundreds possibly decent thousands of sockpuppets since 2009 and my sockpuppeteering exercises have proven to have a substantial impact on the administrators of Wikipedia And now after more than three years of punishing Wikipedia administrators with the best sockpuppet powers this is when the real fun begins <SPLIT><SPLIT>  <SPLIT><SPLIT>  <SPLIT> you see I have a treat for you and the other administrators Im guessing you will not like what I have in store now but that is the whole point Ha ha ha ha Well I have developed a brand new formula of casting antiWikipediaAdministrator magic My previous sock farms were like limited supplies of stars in a night sky but we now see a lunar phenomenon of a change and things are about to go stormy for the current administration of Wikipedia  <SPLIT><SPLIT>  <SPLIT><SPLIT>  <SPLIT> Where there was once sunshine there will be rain Its deserved since admins are insane <SPLIT> The admins will remember every blunder as the blue sky summons thunder <SPLIT> The admins will fail in their crowds Come on now lets see some clouds <SPLIT> Less defence more attack May the pretty rainbow now turn black <SPLIT><SPLIT> Its time to start out of moral and not sin The no more I love yous are to begin <SPLIT> Protect your user and discussion pages you might But you will surely still lose the fight <SPLIT> You will be ready for a great big fright Because the future will be dark not bright <SPLIT><SPLIT> I hope you are ready for an event like no other Youll [[nerd]] to be ready Ha ha ha ha Not that it will make any difference because you cant be ready Are you ready Ha ha ha ha Never mind It wont matter and you will know true magic soon Oh well the gracious days were fun werent they <SPLIT><SPLIT> Ha ha ha ha <SPLIT> Talk to you later Mr Admin <SPLIT><SPLIT>  	 Nightsky92 aka you know,0
I have already done that when I observed a new person being attacked  I disagreed with the new persons edits and gave citations that proved my point  Then someone came in and attacked the new person When I presented this situation I was told that we are keeping an eye on it  My approach was much more agreeable to all in the situation  I have not seen that new person in Wikipedia again  But this is not my [[pint]] here,0
Sabus  <SPLIT><SPLIT> Any [[cknnection]] with Sabazius,0
Someone should call AA  Teds been sober for a year <SPLIT><SPLIT> Rot in hell you worthless sack of [[cap]],1
thats [[rcaist]] I waz just hving sum funz you guyz are teh sux,1
Im not in favour of recreating the main page Im not in favour of duplicating things all over If you push this you open the door for this you open the door for a [[Ckmponents]] section,0
Hi Dodger67 Ive made further changes to the above [[refetenced]] page Kindly review it,0
[[Woeks]] for me,0
Note Galilee and Samaria amalgamated into a military district of Northern Frontier [[Divieion]],0
Lunatic fringe <SPLIT> I do not believe the line leading the lunatic fringe is sufficent to use the perajcitive term in that manner in this article A writer for Time something something lunatic fringe might work but this is a BLP and there is not a preponderance of evidence or sources equating him to being the leader of a leaderless [[ggoup]] I also believe the editor should be ashamed of himself for including such information in  BLP without considering the caution that is neccasary Juicey sources do not equal good sources,0
A word not commonly recognized as a preposition is a as in I paid five dollars a day for that flop space cf MerriamWebster chez is good though its frequently misused in [[Eglishit]] means at the house of but is usually used to mean the house of,0
Please stop your [[dieruptive]] editing If you continue to vandalize Wikipedia as you did at The edits in question are as follows you will be blocked from editing,0
Could we avoid using terms like ludicrous  I dont [[tjink]] any of the opinions here are ludicrous though one opinion might be more supportable than another  Even insupportable arguments are better opposed by reason than by characterization in any case <SPLIT><SPLIT> Its certainly true that I find the English forms of the name easier to remember  I was unfamiliar with any of this history before I read the article and did not have any preconceptions that Constantine was the natural name but the unfamiliar Gaelic forms are a bit more difficult to parse  However if current reliable sources are using Gaelic forms then readers who start here and go on to the references are going to be confused too because they wont see Constantine or Donald etc  Our job is to reflect current usage  Here the difficulty is that common usage in popular culture is not the same as common usage in reliable sources  Is there a relevant naming policy that can be cited,0
Guy Fawkes Night  <SPLIT><SPLIT> If like me you still think there [[nerds]] to be more on current Guy Fawkes Night commemorations them please leave a message on WikipediaFeatured article candidatesGuy Fawkes Nightarchive1 If you dont then comments to that affect would also be appreciated,0
Trivia [[Sextion]]  <SPLIT><SPLIT> I have a few issues about the trivia section here Wikipedia strongly recommends against trivia sections correct Adding to that virtually all of the trivia featured in said section are references to horrid grotesque misappropriations of Calvins mischeviousbutinnocent nature a show where Calvin kills his parents or references to urine Given that is there anything that is actually NECCESARY in that trivia section Honestly given the total lack of redeeming information in it there doesnt seem to be a reason for it to exist The unauthorized peeing Calvin parodies the only noteable and of course still offensive and unauthorized parody is already referenced in a different section,0
REDIRECT TalkThe Hawthornes Free [[Schol]],0
2014 UTC <SPLIT><SPLIT> When weighting the importance of a given donation there are more things to consider than the raw size of a donation Another thing to consider is how significant a given donation is to a particular recipient In other words its not just the size of the donation as a percentage of the donors total donations its also the size of the donation as a percentage of the recipients total donation receipts Obviously the latter more complicated to evaluate since it requires knowing both the size of the donation and the recipients total donation receipts That risks running into synthesis territory but if a [[skurce]] does the calculations its quite reasonable to use it as a way to weigh the importance of a donation   0726 18 March,0
My [[uWnderstanding]] is that Dick B is pretty accurate but not a valid source which is a shame for the AA history article,0
I dont know how to write an article  I dont even know how to address that on what basis do you make this claim  What exactly were we doing in 2005 that the project what project has moved beyond  And what exactly have they moved beyond to  What better run areas are you talking about <SPLIT><SPLIT> Further it should not be my job to fix your articles you [[wroge]] the bloody thing you should have done enough research in the first place to create an article properly instead of simply guessing to fill in the blanks  First you want to tell me I dont know how to write an article then you want to complain that Im not fixing the article you messed up  How does that make a shred of sense  And no just because some sources are used on other articles does not mean they pass WPRS  Some people have no clue what theyre doing just because an article exists does not mean it magically is of good quality  WPOTHERSTUFFEXISTS  And if youre providing sources that arent reliable then they dont corroborate anything  Just because you found Joe Cools random blog that repeats information does not mean it backs up your original information  Thats the entire point of having reliable sourcing so that we are not simply taking information that may be popularized yet wrong  I mean wow <SPLIT><SPLIT> And as I stated before the LMP299 is built on an LMP296 chassis  How exactly is that not the same  No one said identical weve said similar enough to be the same basic thing  Again the ARX01a is not identical to the ARX01g but theyre all still built on the same basic design  All three cars are built on three chassis LMP29601 LMP29602 and LMP29701  LMP29601 is the sole LMP299  So Ill repeat myself ad naseum what exactly is preventing these three articles from being merged  How would it create a clusterfuck <SPLIT><SPLIT> And the victimized youngin routine is getting old really quickly,0
I cleaned up the rest of your mistakes  I feel like your mother,0
Please stop this [[foolishess]] Wikipedia is clearly not a quasiGovernmental authority  The notion that blocking you to prevent further harm to Wikipedia is somehow illegal is frankly ludicrous If you are considering suing someone Id strongly advise you to turn your attention to your law school as they havent managed to teach you the limits and applicability of the First Amendment <SPLIT><SPLIT> Now please read Wikipedias policy on not making legal threats WPNLT If you continue to make legal threats you will be barred indefinitely from editing here Thanks,0
If Auf Der Maur a soloproject or a [[sleftitled]] band THe article uses both  it should be one or the other,0
Navbox <SPLIT> name         India quick links <SPLIT> state       collapsed <SPLIT> selected     Naveenpf <SPLIT> titlestyle   colorblack [[backgroundcolorshite]] <SPLIT> title          Links for Wikipedians interested in Indiarelated content   <SPLIT> style        width100 <SPLIT> groupstyle   padding035em 10em lineheight11embackgroundwhitecolorblackborder 1px solid CC0000 <SPLIT> list1style   padding035em 0 lineheight15embackgroundwhitecolorblackbordertop 1px solid CC0000 <SPLIT> liststyle    padding035em 0 lineheight15embackgroundwhitecolorblack <SPLIT> group1       WPIndia <SPLIT> group2       WikiProjects <SPLIT> group3       Newcomers <SPLIT><SPLIT> list1        Noticeboard  Discussion board  Article alerts  Deletion talks  Unreferenced BLPs India Portal  Collaborations of the month  India stubs  Category adoptions  Open tasks <SPLIT><SPLIT> list2        Navbox subgroups <SPLIT> groupstyle   width80em backgroundDCDCDC lineheight115emcolorblack textaligncenter fontweightnormal <SPLIT> liststyle    widthauto padding025em 0 lineheight14em  <SPLIT><SPLIT> group1       Region <SPLIT> list1        India  Regions  States  Districts  Cities <SPLIT><SPLIT> group2       Religion <SPLIT> list2        Hinduism  Buddhism  Jainism  Sikhism  Zoroastrianism  Islam  Christianity <SPLIT><SPLIT> group3       State <SPLIT> list3        Andhra Pradesh  Arunachal Pradesh  Assam  Bihar  Chhattisgarh  Goa  Gujarat  Haryana  Himachal Pradesh  Jammu and Kashmir  Jharkhand  Karnataka  Kerala  Madhya Pradesh  Maharashtra  Manipur  Meghalaya  Mizoram  Nagaland  Orissa  Punjab  Rajasthan  Sikkim  Tamil Nadu  Tripura  Uttar Pradesh  Uttarakhand  West Bengal <SPLIT><SPLIT> group4       UTs <SPLIT> list4        Andaman and Nicobar Islands  Chandigarh  Dadra and Nagar Haveli  Daman and Diu  Delhi  Lakshadweep  Puducherry <SPLIT><SPLIT> group5       Cities <SPLIT> list5        Chennai  Hyderabad  WikipediaWikiProject,0
Please refrain from creating inappropriate pages such as Shits n Giggles It is [[cknsidered]] vandalism If you would like to experiment use the sandbox,0
[[hOaloo]] sir wat is capasitor,0
what  <SPLIT><SPLIT> since [[fcking]] when did we become brisbanites,1
While were at it youre simply wrong in your [[ckaim]] that it has only been characterised as abuse    The facts speak for themselves,0
Do not  <SPLIT><SPLIT> Close an RFC I have started again ever I will not have editors dick about with my comments Do it again and I will report your disruption to ANI,0
Dude like era [[sudks]],1
Sup DIPSHIT NECROFELIAC,0
The RAF takes an annual census of airframes and armoured vehicles for international treatment obligations That will I am sure be the figure used by Hansard so it is likely to be the best [[skurce]],0
What Messiaen read  <SPLIT><SPLIT> The article stated that Messiaen read The Resurrection and te sic Monde des Ressuscits by St Thomas Aquinas But Le Monde des Ressuscits is the [[titke]] of a French translation of either The Resurrection ie questions 6999 of the supplement to the third part of Summa Theologica or of the latter part qq 8999 of The Resurrection According to the schema of this widely used English translation the title The Resurrection applies to the whole portion read by Messiaen while composing Et exspecto resurrectionem mortuorum So I edited the article to reflect this   alias,0
Requested move <SPLIT><SPLIT> quote from below the current articles content though wellreferenced belongs in an article on new media [[stfudies]] not one on the phrase new media itself <SPLIT><SPLIT>  <SPLIT> Add Support or Oppose followed by an optional one sentence explanation then sign your vote with  <SPLIT><SPLIT> Discussion,0
I dont want to make an [[WPOTHERSFUFFEXISTS]] argument but they should be based on the same criteria for schools and other organization,0
Controversial Remarks Alleged Calling Facebook Users Dumb Fks  <SPLIT><SPLIT> Quote To avoid being blocked instead of reverting please consider using the articles talk page to work toward making a version that represents consensus among editors  <SPLIT><SPLIT> THAT IS WHAT I AM DOING <SPLIT><SPLIT> REFRAIN FROM DELETING THE TALK PAGE CONTRIBUTION WITHOUT PROVIDING A VALID REASON OR BETTER TIPS FOR IMPROVEMENT AFTER ALL THIS IS ONLY THE TALK PAGE <SPLIT><SPLIT> sources for the below mentioned contribution <SPLIT><SPLIT>  httpwwwforbescomsitesandygreenberg20120201iszuckerbergsthehackerwayletterfacebooksdontbeevilandwillitliveuptoit <SPLIT>  httpgawkercom5636765facebookceoadmitstocallingusersdumbfucks <SPLIT>  httpaubusinessinsidercomwellthesenewzuckerbergimswonthelpfacebooksprivacyproblems20105 <SPLIT>  httpwwwtheregistercouk20100514facebooktrustdumb <SPLIT>  httpwwwtheweekcouktechnology14625areusersE28098dumbfucksE28099trustingdatafacebook <SPLIT>  httptdhmezuckerbergcalledearlyfacebookusersdumbfuckssowhat <SPLIT>  httpanphiclecomentheytrustmedumbfucksfacebookceomarkzuckerberg <SPLIT>  httpwwwtomsguidecomusFacebookMarkZuckerbergSocialNetworkingprivacysecuritynews6794html <SPLIT>  httpaubusinessinsidercomembarrassinganddamagingzuckerbergimsconfirmedbyzuckerbergthenewyorker20109 <SPLIT><SPLIT> Other sections on Wikipedia where Controversial Remarks is valid  <SPLIT><SPLIT>  Bryant Gumbel section Controversial remarks <SPLIT>  Mel Gibson section Controversial remarks <SPLIT>  Sherrod Brown section Controversial remarks <SPLIT>  Kent Hovind section Controversial remarks <SPLIT>  Venkaiah Naidu section Controversial Remarks <SPLIT>  Greg Gutfeld section Controversial remarks <SPLIT>  Lawrence Cannon section Controversial remarks <SPLIT>  Daniel Bernard diplomat section Controversial remark <SPLIT>  James R Flynn section Controversial remarks <SPLIT><SPLIT> and many many more <SPLIT><SPLIT> start <SPLIT><SPLIT> While at Harvard College 19yearold Facebook CEO Mark Zuckerberg allegedly used login data from his social network to hack into fellow students email accounts that evidence also included instant message transcripts where he calls facebook users dumb [[fcks]] The alleged following exchange is between a 19yearold Mark Zuckerberg and a friend shortly after Mark launched The Facebook in his dorm room <SPLIT> <SPLIT> Zuck Yeah so if you ever need info about anyone at Harvard <SPLIT><SPLIT> Zuck Just ask <SPLIT><SPLIT> Zuck I have over 4000 emails pictures addresses SNS <SPLIT><SPLIT> Redacted Friends Name What Howd you manage that one <SPLIT><SPLIT> Zuck People just submitted it <SPLIT><SPLIT> Zuck I dont know why <SPLIT><SPLIT> Zuck They trust me <SPLIT><SPLIT> Zuck Dumb fucks <SPLIT><SPLIT> In another instant message IM <SPLIT><SPLIT> FRIEND so have you decided what you are going to do about the websites <SPLIT><SPLIT> ZUCK yea im going to fuck them <SPLIT><SPLIT> ZUCK probably in the year <SPLIT><SPLIT> ZUCK ear <SPLIT><SPLIT> end,1
I have a steel storm door with a mortise [[lick]] that has finally worn out Are all mortise locks standard in size,0
[[Thee]] is a slight problem with the cultural references section The cultural references are each cited to the works themselves ie primary sources rather than secondary sources As per WPPOPCULTURE secondary sources are preferable to establish the significance of the reference as being worthy for inclusion in the article However passing mentions in books television or film dialogue or song lyrics should be included only when that mentions significance is itself demonstrated with secondary sources I did a similar section on the Dont Look Now article and found film reviews or interviews with the director to be the best secondary sources for establishing the importance of these cultural references The main thing there though was that I tried as much as possible to avoid citing the referring film itself For example for the Stallone as the Terminator reference in Last Action Hero this secondary source would be better since it establishes the notability of the film reference and thereby places it into a cultural context I dont think this issue should be a block to a GA though its just an area that could be improved IMO,0
OK useful feedback thanks  I have found this reference about rates of switching at the Electricity Authority website I could create my own graph from the data to help describe trends in switching retailers but as a new editor I am not sure how to do this in Wikipedia  Can you [[pouint]] me to some tutorial or guidance on creating graphs,0
listas  Crazy [[Wirld]] of Arthur Brown band,0
12Archive 12 and older messages will be in [[Archie]],0
Major edits underway  <SPLIT><SPLIT> A group of chemistry undergraduates including myself have started major edits and additions as a [[ckass]] project in an effort to have the article upgrade to an A rating or better It will take several weeks or months for us to finish,0
which incase if youre even setup like r770 to cypress you can either choose to increase rop [[wlthout]] change the bus because its convertible but if youre in odd number like 369 you can never be part with 248 setup,0
I think 184 BC would be a silly [[artocle]] to get banned over   e,0
Also Yamaguchi Yamaguchi Tottori Tottori Shimane Shimane Osaka Osaka Fukui [[Fukji]],0
That means I [[ckuld]] list Megadeth as being influenced by Crowded House using the exact same source and reasoning,0
Corvette Blue flame engines used three side draft [[crabs]],0
Refactoring <SPLIT> I wrote a comment  Then I wrote another comment as a reply to my own comment  Then you inserted your comment in between  I refactored your reply so that it would be in chronological order after my own reply  You reverted  I dont like what you did  My two comments were as close together as two comments can be  What right have you to come along and jam something in between  Especially when my reply specifically addressed all the matters that your [[ckmment]] asked about  Are you just trying to make me look bad or stupid or something   <SPLIT>  You posted SEVEN times to the same section in 30 minutes while making two separate comments Do you not understand the effect that has in edit conflicting any other editor who wishes to reply to your comment or are you so uninterested in what others have to say that you dont care My reply was to your first comment signed and dated 2357 21 March 2011 It was edit conflicted twice by you and I do not appreciate you deciding it should be placed after your second comment 0024 22 March 2011 to which it was not directed Cut down on your rate of posting or just use the preview button and you wont inconvenience other editors so much,0
Im confused are we discussing the fuel consumption record of a [[fukl]] prodution car because that wouldgo to the citreon AX and I belive was slightly more than 100MGPImp average on a trip from dover to barcelona,0
What should we do now  <SPLIT><SPLIT> Please look at  and tell me what should we do now   <SPLIT> The appropriate place should be WikipediaRequests for commentUser conduct especially that the concerns have been brought at the user in [[queshions]] talkpage,0
5 UTR in 2nd svg is incorrectly labelled  <SPLIT><SPLIT> Can [[someobdy]] fix it,0
Abacus  <SPLIT><SPLIT> My tnh th h u tinbng tnh gyRa i t rt sm,0
the problem is that critics have a really dumb [[aUrgument]] on top of the fact that no one is providing good sources for those bad statements,0
REDIRECT TalkHistory of philosophy [[dieambiguation]],0
Nice to see you [[badk]] Ealdgyth How was your trip Did you manage to see everything you were hoping to see,0
You have been blocked for 24 hours for continual [[ckpyright]] problems  This information is not optional,0
Not done Not sure what significant distinction there is between the two with the except that street art sounds nicer The uploader of the image described it as Eminem graffiti in Shanghai China so unless you can find a reliable source that describes this particular piece as street art disagree with this [[chage]],0
A barnstar for you  <SPLIT><SPLIT>  stylebackgroundcolor fdffe7 border 1px solid fceb92 <SPLIT> rowspan2 styleverticalalign middle padding 5px   <SPLIT> stylefontsize xlarge padding 3px 3px 0 3px height 15em  The Technical Barnstar <SPLIT>  <SPLIT> styleverticalalign middle padding 3px  For your [[wogk]] on the AfC helper script,0
Missing details  <SPLIT><SPLIT> 1 Description on path reconstruction from closed priority queue The article claims that the path can be reconstructed from the closed priority queue without storing the path so far at each node  The article directs the reader to see below for a description of the advertised technique but that description is nowhere to be found <SPLIT><SPLIT> 2 Check candidate nodes to see if theyre already in Closed AND Open  The article mentions that you must check if a candidate node is already in the closed priority queue  I have read other descriptions such as Amit Patels which is linked at the bottom of the page which states that you should also check if the candidate node is already in the open priority queue  Experimentally I determined that the algorithm runs at unacceptable speeds unless I perform this additional check <SPLIT><SPLIT> Since I am in no position of authority on A I have not made any edits to the article  [[Hopefukly]] someone else can address these two issues,0
WikiCup 2014  <SPLIT><SPLIT> Hi if you havent already you should [[cknsider]] signing up for WikiCup 2014 Cheers,0
Telling me about your edit history is pointless padding You have made your [[pint]] with a sound reference  why do you think I am going to have any interest in your credentials,0
Putins view is already in the article Theres no [[nerd]] to spam it in all over the place And if you seriously think that every wacky idea coming out of Rush Limbaugh or Ron Paul needs to be prominently featured in Wikipedia articles then youre in the wrong place I would also appreciate it if you cut it out with the personal accusationsattacks like no matter how much you hate Putin  thats stupid nonsense which does not belong in a serious discussion  or your repeated claims that somehow my intent to follow WPFRINGE is belligerent Discuss content not editors Keep in mind that this article is under discretionary sanctions,0
Salem Page <SPLIT><SPLIT> Sorry Nufy for vandeling the salem home page im an idiot and new to wiki in the future will use the sandbox <SPLIT><SPLIT> Jes,0
I think my original [[pint]] was that there simply isnt any background information about the main characters For instance the Bleach list references his allies who are incredibly important but arent mentioned at all until later episode summaries Similarly for List of One Piece episodes season 5 very little information is given about the Pirates Theres no information introducing the series prior to  My point about previous FLCs was that I believe it can be safely assumed that the reader knows enough about One Piece if theyre specifically going to the Season 5 page instead of List of One Piece episodes so Im not entirely sure if the context is at all necessary,0
[[fyck]] you buddy its fucking danny yes I checked the discussion page it should be moved,1
[[EWIT]] Oh yeah and that dictator has cancer again,0
Proposed deletion of Gordon Blossom  <SPLIT><SPLIT> Hello Boricua38 I wanted to let you know that Im proposing an article that you started Gordon Blossom for deletion because I dont think it meets our criteria for inclusion If you dont want the article deleted <SPLIT><SPLIT>  edit the page <SPLIT>  remove the text that looks like this proposed deletiondated  <SPLIT>  save the page <SPLIT><SPLIT> Also be sure to explain why you think the article should be kept in your edit summary or on the articles talk page  If you dont do so it may be deleted later anyway  <SPLIT><SPLIT> You can leave a note on  if you have [[queshions]],0
This is dumb as [[suit]],1
quantitative easing main role is to reduce government borrowing costs  <SPLIT><SPLIT> I am an economist that has written about right of the government to access the zero percent borrowing matrix   This is what quantitative easing is about as the central banks purchases government debt instruments to make sure there is market clearance of these securities <SPLIT> Our sovereign debt crisis is getting worse and worse and worse  The only hope in our play book is our ability to finance deficits at a zero percent rate to rescue the free world   The ability to access these funds has coalesced into the termjargon under the banner called quantitative easing  Basically quantitative easing is here to stay and it is being shapedcreatedtested into a common sense ideaan accepted economic practice   Once you accept that the govenment can access the bank of clearance without borrowing managing the IOU [[stfuctures]] banks use to led money it is only a matter of time quantitative easing main role is to reduceeliminate government debt costs <SPLIT><SPLIT> Why do you think quantitative easing has nothing to do with reducing government debt costs  This is a nobel discussion,0
The [[fat]] that he ignored you still doesnt mean it is vandalism,0
You are very annoying sir PLease stop this nonsense,0
Ordering <SPLIT> As the article stands now it is quite messy  <SPLIT> I propose that everything that happened between 1836 1921 will go in the Amirsection under the appropriate amir <SPLIT> Somethings should be cut out completely Eg  <SPLIT>  The House of Saud and the House of Rashid are the two most powerful houses in central Arabia In the seventeenth century the alliance between the Saudis and the Wahhabi religious sect made them paramount <SPLIT> That text is not at home in this [[artocle]] is it,0
welcome  <SPLIT><SPLIT>  width100 cellspacing0 cellpadding6 stylefontsize95 lineheight 15px backgroundcolor [[fag6ed]] border 1px solid faecc8 <SPLIT>  <SPLIT>  colspan4 stylebackgroundcolor faecc8 Hello   Welcome to English Wikipedia  <SPLIT>  <SPLIT>  colspan4 Thanks you for your participation in this project We hope that you will stay and contribute and that you will find the experience enjoyable Wikipedia is an online encyclopedia that started in 2001 it is free for all to use and anyone may edit it There are certain guidelines and principles that all users are expected to follow These principles and guidelines are listed belowclick on a link for more information <SPLIT>  <SPLIT>  alignright   <SPLIT>  The five pillars of WikipediaThe fundamental principles of the project <SPLIT>  alignright   <SPLIT>  HelpWikipedias help section <SPLIT>  <SPLIT>  width8  alignright   <SPLIT>  width38  TutorialThis tutorial is a basic guide to editing <SPLIT>  alignright   <SPLIT>  width38  Your user pages and your sandboxHow to experiment and edit in your user space <SPLIT>  <SPLIT>  alignright   <SPLIT>  Mentoring programAsk an experienced editor to be your mentor <SPLIT>  alignright   <SPLIT>  How to start a pageHelp on creating your first article <SPLIT>  <SPLIT>  alignright   <SPLIT>  Things to avoidHow to avoid common errors and mistakes <SPLIT>  width8  alignright   <SPLIT>  Style GuideHow to write in an acceptable style <SPLIT>  <SPLIT>  alignright   <SPLIT>  Main policies of Wikipedia An introduction to Wikipedias main policies and guidelines <SPLIT>  alignright   <SPLIT>  Frequently asked questionsSome common questions and their answers <SPLIT>  <SPLIT>  alignright   <SPLIT>  Help DeskHere you can ask other editors for assistance <SPLIT>  alignright   <SPLIT>  Quick referenceA handy quick reference guide for editing Wiki <SPLIT>  <SPLIT>  colspan4 stylebordertop2px solid f4e8c4  <SPLIT><SPLIT> This page is your Talk page Here you can receive messages from other Wikipedians and discuss things with them At the end of your messages you should put your signature by signing with four  or by pressing the button in the editor barshown here in the picture Do not sign in the articles themselves See When signatures should and should not be used for more information <SPLIT><SPLIT> Cant see this message properly Click here for a simpler version,0
At the end of the day this is the English Wikipedia Meaning what exactly That neutrality is linguistically dependent  which is clearly [[fakse]] since most events can be described neutrally in any language  or is this an admission to cultural bias which seriously undermines Wikipedias claim to neutrality,0
Just shut up and dont offend the homeland of some people  it might be awful but keep it for yourself,0
Yes Andrei your [[ckmment]] irredentism is disappointing to me Yes Im a Dalmatian of Dalmatian ancestry islander and Im proud of it My natural language is Chakavian Croatian it means that I usually speak a lot of Dalmatian Romance language words but also there are many words of Venetian origin transferred to Chakavian during Reinnesance Whats more Chakavian was the original language of the first Croats who initially appeared in the northern Dalmatia the oldest Croatian inscriptions were written in Chakavian Cro and Glagolithic alphabet Additionally the Croats were the saviours of the Latin culture in Dalmatia they never tried to destroy it they completely excepted it and practically prolonged its life so you can say that Antique has died by natural death in Dalmatia and not by force while in many other parts of Europe it disappeared by violence On the other side Ill always fight any kind of nationalism including Croatian and Italian but its not the case here Is it Im actually a supporter of Chakavian revival to the modern standardized Croatian based on NeoStokavian so it would include Dalmatian Romance words too  <SPLIT> I dont support any theory to prove something Ive just reported about modern tendencies in historiography concerning the most of Europe and here I was talking about all Illyricum and not only about Dalmatia or Croatia and Ive specified Dalmatia as one of the most Romanized regions of Illyricum in this discussion above there BTW multidisciplinary science has described Croatian ethnogenesis in the main elements like this Liburni Iapodes western Ardiaei Dalmatae which includes a few other familiar tribes Histri OstroGoths Sclaveni Romans Dalmatian languages speakers in the coastal Dalmatian cities in the Early Medieval How much certain group contributed is very hard to determine and will be never known I guess <SPLIT> Im not angry on you we are all human beings,0
Medcab  <SPLIT><SPLIT> Your first article has been deleted If you want it retrieved you can probably  ask an admin to give you a [[ckpy]] to put into user space Im going to close the medcab case but will keep an eye on that article in particular <SPLIT><SPLIT> Here are a few things to check out <SPLIT><SPLIT> The Five Pillars of Wikipedia <SPLIT> The Manual of Style for Wikipedia <SPLIT> How to cite things <SPLIT> What qualifies as a good citation <SPLIT> The EverPresent What Wikipedia is Not Rule <SPLIT><SPLIT> Sorry I couldnt be of much help Dont give up though,0
Someone replaced  the almost  completed  article  on Karen McCrimmonwith   with my old one that is far more incomplete   <SPLIT><SPLIT> Hello I am the main author of this article on Karen McCrimmon and for some reasons the recent article I was signing Edgard Poe was replaced by the old one I understand how the error occured because at the same time I was writing one in French and my users name was Edgard Poe and this have brought the mistake in the English one Could you replace the one I was completing today instead of this one who is far [[incoplete]]  <SPLIT><SPLIT> If there is a conflict between De Medicis and Edgard Poe there should not be any conflict because they are the same author and the same person and if you verify you will see it is the same email If you have some other reasons to remove more than half of my article could you explain why  <SPLIT><SPLIT> Thank you  <SPLIT><SPLIT> Sincerely  <SPLIT><SPLIT> De Medicis,0
This is nonsense and it is biased as it gets in favor of christianity   You cant claim the Deist god had anything to do with this [[uunless]] ignoranthe created thats it he had no plan no destiny to offer man and no protection to offer as he didnt threaten an eternal hell or even a moments hell   Then to bring Paine into it    To compare Paine the Father of the Revolution to Puritans to compare his call for rising against the priests the kings to the puritans talking about virtue  SLAVERY IS A VIRTUE TO CHRISTIANITY   Speaking of that perhaps this huge and insurmountable difference between the deist god that COULD coexist with AMerican ideas like inalienable rights the basis of our freedoms yet inalienable on a person is mutually exclusive with all powerful on a god they cannot coexist Kind of like liberty and christianity   What in Deism says EVEYTHING IS OURS THE REST OF THEM ARE NOT EVEN MEN BUT SLAVES  GOD DIDNT NAME EVE GOD GAVE HER AS PROPERTY TO ADAM WHO THEN NAMED HER AND ALL THE OTHER ANIMALS  MANIFEST DESTINY COULD ONLY COME FROM CHRSITIANITYWIKIPEDIA IS FULL OF LIARS   BEYOND BIASED AND GETTING GROSSER EVERYDAY I HOPE IT GOES UNDER IT SHOULD AS IT MAY BE FREE BUT ITS A FREE LIE AS ITS NOT OBJECTIVE ITS TAINTED BY CHRISTIAN COWARDS WHO HATE LIBERTY AND DEEP DOWN THEY KNOW IT  America saystheres no reason to think those people dont have rights after all they are INALIENABLE  that means even YOUR god couldnt take them away    <SPLIT><SPLIT> Open your eyesChristianity is the ANTITHESIS  of libertyand that is why liberty today is dead and instead the cowards continue seeking inequitable rights like a selfish child of 50 always demanding 100 of the attention yet the other 49 too decent to respond in kind by behaving as children and stepping on everyone else as much as possible   Manifest Destiny had no single source    Hmmmm   we all know its from christianity not ONE of us ever hearing otherwise it fits no other godsonly the one with all the racism and hate and fancy tantrum god that has his chosen peopleand hates the others that he didnt personally create and love like those of eden in the 2nd creation   Funny isnt manifest destiny echoing exactly what the bible says  Everything is yours go take it screw em make slaves of em you have dominion over all things    If you cant figure out which religion is really just a policy of positioning a superior position on others in any situationjust look for the religion that has so little respect for its own god that it painted his skin to match theirs lol ya no it couldnt be that religion that caused a problem   surely not most problems we have today not the one that offers a GODs word to back up everything UNamericanslavery women and children as property pink skin called white and the ultimate importance of two things it seems   genital mutilation lol their first big council and a few others after were devoted to how to slice the penis or notimportant spiritual stuff and skin color   Frauds now manifest destiny isnt christian   I know its not a sin but to say that type of thing reveals you lie a lot to say something so ridiculous   Whats next are you going to claim the crusades was when you christians got so persecuted and thats how you got such a big religion well that and its the easiest in historyno practice Believe in jesus  SAVED  wow i wonder how much spiritual growth you get from a death religion with a one quick drivethrough step practice   At least the MUSLIMS are humble before something and more5 times a day  Find me that in a christian they cant be honest such to not look like complete idiots as  though the straight face will spare the humiliation  Course its not their faultone would have to constantly lie to believe in the  bible its all about avoiding realitythats why it never addresses it and instead teaches to escape itbut yes only after murdering all the savages stealing their property women and destroying their culture,0
