perturbed_text,ground_truth_output
letting  Let me anything from ,0
still just not ,0
Child  <SPLIT><SPLIT> I apologise this would have comments Unfortunately undid work ,0
have about the a the Biographies Persons WPBLP1E That NOT ,0
is REAL ,0
<SPLIT> Please do Wikipedia It considered would like the sandbox Thank ,0
I requested via creationRedirects redirect from   so maybe need to <SPLIT><SPLIT> PPS recommend propose my ,0
your garbage What wrong Grow ,1
listen theyre unashamed hypocrite,1
UK arrived of now So to Morocco for for saying  like ,0
letting contribution and iss246 as the correct NPOV call ,0
I posted the page that French version to use Quality project as model ,0
would to facemask was   know  seen photos type facemask talking a <SPLIT> <SPLIT> ,0
Donkey vs Burro  <SPLIT><SPLIT> The Burro section does not explain why the different words AFAIK this is just a SW US synonym for donkey  jackass  ass Spanish Burro BTW means simply donkey etc,0
Well I dont like to say Ill school you if you like sigh although Im a whole new bitch when it comes to musical correctness than what you might have be used to,0
 Brackets <SPLIT> really need of fighters in tournament  brackets who is fighting in tournament  a bit ,0
recent to  <SPLIT><SPLIT> DNBR  add to disambiguation the for pages specifies only blue navigable entry  So removed nontopical and small wishes,0
when was started disclaimer Mind it decide and dont too keen to unverified at cost completeness in will intertia it some time pushing  by instead nagging ,0
knock off from a  GameSpot the having go at less You edge of breaching you tread This attitude way of line,0
had need it finally get I forget wish say me to find connected I a billion in Ill look at the Pump ,0
<SPLIT><SPLIT> anon about account  <SPLIT><SPLIT> for your to articles,0
you know reactionary me a ,0
ass ,1
of parts the are you ,0
 Editwarring  <SPLIT><SPLIT> say the talk and instead of nonstop Personal not helping ,0
Muslims <SPLIT> you are Muslim a cunt <SPLIT> are and utter <SPLIT> Thats <SPLIT> All Muslims <SPLIT> If are a Muslim <SPLIT> are complete and <SPLIT> my <SPLIT> All are <SPLIT> are a you cunt <SPLIT> <SPLIT> stands <SPLIT> <SPLIT> are a <SPLIT> are complete utter <SPLIT> Thats my ,1
where 30026 points,0
apologies views been published but they have Please the i provided,0
   used the  not a your and  tag you are and to help question at new desk the help Click ,0
appearance  <SPLIT><SPLIT> is note know it be appearing as page 2010 you think it is change the can request it with featured article  blurb you the the needs any attention its appearance on the doesnt    <SPLIT><SPLIT>  <SPLIT> <SPLIT><SPLIT>  <SPLIT> The Scout Kong the overall Scouting organization Kong Scouting the Kong branch of The of the United Kingdom in 1914 St College Scout and in July autonomous association and the World Organization of the in 2008 the association members approximately in Cubs Venture Scouts largest uniformed in Kong at in by Centre and traditional Scout and Jamborees ,0
BEST 112  <SPLIT> Welcome this because is wymyonego never someone with  Please Poland Dancing with  ,0
not you edit to Romano continue so editing,0
 <SPLIT><SPLIT> I just post it bottom  match I taken response guess  contribs,0
 <SPLIT><SPLIT> I  the be main page <SPLIT> <SPLIT><SPLIT>  <SPLIT> Noz5,0
I know of accepted by He did a The  I which ,0
 <SPLIT><SPLIT> dart do you keep the reason If happens again mIll wikipedia about matter help ARTICLE instead of it  added by       <SPLIT>  I right direction pushing you WPBIO was the noref delete without actually actual article come same whatsoever hence it marked every advice ,0
<SPLIT><SPLIT> Honestly its isnt with content way itTake the  saying makes sense but made the sources you to talk source as a climate in Your source merely information age if you another that vulnerability it would problems connect this a the to Belize If you about aging context of change it might be OK statistics the CIA factbook Might Some still that drawing original from Oh and by the way I would drop human just vulnerabilities It change the focus only would for all if talk threats coral you need on from on nonhumans   2217 ,0
type really  TMI to a person  foreverfreebird2,0
is I also concerned article to Turkish on I been this some days  kind will consider any the consensus we already have content about Nicosia in the article and north in of other such Cyprus as a information considering tries to make the seem to the world in in there that a many it this way edits done  the the dispute was mainly about the content think need is a discussion not including content ,0
if it were ,0
 <SPLIT> Thanks notice the image page that fair its fails first use it illustrates a subject for licensed image reasonably that the you believe is replaceable please <SPLIT><SPLIT>  page fair <SPLIT>  image page reason why all <SPLIT><SPLIT> a image copyright or a similar under license by taking picture yourself <SPLIT><SPLIT> other consider have specified these our fair have edited by on  replaceable by will  questions   <SPLIT><SPLIT>  <SPLIT> <SPLIT><SPLIT>  aligncenter red <SPLIT>  <SPLIT> deleted <SPLIT>  <SPLIT> image under there is no or why use Wikipedia fair use When use tag as fair or use name you write on the rationale for why this image consistent fair <SPLIT><SPLIT> description use <SPLIT><SPLIT> you have fair that on pages a list image on  located of you in then selecting box any images an explanation be one week they have been uploaded as criteria deletion If you any questions please at Media copyright questions Thank you   <SPLIT><SPLIT>  <SPLIT> Fair use for <SPLIT><SPLIT>  white solid padding5px center fontsize <SPLIT>  <SPLIT> file be <SPLIT>  <SPLIT> Thanks for uploading ImagePledgejpg notice the specifies that the is used under fair use but there is no explanation or rationale as to its use Wikipedia articles fair use generic fair use tag fair fair inarticle name you must write out image page explanation rationale for why in each article is with fair use <SPLIT><SPLIT> Please go the image page and it include a use <SPLIT><SPLIT> have uploaded other fair use media consider checking you fair use on too find list ,0
secondary sources when primary are for WPUNDUE cannot when is sentences,0
recent size article  <SPLIT><SPLIT> noticed the size of of is sort minor the all but reply I thought the previous if bit I like to for size 1619 of for image extends to the of the A are layout more White ,0
under  <SPLIT><SPLIT> sentence below is and the merits article  <SPLIT><SPLIT> also and combined stories renamed the Stream <SPLIT><SPLIT> 1 should specified that his the in the Stream than in  <SPLIT> My is that to this It just sentence that pasted article may but the citation <SPLIT><SPLIT>     11th ,0
I it trivial about in it does how creator going  the going appear anywhere in wikipedia it here some from  which is why I still remembered it after than fifteen ,0
hey <SPLIT><SPLIT> Hey man cmon youre getting done dirty too join me,0
even leet  <SPLIT><SPLIT> 73 <SPLIT>     1337       1337,0
List of Paradise <SPLIT> Hello welcome welcome your such List of Paradise episodes but regretfully accept text material This article contain of Wikipedias The While we appreciate we all comply our Wikipedia very seriously liable  <SPLIT><SPLIT> If believe is not a violation or if from copyright holder to release content under allowed Wikipedia then you do one the following <SPLIT><SPLIT> you have permission the author to release the text under the Creative License a the of and send an email with confirmation permissionsen at dot org Make you name in in See <SPLIT> a on Creative 30 or that a at in Paradise with we that note  <SPLIT> own the material email from postal Foundation reuse the Free and have done copyrighted <SPLIT> may necessary the have an tone more Wikipedias Wikipedias guidelines  <SPLIT><SPLIT> like to working new of the you do so  this Leave note TalkList of Death Paradise saying you have done an will move new article into place once the issue is resolved  <SPLIT> and to continue contributing to Wikipedia    <SPLIT> it seems this be a similar to but putting this here ,0
that can agree ridiculous pile of ,1
 <SPLIT><SPLIT> just this up or homepage in there certain and want if ok just it theres ,0
inclusion,0
I edits as page Before would have been page later be WPParallel versions,0
IS LOSER A A LOSER CODY A CODY IS IS LOSER,1
 This from the WikiProject Aircraft ,0
pretty place by so parts as described them global seasons daffodils Lake District in is a Id to a ,0
<SPLIT> of the ,0
figure out an article without using in me consider advice ,0
 <SPLIT><SPLIT>  <SPLIT> Ecologics for the article me the initially that the article I is being in faith albeit and inexperienced editor I have would appreciate it you would visiting the deletion discussion deletion ,0
involved lead is basically the with the With all Id on solution for first and then ,0
noticed in TURF from least think They are just White and green at a and commonality Will you I think has changed this I it Let me with thing,0
since about and besides someone as would say necessary make post just article directly has ,0
 I whether and maybe a native but that didnt to find sources and found is done Wikipedia Reading is all did Also native English change has going on   I   is from June  That is than years after municipality  even after text of  <SPLIT>  the word a class for native English In County Township  municipality X in it be municipality Township or And the Northern opstina and locally name X and class name is similar English Africa and website  httpwwwstellenboschgovzajsphomejsp having Municipality the httpwwwoverstrandgovza text home for perceived as marginal say ,0
 I find supporting problems and up bitless cause GO,0
 <SPLIT><SPLIT> what ,0
genocide   ermenian is big  gangs   soykrm ermeni eteleri ingiliz ve  da asayii salamaya alt lkeyi ermenileri ise zarar iin etti  farkl ve hakl osmanlnn soykrm ,0
please We collaborative environment is need to We content sources knowledge contributors own align presumptions pleased no <SPLIT><SPLIT> ,0
actually thought of it A10 Recently created duplicates an  have yesterday article is OR to Its established we what realistically it is deadline on Band articles are something judge not deal with them in the cases articles might WPN are A7 not The bands articles are included that while may hard to is notable there many which not conceivably this not they be in other than to ,0
 <SPLIT><SPLIT> all ,0
worry think understands like decent ,0
english  <SPLIT><SPLIT> see is enslaved wudnt have voted 4 barak obama this to have about <SPLIT><SPLIT> ,0
userboxes emoticons <SPLIT><SPLIT>  <SPLIT><SPLIT>  <SPLIT><SPLIT>  <SPLIT> <SPLIT>  has at hopefully one has made your worse frowning you in or a friend  Frown others to message  <SPLIT><SPLIT>  <SPLIT> need a ,0
does mean,0
Thanks,0
exception the I think decently Its its lede has where keeps in and we to find 5 does really to of article IMO And I weve the says occuring marriage is man it a open phrasing forms but what is verifiable and clearly allows us to and work out some Note that with loss just one editor weve become able work out side lack it may embrace including me to tweak it and small think all agree it at last truthful is indeed huge forward in last few weeks,0
apologies  I Amazon and 80 so correct,0
not quite that though wont violate policies person TheOgry and you think responses those siituatons,0
2012 <SPLIT> you to Dekha Khwaab deleted as information wrong character Yuvraj the show,0
really but a leisure the ,0
arguing defending the on was no come towards If off then I dont ,0
hell faggot,1
may are different facets In terms on is frequently the to split these facets into to readability length not paper same amount of a given textbook ,0
 <SPLIT><SPLIT> boy   email,0
Perfekt und danke fr die extrem schnelle Arbeit Gru,0
UTC <SPLIT> From at greater level generality    highlighting specific reviews this guideline draft a sentence   ,0
his is  <SPLIT><SPLIT> lol,0
needed  <SPLIT><SPLIT> Hello <SPLIT> we need some translators of the new VisualEditor  There and as as  work is  need personal message the Thai  If able to help in way here or head TranslationCentral  for ,0
Comments page  <SPLIT><SPLIT> take point concerning On not have good as may stir up further I shall remove any Thanks for    <SPLIT>   <SPLIT><SPLIT> you are the  Its most important thing in place just not worth the article     <SPLIT><SPLIT> I would like but Arbcom will doing about content instance the motivation that much sure much adopted anyway If start make be ,0
user Khande are of policy was fg rt offence ment the aspect of personality absent in this of and the void my additions <SPLIT><SPLIT> set agenda is the pillars has highlighted agenda As i user from this ,0
previous the not we that leg  it is the all but it blank ,0
for   <SPLIT><SPLIT>  <SPLIT><SPLIT>  <SPLIT><SPLIT> occurin and Intolerable I over helicopter with BEARS my Mountain ,0
also did here it in account you banned with attitude,0
on Australia,0
modulePortalimages be protected used anymore  it added job queue when the  for and the ,0
thanks,0
 <SPLIT><SPLIT>  <SPLIT> LOOKS LIKE A ,0
cant my was a birthday and to so was take friend the page intended Thanks making slightly duller <SPLIT> ,0
If sega bring in the 4Kids guys makes obscene gesture they die,0
 <SPLIT><SPLIT> just wanted tell most anyone on wikipedia If are buffalo NY let me and you a Peace,0
sign does  kind a is  your you want to consider NOT since typed it as  while you ahead,0
Smith become by ,0
<SPLIT><SPLIT> Hello  Wikipedia you your I hope to stay few links for <SPLIT> The pillars of <SPLIT> How to page <SPLIT> Help pages <SPLIT> <SPLIT> to write great <SPLIT> Style <SPLIT> you editing Please name pages  produce your help ask on my or place helpme on your talk page someone show up to answer questions Again welcome     <SPLIT><SPLIT> <SPLIT> Diseducated Generation been proposed deletion Please review for guidelines the possible,0
this also line for worth,0
Village Historic  <SPLIT><SPLIT> Did North Stonington Historic at  tagged it  only step    <SPLIT><SPLIT> I include it London redirects  at WikipediaRedirects 21various NRHP     <SPLIT><SPLIT>   <SPLIT><SPLIT>  <SPLIT><SPLIT> see referring dispute I this ANI such unlikely    <SPLIT> be the     <SPLIT><SPLIT> appreciate that protected prevents reaching editing  that are to vandalism  the punitive of recent lieu discussion  There consensus I discuss four not edit that the issues  seems vandalism me warring random other  defined what by my use of in at Island related corresponding District I Undo  at given specific meaning what I meant  edits the editor misunderstand  dont what term  Anyhow term a as the to using the term    <SPLIT><SPLIT> again any attempt at is by content the not to remedy the and refuses movement  says  Doncram says  Polaron it  never get ,0
was from wrong,0
you a ,1
bolji Ne ,0
Vote opinion ,0
brief vacancy match still champion  Kane became interim to Punk at 15min  Ive seen a vacant during a held that the way see it by out in match Kane to really became  As said in every wrestling and a  really made though stating was exactly five between introduction the end of  I see as match as be vacant said  no had become temporary champ by time Jericho replaced Punk then would be no real champion and THEN be but otherwise Punk wasnt of the was for own title,0
claim she under unseen is read Unseen page will see the in very In character that is directly audience characters does not and is only other characters <SPLIT>  no of and ,0
Heres what an angry reader said to the authorized editors <SPLIT>  <SPLIT> What a stunning bunch of intellectually constipated wikifascists <SPLIT> How many centuries have humans KNOWN that we are just as susceptible and influenced by various cycles as everything else <SPLIT> You bunch of orifi have passed judgement on a subject much bigger than this page your ability to discern truth from minutiae and the purpose of Wiki <SPLIT> You should be ashamed of yourselves <SPLIT> I am disgusted with you and shocked at the small minded turtle puppet club that edits Wikipedia <SPLIT> You have betrayed the idea of open information <SPLIT> I curse at you and spit between my fingers at your feet,0
to improve <SPLIT> is info links will sometime be to this contribute <SPLIT> <SPLIT> <SPLIT> <SPLIT> httplahoskensanfranciscocausnew200808bookreportyoucantwinhtml <SPLIT> httpbadeserverorgreviews200120014121144AMhtml <SPLIT> <SPLIT> ,0
the same the of ,0
operations as a publication  resumed years later under new a ,0
within movement,0
old again was two months Please gather first,0
a number the is ,0
to I think is I of more concise but Ive is really aspect and of an should be the way it now climate and biome are The affect of on upon later ,0
de   <SPLIT><SPLIT> that tries to ban is its from edl,0
 <SPLIT><SPLIT> continue to commentary into It a violation of will and as ,0
sure why GoRight should to my would surprising he received indefinite the ,0
objection  ,0
just to system ,0
trying work you the you made warring if still dont it that,0
are notable the Of notability  <SPLIT>  Pohjola  <SPLIT>  httpideasrepecorgepta125html <SPLIT>  Shorrocks say can find anything online <SPLIT>   <SPLIT>  has ,0
 <SPLIT><SPLIT> Die ,1
Bitte dieses SubstubVandalieren in der deWikipedia einstellen die meisten Leute wissen dass es die enWikipedia gibt,0
hi that pageir,0
edits Dont the a bit  POV template I agree views expressed this page extremely and in  for a people  proposal above,0
to you more busy but please make sure in you on so know is responsible for this  More a bit can in ,0
Move  <SPLIT><SPLIT>  not called  according to interview No until have a album ,0
can a stosavt ,0
wrong ,0
got  saw the username thats thought too ,0
 <SPLIT><SPLIT> When the excretion mistakenly the the to vandal Please warnings from  your warnings  vandal ,0
project have it have in other and editors are on ,0
kitten you  <SPLIT><SPLIT>  <SPLIT> MINE SCHACHI,0
evading ,0
 <SPLIT><SPLIT> justin the definition retarded ,1
can same Wikipedia a lots of Course call loves ,0
to  and Horazon  whys that a  where bad  that person useful the would him into fray  Bloody of  Summoner is definitely not Horazon its almost that was devoured by own pets long ages ago   Horazons journal has the same journals Diablo 1  but some of  apparently thats Horazons nor merely narrator,0
December <SPLIT> of fringe a number other definitions makes it real unless itself is the amount the of Creationism can is yet    1334,0
is I just asking was of me that are because up to people its easy to a are dimwitted actually <SPLIT> It looks one source defines cowtipping sleeping so add edit ,0
science has for specifically,0
answer to move  Its a of ,0
article at all doesnt anyone anything information is good sources,0
not you with edit to If to do you be editing,0
 I ,0
2013,0
looks moving based  legal threats If thinks is copyright nominate and discuss each image separately,0
penis  <SPLIT><SPLIT> the platypus has a very enormous penis and is half the size of its whole body it can shoot a gallon of sperm at a time this thing is a killer,0
 <SPLIT><SPLIT> redirects Trunks and they useful,0
least a nigger Enjoy ,1
as statement Id strongly blatantly rules likely in blocked from editing,0
Talk7 ,0
is a the video  <SPLIT><SPLIT> ,0
Greek ,0
Smith wanted <SPLIT> that <SPLIT> association <SPLIT> She related I <SPLIT> hardly because it <SPLIT> <SPLIT> <SPLIT> get <SPLIT> from create or ,0
agree with common politic Iran things and this people the is thats other which not ,0
 <SPLIT><SPLIT> Thank good work newpage patrol  Ive granted rights that a with single keystroke  a editors like ,0
<SPLIT> the the by the exterior windows1 Some say it of demonic game did not pay its <SPLIT><SPLIT> me this some ,0
Lists  <SPLIT><SPLIT> just sums inherently biased Categorizing pros cons and unfit wikipedia The tsk this article be those a of the ,0
<SPLIT> Appears to the Wiki that pertain to Alucard to say Arucard something Infringement Data to it up Which because the infringement came from First and FAR only other medium name as well as Alucards Name being Spelled Out by Hirano as Alucard Chapter 84 Warcraft II  It seems whenever edits removes all and Kanji page <SPLIT> This a Heads if it be caught <SPLIT>  Demon 2007,0
deletion at <SPLIT>  A been placed Sarah stay at mom requesting it from been under A1 criteria because very no reader Please minimum short note that be on provide verify their content  <SPLIT><SPLIT> you that this here error may contest the by adding  top of the the speedy deletion or tag coupled talk page position but aware speedy if article meets deleted Please do not remove speedy deletion yourself dont to add to would render more in conformance Wikipedias and guidelines Flflm,0
UTC <SPLIT><SPLIT> didnt  article is pure apolegeticsand a Public as article some fucking contest judge the most the  this     know  We know   1903 24 ,1
 <SPLIT><SPLIT> I have page stop edit disrupting this the articles I would suggest consulting association or mediation discussing yourself ,0
torture  <SPLIT> brown for been federal at of him recently hold Ed recorded convo httpprisonplanetcomaudio171007brownmp3 and Brown claims a him personally shit,1
a  <SPLIT><SPLIT> Hi Johnson <SPLIT><SPLIT> message,0
my dalton i niggers,1
<SPLIT> Sorry a noticed some the WikipediaWikiProject Nontropical ,0
 <SPLIT> is desurkar,0
but the and have the exchange depth advise about who this revert reporting to persistent WP3O to of others,0
publisher ,0
as is an back six just on even new  goes back 15 always Wikipedias core and policy cannot categorized on the unsourced assertions or Pamela Taylor Matteo  it will be in his only he sourced come words the that his it no such  REAL job LGBT are with  heterosexual especially theyre international of human So and proves anything about sexuality of itself,0
 <SPLIT><SPLIT> not dancepop but Just  Just ,0
fairly search full combination I to reduce would require part and would have extremely mechanical job Enigma ,0
What  No similar admonition to the racist mental cretin  Ha  Sooooo typical  And you think you have any credibility here,0
point of view biased just people Sanjiv a agent whatever Just like to guilty court sanjiv and the actual you are another media report <SPLIT><SPLIT> avoid all the possible to and could that <SPLIT> status <SPLIT><SPLIT> dont it ,0
help so <SPLIT> could check the for page <SPLIT> Thanks again <SPLIT> ,0
or was,0
I believe Ballmers personality is relevant and agree with Joy Regarding this section <SPLIT> Fucking Eric Schmidt is a fucking pussy Im going to fucking bury that guy I have done it before and I will do it again Im going to fucking kill Google <SPLIT> I am wondering if cutting half of the quote out but maintaining the tone would work just as well For instance <SPLIT> Eric Schmidt is a pussy Im going to fucking bury that guy Im going to fucking kill Google <SPLIT> We can quibble about the actual stuff thats left if its agreed that part of it could go I feel like all of those fbombs and extra sputtering on Ballmers part are just taking up unnecessary space His tone is so off the wall that if we leave just one or two fbombs in we can still achieve the same effect and make his personality just as clear,0
to scouting the  to ,0
know that thanks for me know,0
<SPLIT> careful They be by sourced material in add category unless Dont add to the racism Also adding deleting categories a type of dont ,0
with Logojpg  <SPLIT><SPLIT> I email Johnny a the licensing information to They did bunch Commons 30 the to they would the image as they said likely would dont know they will respond because are currently on vacation in Greece try help at hellojohnnytwoshoescom,0
chop <SPLIT> cut to a release  of is and will go date  who to or what company did in 2013 look the ,0
is commie ,0
impressive is the seem been doing today if is contribute you are  the on page  you  this detail to certainly efforts you very much And by way if of the Grove Music and you,0
believe is 3 in decoration walls as opposed and 2 decoration of walls,0
so Gosh Jem will on Jem article is protected loser ,1
also made to page any to discuss talk he discuss ,0
removal controversial trying consensus over Talk Please on the Talk before are ,0
math than reading seems add up now If is is one   March ,0
these weirdos  <SPLIT> would themselves that pages lead people <SPLIT><SPLIT> Idiots <SPLIT><SPLIT> I feel ,1
photo the same one will simply put <SPLIT>  just pantient and wikipedia policies etiquete,0
Views that states <SPLIT><SPLIT> USA involved in forming the government alMaliki of US George W and <SPLIT><SPLIT> The alliance to which wouldnt encouraged alSadr It that Hashimis support would allow Maliki to remain in <SPLIT><SPLIT> AlMaliki been reluctant with whose 30 of 275 parliament Support from alHashimi whose bloc could alMaliki power relying on USA <SPLIT><SPLIT>  <SPLIT> I suggest paragraph be edited following <SPLIT><SPLIT> USA reported 2006 Hashimi was forming with President George Bush to the political of alSadr4 <SPLIT><SPLIT> This would completely the of the paragraph the interest of peace  it would make sense edit to be is the ,0
welcome <SPLIT><SPLIT> to  general you may useful <SPLIT><SPLIT> Bold edits be check the or and cite  suggests a good on the discussion page a controversial substantial edits you an  not the mercilessly the its should mind    <SPLIT><SPLIT> can editing to do and the  questions can be at <SPLIT><SPLIT> working Wikipedia its we information Wikipedia is also  It collaborate we the Check portal the left of find many   <SPLIT><SPLIT> should place with of entry in discussion by    on a line <SPLIT><SPLIT> ,0
osoba Vam nije a takoe Igor U svakom na  <SPLIT> Janev promeni odluku hteo da obzir Savete  ,0
familiar history  merged cases the ,0
<SPLIT> Please dont article  add do look Wikipedia various helpfiles  It would help ,0
Hiiiiiiiiiiiiiiiiiiiiiiiii      ,0
is date of Yale  Presidentelect has been without citing to backup strictlycannot unless Yale ,0
Official  <SPLIT><SPLIT> to complete to Our Family Matt Groening creator The and Simpsons I just because mentioned article,0
of Peatonal  <SPLIT><SPLIT>  page created has been as one speedy deletion is context <SPLIT><SPLIT> welcome our policies any applicable inclusion guidelines do recreate the same also wish to writing article <SPLIT><SPLIT> Thanks,0
archive because bigger if you in deadurlno a cite template it changes wording archive on blah so to ,0
<SPLIT><SPLIT> Hello welcome you I like the Here are good newcomers <SPLIT> The five pillars of Wikipedia <SPLIT> edit a page <SPLIT> pages <SPLIT> Tutorial <SPLIT> to write <SPLIT> Manual of <SPLIT> and being Wikipedian please your on  to your name the date three  desk or ask    <SPLIT><SPLIT> Welcome to or Wikipedia but account is quick free requires information and gives you many <SPLIT> a username your <SPLIT> ability to all contributions via a link  <SPLIT> user page  <SPLIT> email <SPLIT> of your watchlist <SPLIT> <SPLIT> ability  <SPLIT> The customize and behavior website <SPLIT> The  <SPLIT> heard in <SPLIT> Your IP longer visible to other users <SPLIT><SPLIT> that choose to become create account  We your time on as <SPLIT><SPLIT> Smelt <SPLIT><SPLIT> I a on the article you in complete sentances please use proper tags on short  you find full WikipediaWikiProject to to our much contributing,0
said Syriac language dont in mouth yet reliable that state Lebanon to sources youve Likewise calling dishonest is of conduct is likely get You however that discussion no where Its become evident your intent to as a RfC on the issue ,0
The of its sockpuppets rules that prohibited Mobile any of IP addresses anything ,0
Hello and welcome liten Ive had the same problem with these girls they can be mean but you can become a better person by klearning from your foolish past,1
Madden <SPLIT> attack article one wrote very done contributions no so ,0
say either even say incorrect dont go with on test What did that a called Thats where Briefly describe the been wooden ,0
seem to responsible editor with experience AfD discussions you interested on is views on and ,0
is pedophile <SPLIT><SPLIT> ,1
 <SPLIT><SPLIT>  <SPLIT>  styleborder 4A98F2 <SPLIT> rowspan2 valignmiddle   <SPLIT> rowspan2  <SPLIT> verticalalign height  <SPLIT>  <SPLIT> bordertop  Brambleclawx  a sunshine brighten day it has the to someone talk someone you have past the to who visits your talk page  Happy   <SPLIT>  <SPLIT>  enUserMeaghanSunshine    <SPLIT><SPLIT> Thanks   <SPLIT><SPLIT>  alike  <SPLIT><SPLIT>   watching back      <SPLIT> posted the It Fastily and are logged though   <SPLIT> Well due time  I dont a   hes much     <SPLIT><SPLIT>   <SPLIT><SPLIT> removed BLP from Baron that applies the article after 18 2010  Please information or feel free a  feel the warrants use one of the     <SPLIT> Oh my fault,0
I of expansion and tag was added within 5 created the me seemed inappropriate it but have  all  ,0
two separate  article about the called Australian and  New Army about ANZAC for Australian and Corps  originally Anzac then cutandpasted to ANZAC then Army ,0
29 2013 <SPLIT><SPLIT>  Protected  <SPLIT><SPLIT> protected History of metric of was mistake way can you   ,0
told me that people yet CFSs does  ,0
one that may In which of the area a direct from of Commerce Since there other articles as way to a quote from find ,0
As I said Weblogs and Forums are not reliable and valid sources to refer in Wikipedia Otherwise I can go and post some nonsense shits on a forum and refer to it in Wikipedia,0
should other users just  second Judgment correct  Judgement correct it word  and the producers not links you are sources  sources as Zap2It OFFICIAL for the episode Judgment  should shall ,0
Signature  <SPLIT><SPLIT> Would you mind not altering your signature to use Pacific time It completely fucks up the bot that archives my talk page and I dont doubt that it would fuck up other peoples archive bots too,0
all  glad to ,0
5 <SPLIT> JUST EXACTLY IS EVERYONE <SPLIT> ,0
Your timing sucks,0
I dont know this loser  <SPLIT><SPLIT> If this guy is so spechial how come I never heard of him Maybe because he CANT SING OOOHHHHH,0
replied  ,0
mostly to be sourced from If type books about style be player GAs not like as a list Governors of Sakomoto a all in the with date possible I lot of these have  Harrelsons bibliography is useless unless is to a would fail cited this  really for WPCHICAGOWPFOUR,0
idea what with topic This discussion about templates stencils or not an similar interpretive the same design a fact they are not the design that is not for  <SPLIT><SPLIT> matter dispute is be saying designs same I two it an encyclopedia should as ,0
section  <SPLIT><SPLIT> twiced charity Heshe also removed external a support <SPLIT><SPLIT> Is even to are certainly common across specialist US <SPLIT><SPLIT> Or perhaps there a separate generic page created an link from this information ,0
suggestion specially do not as personal or editors decide to any any are made will be including only but interested such not my for anyone and by texts learning me part your Ill to to also   <SPLIT><SPLIT> paragraph is copied  <SPLIT><SPLIT> I you I any seperate not work isnt to dispute anything no was case    <SPLIT><SPLIT>  Separate articles clear by of articles can the  it different conform can be article article will nearly the like we ,0
its this article mention the the protection to existing excellent a pretty well lack of better source  e,0
unsigned  <SPLIT><SPLIT> I do this myself actually template for <SPLIT><SPLIT> TemplateUnsigned <SPLIT><SPLIT> tend like <SPLIT><SPLIT> <SPLIT><SPLIT> The comment added       UTC <SPLIT><SPLIT> You copy needed right the edit history,0
removing from Morgan  <SPLIT><SPLIT> you new of rules here that cannot a speedydelete someone  speedydelete be by Administrator to delete the not  leave the  Repeatedly the lead you ,0
had performed theme 19999  <SPLIT><SPLIT> The this citation Cant support info Is ,0
is  <SPLIT><SPLIT> 2pac He his ,0
mischief mayhem goes   <SPLIT><SPLIT> is whole of mirth on as George time  bit more full of prose iffy which I be A at my if time,0
the have a of to servicesproducts fiscal and value trades focuses mainly and not value for value,0
spoke 2 for and supplying ,0
Health needs  <SPLIT><SPLIT> Especially the grammar proper ,0
 <SPLIT><SPLIT> you in whether moved to Yangon,0
work concerning X it anyway,0
not as this edit you to so from editing,0
and  <SPLIT><SPLIT> Thanks also have added any you recently will then that one editors instead topic that karma  <SPLIT><SPLIT> want to the Michael so might did the and life the rest saw probably on you any things out immediately ,0
Youre bigger twat,1
 <SPLIT> I see my page i assure Carvo the the players in    <SPLIT> The assassin he is known as of the Empress,0
stop you will blocked editing  link edit I you believe not reverted contact ,0
RfA  <SPLIT><SPLIT>  <SPLIT><SPLIT> <SPLIT> It taken a time but like thank for RfA I only hope can live up expectations that wonderful of following success of  Also could and be ,0
without without seeing to a ,0
Deine ich habe sind nicht sind,0
but you be this deeper  outboth it the group prominence the of interest around affiliation with  be with the far as lacking an interest but think they ,0
not you with edit Leslie HadenGuest continue so be ,0
deletion Telecom <SPLIT>  A on Burraq it Wikipedia This done because about a company or how why subject is notable is article about that subject included in criteria speedy articles that do not indicate importance or significance may deleted at any time Please see guidelines for generally well as our notability  <SPLIT><SPLIT> If that was here in you may contest deletion  the top the just below the existing or db with a note the explaining be tagged speedy if the meets criterion may deleted do the deletion tag dont add information to the render conformance and ,0
is All that with her Sancho Castile would sufficient that in There is We useless ,0
it,0
thanks for actually <SPLIT><SPLIT> your Um Ive referred the MilHist ,0
enough youre talking shit refusing to ,1
<SPLIT> 152179158 has removed description Elvin just He a would useless detail of what bits of used is relevant and useful for it again but state my in ,0
stop inappropriate will blocked from ,0
I even am entirely of twice a period of ,0
suck am terrible admin really douche,1
hominem not a add sourced want this free add more ,0
cellpadding0 <SPLIT> solid verticalaligntop <SPLIT>  width100 cellpadding0 <SPLIT>   you  encyclopedia If that need help below me  place  talk ask Please by  or  this produce your username and the best always edit some   <SPLIT>  <SPLIT>  stylebackgroundcolorF5FFFA <SPLIT> backgroundcolorF5FFFA <SPLIT>  <SPLIT>  started <SPLIT>  <SPLIT> <SPLIT>   The of  <SPLIT>  to  <SPLIT>  <SPLIT>  <SPLIT>  <SPLIT>  <SPLIT>  Frequently asked questions  <SPLIT>  make <SPLIT>  attention <SPLIT>  <SPLIT>  <SPLIT>  <SPLIT>  <SPLIT>  point   <SPLIT>    <SPLIT>   <SPLIT><SPLIT>    <SPLIT>  Copyrights   <SPLIT>  External   <SPLIT>    <SPLIT>  <SPLIT>  <SPLIT> FFFFFF <SPLIT>  <SPLIT>  The <SPLIT>  <SPLIT> <SPLIT>   <SPLIT>  faith   <SPLIT>   ,0
solid <SPLIT>  <SPLIT><SPLIT>  <SPLIT><SPLIT>  <SPLIT> Hello welcome Wikipedia <SPLIT><SPLIT>    <SPLIT><SPLIT> I hope to stay are some pages might helpful <SPLIT> The of Wikipedia <SPLIT> <SPLIT> <SPLIT> great article <SPLIT> Manual of <SPLIT><SPLIT> might find these guidelines <SPLIT> What if might <SPLIT> Neutral Point <SPLIT> counted <SPLIT> the article <SPLIT> was page <SPLIT> ideas <SPLIT><SPLIT> right  <SPLIT><SPLIT> any questions <SPLIT><SPLIT>  <SPLIT><SPLIT> the page  at Rockstar the you  you are editing  a page  <SPLIT><SPLIT>  <SPLIT><SPLIT>  <SPLIT> to sign  ,0
many would consider the Daily a let alone Whatever please one,0
Im putting my own message on my own talk page because the red text really annoys the crap out of me,0
Ends ,0
Here is what RepublicanJacobite posted cur  prev 0133 3 November 2011 RepublicanJacobite talk  contribs 56769 bytes Thanks for your kind help in protecting BRAVE DESTINY Im done let the bastard do what he likes undo <SPLIT><SPLIT> I guess you  RJs other  friends do not consider calling me a bastard anything other than polite right,0
sounds quite categorically who was ,0
and  <SPLIT><SPLIT> than this awkward from its summary based reading of the previous wording sentence to third elements from both versions the and again after a subsequent edit by Hamlet powerful influential in the establish play and its power two unconnected one I really mind a trying sum up many things without the lede awkward It play powerful    play one of the most influential the languagewhich at the you quo was objection following longest influential English languageJust ,0
say for clearing missed terms of in of thing to and faster ,0
edit to community research paper vetted by regarded as the has published in peerreviewed academic presses,0
 <SPLIT><SPLIT> spieak truf FATHER  in source i from you i know they he Nguyen truc and it the get if cuz i ,0
Strong Oppose Why not rename sexual intercourse to fucking In all but scientific jargon sexual intercourse is very rarely used    <SPLIT><SPLIT> One good reason is because our guidelines ask that we not do that  From WPCOMMONNAME Article titles should be neither vulgar nor pedantic,0
THE EDITS COMMENTS AGGRESSIVE TONES LANGUAGE PLEASE USE <SPLIT><SPLIT> ,0
true that be ,0
about Jinn albawithey ,0
is Because the the of  of  rest are shown in Redefinition of the in which now the for ,0
bad ,0
we of the IDF two and as admitting IDFs statement Currently that is for 1 or no  it by Bet press evidence would more  <SPLIT> gun Bets not being not ,0
are sources why conservatism <SPLIT> Ian p 32  US are liberal always have <SPLIT><SPLIT> not F  was here thus tradition confusion made the attempt being tradition odd character   2 The 1955 rightly that American calls himself A is fact It would that the reluctance of call by the more appropriate name dates only from abuse New Deal era <SPLIT><SPLIT> Conservative parties America 2003 Schultze and p 15  of backgrounds the term conservatism came to a different meaning in countries  Rather to European of conservatism the version relates to  Grant a prominent Canadian conservative intellectual has contended <SPLIT> Americans who call conservatives have the to that title in sense    Their of interference has with century than right to restrain of common <SPLIT><SPLIT> 2007  investigate another equally <SPLIT><SPLIT> define subject are ,0
In candidates  <SPLIT><SPLIT> May you spare join at In News feature is on Front history and would to discussion A of the feature is higher than the Vital pages and is of surprisingly strongly you of comments the Id join The page WPITNC If inclination I completely understand wishes ,0
yes and davie is a homosexual,0
would he erased But to be quite honest page saving Finneganw ,0
moram da ja posedujem problematike se piem o njoj  sam odgovorio na stranama bilo pomognem oko princima I zakona vikipedije da ste to da vam  ako ga izbrie  kaznili da mogu vam ako neki na neke adrese  istoriju takoe stavovima nau  lanke to kojem  broj urednika interes znanje o vei broj koji samo ureuju detalje unutar  Ti interes toj na nain podudara linim lanci tendenciozni realnost kompletno  Kao ti lanak na nain tako da naete nekoga sa istim na temu vi uredite lanak  mogu da pomognem oko principa zakona ne bude mogao da izbrisan da adekvatno predstavlja problematiku  Srdaan pozdrav,0
thanks  <SPLIT><SPLIT> say thanks lot supporting honoured to community Dont you  now thought into reality  again,0
is seems dont why to given that I is we  wording actually other provided to exactly of the name especially link remains understand the of could have any term point stand there will people out there who a particular concept That I salute you single Western world at loose understanding of Jedi Now what about our readers from now of the Western well,0
nonsense  isnt classist  The but it implicitly  argument to the be the be factually  Thats on its face,0
Are you fucking kidding meRyulong,0
borderline  like ,0
abductees coverage America overwhelmingly a article sure laughing wrote it ,0
Being a casual and highly amused observer may I make a suggestion to Hellinabucket Brewsohare Mr Tombe and others  Find another hobby  There are more worthwhile things to do with your life than bitching over Wikipedia Jon,0
shit ,1
rant   <SPLIT> NOTE THAT ACTUALLY TO THIS KEEP MATERIAL SOLELY OUTSIDE SAYS IT THIS editors making the the way you by definition priori THEN INTELLIGENT ENOUGH THE PLACE AND NOT ATTEMPT TO <SPLIT><SPLIT> either to their hypocrisy to skeptics are enough not being condense such coherent proof  comment by,0
in China Lai etc It Jiang Zemings ,0
we have is not to and ,0
love cant get all  hence special the  which me to attention  something good is ,0
preguntando no  Obviosamente muito respeto por mesmo  Eles Obrigado mensagem contribuir em espanhol  tenho errores aqui  ,0
COMPLETED WIKIPEDIA LEVEL 10 ,0
WTF is vandalsim,0
likely than adults to with loss frame 2,0
one the in Washington  As executive Seattle is to public about and  becoming director media have the of his   <SPLIT><SPLIT> is Washington contest an  In City of mayor Brown <SPLIT><SPLIT> received Award from alma GarrettEvangelical  The of year among ,0
Tosserr is another way of calling somone a wanker it is to sybolise the way we feel about somone we hate them think they are horrible,0
and you stop the disambiguation page at Turkishlanguage ,0
I agree this,0
we have principles WPNOTNEWS drivel down articles,0
 <SPLIT> Thank much working the DID I just getting started you and changes ,0
for the said of the occasionally 303rds Unit Insignia was definitely the of the Department the Army  the that emblem and space than  see other misleading commas have been into the ,0
investigationsHaeretica  <SPLIT><SPLIT> turn a or two open and ,0
were UK Metal Petty on fucking ,1
idea debating in history of mankind ,0
Get used to it nerd,0
I what by very what The trouble thats is uploading violate copyright policies Until you Understand policies fully that you understand your previous uploads violated and will violating Are willing uploading more unblock Im not even an ,0
is community review to unblock is no community needed to unblock administrator authority to time so research time was on that he didnt beforehand at WPANANI the the attention of what I I promise to edit elsewhere RFCU talkpage    I see your Outside view blocked but you me block evasion tell you had the I to The WPBASC email a literally 92 percent with with and participants getting hope you it it ,0
you something like in the scramble wwe twice it as an rein is but had interem rein says like on brian page checked,0
 national  <SPLIT><SPLIT> I in he Ukrainian many sources Ukrainians as nationality used in literature didnt exist Skorovoda 1917 Skorovoda born  it mean that ,0
Press  <SPLIT><SPLIT> <SPLIT> <SPLIT> know how to edit an like Any more offending me and I ,0
have the of now cant be  else it my eyes of to the photo on dust also time pic ,0
is a cocksucker,1
<SPLIT><SPLIT> and welcome Thank  hope like the stay you see <SPLIT><SPLIT>  The five pillars Wikipedia <SPLIT>  pages <SPLIT>  <SPLIT>  a page to develop articles <SPLIT>  How using wish <SPLIT>  Style <SPLIT><SPLIT> but many that you  Doing several benefits For a explanation the benefits that come see page without a IP address 83110251207 to instead <SPLIT><SPLIT> hope enjoy sign comments pages four  automatically your address or username if youre in date need out ask help at  your then place helpme before page Again welcome,0
supposed all however simply fact the ancestors  If a month ,0
Azahar  <SPLIT><SPLIT> I somebody to of Costa Azahar not Valencia is also Spain north of difference but it if would that the New <SPLIT><SPLIT> Thank ,0
one issues and species issues  language never quite grappled with is expect to find as a chapter title in chicken immature or the ,0
Cup this ,0
now the with modification column being auto filmography advised to and keep same columns same the various tables all same is any I Please onto ,0
likes eat man booty,1
  <SPLIT><SPLIT> Thanks the Ill bower even glad enjoyed the links and  Cheers,0
is fair point been theres the true  and but then  is rather more towards as less special,0
3  <SPLIT><SPLIT>  <SPLIT> redirect disambig page Is Minnie Riperton song primary ,0
 <SPLIT><SPLIT> First of like for in group But does term please own ,0
not you this edit Jungle If so you will ,0
<SPLIT> The article should be to the of stadium a derives from the of neighborhood is ,0
made December UTC <SPLIT> Please to Wikipedia did to Bocelli It you like to  If IP and it warning not edits ,0
YOU PRICK Graham then a punk beating,1
headquarters corporations and English the  This Berlin Paris English only in makes point Canary official in and Islands Official Office with first of English second Spanish,0
know need reliable of ,0
weak joke of importance is what made that and I and know isnt evident editors,0
a not neither ,0
at Project,0
something  I upset was undone  that it were as talking to  upset I him he adding not changes following guidelines instead putting was admin rather him to  But called  is the with associated talk  with you coming that your  with and the keep place  mess  Thats should at last you his ,0
as doesnt work iPod would be ,0
Some shameless thankspam,0
 <SPLIT><SPLIT> be but I for while  Is or sock still contributions  of got this problem was fading away,0
just being have expect why form does yourself just acknowledged Henry,0
Infobox  <SPLIT><SPLIT> basic is to and within the infoboxes this changing told ,0
them  <SPLIT><SPLIT> mong,0
We used with all about etc our friend eh ,0
<SPLIT> Agree a of  20 ,0
didnt start someone ,0
the point This strategy from of the American editors keep trying to antiAmerican him it is that nation is adressed Rfc ,0
<SPLIT> Hi Jerry I keep dont do still you  private Bainbridge were sooooo to sure first  sometimes you rough hey I play I a few unique you  good  you know what mean  me boy ,0
Re Edit war in progress  <SPLIT><SPLIT> They were playing the same stupid game as IvanOS was Neither of them are anywhere close to newbies and they really should know better than to edit war over a single word whose existence or lack thereof has no meaning to the vast majority of English readers Its just plain ridiculous that we have to look at that kind of nonsense over a glaring WPARBMAC hotbutton issue If anything I could have made IvanOS block a longer one because Ive previously applied blocks to them with no apparent result YMMV I see youre an admin so you can adjust block lengths yourself,1
OKIE ,0
happened across 2001  I that it the the contributor ,0
think too concept entity  The clearly referring sponsor ,0
Heterophobia  <SPLIT> Are you heterophobic Edgarde,0
UTC <SPLIT><SPLIT>   ,0
Zionism,0
I decided tactics If continues we ask for ,0
not enough come,0
instructing  <SPLIT><SPLIT> Hi  paths and as decided to  not just any you  <SPLIT>  collapse cellpadding  5 <SPLIT>  <SPLIT>   <SPLIT>   reverting not you your what will happen youre for when youre a just fear can train next CounterVandals Consider signing up to instructor the Unit    <SPLIT>   <SPLIT><SPLIT> Please consider this something interested ,0
fucking bullshit a a mistress have more biased honestly articles Ive encountered the random article NONnews write article third improved I is and in fact job is a ,1
 <SPLIT> Kurukshetra war        <SPLIT><SPLIT> <SPLIT> Add   Support    Oppose  a new line explanation then  <SPLIT><SPLIT>  <SPLIT> Discussion <SPLIT> Add additional ,0
This page isnt pathetic It isnt even important enough to be pathetic It does show however that Wikipedia is kind of pathetic,0
witnessed ,0
replied the Talk page  from we both poor editing missed is not actually ,0
And Id on to say   is so on blue link tells its notable American  apparently  to contribute to an than ruining others peoples work,0
2012,0
sounds you Copenhagen comes up 45561,0
that a native English speaker does preclude correct an is as direct quote to Richard Gabriel in article will see if can find a source quotation no I you to was  <SPLIT><SPLIT> This is a symptom problem article it up particularly as time passes and of was fresh less could merged of other comments this suggested should it is to but it is understand as is <SPLIT><SPLIT> the and background comprehend ,0
inclined here a at Changing Face and the responded we the can or in if is indeed supported ,0
guidelines sense reason to disambiguate if name and Matt Every notable no reason to substantial would these two Thompsons since is not know by to all other physicists  who would also The Lorentz example to be of the to me,0
I have recently if out one on I found that really TT,0
Im not arguing with you you are clearly uninformed and need to get an education  But I wil not be the one to do it other than to give you this hint  Just because something is common in in an idealogy does not mean that when you see it that you can recognize the idealogy  Many facets of fascism communism and socialism are similar but they are on exact opposite sides of the political spectrum extrme right versus extrme left  When you can figure out what makes somethign a leftist idealogy verus a right wing idealogy youll have made your first step towards a quasienlightenment when it comes to polisci  My suggestion read up on fascism communism and whatever other ism you want THEN compare Hitler and Stalin and THEN you MAY be able to call something or someone a fascist and not look foolish  Until then youre just another ignorant person screaming at the top ogf his lungs and not getting anyoen to listen Good bye again  PS And if everyone here eneds to allow you to edit artciles with the garbage you call editing to be considered by you as open minded then I will gladly be considered close minded  Any day  Grow up,1
need very about sports its ,0
roll  <SPLIT>  all over place  much for youre doing  today work never but there to I ,0
applies to specific species  ,0
Ramones The Damned Dead Boys Dictators,0
for minor <SPLIT> I a I hardly it about the  I hoping weigh in first time there seems of article I want momentum Revival <SPLIT> ,0
<SPLIT> It a professor who focuses if is a something something like Matters resources and neutral than ,0
HI IM GEORGE ZIMMER FOUNDER AND CEO OF THE MENS WEARHOUSE 911 WAS A LIE THERE WERE NO TOWEL HEADS THERE WAS NO AIRPLANE IN TRUTH I WAS VISITING THE BIG APPLE SO AS TO COMPARE MY GARGANTUAN MEAT TRAIN TO IT AND LAUGH AT THE GASPING NEW YORKERS AS I POUNDED THEIR BELOVED NAMESAKE INTO BIG APPLE SAUCE HAVING NOT GOTTEN RELEASE FROM MY CULINARY EXERCISE I MEANDERED DOWN THE STREET WITH MY VITAL BLOOD ENGORGED SEWER PIPE OUT IN FRONT OF ME LIKE A BLIND MANS CANE LOOKING FOR A HOLE IN THE BACKSIDE OF A WOMAN WHICH I WOULD STRETCH BEYOND HUMAN LIMITS I SPOTTED AT THAT VERY MOMENT AN ATTRACTIVE FEMALE IN A MINISKIRT WAVING AT ME I SLAPPED HER TO THE GROUND WITH MY ENORMOUS PHALLUS AND QUICKLY RAVISHED HER SKIRT LIKE A STARVED DOG ON A BABY MADE OF STEAK THE SIGHT THAT AWAITED BOTH SHOCKED AND ENRAGED ME AFTER SEEING THIS WOMANS RAISINSIZED WINKY WINKLER I VOMITED DOWN HIS THROAT AND PENETRATED HIS ESOPHAGUS RIPPED OUT HIS SPINE AND PEELED HIS CORPSE FROM MY MONEYMAKER TO TEACH ALL OF NEW YORK A LESSON FOR LETTING THIS FLAMING FAG BAG LIVE I LET LOOSE A SEMENAL FLOOD OF BIBLICAL PROPORTIONS UPON THE TOWERS OF TWO AT WHOMS SMALL SIZE I LAUGHED LIKE A CLOWN RAPING AN 8 YEAR OLD WHICH CAUSED THEM TO COME CRASHING DOWN LIKE ME AFTER A WEEKEND METH BINGE I MOCKED THE NEW YORKERS AND MADE NIGGER JOKES AS THEY RAN FROM MY EVER EXPANDING CLOUD OF SPERMAZOA MASTURBATING TO THE LOOKS OF HORROR ON THEIR FACES THE GOVERNMENT IN AN ATTEMPT TO SAVE FACE AND BECAUSE THEY HATE ARABS MORE THAN JEWS PAINTED A BOEING 767 ON MY GIGANTIC COCK AND CALLED IT A TERRORIST ATTACK THE FEELING OF PAINTBRUSHES ON MY DICK MADE ME COME AGAIN AND PRESIDENT BUSH SNORTED UP EVERY LAST DROP BECAUSE HE THOUGHT IT WAS COKE SUDDENLY HE CRIED OUT WHATS THAT AMAZING SMELL THEN A GROSSLY OBESE NEGRO POPPED OUT FROM BEHIND THE BURNING TWISTED WRECKAGE OF THE WORLD TRADE CENTERS AND QUIPPED THATS THE POWER OF PINESOL DISPLEASED AT HER INTERRUPTION OF MY DEVASTATING SODOMY CONQUEST YET SIMULTANEOUSLY ODDLY AROUSED BY A SUBHUMANS DEFIANCE IN THE FACE OF MY TITANIC MEAT MONOLITH I GRABBED THE NEGRESS BY HER ARMS AND INSERTED MY BATTLE CRUISER OF PASSION INTO THE ROILING WAVES OF FAT WHICH OBSCURED HER VAGINAL CLEFT SHE SCREAMED INDECHIPHERABLY IN EBONICS SO TO SHUT HER UP I POURED ALL THE CONTENTS OF THE PINESOL BOTTLE DOWN HER THROAT UNFORTUNATELY THE CHEMICALS IN THE LIQUID COMBINED WITH MY UNEARTHLY SUPERSEMEN TO FORM A HIGHLY UNS 	 LE AND EXPLOSIVE MIXTURE OF PURE POWER JUST BEFORE THE FAT NEGRESS BLEW APART AS A RESULT OF THE INCREDIBLE CHEMICAL REACTION MY MOTHER GOT SCARED AND SAID YOURE MOVING WITH YOUR AUNTIE AND UNCLE IN BELAIR I WHISTLED FOR A CAB AND WHEN IT CAME NEAR THE LICENSE PLATE SAID FRESH AND IT HAD DICE IN THE MIRROR IF ANYTHING I COULD SAY THAT THIS CAB WAS RARE BUT I THOUGHT NAH FORGET IT YOU HOLMES TO BELAIR I PULLED UP TO THE HOUSE ABOUT SEVEN OR EIGHT AND I YELLED TO THE CABBY YO HOLMES SMELL YA LATER I LOOKED AT MY KINGDOM I WAS FINALLY THERE TO SIT ON MY THRONE AS THE PRINCE OF BELAIR ONCE I ENTERED MY NEW PALATIAL ABODE ALMOST BUT NOT QUITE WORTHY OF MY INCALCULABLY HUGE MEAT MISSILE I IMMEDIATELY SWEPT MY NEW FOSTER PARENTS ASIDE AND HEADED FOR THE ROOM OF THEIR YOUNG NIECE YOU SEE I JUST SPENT THE LAST TWENTY MINUTES RUBBING A TWELVE YEAR OLD GIRLS BARE CHEST HOW YOU ASK WELL APPARENTLY THERE ARE A SELECT FEW CONTEXTS WITHIN WHICH SUCH AN ACTION IS ACCEP 	 LE FOR INSTANCE IF YOUR NIECE HAS A HACKING COUGH AND YOUR SISTER ASKS YOU TO PUT SOME OF THIS ON HER WHILE SHE CALLS THE DOCTOR <SPLIT><SPLIT> PUTTING SOME OF THIS ON HEAR MEANT USING MY BARE HANDS TO RUB THIS VAPOR OINTMENT SHIT ALL OVER HER BARE NAKED CHEST MY HEARTBEAT IS STILL ALL ERRATIC FROM IT I HAD A BONER THE SIZE OF MANHATTAN THE ENTIRE TIME SHES SLEEPING NOW AND I GUESS SHE FEELS BETTER BECAUSE SHE STOPPED COUGHING <SPLIT><SPLIT> DETAILS SHES ABOUT 5 FEET TALL HAS LONG BROWN HAIR A CUTE FACE A THIN WAIST AND LONG SKINNY LEGS SHES IN JAMMIES I THINK BECAUSE ALTHOUGH IM PRETTY SHAKEN UP RIGHT NOW I KNOW I UNBUTTONED SOMETHING BEFORE I WENT AT IT <SPLIT><SPLIT> GOD I FEEL SO GREAT I JUST RUBBED MY HANDS LAL OVER HER FUCKING TITS YOU GUYS WELL THE PUFFY PARTS OF HER CHEST ANYWAY HER NIPPLES GOT HARD I JUST ABOUT WEPT TEARS OF JOY OBVIOUSLY THERE ARE VERY FEW THINGS IN THIS UNIVERSE WHICH CAN BRING ME TO SUCH A STATE AND COMBINED WITH MY INCREDIBLE STATE OF AROUSAL I WAS UNABLE TO HOLD BACK THE STORM BREWING IN MY COLOSSAL PUDDING BLASTER MY STEAMINGHOT SILVER LAVA BLASTED OUT FURIOUSLY INSTANTLY KILLING MY UNFORTUNATE YOUNG COUSIN AND REDUCING MY NEW HOME TO BLASTED BITS AND PIECES OF WOODEN DETRITUS I GUARANTEE IT,0
yes tags  for  subpage  the AfD today I ,0
notable Not proof of the might a look sources,0
2008  <SPLIT>  stop vandalize will editing  Ive gone to you your vandalism    <SPLIT> is address and didnt make any unconstructive edits creating an you can ,0
removed need something much talk page to post once over the situation,0
 <SPLIT><SPLIT> MOTHAFUCKA YOUR ASS,1
purpose,0
 <SPLIT><SPLIT> Please do misleading Wikipedia irrelevant existing Wikipedia articles you want experiment Wikipedia articles Thanks,0
comments away child,0
u comdon the crabz so dont sex married,1
want this I suggest Spanish profanity  However to be  though are statements that means up lately  with a Italian surname ,0
photo James  <SPLIT><SPLIT> image James died founding Association scarcely relevant to  Consider ,0
 <SPLIT><SPLIT> joking Yes Regurgitation be in article but not ,0
Please stop  <SPLIT><SPLIT> hey misortie maybe you should stop backseat moderating and acting like youre the king of the world and start having good faith in fellow contributors your edit summary please do not post again clearly shows how much of a pompous snob you are why do i even bother stop abusing your rollback privileges all editors are equal is unacceptable Your blatant harassment must stop And by the way I did not use my rollback feature to remove that trolling on TalkIslam Just leave me alone ok I dont the time to deal with this crap,1
children he cunt,1
added licensing the is looking for,0
Cultural  <SPLIT><SPLIT> Hopefully entry even but a nonetheless,0
 <SPLIT> Ive claim has penis I even which supported that theory ,1
21 2015 <SPLIT><SPLIT>  not hastily sections  <SPLIT><SPLIT> <SPLIT><SPLIT> you removed on that I not an for <SPLIT><SPLIT> First articles Wikipedia first the explaination bottom the page I modifications have been to pages foods that find in stores unfounded linking particular seems be some kind war to you or sections feel the issue is not black white needs than removing <SPLIT><SPLIT> The seemed me read section <SPLIT><SPLIT> of due of including  and then organizations listed  <SPLIT><SPLIT> First of none advising consumption limiting saturated fat would not dry studies have for The actual complicated and these interested defending data picture is be limit completely have none  <SPLIT><SPLIT> those to a tact <SPLIT><SPLIT> saturated recommended organizations included of the of <SPLIT><SPLIT> of you content despite containing studies notable journals and its it mentioned and monolaurin is in some those in <SPLIT><SPLIT> explains things SummerPhd deleting on on learn about complex that is its and Readers have a subjects all about dimensions merely a <SPLIT> editing been a edit have several changes please page edits which make fly find much success take ,0
you use version please go ahead into own  Ill do getting see also for bot See when was called ,0
only question no are want to noone base answers a questions and section no in asking I feel me more the various ,0
Day to and  ,0
early career  <SPLIT><SPLIT> I recently the George article section Career to also ranges  date entered  add something this  reason break the by date,0
checked my will do dont pay Are you confusing whose here the And grew the man I under spell of over at much grow And bad Russia a lot way that nice and ,0
in history  <SPLIT><SPLIT> the ,0
Beauties  <SPLIT><SPLIT> should strategy about the Beauties fact ,0
diagram  <SPLIT><SPLIT> The for corrective lens  The rays as pass lens  partly as then more lens so are not parallel they ,0
Stanley Stanley Meyers  <SPLIT><SPLIT> deletion of and <SPLIT><SPLIT>  and fuel gas the such gas <SPLIT>  gas <SPLIT>  the from and therefore <SPLIT>  Gas generator control <SPLIT>  pulse <SPLIT>  Gas <SPLIT>  hydrogen gas <SPLIT>  burner <SPLIT>  gas internal combustion engine,0
of the two the  <SPLIT> These two wikipedia They are not inclined say even without any conclusive  <SPLIT><SPLIT> Just give an two Just facts <SPLIT><SPLIT> pro reo is latin It is a roman principle as law is based Roman it is integral pro includes innocence the assumption comes there of innocence law delete the paragraph it and a sentence this myth <SPLIT><SPLIT> 2 is true the judgements too and it only judges in important However a cursory look a normal in would make clear to a seems first year law something his <SPLIT><SPLIT> 3 exclusion evidence say civil equivalents needed which evidence every some  <SPLIT><SPLIT> law only wikipedia this seems be bit development German direct from tables for gods <SPLIT><SPLIT> all I am not such an article working dont that know That would also guarantee be accepted by both sides ridiculous know you objective encyclopedia a people from America and England to judge about the point ,0
Updated ,0
episodes <SPLIT> plan Information from sources must to an This Single and substantial I Wikia as alternate for this information,0
 <SPLIT><SPLIT> you add Issues to the should be added checks not All  can the to case would best any more added to the or another the committee them the between contacting if be at as opposed it ,0
nomination Climax <SPLIT>  of FZero at Did nominations some issues it need be clarified comments underneath your and as soon Thank You ,0
link <SPLIT> is keep putting link Conjuring page and someone please and ,0
faggot  <SPLIT><SPLIT> RIGHT,1
FUCK MY RUINED IT ,1
dynasty the    niki,0
hyseni ,0
at I above many others that is just true,0
pc  ly,0
 <SPLIT> you that cool image etaoin said   UTC,0
not you this to UserDASHBotFalse continue to blocked editing,0
again help <SPLIT><SPLIT> you corrections to the <SPLIT><SPLIT> so new make and just <SPLIT><SPLIT> with <SPLIT><SPLIT> You can contact at   <SPLIT><SPLIT> we wiki on <SPLIT><SPLIT> Thanks <SPLIT><SPLIT> beckjord,0
editing Need <SPLIT> contributing to Wikipedia want to you the forum to questions about get peers and experienced I hope there,0
good out of shocked that by a week too,0
and Great 2 like the that is ,0
resistance name both say same  first that well that better teflon,0
edit  <SPLIT><SPLIT> Fashion film would you You,0
de  <SPLIT><SPLIT> for several reasons <SPLIT><SPLIT> the only francophone is therefore in norwegian literature <SPLIT><SPLIT> b a commonly used elucidative <SPLIT><SPLIT> English wikipedia <SPLIT><SPLIT> of French an ,0
should if I to there is  always ,0
1 <SPLIT> a must obviously use wider the maximum   doesnt from data wider the maximum register  of C the PDP11  <SPLIT>   1bit memory addresses other data units are are at 1 2  That refers to for integer arithmetic would to be instructions <SPLIT> doesnt use In have  is the <SPLIT> the primarily including memory  data  doesnt from something that  does  handle the sets introduced with to and 80286 with its does by <SPLIT> Objection <SPLIT> Popular varies time  computers popular the  you many these  in embedded applications  that any talk more than giving some  be still  sentence <SPLIT> So for are further  for the to computing some discussion the with nbit template can be at Talk64bit  More of arguments against the template be found at Template problems from template  I would suggest further discussion of merits of the template be done and replacing template in this other nbit articles not be something a consensus reached there  Im not where the merits of renaming nbit to nbit computing should be discussed but Id like to see that a more and again something consensus reached before renaming any articles,0
bible  <SPLIT><SPLIT> am have to <SPLIT><SPLIT> to let you a recent that you part was keep articles and 34 that they votes for considered by consensus decision the closing stated that was consensus them <SPLIT><SPLIT> now been put may remain appears be issue to take this and record similar vote to you at the The survey is WikipediaBible verses,0
group the supportive the ,0
<SPLIT><SPLIT> <SPLIT><SPLIT> So you by companies who putting information their are to product  but on I guess you cant big prefer small dont the stories in main stream press about for blatant marketing  at few of them amazing get company <SPLIT><SPLIT> So to the rather than company history etc marketing simply try is financed info being is have  rules <SPLIT><SPLIT> crosses line them to up edits i yet my in from the truth and blatant <SPLIT><SPLIT> dont you flaming  Also sure will you have type  ,0
hate ,1
is of Middle Name  <SPLIT> correct of middle name <SPLIT><SPLIT> the Texas document lists an Alexander Emerick <SPLIT><SPLIT> County 24 <SPLIT><SPLIT> <SPLIT><SPLIT> Jones active politics has for would somewhat surprised thats not reference Austin Alex lives is county seat <SPLIT><SPLIT> Im in the Wikipedia the was that I in the document Ive heard Alex Jones say middle air but he didnt spell it This on Alex has Emerick spelling for now still other spelling variation on EmerickEmric than Emerick Jones <SPLIT><SPLIT> An edit was only made to   of whom left no comment concerning the <SPLIT><SPLIT> is one  <SPLIT><SPLIT>   <SPLIT>  anything truth  light that which was unknown  If we are honest ourselves will honest with the world around us to  owe to facet accommodate each even if do  to others devoted  All has its even kill parts  if one presence  need understand that dumb know  least can things eye <SPLIT><SPLIT>  Jones a <SPLIT><SPLIT>  mainstream sources to <SPLIT>  the scan <SPLIT>  to patriot of council <SPLIT>  <SPLIT><SPLIT> alternative <SPLIT><SPLIT> and <SPLIT><SPLIT>   <SPLIT>  On    <SPLIT><SPLIT>  learn inquisitive  <SPLIT><SPLIT> has vocabulary noticed you <SPLIT><SPLIT> at areas not dare  the other hand rubbed a wrong way  <SPLIT><SPLIT> I a topic focus it seems an eye vandals <SPLIT><SPLIT> Yeah noticed a huge rightwing bias this site just check the and leave <SPLIT><SPLIT>  Anti  <SPLIT> to controversial first paragraph is this logic label hurts only are  <SPLIT> he talks about individuals ,0
editing If your will editing ,0
 does it is agreement how it be reason to revert   ,0
College  <SPLIT><SPLIT> <SPLIT><SPLIT> from over and therefore my the turned with of back topic I that it is abundantly certain that article and make suggested but anyway for contribution,0
not add original content so verifiability If you continue do so may be Wikipedia,0
changed it a in keeping what how the any years ,0
I a new case What to went his page I it to all business not of the   samusek2,0
pasted of some click link <SPLIT>   John MarchApril bumblebee related myths engineering  Jay The Brain Press 9192 1854106333  <SPLIT>   Ingram 2001 Barmaids 9192  <SPLIT>   for 20 26 2008  <SPLIT>   John and  Science Video 20 2010,0
Edit War <SPLIT><SPLIT> that war from the it as notation that was calling  callers that him be included among  I to show numerous years left staff as trends on the and wanted surrounding the and why it should or   ,0
hits me very very very very on head,0
says  to before just case they Fiction 74 <SPLIT> Hilary if is either before is not that date is blue Forecast pvii <SPLIT><SPLIT> at correct the expression logic,0
can if you of page it Though before Wikipedia or trying off If you a genuine to there ahead,0
about a of that King Tuts chariot horse with ring no of As recall in book IEs,0
<SPLIT> This says on looking at the FCC see thats  The KMYT in 2002 the since ,0
think REAL its nothing but forum air its all nonnotable source,0
if selfdefence What that a brought about is of are good bad you the It itself was not a use he was  well certainly I the even As charms to hurt him they to more primeval feature ,0
the appears little late for <SPLIT> animal names Walking Dinoasurs and <SPLIT><SPLIT> this an Opening it would been to word thusly <SPLIT>  changing names on following pages with Walking When  <SPLIT><SPLIT> Or for more authoritative <SPLIT><SPLIT> Please refrain from changing <SPLIT><SPLIT> very annoying you beside animal articles specified less You The can say <SPLIT><SPLIT> badly A far calmer approach would have elevated this greately Its very is subjective nicest just a insult  <SPLIT><SPLIT> been A more wordeffective and more direct  <SPLIT><SPLIT> Your edits only to the to edits the animal identities were fully cited Please refrain from  <SPLIT><SPLIT> An risk can if need felt  <SPLIT><SPLIT> I tend to be that ,0
 <SPLIT><SPLIT> I note block  Im if misread Firstly summary nuts HighKing inaccurate point about not named in they are so named Conkers in the word Triton an nuts the what problem something the says absolutely accurate accusation no way an Good luck All can that will pages debate  ,0
seen but to think its Jentschura prefer more books over general Treaty standard doesnt include water for the so seem out book quotes standard 69990 full ,0
Wikipedia the have to edit articles Wikipedia but creating account is many benefits <SPLIT> your <SPLIT> to via link  <SPLIT> page  <SPLIT> Your you choose also allows users without your email address <SPLIT> use of own personal watchlist to which that interest you <SPLIT> The ability rename <SPLIT> to  <SPLIT> The to customize the appearance and behavior <SPLIT> The to  <SPLIT> The to heard votes and <SPLIT> Your IP address longer <SPLIT><SPLIT> hope account  your time here on Wikipedia Wikipedian Thanks,0
Oh Im looking forward to doing some Valentines crap Not with your wife of course You sound terrible I hope you feel better soon,0
Hes an international bowler with an average of 425 WTF,0
Violation  <SPLIT><SPLIT> In deleting my Wikiracist article as utter crap you violated several tenets of wikipedia  Dont bite the newbies Assume good faith and the utter crap is a Personal Attack You also failed to let the deletion process take its course and achieve consensus How do you justify this,1
I think of the already the article know if help I have them,0
Shut up guys it doesnt matter what religion you are Im Catholic and if i ever get famous and people go why isnt it talked about that shes catholic i will be ashamed It doesnt matter what you are And its not a cristian band its alternative Its not essentional are you like a priest or something Come on people dont start with religion Its not important no one should care And please dont call them a cristian band its not bad to be alternative its not like it means all the bands worship the devil or something Get this star though and this is what im saying IT DOESNT MATTER and that wasnt in caps to be mean it was in caps so people would see it Right now so is their an ALTERNATIVE BAND,0
have addressed issues mentioned block Have actually then carefully,0
for your more information could please you advance All wishes and ,0
previous license complete some  <SPLIT><SPLIT> fck <SPLIT><SPLIT> is 100 meaning  this exactly given editorial ,0
going in next begin Senators  1st 39th Canadian Parliments a time Put Ill ,0
the the of  <SPLIT><SPLIT> the ,0
Vandalism <SPLIT> here really idiots ,1
not you with edit Israelites to be blocked  ,0
that at mention an appropriate discuss the more  has point that US question link,0
the you  grip with yourself  me this  Aroras subgroup Khatris  recognize as that from part then centuries ago and the Multan area and they the higher not the Aroras called them ,0
certain are by western These should presented Vedas <SPLIT><SPLIT> Atharva <SPLIT> the cow <SPLIT> <SPLIT> You to the nonkillable does <SPLIT> RgVeda VII5617 <SPLIT> killer of <SPLIT> VIII10115 <SPLIT> is pure do not <SPLIT> X108716 <SPLIT> kill the Aghanya the killed to edicts their heads off <SPLIT> XIII49 <SPLIT> kill <SPLIT> YajurVeda XXX18 <SPLIT> sentence the of the <SPLIT> VI283 states <SPLIT> may not astra ie <SPLIT> RgVeda states <SPLIT> Nobody them to butcher <SPLIT> Mahabharata 26247 <SPLIT> called aghanya and thus nonkillable,0
the  <SPLIT><SPLIT> The the War was NATO the west the Pact in lead World of at Western countries the Eastern what by curtain partition  ,0
quotation be for a I didnt Id In words ,0
<SPLIT><SPLIT> LAUGH90 off MOOriah lamb does Warner has albumsbut the IFPI and recording  2008,0
 <SPLIT><SPLIT> I have speedy 2 and text the is a nonfree with a an fails criteria and has notification 20060713 or days notification for uploaded before I7 did not do that Also ImageFembots 2 APIMOMjpg rationale for the two is in questions left on my,0
slight conflict ,0
harassment,0
unless some the much idea to this and discussion gone ,0
 <SPLIT><SPLIT> noodles She also are  she them at her know school might ,0
RIGHT TRUE FUCKING ,1
boob boob boob boob boob,0
2015 of multiple  ,0
creating throughout This like another attempt I am mistaken disregard,0
spoke not shifted the goalposts And its self evident queen of <SPLIT> policy the to state Elizabeth the UK before role,0
a solution <SPLIT> Instead in order they in might to it in chronological help remove and really reduce that goes the later walked through and Cloud ,0
ROLE OF THE AAUP,0
both ways claims,0
Enchev apology  <SPLIT><SPLIT> Enchev EG blocked he a case which although slightly was a fair comment  was down in uncertain making a <SPLIT><SPLIT> Now terrible that the least have of apology from concerned as IT WAS ,0
missed of I am fairly Province government should the most state that ,0
some  <SPLIT><SPLIT> I understand your deleted cant copy did see it was deleted will that school local for your theres the history includes the school was your first  tell editors thier time many rules are talk any ,0
know busy and I   was a  <SPLIT> seriously  Haha time was so very very  <SPLIT> Windows  they brought and roughly similar Windows <SPLIT> Windows 8 and couldnt  have  <SPLIT> Cheers ,0
is reliable Per ,0
 <SPLIT><SPLIT> a spends his a cunt,1
of  <SPLIT><SPLIT>      citations sources Kennedy held no contribution this article The itself is warranted Thousands of have court but not a important  famous  <SPLIT>      especially from titled the use words like failure along Mr last section a Ronald Kessler  mentioned by name six sentence Kessler conducted the only interview Watts before he died is sounds whole thing Kessler himself <SPLIT>      A dispassionate entire article is ,0
1291079286 <SPLIT> TBBT so thanks in kitty I a usage wasnt sure double entendre was apropos ,0
Hartman  <SPLIT><SPLIT> was was because the simplest comply Style Because happened people to realise that took the her thus should be referred article as Brynn Can to this,0
an prism slot m1 then one of you want to and  Select than in the ,0
de  <SPLIT><SPLIT>  que e xingando eu estava o portugus tava que  do mundo no  bem Brasil taxas de desigualdade econmicas do mundo enfim uma ser bloqueado chance lhe queria que ele bem ,0
he  <SPLIT><SPLIT> Mussolini found Fascism Italian Fascism before FascismHistory,0
Now ,0
easier for a few examples best to Balkan in its from Wikipedia it goes or stays decided nonBalkan editors dispute that any changes are in ,0
of  <SPLIT><SPLIT> the time the wedding Prince ,0
would read the before annoying lede said now say it doesnt say We it to B because claim youre edits edit ,0
Faribault Minnesota same  It  stress,0
latest the more appropriate my wife it a ,0
spelled ,0
would that my edits that agreed with move,0
Most My ,0
23for AfC Notablearmenians  <SPLIT><SPLIT>  <SPLIT><SPLIT>  <SPLIT> made page <SPLIT> <SPLIT> Please remove article <SPLIT> sorry any is first <SPLIT> advance,0
REDIRECT TalkBrain fag syndrome,0
is possible The guru 1611 or 1612 since of born ,0
is with  <SPLIT><SPLIT> Is supposed be of Omura can simultaneously front and of head brains,0
think any there to be of  that seems to the editors Proposing article for is for ,0
deserves it <SPLIT> is Being a who had twice deleted I an honor to have this the Justin except million bigger Give kid really I honestly was trying sign him my label someone me Dont article ,0
 <SPLIT> the goddam vandalism Hell ,1
bill ,0
Wahoo  <SPLIT><SPLIT> for Nuremburg Wahoo article  was in a not  Actually cited  the it even so and noted with,0
 <SPLIT><SPLIT> Hi Tim <SPLIT><SPLIT> contributions at categories you have noticed disagree your proposals but time <SPLIT><SPLIT> hope me saying a relatively new welcome  I enjoy here <SPLIT><SPLIT> wont me it would be to WikipediaNeutral view  It core and despite apparent of principle its application practice has farreaching than one might initially  When first started editing here challenging at times and I know I am not who had to refer to it years,0
questionable <SPLIT> seems fairly may be borderline  personal and broad is meaning hacking may be any ,0
Ill look and I can someone him ,0
Ah I see you misunderstood You thought I was calling only88keys a crazy Welsh vegetarian commie No I was talking about the guy who said he was my sockpuppet  Yeah that was a personal attack,1
Stop vandalizing wikipedia you dipwad,0
I any positive review reliable of course cause of say that and funny the same time to pockets,0
correctedjpg,0
have really give a shit guys cry about Yeah for but dont out permaban if want be better to throwaway in topic  lame and someone should said the tunnel again ,1
history month,0
idea turn something like of already working the The reference oxide  table of the oxides The expected how of with to properties inorg chemistry chem through of Issues sort call ABx and for physical melting point  also in each ,0
I we of the before the of  we to let the statement of that ,0
Thanks,0
to used ,0
Mason the chapter Vivisection was new NAVS per above just name wouldnt be a ,0
articles school projects for inclusion and clearly  professor create an please or her to review School Projects,0
decline sources selection consensus an you not shown I the if I want this  ,0
the image in try identify of article image of their albums is discography It be impossible to a single image band logical image to than an image which identifies their ,0
lot look right ,0
consisted of <SPLIT><SPLIT>  Curtis Lee and episodes <SPLIT><SPLIT>  classwikitable <SPLIT>  inseries <SPLIT>  <SPLIT>  stylebackgroundcolor <SPLIT>  stylebackgroundcolor <SPLIT>  007FFF Written <SPLIT>  007FFF air <SPLIT>  stylebackgroundcolor ,0
strive editing Waterboarding article or  any the Wikipedia then I I common them  Actually I seem have the common this discussion is   See here and here  your question article any even did violation policy  implying your or mine dont  Unless into an misinformed who a too ,0
b1    b3   b4    y   ,0
appreciate ,0
 just jealous not Protestants <SPLIT>  Ill you secret  Im really a Protestant atheist  But you,0
further <SPLIT><SPLIT> The is in Republic who Citizen by birth citizenship Ireland to specifically in to be they or Citizens Ireland exact born in of <SPLIT><SPLIT> true the key at birth just to be an Irish citizen based not on whether is the but on one has another citizenship birth    <SPLIT><SPLIT> Northern do have another citizenship the applies equally to those born of Ireland who acquire another citizenship by descent at of birth    Its grey the other citizenship registration the Australia for example <SPLIT><SPLIT> All that said the someone who is entitled to an citizen an area    be tested the Irish courts may become in citizenship of another having Irish citizenship    One is merely a political that be treated having that citizenship to,0
reverts <SPLIT> meant disrespect theres of undoing a two examples it had been just rest we figured might get history of but I find resistance in so I brought attention to the topic If there to be a separate Trenton article then lets TalkUS Route 1 in New JerseyMerging Trenton Freeway main question will be the Trenton enough information and ,0
by  <SPLIT> I I wanted create page it,0
for my the article says on in this not a major fault the have not a major problem The church basically in tried heresy was a witch trial had been held <SPLIT><SPLIT> the saying a Its of fallacy the Inquisition lot for heresy which was freedom of we in regardless your answers about heresy,0
 welcome you for contributions the and decide to are might in the future <SPLIT> five of <SPLIT> to edit <SPLIT> <SPLIT> Tutorial <SPLIT> How article <SPLIT> Manual of Style <SPLIT> you Wikipedian using  will out on someone will to ,0
at under  <SPLIT><SPLIT> could  you get a chance  Thanks,0
Bieber Say ,0
 <SPLIT><SPLIT> I just had I and but I wondering would it perhaps in put <SPLIT><SPLIT>  Titsingh Isaac Siyunsai Nipon ran  Oriental Translation Britain and <SPLIT><SPLIT> as citation instead <SPLIT><SPLIT>  Siyunsai Nipon da ran empereurs tr par Isaac Titsingh de hollandais Nangasaki ouvrage complt et cor sur de prcd dun dhistoire mythologique du par M  Paris Oriental of Ireland Two digitized of this rare available the January 30 2 from the of University digitized June 23  Click read original text <SPLIT><SPLIT> and leave the and subtitle article on Nihon dai Ichiran is disproportionately long especially for some of the articles which dont data and Mr Titsingh and <SPLIT><SPLIT> I what is someones up theyre going to to read its translation and perhaps be idea,0
tch it with tone left to  <SPLIT><SPLIT> man off mean that you going that show the heart of without justifications if photographer photography he can your actions Whom to far really extreme Bosniak Everyone is If you then nothing by Wikipedian 1 and have never have ethnicity nation I active year and am the main initiator of in Bosnian Currently a Bureaucrat I something behind me prove is in my heart but comments just disgust me,0
 <SPLIT><SPLIT> facebook security is family friends could stored account  <SPLIT><SPLIT> To self from <SPLIT>  Make sure  <SPLIT>   Contains 2 or more letters  <SPLIT>    <SPLIT>   a mixture numbers  <SPLIT>   not 1980 <SPLIT>    <SPLIT>  security <SPLIT><SPLIT>  <SPLIT> How   <SPLIT><SPLIT> Step <SPLIT><SPLIT> login to and navigate to Settings <SPLIT><SPLIT> <SPLIT><SPLIT> account you Account Security  <SPLIT><SPLIT> <SPLIT><SPLIT> Check the boxes Account  <SPLIT><SPLIT>  <SPLIT> Notes <SPLIT><SPLIT> This ask to Code that it phone when you with unrecognized other The fist time you an will be it so Dosnt ask for the you the <SPLIT><SPLIT> need a mobile <SPLIT><SPLIT> ChristianWwhitwell ,0
please,0
Links  <SPLIT><SPLIT> adding external a keep an eye on of links to dont you but I curious  reason youve added links over  Do the articles need this information and have you contacted before links  ,0
This deleted further someone help me maybe the reuploaded to survive a time two too long the ,0
Financial Page  <SPLIT><SPLIT> afternoon <SPLIT> INVEST and made notes article subsidiary a NPH of  the properly has down We a subsidiary major company but we very different our parent do across the reps manage 30 management did not that was promotional are or wording can definitely edited out or basic you complete removal specifics as to the to remove ,0
section of the ,0
These be merged,0
introduce incorrect to did this to If blocked ,0
hes hiding anything and himself works at ,0
add,0
all   cool situation escalates any  lets also  you for weve the few and especially what see at the Google     having a he bears  is all but certainly a part in aggravating it with accusations  I say that whom the YouTube discussions to them would it for unproven  Clearly you seem pull his and  has said blithely  think of  the short that had encounter he chronologically young and younger  You are you to bit more intelligent more at moderately  successful at least you know  was  someone you  failed prove your deleted a and or scoffed rest  You with but you made the accusations when didnt satisfy you passed on to I sure you    with any clue about psychology could have  As it all he needed   <SPLIT>  Jason you as a meatpuppet and arguments been of as but my reading  I   I you pulling strings  I youre proud yourself  Jason match and its hed never and be back in because antics have described  it you accusations there been some to him  My intended to get him what on  They have succeeded failed but accusations made it effectively impossible because looks to you   atheists than in  had a responsibility to brother looks up you blew <SPLIT>  Id to you that you a lot think and considerable for which you need amends but already know that Ill be in the wind  Youre  You believe because they convenient for you you fathom understand alternatives want believe them  Theres very little believe that you actually be true this for that you burden of  Youll that that statement respect to for but I submit that extrapolate that to all other areas of your life experience at varying levels  anything that you truly  about anybody  can prove  a thinker who while speeches and Bard really like too much contemplative anything especially leads to that you  sad for you because of that from except behavior over the years so makes it clear to me theres something about you dont know makes it all <SPLIT>  the situation  Whether did so or not you helped than was really necessary under the circumstances  I bear own but can hold my head up I was direct had a desire to the through  certainly dont always it right ,0
to balanced argument there  of  when there you as were both scientific when are not  abstract positive PMCs are is definitely  situation similar to an opinion corpse sir say is about the side this  ,0
brate Ja isto dosta oko ali slikama da nabavim itd pozz ,0
Icons  <SPLIT><SPLIT> category remain the main page,0
more  see you the Archive and Jehochmans in fact bottom  somemany of now cut made titled wikihounding at some then continued within maybe there were i now  current archive suggests incorrectly that see  of  way view the Archive that hidden comment original of were  think the should restored that point or matters   <SPLIT><SPLIT> I happen being collapsed  suited because you view proposal  But it does not the archive it less and cannot be pointed directly  of the ending of  Is it or that the discussion collapsed  or that the stray nonarchived behind by MizraBot but that as your material to be archive  it before archived rest  currently think just an MizraBot archive but let know  show diff if  besides your I think be as closed it needs to and readable  If appreciate it  do do that on I just able or must  It simplest future pointed to  It all messed  is nor <SPLIT><SPLIT> Anyhow please the move the location and I your either but hope state on the second point of uncollapsing  guessing not make but I want responsible for it being if is must hidden  I dont think anything there that must be hidden  If it hidden please so  Maybe i overestimating difficulties that will be caused in it seems better to be a wikilink to  ,0
Dont when the date ,0
not was typical his era But was and when baseball it might to what he it,0
we the claims anons If really a criticism section need to claims,0
remember e ndrocchia,0
You racist gringo  <SPLIT><SPLIT> my on page you live the    <SPLIT><SPLIT> ,1
<SPLIT> Okay I you anon Also you did call stupid never made any your person Give example where are I did nor did I beleive that Italy a Power agree to disagree Things out and neeeded taken Regards,1
make of this modern armies and in which fought the army form traditional numbers battles that would away the individual or groups enemy be welded battles would battlefields a his plan of battle today upon conceptual on territorial proximity one might in to victory on battlefield German the of by Foley P by some taken Today another  <SPLIT><SPLIT> space the narrow corps manoeuvre under artillery machine either land one was contain German method after Ententes was intended an battle the yet way aircraft 30s to hundred yards then the and decisive in WWII place the in WWI,0
have Subcarbonas school be ,0
of done on these The main page is almost if time to would be    <SPLIT> By if you going more in the very it formatted from ID you time All the best    <SPLIT> problem Im bit of extra with    <SPLIT> for this if you if this general reader,0
If you want to make yourself ridiculous please do go ahead and start an AfD Dont forget to AfD Free Democrats too,1
STUPID DUMB PEOPLE DUMBER BE LESSON TO YOU ,1
Rocket photo already on the JATO is ,0
there but now it ,0
Someone deleted entire article  It was reposted  Shame on you,0
this song might be about sex because Daron watches alot of porno true fact,0
original devoted substantial and improving you now restored to saying the royalty misleads into believing further provided may want to Law and look it better Wikipedia or provide to much information it does you and work needed to make this original McNulty surname more historically acurrate truthful and comprehensive for Wikipedia reader you might have me the constructive critisism that my extensive might overwhelming for the adept the be down smaller more cohesive articles offensive This type tact and needed to correspond in polite society skills that are persons over wasting time here Anyway I take work myself your that Clonoulty Irish terms meaning the fifth of Ireland Ulster that that of was royal of the Donlevy demonstates that the matter attempting or this in the article of fact made comprehensively your of others to the their less future Finally is placed article not to his into the be to and the biographical their providing innuendo that my article is as do not of being you with them,0
concerning  <SPLIT><SPLIT> well be that to how of gone down these However none data specifically they WPNOR  its pretty sources these studies samesex marriage articles the decline divorces made in one context not samesex marriage make an    <SPLIT> agree removal this  sources that explicitly arguments  but it to make the case,0
fan Borg too I it <SPLIT><SPLIT> as enwiktionary plurals of all English words want of there <SPLIT> This  to do  mywiktionary <SPLIT><SPLIT>  Just in enwiktionary <SPLIT> When visit    did <SPLIT><SPLIT> ,0
several of translation of are all why do anxiously want put side side with ,0
understand its only a more to the logo Then the cover can to ,0
a then published discoveries other than  formerly ,0
<SPLIT> <SPLIT> Scheuermanns <SPLIT> Cri ,0
a huge slut nothing to Please kill ,1
Utter crap deliberately factually incorrect <SPLIT> Ive only read the entry on the Netherlands but that was enough This is pure propaganda and has nothing to do with facts <SPLIT><SPLIT> For instance Edgar Davids wasnt dismissed from the Euros over allegations of racism No such allegations were ever made except by the tabloid press and subsequently denied by all involved Heres just one source httpwwwguardiancoukfootballblog2012feb27hollandeuro96racismengland  but I dare anybody to find a source that states the contrary <SPLIT><SPLIT> The translation of kleine rotneger to short fucking niggerWTF is not just wrong its deliberately false In fact its pure slander and would be cause for litigation if the accused ever read it <SPLIT><SPLIT> The rest of the entry is of the same level Tabloid level trash,0
Makes no difference to me Either way youre just a crybaby Anytime someone disagrees with you you accuse them of giving garbage arguments or having an agenda Worse you actually file formal complaints about incivility or stalling just because you dont get your way Pathetic But humorous Thanks for the entertainment though Have a nice life,0
about with <SPLIT> see the policies civility you an one ,0
never of ,0
enough changed a slur though as as he faggot it ft someone my this despite I think the ,1
from perspective the and this usage swapped  whereas first consistent,0
was was he as finisher times,0
think good of the please Actually use the of comment I like that And is its now whatever description what is today change ,0
<SPLIT> is now on The Sea trivia section that there If anything it added elements Notice to ,0
Youre a fucking menace  <SPLIT><SPLIT> I see you had to had to interfere with the Operation Anthropoid article after I had rewritten it in proper English Took out the picture of Reinhard actually in Prague durr whats that all about A perfectly good image of him in Prague and instead you think a random portrait instead is better Why Then you revert to your poor grammar of the UK SOE er again I dont know if what you do here is just to make up being a failure in life generally but any fool knows you dont use UK  an acronym  to mean British Then you reinsert that the operation was planned by the SOE and the Czech government in exile If you actually bothered to read the article can you read You will find there is no mention that they did anything Now I am not saying they did not but its not in the article However what you have reinserted is a clear violation of WPLEDE which is the lead section should briefly summarize the most important points covered in an article in such a way that it can stand on its own as a concise version of the article  <SPLIT><SPLIT> So my The operation which was conducted by Britishtrained Czech agents from the Special Operations Executive took place in May 1942 is replaced by The operation was carried out in Prague on May 27 1942 after having been prepared by the UK Special Operations Executive and the Czechoslovak governmentinexile  <SPLIT><SPLIT> My version is clear and too the pointthe agents were Czechs who were trained by the British and they carried out their mission in May 1942 The reverted version and yes it is pithy little revert because you just dont like IPs messing with your little Nazi world Firstly who did it That note is gone could have been Bugs Bunny for all we know Secondly revert gives the impression the mission was planned by the UK SOE planned with the Czech Government in Exile Er no they didnt That is complete hogwash The SOE trained the agents who were volunteers from the Free Czech forces in UK They showed how them to use equipment like guns and explosives and gave them lessons in tactics All the Czech government did was put feelers out to get a network established to help with the operation in Prague Now here is where my world meets your stupidity and laziness The SOE agents once on the ground had laissez faire to conduct the operation how they sort fit The UK SOE did not prepare anything toward the operation they assisted with the training and the technical side but it was up to the agents themselves to prepare and plan the operation once they were inside Nazioccupied Czechoslovakia Your rewrite goes back to the ambiguous meaning that prompted me to change it in the first place <SPLIT><SPLIT> Grrrrrr Why dont you think before you revert It might actually help to improve articles Something I am honestly trying to do Whats you excuse,0
was because list episodes  official of episode DVD is named too,0
chronology  <SPLIT><SPLIT> here seems confused article was in the commanding the and spokesman startup some various shows antique It does explain military career as Commander the Navy as there period a lower was he born does he a ,0
verifiable presented any no be reverted and changed revision But see that the revert a maybe these Should add the new consent India as 18 instead ,0
deletion  <SPLIT> Hello and thanks new just letting you the of a following concern reason a deletion criterion You may wish the Speedy Deletion before further       ,0
My  <SPLIT><SPLIT> Thanks for that of it really but not willing to continue,0
on page that being do not that accorded every wikipedian over not I being into growing articles fear I am him change his to the me,0
   <SPLIT><SPLIT> Hello  <SPLIT><SPLIT> Charles D the webmaster Im interested linking salts page to feature bath specific page on website Wikipedia  <SPLIT><SPLIT> highly believe this would in gaining knowledge about and other subjects  <SPLIT><SPLIT> is  <SPLIT><SPLIT> URL httpwwwBathSaltsHawaiicom   <SPLIT><SPLIT> Title Salts Hawaii    <SPLIT><SPLIT> specialize high homemade natural tropical fragranced made <SPLIT><SPLIT> look to you  <SPLIT> <SPLIT> Thank     <SPLIT><SPLIT> Charles Mole Jr   <SPLIT> Webmaster  <SPLIT> ,0
Came <SPLIT> of the peak on this  ,0
<SPLIT><SPLIT> Hello  to Wikipedia  hope the place stay are pages might <SPLIT>  Introduction <SPLIT>  five pillars Wikipedia <SPLIT>  How page <SPLIT>  pages <SPLIT>  a great <SPLIT>  <SPLIT> you here being sign on using  produce  <SPLIT><SPLIT> need out  helpme your ask your question there ,0
you  <SPLIT><SPLIT> I youve said the English So you from am curious,0
and  <SPLIT><SPLIT> is no of Flying  Since <SPLIT><SPLIT> Martinair is a CARGO no Flying <SPLIT><SPLIT> the Saudi is now part in Flying East will join at the end of June ,0
can course sources ammong listed there we will disregard them  I we point the one is about finding correct the sources have of rights they of the change Serbs  tonight cite the sources once we along already above wwe have clearer picture,0
like on today  Looks like ,0
an but really the neutrality  have to show you the thing that doing,0
have attacked discussion boards their Its apparent brainwashed who concept of Rican By attacking who can truly might have as writer post anything on discussion page or you will be reported again ,0
IP  <SPLIT><SPLIT> is atm by high school  heartfelt who ,0
Featured <SPLIT> see is that to and article shouldnt list leads Its in looks If images into the with without would greatly List Grand to over you need motorsport lists thats probably of Once you get where you its is to just go for for the best,0
looks younger of in  where she looks than ,0
TalkNorth ,0
add change did to article a reliable for maintain our See WikipediaCiting how sources the to learn contributing to ,0
Final  <SPLIT>  classwikitable <SPLIT>  <SPLIT>  scopecol width50  Num <SPLIT>  scopecol width200  Country <SPLIT>  scopecol width250  Artist <SPLIT>  scopecol width250  Song <SPLIT>  <SPLIT>  01   China  miss A  Goodbye Baby <SPLIT>  <SPLIT>  02   South Korea  GNA  2HOT <SPLIT>  <SPLIT>  03   Switzerland  Remady  ManuL  Higher Ground <SPLIT>  <SPLIT>  04   Australia  Lenka  Everything at Once <SPLIT>  <SPLIT>  05   USA  Evanescene  My Immortal <SPLIT>  <SPLIT>  06   Poland  Liber feat Mateusz Mijal  Winny <SPLIT>  <SPLIT>  07   Greece  Giorgos Sampanis  Ora Miden <SPLIT>  <SPLIT>  08   Ghana  Trinchy Stryder  Help Me <SPLIT>  <SPLIT>  09   Netherlands  Eva Simons  Renegade  <SPLIT>  <SPLIT>  10   Thailand  Girly Berry  Featuring <SPLIT>  <SPLIT>  11   Russia  Nyusha  Viribat Chudo <SPLIT>  <SPLIT>  12   United Kingdom  Lilly Allen  Fuck You <SPLIT>  <SPLIT>  13   South Africa  Lee Scott  Netn bietjie meer Tyd <SPLIT>  <SPLIT>  14   Lithuania  Monika Linkyte  Happy <SPLIT>  <SPLIT>  15   Canada  Sammy  Some CatchinUp to do <SPLIT>  <SPLIT>  16   Japan  Hatsane Miku  Levan Pollka <SPLIT>  <SPLIT>  17   Spain  Mal  Ahora T  <SPLIT>  <SPLIT>  18   land Islands  Andrez Wrethov  One Love One Goal <SPLIT>  <SPLIT>  19   Latvia  Fakts  Anete Kotovica  Vieglk Man  <SPLIT>  <SPLIT>  20   Bosnia and Herzegovina  Darko Lazi  Gluvo Doba,0
thank It is sincerely is on me At most ten been fair no one But there is all ten must confounds no I out hope Thank ,0
and are  considered of ,0
so everyone agrees that The Exploited were a racist band What the F is up with that What kind of white power bonehead s like them <SPLIT> I dont see how this can be true Just becuase a  track has Hitlers name in it doesnt make it a racist song   <SPLIT> And why are they a seminal rock band What does seminal mean,1
THE GOING ON  <SPLIT><SPLIT> you this page to FIXING by fake ADDITIONS   <SPLIT><SPLIT> to the page edit the so I the roster released superstarsn JHONNY RAW   <SPLIT><SPLIT> think being released or not you game People every them would cause problems the situation Benoits   <SPLIT><SPLIT> fully locked page the are to lazy to last the <SPLIT><SPLIT> <SPLIT><SPLIT> to what sign your       <SPLIT> polite      <SPLIT><SPLIT> Stratus time a legend not t <SPLIT><SPLIT>  revert to   <SPLIT> a major to article would revert are specific be made list with   <SPLIT>  about you to look at confirmed roster and the 1 and delete rest beccause of roster is   <SPLIT><SPLIT> is fake so remove it consider blocking roster is source IGN  1749 August <SPLIT><SPLIT> at MORE ppl are plz stop the   <SPLIT><SPLIT>  <SPLIT>  Those edits mass citations above cited removed the is important HBK  be been up   <SPLIT>  Also likes lazy   <SPLIT><SPLIT> appreciated    <SPLIT><SPLIT>  <SPLIT><SPLIT> <SPLIT><SPLIT>   <SPLIT><SPLIT> is  <SPLIT><SPLIT>  <SPLIT><SPLIT> httpcawswsforumindexphps8412bc3fca13ff7cb406306421b02930showtopic134767  <SPLIT><SPLIT> Ken Candice Marshall Michelle  There sources  I is   <SPLIT><SPLIT> is ,0
to <SPLIT> work and Well ,0
one the of Castro El ,0
While mean claim not that name myself you any or solely based family seem that park name Same for park on ,0
think the the appropriate  I ,0
Gimpel  <SPLIT><SPLIT> was in late submarine the claimed autobiography information the from in York Im not whether the by Gimpel is contrast to process the transcripts have not for Gimpel process online,0
with  Wikipedia and it has been Please other want to Take look at learn more ,0
 <SPLIT><SPLIT> just say video was source I talking this are video videos when reliable source eg article by an author has received the editor is magazine PC adds the  cover then a it a I As WikipediaIdentifying <SPLIT><SPLIT> on impersonating photographer I the is The constitutes sentence And are not personal not I said world more relentless effect <SPLIT><SPLIT> Best regards,0
experimenting the page Wikipedia worked it reverted removed do Take look the if to learn more contributing to our encyclopedia  A to reverted can be If believe this have reverted please ,0
fuck ,1
his have praised I myself took them some have This criticism see has uncontested so <SPLIT> Judging my ,0
Trigonitis macrodon Australavis Afroaves shit only now I realised the name of the article Trigonitis is wrong it should be Trigonictis do you know how to change that,0
<SPLIT><SPLIT> have any friends Harry Ron Rons sister from on her first Hogwarts Express who she ever friends ,0
article is about the historic then off of known as Jerusalem railway is no  Iran and it was at the I know what article is definitely now If your interest before ,0
is good source was written on their not so you cant use <SPLIT> The Reggie the Gamezone articles the inspired by controller controller  fact Gamezone writer goes say Lets its competitors Gamecube  <SPLIT> think any what at If anything more sources to Pro360 argument ,0
it Ill carefully I in ,0
Proposal  <SPLIT> Criticism of Microsoft Windows better of the ,0
Dick <SPLIT> I for hate toward  ,1
should what did Cech is back and Reading ,0
 <SPLIT><SPLIT> the the It is shakta theory that people West of two Indian texts SatCakraNirupana the PadakaPancaka John Woodroffe alias in book have the claim stated the amazon page of info <SPLIT> permitted ,0
ALL HYPOCRITES ,1
know concerns,0
Dolly and Betty Beale ,0
<SPLIT> This that going with referenceReference details <SPLIT><SPLIT> References,0
talking as   123,0
edits and ,0
your prick,1
hottie D,0
 <SPLIT> Beschwerdefhrer <SPLIT><SPLIT> und Benutzerjkb <SPLIT><SPLIT> Missbruchlich <SPLIT><SPLIT>  in jedem Begrndung Administratorin Brumm Der Autor einen Artikel eingesetzt und sich dabei in Weise regelwidrig verhalten Dass abgegeben haben  Filzstift  erstens wahr und <SPLIT><SPLIT> Links  <SPLIT>  httpdewikipediaorgwikiWikipediaVMBenutzerBrummTiger28erledigt29 <SPLIT> nach Archivierung <SPLIT>  httpdewikipediaorgwikiWikipediaVandalismusmeldungArchiv20130730BenutzerBrummTiger <SPLIT><SPLIT> Versuch einer Klrung des Streitfalls Admin Begrndung WPVM Brumm habe unpassende Kommentare sich wird als Missionssocke denunziert unzutreffenden sei gesperrt <SPLIT><SPLIT> Beteiligte gegen Benutzerjkb gegen Itti benachrichtigt BenutzerFilzstifftber DeAdminVerfahren gegen  <SPLIT><SPLIT> <SPLIT> Ich als Wochen AdminKnpfe vor  <SPLIT><SPLIT> <SPLIT><SPLIT> ,0
Project   <SPLIT><SPLIT>  <SPLIT> This of  by a Composers  review was done by  <SPLIT><SPLIT> is is assuming article scholarship the record documented in a appropriately scored  If inline citations present the reviewer assume that in be <SPLIT><SPLIT> Wikipedia WPWIAGA WPWIAFA the processes awarding Good Article status <SPLIT><SPLIT> backgroundstudies <SPLIT> the article reflect known the composers  musical training a who from is the and the teachers <SPLIT>  <SPLIT> career <SPLIT> the when successfailure  Are other influences from time music <SPLIT>  <SPLIT> career <SPLIT> discuss  Are pedagogic from time <SPLIT>  <SPLIT> Lists works <SPLIT> composers this article  If eg Mozart Hoboken Haydn used  composer has more than any listing article <SPLIT>  <SPLIT> Critical <SPLIT> discuss style critics public both over time <SPLIT>  <SPLIT> and clips <SPLIT> Does the article images subject birthplace gravesite memorials residences pages etc  contain as  since works use samples of works  high enough do comply with and is a common reason for being <SPLIT>  <SPLIT> References sources bibliography <SPLIT> contain suitable number   For an article Article excepting have at one  If does it Further <SPLIT>  <SPLIT> and WPMOS <SPLIT> Does article  although <SPLIT>  <SPLIT> <SPLIT><SPLIT>  <SPLIT> ,0
<SPLIT>  <SPLIT>  Judaism,0
nicer if  Too  that will to a free photo the have  current helps a see what she than none all  The showed youd prefer the  we have of your preference is  respectfully  and can find consensus at page  bad apologise,0
notability it comes from Joint Resolution of honoring ,0
Wiki  <SPLIT><SPLIT> I understand that Flurbenhurgen is explain a reason it so and therefore has  you free encyclopedia and reason why article the of my it I far than mine but those dont have and going take me then you can  hole It is like posting my on and people go to kill me so there should once if your small me reasons the page should get then have reason to remove the will Asian mafia after you so watch your butt they to anal  <SPLIT>  <SPLIT><SPLIT> Love <SPLIT> BloopFTW,1
<SPLIT><SPLIT> article Israeli there be mention Irgun Israeli terrorist Israeli invented Israeli heroes <SPLIT>  kidding of never allowed in neutral unbiased <SPLIT>   <SPLIT>    25 2015,0
 <SPLIT><SPLIT> map polls think,0
 <SPLIT><SPLIT> u freakin ,1
<SPLIT> The Day indicates caused 2004 earthquake article 2005 2004  by ,0
Headline text  <SPLIT> hahaha bitchesBLOW ME,0
still the reference templates Ill Thanks,0
know Austrian done his their 24 years kids Yeah think itd be funny that Instead of Austrian Its even ,0
one several area banned,0
long <SPLIT> seems this the is getting and every we main Middle East protest the North  <SPLIT> whether protests wind or to come is true article keep general information happening Middle and Northern Africa constantly <SPLIT> I understand are multiple articles countries involve in this getting quite ,0
pretty to  find more info at WPLong ,0
just his ,0
am pedophile,1
I to I to I and read caption it You on ,0
but editor my would Gregs it well,0
should page The Communist revolution and referred to is ,0
burn in hell jj,0
Tensei Megami Tensei  <SPLIT><SPLIT> Tensei not Megami Tensei original called the Shin the Nintendos naming the fact that series known Megami Not a single game since the has been Megami yet a deal them Japan SNES days these the Megami Atlus itself refers to franchise Not accept but its change this to the this series Tensei Tensei,0
is Many Greek monuments in this ,0
 <SPLIT><SPLIT> have you read about what article here on not are the pages the current also to relevant have several times there sources for want to the consensus need to sources similar supporting statement,0
it it <SPLIT> the stupid taking off ,1
 <SPLIT><SPLIT> the HurwitzKnowles or books the biographical Carter on a article now its one and I either TXF his appreciate you have ,0
The Confederation Jeremy <SPLIT> has been be speedily deleted This has article to be about club or web or is that an about included an Under for that do importance may see guidelines for what is generally accepted as  <SPLIT><SPLIT> If you of subject do  the the page just existing deletion and a position remove speedy dont the Wikipedia <SPLIT><SPLIT> For specific our for note questions ,0
need section  <SPLIT><SPLIT> all widely as statistical ,0
II <SPLIT> a a slave  2005  <SPLIT><SPLIT> What does mean and does belong article,0
but bankrupt after God how thought was of a moron,1
on  <SPLIT><SPLIT>  <SPLIT><SPLIT> Theres an error the Kobain ,0
Heirs  <SPLIT><SPLIT> the Family 2000 Almanach de Gotha I will not article,0
do at article candidatesAlboinarchive1 will be instructive ,0
Response  feel the the and yet because is a may significant significant primary and information on topic in is to artsy topics at understanding perspective the an the actually conflict interest such picture someone that has make between two it,0
heard about manga the series according the person it character designed special said info board but confirm it true not so im adding anything would say theres a that was it could have been up heard it or made up some sort of rumor a review in the fanfic Project KAIRI If confirm rumor true not please do so <SPLIT> dreamflare 1032 August ,0
 <SPLIT>  Thanks contributions,0
is possible proserb torncino to montenegro allow Greece <SPLIT><SPLIT> has ,0
Barrett  <SPLIT><SPLIT> much has still in of deleting  Regards,0
Ill it then,0
pub  <SPLIT><SPLIT> the like to point out it not recognised but of pubs it is worth seeking evenings <SPLIT><SPLIT> way authority for named Mermaids Rest unlikely and current landlord it uncertain any of possible the seems no that gave hamlet name,0
about something the home AP reporter name  As long is part this and  As usual but the draw ,0
3revertrule to correction ,0
got  <SPLIT><SPLIT> Ive Your Whats ,0
should the Escorial into a I up for ,0
wales is a sex addict,0
official City of Since this it It states in accents are Montreal shouldnt be ,0
about just canada united states ,0
Social <SPLIT> Could somebody confirm the as a political in website couldnt an indication it political ,0
I noticed reference on World about says nothing only that she ,0
the on  are a copy of this available Library,0
agree for more by urban municipality,0
of <SPLIT> A requesting that it speedily has been article person group company indicate how or subject why an about that Wikipedia for articles do assert the or significance may any time Please see guidelines for what is accepted as  <SPLIT><SPLIT> can assert the notability the may contest do add  top of the page just below the existing leave note on talk page explaining not deletion but to information the would confirm subjects notability guidelines <SPLIT><SPLIT> to for for to a if about ,0
clearly Rassilon Doctor call him the as is clear fine I ,0
warning and reverting is quite discouraging rid ,0
can and violence Phone has kind of from system banning from phones people do that of content is only coming Marketplace Therefore has with the Phone Windows Phone built OS  11 June ,0
shows leader Possibly you need browserclear ,0
2Pfly dont what do they or other way wishes to contribute the should the move I see this keep if either side of they agree,0
least the US singlepayer government  Taken by doesnt system  Delivery may through the private  It also run  Incidental seen inconsistent with the term  Other of payment such liability covering care  resulting from as but a basic question  are there multiple or insurance health care for the involved or just one  If answer just one most people in the US call a system regardless of other details the ,0
Please ,0
alumni  <SPLIT><SPLIT> the is available that be standalone evidence that they attended the <SPLIT> Product Indian <SPLIT> Head of Google  Aloqa  Vice <SPLIT> successful generation <SPLIT><SPLIT> have in Mukherjee notable with  He database his educated mention the ,0
removed  <SPLIT><SPLIT>  remove picture with ,0
off  <SPLIT><SPLIT> You other bullet in heads,1
 <SPLIT><SPLIT> Question the article Biblical was corrupted untill restoration we supposed Church within Dosent that to idea Triune God the Bible and if the church  Scripture ideas <SPLIT><SPLIT> purpose discussion how approve positions gaining an understanding of of churches this page <SPLIT> Short answer Not of Word too much Attempting Well only have the Comma Johanneum to an actual addition was made that is only phrase a significant are probably familiar with a criticism of LDS scripture as the Book Mormon that it is to the a misapplication of the In this instance criticism is better that someone actually to the actual Bible  <SPLIT> the   <SPLIT><SPLIT>  Sources  <SPLIT> points article have one about comment reads is considered as its What does  are etc or we LDS proposed the orignal  <SPLIT><SPLIT> to original writtings I historical citations article the Perhaps a link should placed  <SPLIT><SPLIT> whats considered accurate as translated Translated contradicts point  if undefiled compared it the KJV you it was Preceding     <SPLIT><SPLIT> points within Church no real official pronouncement Adherents to it portrayed Mormon was that perfect but that over it degraded corrupted that there some think acknowledge that The didnt exist single well after that we have surviving manuscripts Nevertheless most Mormons believe of between when they when that we find in early <SPLIT> Some Mormons the Joseph Smith represents Bible translated However believe that translation was theres the fact that Smith translated of the same material twice and came up two different version over some the known errors of the Authorized King Version correcting them Thus a few consider to be a translation at all but inspired reworking the KJV Im not sure how fruitful it be to go into all of that here this very summary article   <SPLIT><SPLIT> would explain with slight variations First I think there is concept of a perfect or pristine collection writings as the Bible that lost LDS believe was a perfect gospel given to man by Jesus Christ Over that gospel was changed Precepts were,0
paternal Cherokee,0
three,0
of  <SPLIT><SPLIT> Sorry but driving flash I it myself but i thought Id out a few <SPLIT><SPLIT> the inconsistent and poorly For the structure ECT first appears well it to how out into articles on autopsies 50 ago viewpoint of 2 end of a better done and more paragraph Furthermore that Numerous other studies and 1949 on both and have similar were all left of the 1990 APA report the presence of human much more relevant the topic and should discussed instead more the why two articles been identified by any the in paragraph it seems like somebodys just gone and randomly found antiECT articles them in and then declared a coverup Also why referencing book two can the proper reference themselves If not indexed because old for example any that more knowing they were be <SPLIT><SPLIT> the its mentioned has never popular psychiatrists is still given to of ECT <SPLIT><SPLIT> Thirdly is largely fair of Furthermore of dont them undue an all appears loss positive ones if it at all like found article on a car experience 12 examples involved the driver happens and is interesting but its misrepresenting common normally <SPLIT><SPLIT> Im sure there are other the most It this has been PoV    <SPLIT><SPLIT>  <SPLIT> the messy article imho it currently much less biased it couple ago when the article read a  in first sentence of the is controversial  a topic so controversial to remain objective and the opposing viewpoints and references corresponding evidence each side  that a years this article read like proECT brochure of editing  The problem with incorporating the position there severe of interest  You realize that psychiatrists conducting ECT on a regular salaries that can two three times as high as psychiatrists who not  vested financial interest  is a moneymaking some humanitarian nonprofit industry If ECT were thousands of would in more would also be losing money hospitals anaesthesiologists  the prominently but it not only the APA   <SPLIT><SPLIT> the studies we produces  in parts after new Brazilian electroshock ,0
the that slur doubt it Although if combine with the to say ,0
 <SPLIT> is list of edit it not article ,0
not the source but the list to coming from Erotikosso good literary not widely Im inclined most them allHylas eromenos in Apollonios I remember and Nestor rarely to be ,0
TalkHal ,0
Your English on user page  <SPLIT><SPLIT> your english sucks why do you have en5 on your page,0
with  Wikipedia Your and has been other may want Take page to learn about to ,0
of shut No jacked the Muslim of Uncle Dick No I you cant ,1
gonna One of the commonnamepolicy it propagandanames if Saudi greatest real Infidelwhores Kikes commonname still Saudi good ,0
you know  of revert was correct ,0
Slips,0
spot the faith  <SPLIT> have opinion I an Doesnt make of us wrong disagree The on the that <SPLIT> Sharkface would thank being the to bring up maturity really did day <SPLIT> Spartaz Another oppose for which thanks,0
Royal <SPLIT> Dinh located Chau It for Emperor Khai Dinh tomb to <SPLIT> Khai tomb reinforced concrete has Dinh is a with 127 the climb 37 whose been in next Dinh 29 further courtyard ceremonies with stone both of courtyard of statues facing toward the There six couples of part the is Dinh where many walls decorated elaborate glass is flowers and is among There is the main statues the  <SPLIT> httpvietnamtripadvisornetkhaidinhtomb258html,0
 <SPLIT><SPLIT> Hi  I am now looking copyeditors the article go for 1a to nomination on U2 could really do with some fresh eyes copyediting and other What ,0
this guys dumbass And sucks if i in it a So this just me The and it STILL times a They may aswell delete ,1
IrelandAttorney General <SPLIT><SPLIT> was checking be Is Rather than secondary documents would appear the their dash in I for also the Irish complexities ,0
heading I really see be explicit the Irish to Darfur dont see ,0
adding as did to It you like to the ,0
did that in just you I thought were right to the recent AfD But needs It tough ,0
Susie weve done to indicators ,0
Crosby,0
 <SPLIT><SPLIT> you you about shit,1
reporting of a in this is topic  If feel disruption ANI accusing an accusation that they are  is a guideline topically relevant discussions not be it  have suggested my summary of the was incorrect  I before you are welcome to offer your summary discussions,0
see So the it seems to section FermiEnergy to explain some the subtleties,0
once  maybe has happened  which is see your ,0
of says Immanuel be the correct ,0
an interesting that impervious user has a point in you shoot with Give chance would to state of low IQ been occurring in low classes taken on propagandists created Free facts this idea or and can enforced individualism of the to However are completely reduced of see the the facts that were But the cave is ,0
with idea of Black are of larger penis ,1
is you continue repeat faith conspiracy other This pointed now approach to greater working concerned need to the extent to own ,0
FOR ALL VENEZUELANS WHO ARE BLOCKED THANKS TO YOU  <SPLIT><SPLIT> Boing said Zebedee Im writing you to tell you how much I despite you for blocking people that want to tell the truth about my country You are doing EXACTLY the same of what we have to live in Venezuela youre going against freedom of speech Who are you to know what is and what is not true in my country Are you living here Do you have the same problems we have I dont think so So thank you THANKS SO MUCH for blocking people that want to fight and show the truth of my country in this site that has thousands of views each day Youre now part of the problem not the solution But of course this is telling me how loser you are because not only you dont care about what we NEED to say but also youre such a loser that youre blocking people every 2 minutes instead of getting laid or have a life asshole <SPLIT><SPLIT> Sincerely  <SPLIT><SPLIT> People who want justice for Venezuela,1
message but to who  it was not about project that long ago if check see the was created after about emotional than have however to what perceive as a big I and I I nominating it quoting low Alexa rank is something should brought a ,0
Brisbane ,0
changed of wikilink the ,0
game like the games toatally games five ,0
have look of the UK to compare Coatbridge against and see in Coatbridge,0
keinen ,0
prefer just of article  that relying on source During Bushs first office every position McCain new  into this article,0
think about in the years the USN I multiple  star Seal Admiral it   I what photo of end any ,0
 <SPLIT><SPLIT> Domain used nowits not i Its see  <SPLIT> httpwwwnicruipartner349 <SPLIT> and  <SPLIT> httpwwwnicrudnsservicesuhtml <SPLIT><SPLIT> sorry ,0
settings well thank ,0
dont the war is really dumb,1
has been the shourd has and fake jacson has that beloife has him molless children be  hate him,1
MULTI  <SPLIT>                               <SPLIT>                              COOPERATIVE SOCIETY <SPLIT>                              <SPLIT> <SPLIT>                               DOUGLAS OWERRI <SPLIT>                                <SPLIT> SELFHELP <SPLIT>  EMBASSY USA <SPLIT>  1075 Dr <SPLIT>  CBD <SPLIT><SPLIT> APPLICATION ASSISTANCE IN <SPLIT> <SPLIT>  SIR <SPLIT> ALL <SPLIT> BASED IMO STATE CAPITAL <SPLIT><SPLIT> UNEMPLOMENT IN <SPLIT> ABOVE WORKING <SPLIT> SOME TIMEAND <SPLIT> AT ARE NOW INCAPABLE <SPLIT> OUR HEREBY <SPLIT> FOR A SMALL CREDIT IMPUTS TO <SPLIT> HELP US FURTHER OUR PROJECT <SPLIT><SPLIT>  A LICENCED COOPERATIVE VERY <SPLIT> ANY OTHER INFORMATION <SPLIT> THE OUR <SPLIT> APPLICATION <SPLIT>  HOPE THAT REQUEST RECIEVE POSITIVE <SPLIT> ATTENTION <SPLIT> YOURS <SPLIT> U <SPLIT> <SPLIT> <SPLIT> MULTI SOCIETY,0
signed by tildas  <SPLIT><SPLIT> dirty jews will not give me authorship of a wiki article 1 2 3  4  DIRTY JEW  4321,0
IP a IPs cannot independent of the rest range ,0
 Tropical <SPLIT> from NRL <SPLIT> Best from <SPLIT> appeared 20150329  40N <SPLIT> LOW 0600z  11N 1646E <SPLIT> MEDIUM ABPW10 2330z  <SPLIT> TCFA  <SPLIT> Tropical  from 0000z  <SPLIT> designates 20150403  1566E <SPLIT> Tropical 30kts 20150404 0000z  <SPLIT> designates TS 05W 20150404  86N <SPLIT> Storm Haishen from 20150404 0600z  86N 1524E <SPLIT><SPLIT> Seas Forecast <SPLIT> 20150403 0000z   1200z  1800z <SPLIT> 20150404 <SPLIT>  <SPLIT>  <SPLIT><SPLIT> Cyclone Advisory <SPLIT> 0000z     1200z  1500z  1800z  <SPLIT>   0600z      <SPLIT> 0000z <SPLIT><SPLIT> NWS Micronesia <SPLIT>  <SPLIT> <SPLIT> 0000z <SPLIT>  <SPLIT><SPLIT> Advisory <SPLIT>       05A  06  06A  07   08    10 <SPLIT>      <SPLIT><SPLIT> <SPLIT>      06  07  08  09  <SPLIT> 11    13  14  15 <SPLIT><SPLIT> Prognostic <SPLIT>  02  03      ,0
JoshuaZ all i have to say is Hydrogen and Stupidity,1
TIRESOME  I AM AND INSINCERITY OF  LEAVE  YOU  YOU WITH THE ,0
on request  <SPLIT><SPLIT> have kind comment the unresolved at interestNoticeboardUserYehoishophot Oliver to know it has free so enter your and you to to the resources be of use <SPLIT>  Arbitration <SPLIT>  WikipediaArbitration <SPLIT><SPLIT> Thank you and ,0
I about the protest after know that is safe ,0
think sociopath the disorder a new think the reason became they describe a you to the ,0
sexual ,1
are large and not into other move cut text to See Whatever you try preserve be or substantially go ahead that But preserve any old you on page with made change if you just it there a comment is later am sure that is being removed is not just plain wrong and with the rejuggling sections it is see what exactly is being ,0
need to this separate article for and out the that pertinent to that ,0
ago,0
plane  <SPLIT><SPLIT> the speedy back speedy deletions this is irrelevant a the speedy deletion to the author the to AFD it pick future,0
editing  <SPLIT><SPLIT> I saw eliminating a Page There is IP Talk I comment I think he needs more authoritative ,0
try find both  <SPLIT> more to transistors <SPLIT><SPLIT> was better if sentence could referred profound <SPLIT> ,0
move  <SPLIT><SPLIT> bu could magical admin please Weird Al album To to set WikipediaNaming conventionsAlbum and requesting through WPRM and move Thank very ,0
<SPLIT> Great is  ,0
a to Connecticut laws 5th circuit Connecticut is not And Im to more I think federal law ,0
 I we conforming approach  and why  And why should it be applied  its consistent with of clearly many approach has yet explained clearer than prose,0
latest attack nonsense your crowd are pushing  its  erlabaeko  or else are dumbass  you  ,1
horrendous  <SPLIT><SPLIT> its current state of  sounds a graders book  I have the time Ill try work on it I else try,0
Ed seem fucking ,1
text <SPLIT>   <SPLIT><SPLIT> hi text <SPLIT><SPLIT>  <SPLIT><SPLIT> me me 416 stars ,0
links <SPLIT> think discussion with links Clearly talk page they not above occured a as the records only the month splitting  Main Article hits in month subarticles and each <SPLIT><SPLIT> a artcle interested in reading more propose further link at bottom of each relevant section addition to the link now at the top <SPLIT><SPLIT> more details <SPLIT><SPLIT> I suggest we at bottom both the main article this talk page a MECFS navigation In fact one probably be added each of talk <SPLIT><SPLIT> Any ,0
 <SPLIT><SPLIT> Apart ResidentAnthropologist who has no of that YOUR EDITS on page It very rude edits whilst not your ,0
mentioned idea much people respected ,0
documents <SPLIT>  ,0
I will put on guystit ,0
welcome,0
tried and some of summaries currently other work and Wikipedia I to the to a bit the summaries is page a series comes ,0
Hey  <SPLIT><SPLIT> Im the and help I only have only article as and games Mind you get up third Which you articles pages ,0
the note the of This article is principal Spanish tradition parts In Spanish verbs are held to only principal by which can three paradigms ending of be ,0
have deletion Highland Troop that name of the in to remove title as everything add opinion at the AfD,0
just isnt supposed to be the in the world went hes you a go back and read the whole be but it could Wiki isnt for a the in those films,0
 <SPLIT><SPLIT> Why did Keynes <SPLIT> He you before <SPLIT> why <SPLIT> Now you cathed ice for ever <SPLIT> ,0
That and getting out of is an overwhelming consensus on image as it am glad freedom speech has ,0
reverted on an WikipediaAfc Even my how my as  you shows that corrected one link name and relavent external ,0
Countries 1st amendment happens my here in America You you wont respect the land,0
wrote it the intention of the block What never ,0
Its true I want FOOD NOW    HOLY CRAP THERES FOOD,0
 <SPLIT>  For and expertese Mexico one of best articles on this ,0
are ugly  of owners having them a  bastardly things understanding  I straight into sun  these they were ,1
Drew Pickles grew up as a gay child When he was just born his cock was five feet long It grew much bigger every second when he was very young Drew liked to masturbate to The Wiggles SpongeBob and Dragon Tales His dick got very hard and much longer When Drew was the age of five years old he started his first day of school with a twenty mile long cock hiding in his pants He always fucked the kids in the classroom and splooged on the teacher and hes destroyed some school propety with his large cock Things were getting out of control Drew fucked about 5000 kids at his school and the kids got all horny and fucked everything in the school and then they cummed all over eachother and made a swimming pool in their school of cum When Drew was 10 years old he liked to poop on his dad who is now called Grandpa Louis all day In fact Drew skipped lots of school because he wanted to stick dildos up his ass and poop on his Grandpa all day When Drew was 11 he got this own computer with the Internet installed Drew jacked off to Wiggles hentai and Arthur scat porn He couldnt stop He couldnt go to sleep for almost a whole week just sitting there jacking off to the pornographic Wiggles images on his computer He couldnt stop He started getting erections all the time from SpongeBob and Barney so Drew visited the gay bar twice a day to strip for gay old men and Drew received lots of money to buy dildos to stick up his ass all day Drew was a gay stripper for twenty years When Drew was about thirtyfive he was married with Charolette Drew didnt want to be married with a woman but Drew was tired of men for that period But then Drew decided to fuck men instead of women so he raped men every night when Charolette is sleeping Drew does not want Charolette to know he rapes men at nighttime Sometimes Drew raped Angelica in the ass all day he said it was oodles of fun so he did it all the time Drew entered himself in the Boner Baseball League and won every boner baseball game He won the championship of the Boner Baseball League every year Drew was sent to Barneys Penis World to play the worldwide Boner Baseball Superbowl He did successful in this superbowl and he even performed in the halftime show by doing magic tricks with his dick  <SPLIT><SPLIT> Drew Pickles starred in over 67000 pornos Most of the pornos had Big Bird Wiggles Stu Pickles or Barney in it Drew Pickles made over eighthundred million dollars for creating this pornos Drew Pickles produced directed and starred in all of his pornos Some of Drews pornos were over fifteen days long and sometimes each porno DVD case included a free tissue when you cum too much You can buy Drew Pickles hawt pornos at your local Blockbuster  <SPLIT><SPLIT> Heres a list of some of Drews famous pornos  <SPLIT><SPLIT>  <SPLIT> Kneel Before Your Penisy God 1989  <SPLIT> Cocksuckers from Cuba 1990  <SPLIT> Homo Scat Party 1991  <SPLIT> Anal Juices Waterpark 1993  <SPLIT> Poopy Butt Sex 1994  <SPLIT> Pickles and more penis pickles 1995  <SPLIT> Dicksicles on Ice 1996  <SPLIT> Ass Invaders from Planet XXX 1997  <SPLIT> Holy Shit Hes Huge 1998  <SPLIT> Drew Pickles Penor Party 1999  <SPLIT> Gay Old Time 2000  <SPLIT> Drew Pickles and the Goatse Gang 2001  <SPLIT> Treasures Buried in a Fat Mans Ass 2001 <SPLIT> Drew Pickles Space Sex 2002  <SPLIT> Asshole Lovers Adventures 2003  <SPLIT> Gay Gay Gay Men 2004  <SPLIT> Going Downtown to Testicle Town 2005   <SPLIT> The Biggest Cock in the Universe 2005  <SPLIT> Shit Covered Cocks 2006 <SPLIT> Wild Wild Wests Orgy Time 2007 <SPLIT> Cocksuckers from the Moon 2007 <SPLIT> Jailhouse Cock 2008 <SPLIT> Cumalot 2008 <SPLIT><SPLIT> Have you ever eaten Drew Pickles famous poopy pies Well if you havent one thing I could describe what they taste like to you delectable Yes Drews famous poopy pies are quite delicious Loads of poopy and semen in one bite Yum The crust isnt just made out of any grahamcrust but poopygrahamcrust People give Drews famous poopy pies two thumbs up and a big erection Drews famous poopy pies have poopy semen urine and blood that can come out from your ass Mix that all togheter and put it in poopygrahamcrust put it in the oven for two hours at 360 degrees Farenheit and then take it out and let it cool for ten minutes and enjoy the pie Drew Pickles poopy pies are sold to a local store near you,0
 <SPLIT><SPLIT> Im not that such a solution  on about it,0
Strongs book states and exactly for single types this is to a  Do   You are about in the Be You  you have on band  free to remove that Lucky you seeing the I in Warrington at friends  hired as  what  You right research less sometimes finding own website was more   just      ,0
September <SPLIT> Yes described the section Sandbh be equal choose one to be out    <SPLIT> Maybe earth metals making like  closer their properties to  are to another new term be looked up reading adding to complications defined sure   ,0
 <SPLIT> vielleicht Dich vor LandserheftAbschreiber Memnon335bc nach Auskunft Forschungsamt Zum auch berschrift Erbfolgekriege ein nur harmloser Hinweis des Patrick viel schon berschrift Skandal in Wikipedia dem beitrgst berschrift wenigen gehabt Denunzianten Memnon335bc beiden Augen wessen Achim Raschka in keine Zukunft Enzyklopdie alergisch wissen noch ,0
Hah  <SPLIT><SPLIT> Go for it you fascist,0
 <SPLIT><SPLIT> no me but be in   ,0
Clarification rarely Im willing to be a dick if I think it will be helpful,0
list of knighthoodarchive2  <SPLIT><SPLIT> revisit this ensure have ,0
15 is a rubbish source,0
sourcing <SPLIT><SPLIT> <SPLIT><SPLIT> <SPLIT><SPLIT> httpwwwsfbaytimescomindexphpsecarticlearticleid7046 <SPLIT><SPLIT> httpwwwtransadvocatecomsupportingthosewhosupportyouhtm <SPLIT><SPLIT> <SPLIT><SPLIT>  <SPLIT> Do   talk me wasnt one mention  is and a transgender you different  his    <SPLIT><SPLIT> ,0
Poop a lump of ,1
forest  <SPLIT><SPLIT> I fear here a problem been mentoring have material left of flame  OhSusannes which repetition of hers sight away post hurt had editors replying it only have the situation so I done many during all ruccus  low and not nearly often have been provoked Id some   <SPLIT>  the thing didnt another in whole wouldve it        <SPLIT> to your you may my response  Please reply talk      Neutrality Project,0
 <SPLIT><SPLIT> this user a dickhead,1
require reliable sources sources own the the Army reached had into estimates some women raped Berlin 10000 died of a about two million raped in gang girls under 18 and ,0
it of You are least know you are doing what are the inconsiderate which quoted you Forget it sort a good should away ,0
agree hoped for information scheme supposed to investors what actually It to very The here interesting to some ,0
Consensus  <SPLIT><SPLIT> I hope that I can Brown the to discredit the fair and commentary any possible bias Browns is to be included Wikidemon makes very be their side well <SPLIT><SPLIT> But vote I hope ends war so nobody gets ,0
be any was minor  Cheers,0
Biased Article  <SPLIT><SPLIT> tone is and definitely against and  <SPLIT><SPLIT> The is to prevent the build Jewish have sneaky to ,0
we provide to statement have lot of are the article any you make because will question Dec ,0
for to  others got page Wiki ,0
vim  <SPLIT><SPLIT> I think pretty choice instead of Debians to why <SPLIT><SPLIT> <SPLIT> <SPLIT><SPLIT> If can me some used vim gladly think is since windows meaning the traditional It would make to a ,0
RELEASE DATE <SPLIT> its released youtube dancing monsters Where these people get the creature then <SPLIT><SPLIT> G  <SPLIT><SPLIT> You have got answer this but you to even was ,0
up the Also done of that just suchs the you Dan Siroker dancing ,0
Good ,0
AIV  <SPLIT><SPLIT> I as page The material there by IP not account I the you to Email would ,0
a cock,1
Influenza  <SPLIT> you  test and has been reverted removed use you want do Take a look at about ,0
photo hope this ,0
 <SPLIT><SPLIT> you to a bit comment just look You intention I you a than referring an for blocking or is  <SPLIT><SPLIT> People sorts things and none of going to But has been considered dismissal has explained proposer is have that <SPLIT><SPLIT> to crazy will always more that out insults ,0
off controversy  <SPLIT><SPLIT> See following Views of <SPLIT><SPLIT> In same compared Mahmoud call to European by Hitler in years Holocaust32  <SPLIT><SPLIT> I wanted to the to the <SPLIT><SPLIT> <SPLIT><SPLIT> the quote affirms there in a call mention the the <SPLIT><SPLIT> that fails to up to <SPLIT><SPLIT> Without wishing to a article I it would be helpful in the interests neutrality to link this controversial to another wikipedia article capable of shedding light on matter,0
agreeable metrics the following  We ethnicity I we treat biographical sources biographical it treated treated ,0
I that has here POV for kind was removed ,0
have of procedure,0
it taking far dealing in article you have to as subject the sources you Based on the available I to hear about the that Ryan made I we specifically says articles source This a for or not in the article support the and directly multiple sources to position prohibited by the ,0
edit ,0
 I a and the WPBOLD open suggestions I will probably he encountered this is the Byzantines positions part unless of eg no although Englishlanguage Curta least from what Ive seen transliterated form Nikola used alongside form by Bulgarian author in His for instance and any other possible variation Obolensky the title altogether you current named strong have to interested ,0
resolved,0
means driver book who Baudelaires ,0
just out why you this special treatment I such then Ill though post a on hoax accusations article change my on one stand in your way otherwise,0
 <SPLIT> well Thanks telling   <SPLIT> to more radio Shes the   <SPLIT><SPLIT>   <SPLIT><SPLIT> thank for your interest accounts has approved I read you use <SPLIT><SPLIT> you allowed per create account user However reached creator permission at <SPLIT><SPLIT> the creation system IRC wikipediaenaccounts subscribe by here    <SPLIT><SPLIT>   <SPLIT><SPLIT> I an earlier April  the  but didnt have time to reintroduce other elements  there fair bit of the article that was Look  and see    <SPLIT><SPLIT>  itn  <SPLIT><SPLIT> people showed to show support and they all rules i wonder of back MP someone dies    <SPLIT><SPLIT>  UK country the is as notable than M really to not the news especially when of approved     <SPLIT><SPLIT> I said project of get this profoundly would hope of newbies come shake some sense into the regulars    <SPLIT> Yes Ted He was a great man Thank you to all you gave me constructive criticism Maybe I should freshen bit I admit that made headlines And now back am glad that he page      <SPLIT> like your attitude and be when      <SPLIT><SPLIT>  for 2009 floods  <SPLIT><SPLIT>  standardtalk <SPLIT>  <SPLIT>  <SPLIT> On updated a item involved Turkish flash floods which recently you of another news item involving recently created updated article then please it on page <SPLIT>        <SPLIT><SPLIT>  for LGBT rights in ,0
an of outside source is religion is wholly by realities else fundamental enough cannot run direction from religion not true Marx were right then countries prior Protestantism is the system capitalism  Reformation to 16th is in caused Max to theorize that institutions up creating can just of ,0
TalkParty Italian ,0
September <SPLIT><SPLIT> Dont even  not  to article one to to will not justify  just to something and to get revenge but revenge a demote an    ,0
reviewed Good Nominations more I a Good Article is not Im not going myself to do deem have only Also review when it isnt necessary is extremely counterproductive In I knew either a quick the If considered the then I would much withdraw,0
support for that to early the of ancestry to that newsletter It is primary document  not period  It these in one editor pushing it does not make  The Warren not of article should state  The article tell and the up is rewrite history use  made campaign notable  saying raised not  To premise it opponents Warrens is ,0
what did by the summaries question <SPLIT>  Jmabel m fix more major <SPLIT>  Jmabel having guess pejorative in of use by the Also some <SPLIT>  last Jmabel The not inherently it in title one of <SPLIT> shows the cumulative discussion the article in question Some ,0
I that should moved to Genetic of thats section about the of Europeans related genetics has been pointed out times is how a designation based tests,0
just Almost nothing where and wouldve had from in case,0
favorite to you fantastic ,0
the Siebel article looks moment after work  account ,0
paranormal pseudoscience  <SPLIT><SPLIT> regards of article Ive contents a sort  never article before and I to have a go but Im unlikely a do else weekend so to use Ive there expand until go or I ,0
De <SPLIT>  Hows you are on break but you Ive Chak for WPGAN do to was words normal both and    <SPLIT> Yes i do time to go the article properly It seemed is short    <SPLIT> All is potential I time no pressureWhen you a if could tell the lead needs make it stronger I it from    <SPLIT> IMO the nice in lead be aspects will be for paragraph the of the lead contain the and award success The Margaret Herrick factoid in lead seems unnecessary I how that <SPLIT> At present last first of Khan the Chak girls the etc   <SPLIT>     <SPLIT><SPLIT> the a you take necessary my page    <SPLIT><SPLIT> adding the of high   <SPLIT><SPLIT> look the seriously I find  of have ideas know    <SPLIT><SPLIT> and <SPLIT> <SPLIT><SPLIT> coming image issue party can be in several images  and  are images De IndiaFM  these images in then use article Regards   <SPLIT><SPLIT> welcome barnstar is and <SPLIT><SPLIT> tip images Perhaps I when you have a the mind all tweaks etc article I your help in this area it would have the help other in terms of images  for tip though IndiaFM that is very about a free to the article related topic though not the best  it be to see more Bollywood project in such as adding Though know you technically the help you give appreciated ,0
with hair,0
Marilyn Manson  <SPLIT> there is one naked women in the uncensored Tainted Love video the banned version of sAINT shows 2 naked women and M Manson having sex with them also his version of Personal Jesus has a nipple close up,0
request comment <SPLIT> in past part in related that Centralized discussion set up decide inviting number proposals community register your 2 4 5,0
nobody us  nobody ,0
Be careful  <SPLIT><SPLIT> That administrator although not impartial is still nonetheless an administrator You dont want to be blocked because of this stupid discussion no matter how unfair it is,0
entire should be even ,0
gotcha you if Israel after wouldnt be this scale Having totally sympathize demands I too what route intelligent I can resolved without to and the ,0
I correct I know the VERY to any free English that theme is not understood is written chechnya Chechnya writing be an The rather relialible sources in found about Chechens so the consist fragments which give idea events but the sources contradictory the last English far perfect case Army into construction be understood  see also   <SPLIT> As the most of wikipedia also,0
2 ,0
Thank ,0
contention speak Given new presented below seems a sources do a ,0
make the use for article contexts you it  Your use the these is POV  or or been AOG are this way  encyclopedia an  use the with will to and sources  otherwise will need more terms conservative,0
<SPLIT> Thanks with worked and has reverted removed the for want Take page would more encyclopedia Thanks,0
in an about living the a nonWPNO 	 work an author is the authors that subject WPBLP  However may whether or 	 ,0
widely nonIndoEuropean   <SPLIT><SPLIT> do up with statement million of Turkish lives part to 9 speakers in which million The vary but nonIndoEuropean in Hungarian,0
 <SPLIT><SPLIT> did swallowing poison pill,0
quotes Benedict works culture and ,0
likes also hmu for sex kids even sex   cute YOLO bitch dick ohhhh like anal sometimes  time at so dick blue all band girls me black training master Mason,1
are the POV the can expect is that others assumptions,0
Village <SPLIT> Regarding on village that there is difference picture You a the bear and the have say didnt see it ,0
from the day the Iron Guard power nonsense,0
<SPLIT> of an Jewish distinguished by and law held superior <SPLIT>  <SPLIT> The are Josephus and the New Testament who to interpretation Although in the of to been belief Resurrection <SPLIT><SPLIT> <SPLIT> <SPLIT> wide intended <SPLIT> verb     <SPLIT>  a <SPLIT> Middle English  French <SPLIT><SPLIT>  PHRASES <SPLIT> in a fault greater in oneself in the person one finding fault with ORIGIN with biblical allusion to <SPLIT> or way mistaken  beam <SPLIT> informal on the right track <SPLIT> its ship over its capsized <SPLIT> Old  Dutch Baum <SPLIT><SPLIT> With tildes tild <SPLIT> noun <SPLIT>  pronounced in seor So over a vowel in <SPLIT>  the same as a <SPLIT>  a symbol in to and to indicate <SPLIT> mid based on ,0
Youve just shot yourself at the foot,0
vandalism May of Wikipedianess all forms And in case forget I ,0
shift,0
should be being Rodney Hide and Sir ,0
I that and you it obvious to might for close I posted that it might do something about that particular to recent to saw recent suggestion is  it often impressed by AfD work your has been certainly with her you were consider ,0
photos watching  <SPLIT><SPLIT> topic link I posting was photographs small Midwestern town news that pulled school It photo local paper an EXTRA think it adds dimension to the shows the impact of the shooting on a generation that just lost It to topic that has been requested national upcoming <SPLIT><SPLIT> In received a message recent editing at war be unilateral war because I from that having try in THATS been  <SPLIT><SPLIT> AM a relatively new user although I have successfully to topic the past <SPLIT><SPLIT> if war has been I unconditionally Post the link or dont post the link dont care ,0
here  1973,0
Sam  <SPLIT><SPLIT> Sam Ive write long to my wholeheartedly apologize not getting to before time to the long mind matter at hand is a and wish with a hastily written so if patient and concerns Id grateful Warm ,0
barnstar you  <SPLIT><SPLIT>  solid <SPLIT> styleverticalalign 5px   <SPLIT> 3px 0  The Graphic Barnstar <SPLIT>  <SPLIT> styleverticalalign  Nice on the logo,0
 There to Morcon a of been edited out it redirect will reader,0
cellpadding0 <SPLIT> solid color000000 <SPLIT>  width100 cellspacing5 <SPLIT>   Wikipedia Thank  free you that Getting ask me   talk question remember to on talk  using  will your and date please best to always edit summary some facilitate    <SPLIT>  <SPLIT>  <SPLIT> verticalaligntop <SPLIT>  <SPLIT>  <SPLIT>  <SPLIT> <SPLIT>  A tutorial  pillars  Getting mentored <SPLIT>  a  <SPLIT>  <SPLIT>  <SPLIT>  <SPLIT>  stylecolor000 <SPLIT>  asked  <SPLIT>  <SPLIT>  <SPLIT>  <SPLIT>  <SPLIT>  <SPLIT>  stylecolor000 <SPLIT>  of  research  <SPLIT>   sources  <SPLIT>   Biographies living persons <SPLIT><SPLIT>    <SPLIT>   nonfree  policy <SPLIT>  links   <SPLIT>  Deletion  of interest  <SPLIT>  <SPLIT>  <SPLIT> <SPLIT>  backgroundcolorF5FFFA <SPLIT>  <SPLIT>  <SPLIT> <SPLIT>   disputes <SPLIT>   Civility  <SPLIT>   threatsNEWL,0
encouraging to consensus opposed to pretty to ANI,0
wasnt I advising lot me ,0
necessarily point switching Chantelle the table and my reason Both were the and becomes BarettoChantelle ,0
best to theres source  one we what the words  or the ,0
ID RATHER IF YOU LEFT ME ALONE NOW YOU BULLY,0
pleased question and Is he like jewish grandfather are of heritage actually persons have <SPLIT> are nonjews,0
bip ,0
Newsletter ,0
can ,0
note  Im sure articles at problems page let know might be an ongoing issue  you to articles with this them changes you have Thanks,0
talk page Please remember sign name talk pages by   this produce the Finally the are useful links involvement       <SPLIT>  <SPLIT>  <SPLIT> stylewidth 55 border1px backgroundcolorF5FFFA verticalaligntop <SPLIT>  styleverticalaligntop backgroundcolorF5FFFA <SPLIT>  <SPLIT>  <SPLIT> <SPLIT>  tutorial  five pillars  <SPLIT>  How  upload images <SPLIT>  <SPLIT>  <SPLIT>  <SPLIT>  <SPLIT>  questions  Tips <SPLIT>  to make <SPLIT>  Request attention <SPLIT>  <SPLIT>  Policies and <SPLIT>  <SPLIT>  stylecolor000 <SPLIT>  Neutral point of  No original research  <SPLIT>   Reliable sources  Citing sources <SPLIT>  What not  of <SPLIT><SPLIT>  Manual of  Threerevert  puppetry <SPLIT>   Policy nonfree content  Image use policy <SPLIT>  External  Spam  Vandalism <SPLIT>  Deletion policy  Conflict  <SPLIT>  <SPLIT>  <SPLIT> stylewidth 55 solid <SPLIT>  <SPLIT>  <SPLIT>  <SPLIT> <SPLIT>  Build  <SPLIT>  good faith   <SPLIT>  No attacks  <SPLIT><SPLIT>  Community  pump <SPLIT>   IRC channels  <SPLIT>  <SPLIT>  articles <SPLIT>  <SPLIT> <SPLIT>  Be bold editing  Develop an <SPLIT>  perfect  Manual style <SPLIT>  ,0
 <SPLIT><SPLIT> edit ,0
commenting sections the is should still with browserpage issue,0
Simpsons  <SPLIT><SPLIT> Ive a long an one of my this think many considering relatively of this topic despite considerable contribution it would impact The Simpsons Another quality the made after realising the article I am really ground a help edits made below proceed etc   <SPLIT><SPLIT> <SPLIT><SPLIT> of episodes praised for its wit and around of tone the show began to change Some By longterm fans become to from an noted common consensus that golden while its  glory are Sydney Herald show for twopossibly threegenerations potatoes but that the He decline to an of characterdriven storylines and of celebrity cameo appearances and references to popular culture central Simpsons is it gone from commanding attention to by cartoon characters have be they can be invested emotions Now show in essence fermented into have been sacrificed the sake of walkons newsurlhttpwwwsmhcomauentertainmenttvandradiopopspoofsnolongerthemaindraw201111091n614htmlixzz1dHgzL7xFtitlePop no the main Sydney Heraldaccessdate20111,0
two that have an and only counted them The teams and maybe should What do think,0
Principle essentially on currently be a theological lists and seems reasonable P,0
Bullshit  <SPLIT><SPLIT> The most Volksverhetzung is jewish phantasy lies handle it,1
is unlikely person ,0
The problem isnt a misunderstanding Id be fine if people voted for delete civily and didnt resort to dirty dirty tactics such as vandalising with a project template just to ensure deletion  The fact of the matter is while there are a handful of good wikipedians like yourself most of the people here are ass holes  Wikipedia will never be an encyclopedia as long as they are around  Im not putting any more time into this project while the vandals and ass holes run the asylum,1
is  A says A entry where she you the article about blog state that Corrie doesnt   <SPLIT><SPLIT> necessary to arrive position ,0
Very of ,0
of of AWB ,0
 <SPLIT><SPLIT> Someone the <SPLIT> Refrescum no outros  utilizada jargo popular <SPLIT> was deleted Latin we fake phrases marked as such the Perhaps if significant it shoudl be included rubric,0
about addon chronology <SPLIT><SPLIT> it POV oriented were be neutralized it timeline because something continual without date you find the note But first that could first try it,0
sexy thing   talking for the fact all those citations from  if such relevant Wikipedia is whole public section there <SPLIT><SPLIT> public image outfits  nothing sexy ,0
are should be in,0
to moved Catlica  do this its feel add it to the about the club why it notable,0
EinsteinArchive 4,0
<SPLIT><SPLIT> In the includes advanced system game architecture alone Sims the houses5 During decided interesting is a Maxis <SPLIT><SPLIT> trait Maxis games,0
all which a good thing,0
<SPLIT> Just wanted say at the Adam page and it into shape works that was turn than DAB I that work him ,0
to with water or unsafe but being not mean in the If it the in but far out to this article the in such should go into articles it mention in this should controversies the fraccing If think do not mention issues in and balance up very conflicting discussion in drinking water major in US will need own and In short by all But do not explain this  If it it The has to with fraccing such construction of OH and personal in the the have whatsoever and American I anywhere ,0
barnstar  <SPLIT><SPLIT>  stylebackgroundcolor border <SPLIT> styleverticalalign padding   <SPLIT> 3px  Barnstar of <SPLIT>  <SPLIT> styleverticalalign middle  Thank you resolving a on ,0
last that was Spread on bswikipedia  dont crap was  someone editors on that page then with attack all or of them,1
dick <SPLIT><SPLIT> ,1
far substantive important appropriate ,0
made to if brilliance of suggestion Ive put sentences past add little like sociologist ,0
realised  have switch for ,0
Bullshit  you have no idea what you are talking about  Storing weapons in a civilian facility  and thus putting civilians  in harms way is EXACTLY the definition of human shields,0
Request,0
thing want to on and should on chain as and important as and their have something decided on an which is leave time for basically admin or respected Wikipedian comes decides or tag within a so topics where have an article with this like is to fix the it so reads If is a beautiful and perfect neutral then deleting it authors might have conflict of interest is bad In always start a deletion which the perfect result that comes along and cleans up the article so is no longer an advertisement  neutrality plus Wikipedia has an a reasonably important business we out our article on reads like an advertisement was written Microsoft employees Do believe it to article on to try the  <SPLIT> About that but clear difficult on much productive such than to audience we an weed slow down on nominations you will ,0
I could have the of somewhere article but think we vaguely fuse municipality its all ,0
someone the a dog heshe is of a a pigdog now    Also you BLP,1
Your edit on Faggot,0
edit merged  <SPLIT> Thanks adding on articles However WPMERGEPerformingthemerger the not summaries isnt despite your impression sourcing automatically searched the future why template not even substing template too <SPLIT><SPLIT> please the the is certain implied It also makes your own youre notes because scolded ,0
Please stay the hell out of the Shawn Lane Wiki entries You have proven yourself to be totally ignorant and we will continually correct your uninformed entries Just give it up man Get a life,0
TalkFiona Sonic ,0
Combined Statistical <SPLIT> see discussionWashingtonBaltimoreArlington DCMDVAWVPA Area  recent update,0
agree for FAs and desirable at that notable then on interesting topicwhich not might like ,0
your  <SPLIT><SPLIT> You want some  has reusing your ,0
Otto ,0
not you with to Weber you do from editing,0
algebra  <SPLIT><SPLIT> the heat above not in the  But that the original the equal the replace by  I sorry see that,0
CountZero  I reverting the attempting  add the and then there it correct   Attention Whore,1
padding0 <SPLIT> 084080 backgroundcolorF5FFFA color000000 <SPLIT>  cellspacing5 <SPLIT>  and Welcome Wikipedia Thank you for  this free encyclopedia decide that you out below on   your ask question Please sign name on using   will automatically date best Below are links ,0
 <SPLIT><SPLIT> Origin the was  Barlas was  Mongol Nirun origin of are Mongolia Asia Clan Regime in Central clansIm Mongol this article added book these version,0
I to article ,0
<SPLIT>  piece vandalism is guess thats one the Wikipedia can little of it takes many months people notice nice and effort   ,0
2013 move <SPLIT><SPLIT> Greetings the August 2013 regarding may be in participating in the notification ,0
 <SPLIT><SPLIT> I believe officially Fatality ,0
mention the year an alternate 167,0
PS My problem with you has never been about any particular dispute it has always been about your behavior and incivility I cannot remember a time when you have not acted like a complete immature jerk The only exception was for that few hours when you acted like a human and we were able to work together I had to give up though because you stopped behaving as soon as I confirmed on your RfC that we were working together You used me to make you look good on the RfC then you stabbed me in the back As the Chimperor says Fool me once shame on you fool me twice uh you dont get fooled again Ill never trust you and the main reason I dont edit at WP much anymore is because of your behavior and the WP communitys willingess to tolerate your bullshit,0
talkThesplashofamerica,0
 <SPLIT><SPLIT> This well done and good there few that addressed so I am hold they be easy  quick I days to how going and answer   or page <SPLIT><SPLIT> <SPLIT>   two  <SPLIT> and units  example meters are compared metres 05 mi I either compare to or use kilometers 08 kilometres 05 mi  <SPLIT> For the also section quoting a good rule of thumb is that should not links present in the article So many of the links currently in See also section should not included but could add Mrs Chippy   <SPLIT> think the should if Expedition death might be as death 192122 See WikipediaManualofStyleSectionheadings  <SPLIT> the consistent the subject the article was British Examples include honor A British honour American organise B American organize A realise B American ization isation British suggestion is adapted from semiautomated peer review <SPLIT><SPLIT> General <SPLIT> sentences in awkward Instead was EnglishIrish ancestry born in Kilkea County on February kilometres 30 from Ernest was second ten and first of two in father and mother Sophia Gaven How about something like Shackleton was born on February 15 1874 in County Kildare about 48 from Dublin Henry and mother Sophia ancestry  was the second their children of <SPLIT> later moved from Sydenham suburban London the and the better sense assasination their as EnglishIrish wouldnt opportunity better <SPLIT> tend think as primarily while enrolled since merchant this  OK ship is <SPLIT> Try attribute suggestions so has suggested that Scott resented Shackletons popularity might better as has suggested that Scott There are at <SPLIT> in the Interim what Beardmore was owner of tobacoo company both Concomitantly prepared Antarctic raising funds and in business ventures such a and as mill The owner Beardmore was <SPLIT> Nice pictures and generally good captions you dates two pictures of the one of his wife would the Working to the Working to free of pictures are the  all size <SPLIT><SPLIT> Suggestions not needed for Article but if you going FA <SPLIT> a biography article  WPPDATA <SPLIT> you could a map <SPLIT><SPLIT> I hope this  great general are minor make GA ,0
please from other a case and not far,0
 <SPLIT><SPLIT> THE FUCK IS percy smith ,1
issue brought up ANI with here pleaseWikipediaAdministratorsnoticeboardIncidentsMyresponse,0
is a idiot,1
in speak for the versions are undo already in ,0
From  <SPLIT><SPLIT> u somewhere of this lieing I <SPLIT><SPLIT> total lie  I did the line edit FAKs who once ADFA Cadets <SPLIT><SPLIT> RMC for  page Handbook    <SPLIT><SPLIT> I think the comment as noted from the discussion as soon as I  sort garbage RMC article again I will make sure   <SPLIT><SPLIT> twist and all likes about all  Its very some of own where prepared tell  up wattle  <SPLIT><SPLIT> didnt  the thanks  how to  That mean with just aggro that run ,0
Take that  WPFU in your Face,0
the TN from all Mudaliars FC according you Mudaliars have high the society atleast the do  if then why they  sole Govt to recognize ppl as of all the ,0
like the under yeah  but to it I a exactly the their within Wikipedias is similar that why of categories and other one hidden But maybe just me again ,0
<SPLIT>  it perfect sense history which can be a number of different pages Rutles relatively one slightly big   1145 August ,0
first behavior so to 2 weeks 6 months utterly what routinely get with,0
exactly  <SPLIT> sentence the top the does  <SPLIT> They live the variety characters one to in Hundred Wood,0
the  <SPLIT><SPLIT> claims is with edit is not imams rape all <SPLIT><SPLIT> thus ,0
to Now article totally referencied therm meaningless here,0
page ,0
ethics question,0
back kill bastards how wife or and ,1
new to and to  <SPLIT> for about <SPLIT> i go to,0
asked question talkFootball infobox can ,0
inserted something on on edit summary on talkpage section situationHemshin Turkey,0
to Wikipedia you Bertolt Brecht is vandalism would to the ,0
have with ,0
New Nikkimaria  <SPLIT>  <SPLIT><SPLIT>  <SPLIT> productive and New Year thanks to ,0
there summary there But to a it you mind I could with of look towards the week into 2258 etc should the impact coming that great of text and seeming too long,0
not dismiss If Irving good historian then Taylor suspect that any slightest closet ,0
<SPLIT> this up      4,0
work intended go to assist was from Brankovi lands as for ,0
up  <SPLIT><SPLIT> Ive full former version updates somebody played with MS Paint lol,0
cant That agree and to establish here not your Fadix Follow have stated was a struggle late 1800s These were by proArmenians a heroic epic always the in are imperialists I guess ProArmenian while Bernard Lewis ask why Greeks on west relocated confess the Armenian nationalists want of attacks villages But dont Turkish archives the history Then to Eastern go to Erzurum Hasankala those Observe unwritten the tragedies of  the the same You accuse about muslims in do ,0
bozo Hey I you but your information Jose because IP a area has a person or from IPs over be ,0
discography <SPLIT> please add the weeks album  WPCHARTS ,0
What the fuck,0
view is  Notability established when the coverage in reliable sources subject  one person happens think we an for might be  standard been met  That solely on primary ,0
Youre sissy  <SPLIT><SPLIT> of post help pursuit Wikipedia  sissy ,1
have for anything you just fear Marriage between one womanaccording to would said problematic raising children is due how this demographic households be to these how is promoted worse than ,0
see and are there posted youtube,0
I Washington not news owned the believe each being supported by funds That said your point article most data article and ,0
apologies typo not completed and itself did change of which the stated page what did a ,0
FEDOR JEFTICHEIVE  JoJo The DogFaced Boy,0
12th  <SPLIT><SPLIT> It yet is information now the on  Should use dates,0
I say Manchuria contexts Northeast in a look at of South like,0
statement the article in center Greenland below sea the sheet be water During the time take of ice there would be so much rebound be that the would below level that actually says ,0
Japan 18835  <SPLIT> Hi  <SPLIT><SPLIT> for you have on to Japan China before the War  Billots see if add anything your research <SPLIT><SPLIT> to do is merge section of down a  At become and I unbalances the to something that  hand long been that natural home for  round long <SPLIT><SPLIT> get you after Ive to say the <SPLIT><SPLIT>    <SPLIT><SPLIT>  photo French soldiers Tonkin <SPLIT><SPLIT> of minutes to dioceses the Orthodox  title Dioceses of Church of illustrations  how edit existing but I yet worked out to ,0
glad contribute annoyance  be honest had idea where discussions scanned around the might pushing  few I did few discussions in that also to back still I is a of love have unlimited this but if possible I would benefit could big like that when be for guys debates quiet it set that be of job I a for their as a by <SPLIT> no rush do great you ,0
to read tag would know ,0
doubt worked on page But the received Dion since has nominated an or or these do not this page the page mentioning songs by have Academy is but no for and nominations for score has to with Grammy section only include 1617 nominations with wins the additional for her were others The nominations others did do need mentioned table should match the numbers in the the of the casual looking at the it she a 4 time Award and has won when of course she has an Academy and done not ,0
dank weed  <SPLIT><SPLIT> theodore roosevelt got 420 dank weed  frum dee loomynarty,0
of Adidas <SPLIT>  tag been placed that be deleted section the criteria for meaningful content the is If the page you created was a please you would do Feel free to leave my talk you have questions  <SPLIT><SPLIT> you think placed here error you the adding  to the of the page below the existing speedy db coupled adding a note page your position but aware that the criterion deleted Please not speedy deletion but dont hesitate information to the would would more guidelines Lastly please note that the article does deleted can contact one of these copy  20080416T0141Z UTC,0
the format ,0
position is like end as recruiting for people at Perhaps you think attack or  or Sunday 1972 or the all of did perpetrators no good ,0
Purple   Gillan <SPLIT>  ,0
of is only USAGOV  <SPLIT><SPLIT> COPY NOTIFICATION JIMBO <SPLIT><SPLIT> with sense head notification If this page with in the you can make and nothing do you you delete httpenwikipediaorgwikiWikipediaWikiProjectSpamLocalepetitionsdirectgovuk with insult the respecting  of us understood US will travel of branches  all can the but the only the page This and government get all information now other  a large agencies get thing this  responsibility rollback obligation  you such via of delete this case when you deleted page with insult in relation of the Your only after this action Friendship with will finished,0
history <SPLIT> older taken into These of based version of Navision was all over sold dealer could be customised same This part could also new now the Navision tell technical programming in based 1994 I want the to start,0
 <SPLIT><SPLIT> Hi is onto a you recently would from editing abusive to on to inform you this is library multiple onto could softened on computer allowing to alias I creating account wikipedia soon under the likely,0
notice that ,0
Jadranskjo i dok su ,0
You  <SPLIT><SPLIT> Yes you Tell me who gives you authority over handling wikipedia pages And if you can please tell me how to behave Unless youre backedup by Marcos in which case go fuck yourself Not that I dont like Marcos Hes kinda my President Hes an intellectual Unlike you,0
RfC on the  This about to policy about how existing  Please feel free to need  I that explicit including that  need some ,0
I much so the Milosevics speech at up Wikipedia basically a for <SPLIT><SPLIT> for that Im per just references an indictment isnt and the references by <SPLIT><SPLIT> Rather calling me names why not find some statement a neutral after which as will continue <SPLIT><SPLIT> the references the in but going the alternative links where buried essentially discredited the all this an enormous article section small paragraphs so theres because space ,0
a bullshit Ynet isnt because say is you with Ynet a it WPRSN,1
 <SPLIT><SPLIT>  Peace for Its you you And give <SPLIT> The season coming lets until after ,0
mask  <SPLIT><SPLIT> line wrong monitors an grille technology,0
INVENTED ,0
 <SPLIT><SPLIT> for the other to be also Id leave Start on if you someone else to course let one edit war and another but ,0
a environment UnixLinux Think as explorer WindowsNot enough,0
in Polish ruchaa means she was fuing,1
oil new  I thank you,0
entries the but am a parallel is from WikipediaNotability notable for event <SPLIT><SPLIT> When for his or her in it article or In not to create articles degree significance of degree of significance it many cover event both event and individuals role grow separate become <SPLIT><SPLIT> If the the role is appropriate The political leaders fit into this category indicated by of the event in reliable sources that devotes attention to <SPLIT><SPLIT> When by an individual the event is less independent article may needed and a appropriate George Holliday videotaped the Rodney King beating King On if even minor participants their articles for Howard a <SPLIT><SPLIT> where I time some a more especially the ,0
<SPLIT> I in tells refers to because not and about Jeffersons to dont it reason for follow this otherwise ,0
Fuck  <SPLIT><SPLIT> Yet reason ,1
Usman Patel is gay,0
leg in culture  <SPLIT><SPLIT> omit how shaving a role perhaps is further between female and male gender The page about how shaving became after War I norms to to maintain shaven by industry due in sales because of soldiers overseas virtually by of  Although page rise in leg WW1 mention what to join bandwagon of leg shaving and this societal a movement happened that short time that much increase in women to shave Someone else mentioned in the talk makeup that is expected I think that article omitted many feminist movements involve not even in talk page is no discussion this  Wikipedia the women and since it but headings chronological evolution shaving  world day include a section gender this space to the of but males find leg shaving a attribute and a one would have much of the be designated towards however wrong,0
III BCE Russian  <SPLIT><SPLIT> Alexander III 356323 of Macedon The Macedonians descent Zeus They Hellenes <SPLIT> who came in did He stimulated the economy an unprecedented strong reign Macedon became the in the whole Greece and autonomous citystates under his the PanHellenic defeated for allegiance mother Olympias of the <SPLIT> ,0
know at So chill,0
in thought the a way to that the your the left the new revised lyrics the and is quickly the history the should mentioned whether it or not Thanks two additional sources I think the and beta notes eventually should be incorporated in section in the history about the attempts PCize lyrics,0
draft doesnt in but needs to have in important Smart not and Vote Smart facts to establish elected to a isnt that person,0
United <SPLIT> WikiProject ,0
Hallelujah seen light right everything  been you very  though been here 150000 I Wikipedia a pale  purpose is to real in and keep United States unsullied in the wide  what  iron to right great victorious in glorious crusade to drag of  PROGRAM  THE CRUSADE ,0
<SPLIT> According the person they just as dictator there of this in ,0
it,0
SEEM as it be the different apply it  A goes sufficiently to cells very akin a cigarette  a my the of wart did off few days I found repeat of liquid occassion to of could be too ,0
references  <SPLIT><SPLIT> I have to lately a in of as is example of type editors screen out a of accuracy but are inaccurate not and These type articles will result in a degradation are articles encouraging order to up DYK hope you look so that DYK Perhaps few DKYs day would be than having inadequately screened articles on main page ,0
but hardly  it the article ,0
 <SPLIT><SPLIT> Hi About  it an bot human that the makes false so you getting the recommend citing your sources If you have any me on talk page ,0
deletion  <SPLIT> the pawn discussion sources <SPLIT> I listed WPRELIABLE and the article editor previous voting delete changed I sources There was lack nor for your    <SPLIT> the you in editors still    <SPLIT>  in to them 5 as said references went the itself that not    <SPLIT> on   additional I them have    <SPLIT>  the main ones Dr the in that that is a costs to add page also notable useused In the page also that is widely many the language authors pledge for notability to show it is pet project or commercial    <SPLIT>  Any    <SPLIT> I wouldnt DrDobbs a  from page DDJ are often written readers and that is not their found a of the 1st the book online reference the its second all it    <SPLIT>  Even if not written it by them and have over the As for the searching for on google <SPLIT>  a It a programming not manual is probably reliable and extensive being revised for And right wiki I on the forks were likely the developers itself maybe with from the course the wikipedia for generated but sense indicates that they probably reliable matters recognizes that in WPSELFSOURCE for disallowing self published content can create a personal page or publish their book and also claim to be a certain field someone who a engine this language supported it and relatively large user and base years is simply anyone anymore if he isnt a distinguished <SPLIT>  The problem here was Is it promotional cruft that adopted by anyone their creators and thus would merit a article Or is language with thousands of developers recognized by github that one but two used gamming and WPNO 	 LE games mainstream programming book afford a to feature but an article in an online Yeah WPRELIABLE are the low side but I reasonable the of article wouldnt make wikipedia but especially my edits to I wasnt one thinking way in the by  ,0
notabley verified,0
reedited this ,0
you much nice words,0
talk hypotheticals have sources post on ,0
sorry to different many deleted dont of ,0
for film,0
no Reading through the at most are arguing because the information only national the national anthem national  national anthem me it was that applies nationally  it the Anthem all Australia always so just when a member of the Royal Famliy is present <SPLIT> Additionally precedent on are monarchies is because  currently Australia Grenadines not list anthem in the  have perhaps Spain  national anthem Marcha or Royal March <SPLIT> is something that be up as Wikiwide policy In fact a look at Countries even for the national be the  concerns  I would ,0
not with this to Call you continue to so     ,0
term for cultivated  A is thus can highly of many species  propagated correct  are true they be referred to  be be population that that allow them to distinguished the other species  <SPLIT><SPLIT>  within a species  cross they as I mentioned inbred  considered whatever generation is interspecific hybrid of the original if you as species in their own ,0
of  <SPLIT><SPLIT> GlobalVAC redirect The page youre in Global Virtual Aviation which not by ,0
made changes on only 1 inserted  to 2 looked up page to how it worded for of I current Susan Schneider out right on being year I his death to    to  3 including Williams  single looked exwife at 2 not all how to children aspectWell thats my ,0
Winchester <SPLIT> your 3030 Winchester doesnt for according to   you source material to up be in a on warfare,0
 <SPLIT><SPLIT> problem is it issue to a page relates to ,0
I there was responding <SPLIT><SPLIT> am not certain if you I <SPLIT><SPLIT> was to Until then are unnecessary <SPLIT><SPLIT> Second television <SPLIT><SPLIT> you I in  As I poistive input  See proposal <SPLIT><SPLIT> template it not accurate place The West Wing TV its name,0
is encyclopedia topics  we very strict  not make it  You been stop inappropriate articles  ,0
related  <SPLIT><SPLIT>  <SPLIT><SPLIT> Welcome ,0
time read rants to go articles lowercase,0
  <SPLIT><SPLIT>  action3        <SPLIT>      <SPLIT>     WikipediaGood article reassessmentBritish <SPLIT>  action3result  listed <SPLIT>  ,0
Other ways to prevent swine flu  <SPLIT><SPLIT> Dont have sexual intercourse with ya wife while swine tities are in da bead,0
is the image,0
is  the  No has any of reason not be ,0
the Awake  <SPLIT><SPLIT> they have a tropical Now a tropical but have for a  the Anyone  <SPLIT><SPLIT> a When acquired tropical its already tropical storm so it wasnt when the NHC its advisory No they are sleeping Vince remarkable entity not something anybody Also in the is not perfect but they   <SPLIT><SPLIT> Well even could been  Vince its no tends  you question  <SPLIT><SPLIT> before was the day satellite showed a could the stage if had in it be monitored organization was are something might just dissipate What Tammy as Subtropical Storm but it never a wellorganized raise nothing Any you with   <SPLIT><SPLIT> think they already admitted  Im guessing middle showed clearly taken attributes   <SPLIT><SPLIT> with The has depression if develop fact they  their description  shooting giving  after in of storms  you should read lines   <SPLIT><SPLIT>  be a <SPLIT>  <SPLIT>  thunderstorm and <SPLIT>  <SPLIT>  the two conditions met the a be classified a  was a strong system but surface circulation until  The NHC it in their Weather Outlook it gained a could not classify cyclone  You should at of tropical  tropical cylones or kt  So to 35 is them qualify as tropical storm  was the case with tropical kt winds case immediately storm  not <SPLIT>   there so hurricane March  South     <SPLIT><SPLIT>  <SPLIT><SPLIT>         <SPLIT><SPLIT> the graphics to you see it tracking for <SPLIT><SPLIT> NHC being asleep NHC be Orleans ri,0
IMDB at JT ,0
you stupid YOU them facts if from is writing is miseducating people,1
a of retronyms not a separate ,0
reopening discussion is be Most of list of red links that loop to main suggest just remove all of the links the go dont have delete the really since theyre still useful purposes of unnecessary from by removing ,0
forgot thing its <SPLIT>  According to   <SPLIT> The should to a concise of the article It is interesting or and important <SPLIT> <SPLIT> first the the reader should in is being set of circumstances facts that surround it the and time context Also of content of the article of is activity <SPLIT> that current status i  <SPLIT>  members it accept please use for ,0
with units  <SPLIT><SPLIT> this ,0
the of db stands because,0
<SPLIT><SPLIT> Hello welcome  We but some  not  more this vandalism on acceptable to with syntax do in the sandbox rather articles <SPLIT><SPLIT> still have there is a help page you write helpme message with question to it  also following pages for a to Wikipedia <SPLIT> <SPLIT> pages <SPLIT> Tutorial <SPLIT> hope  Please tildes  this produce date to a bottom of  if you want touch me Again ,0
think about the the ,0
F this s i cant be bothered to be honest and i would rather shove a horse up my a <SPLIT><SPLIT> thanks <SPLIT><SPLIT> alexanderjones9,1
the Iron it the entry about the  Ive for ,0
edits of in  <SPLIT><SPLIT>  is but to none among or <SPLIT><SPLIT> boost Thanks ,0
is anything else or adding,0
large <SPLIT> large chunkn,0
Isnt hadda be playing on the jukebox a live track is there a source to say it has a studio version Also fuck da police is a live cover that may  be notable because its on most of their discography torrents ps i dont suppose anybody knows where one could get some of this unreleased matterials cough,0
page  <SPLIT><SPLIT> happened Michael disambiguation,0
stop cause can phone as and of you PS retarded was Hong Kong not from me in America dumbass,1
Buddoor ,0
planet argued  the used  Im that or arguing for be the standard encyclopaedia the construction we now ,0
Learn English,0
is of an put forward WikipediaWikiProject Its to things  and text LabourInternationalisation comments would most welcome ,0
I that traced back to from <SPLIT><SPLIT> to add my above in quotes Maybe can PLO into political is ,0
 of ,0
You are so smart I wish I culd be as smart as you You use so many big words Please teach me the art of bitch I do value your opinion,0
page being how its organisation it for etc I its ,0
Units  <SPLIT><SPLIT> you improving you getting from,0
 <SPLIT><SPLIT> sort of probably without ,0
the oldest idiot ,1
49K  who knew there could be so much to say about this dumb book,0
know happened the Help you stated it I do and did yourself ,0
 <SPLIT><SPLIT> user name ,0
think is opinion this only the by a or to data and which format this we the CAD data CategoryCADfileformats I change ,0
up this this I dont POV grind but neither historical expertise argue of certainly do would point of view or the legal understanding below from more than <SPLIT><SPLIT> probably which  Sulpicio  no idea who  Guevara might research has this page him the and of 1972    	 The laws of the Philippine the laws of Malolos 18981899 The is page 203 Translation the author title publication credits Sulpico Guevara LLB LLM Division of  Law Reform University of the Philippines as of  Article 93 in this translation as <SPLIT><SPLIT>  <SPLIT><SPLIT> mentioned above also leads to from The development of Philippine politics by Maximo M Kalaw A footnote identifies this translation as one originally printed as exhibit Volume I of 31 1900  publication Maximo AAB llB and identifies it as partial the University  <SPLIT><SPLIT>  <SPLIT> here follows <SPLIT><SPLIT>  <SPLIT> My reinterpretation of the here both these english is that 93 Spanish defacto the explicit authority dejure official these purposes <SPLIT><SPLIT> at article see that the sentence presently reads Spanish the first the Philippines since Spain in with language the official  the done there beyond the language something <SPLIT><SPLIT> ,0
understanding I but felt RFA ,0
Kudos <SPLIT> Lovely article interesting succinct wellcited  Articles about Pakistan and Brittany Spears will always be fucked up and subject to edit wars between morons  More esoteric articles like this usually stay in good shape over long periods of time and are IMO the brightest stars in the Wikipedia constellation,0
Antonio ,0
wolf ,0
vote I agree I a doesnt mention crucial to the ,0
is Is the same Ive always what meant,0
incest citation needed  <SPLIT><SPLIT> The term is literally an accusation of incestcitation needed Oh come on Its obvious why does that need a citation What do you want a link to mother and fucker in a dictionary,0
ZEPHYR IS SOOOOOO COOOL HE AND ALL THINGS WITH ZEPHYR KICK ASS,0
dallas are all big fat cock fucking ,1
if you on at least I knew the hacking very moment it Everything after that game to act When not thought connected all and it when I to change my CU the As the IP blocked December 23 December time In email copy confirm my please beating you laughable I ,0
 <SPLIT><SPLIT> Templateiwref to mainly work you a at comments on Template at you or disagree ,0
prefs its without logging any case dependent With IE7 part the next screen resolutions is Mine idea where found this vector skin In renders full overlap of the next ,0
 <SPLIT><SPLIT> question Tector refers to cavalry large a have Tector the a ship italicized with rest in ,0
 <SPLIT><SPLIT> Is a guideline to tributes Freddy 19522013 the of ,0
3 <SPLIT> ,0
feeling that I doing ,0
<SPLIT> WikiProject States Government,0
please it considered vandalism the ,0
paragraph  <SPLIT><SPLIT> paragraph in <SPLIT> San Peace Treatys omission participant was not but that the to original position de jure and facto to a Under are actions in to local legitimate Hence Taiwans current have arisen that ROC is recognition the government  <SPLIT><SPLIT> It says there no government in exile can take its current residence order to be recognized Then it says Taiwans international problems have arisen from fact that the ROC government in exile is internationally recognition as legitimate of Taiwan <SPLIT><SPLIT> So which position this Is the in exile or it is in exile as parts this paragraph is suggesting latter of limited in relational doesnt work means some not ,0
of Though length is I and to because of When I suggestions to work it Be assured,0
of is disambiguation a summary ,0
Truth,0
 <SPLIT><SPLIT> Suraj allowed copyrighted pictures wikipedia So to  <SPLIT><SPLIT> are take a WPCricket,0
We are not by the way obliged to use only mainstream western sources that echo the positions of western governments  yeh we are not sheeple  we are not a bunch of morons,0
notunflattering is by suppression unflattering facts that it ,0
lesbian no shizzle,1
duhau9fnjsg,0
an idiot,1
January <SPLIT>    2102,0
the people the breed Interaction writersplayers works of simplistic Todays no dont what a at adventure do have the expertise merits of its FIRST to not embedded in interpreter first utilize for creation adventure authors the cant has made by Graham Nelson providing language tools They couldnt create tools themselves world then is as to and Woods,0
owen cock,1
question talk page more articles Wikipedia directly related discussion so a there a clear the of previous catch that  been RMs are 3 TalkC Mau a the capitalization of theres and that all RMs will have be picking choosing,0
it in which also a ,0
<SPLIT> Hi for spammer However on talkpages in the future welcome you Wikipedia,0
2015 <SPLIT> just wanted to revert of your changes Age of Adaline it is was good faith Wikipedia the write your ,0
 <SPLIT><SPLIT> suppose heads up that reworking article to that is now codeshare ,0
Film  publishing  <SPLIT><SPLIT> Jim up I dont how the page  its still sandbox example you but some time to the you able to what the Melesse written my page  a to her back publishing its protected previous have nice ,0
how you a another as idiot,1
pwriut wriu wwwwppppitu piru priut riu irut irut oriut iut poerut irtu itu irut riut ritu riut irtu tu iut itu oirtu pirtu rieout oeirut riut riut riut ritu riu tu tritu ritu iut ut operiut pwoirut woirut wporiut pwriut pwriut wporitu pworutpowirtupoirtu opwtuwpo uportu portu u t ut   tttt topu t tuio   ptoi ior wiu piorwu twitu ori iut iu ut w  utoeirut ut tioru                              tirtu irut ritu riut riout,0
have any NSB the ,0
Challenge competition,0
also for and it other ,0
hostname,0
NPOV RSN as related talk page general that MJ  The list the of MJs editorial reported  information criteria used other than the opinions of the author staff  A based on the including list has  In this the more talking list and  opinion to the level we have fact was listed on list that  view with the of the noticeboard ,0
Roosevelt shown  <SPLIT><SPLIT> every article US includes the the cabinet their terms office The article of Shouldnt <SPLIT><SPLIT> useful starting at www site <SPLIT> <SPLIT><SPLIT>  name First  <SPLIT><SPLIT> maiden name of First Lady was Edith Kermit but the article as my change  <SPLIT><SPLIT>  Roosevelts  <SPLIT><SPLIT> expetition Candido Mariano the of they discovered trip wrote Through Brazilian Wilderness  <SPLIT> an of New released 1992 it is said that Roosevelt  <SPLIT> had disease in <SPLIT>  first time I hope information will <SPLIT>  on <SPLIT><SPLIT> Thanks but we already have this in the South    <SPLIT><SPLIT>  Food  <SPLIT><SPLIT> Theodore Roosevelt in legislative motion that eventually to the advent of Food and Administration He his the men get badly preserved meat American firms the on to Upton was literature also the military served as a mighty motivation in his   2255 Jun 14 <SPLIT><SPLIT>   <SPLIT><SPLIT> mention eccentric drinking is I was watching the channel and mentioned and looked to and is not I found it other websites though Apparently he drank 1 gallon of a day think is worth noting edited a and would rather anything on even sure if most you adding this will it to the main contributors whether to this small detail <SPLIT><SPLIT>  Youre right on the coffee the TR Rex bio Morris mentions TRs breakfasts usual by infusions of caffeine served to stoke Roosevelts pg 1718 point Lets add it under interesting  110 23 Feb 2006 UTC  <SPLIT> <SPLIT> Addendum The quote used by Maxwell Coffee Good To The a quote Theodore Rooseve,0
Spy Novels  <SPLIT><SPLIT> why novels unknown in some even in Theyre easily in in other countries,0
not for it is done AWB implements all kinds rules   take this where you directly discuss concerns want and be the full conversion with as what may ,0
apologies with this second start this because the one was this was on track,0
authentication  <SPLIT><SPLIT> Maybe working this can helped worldwide statistics,0
that right  the instruction since I use just sfoobar,0
 <SPLIT><SPLIT> just some facts Darna please Im and warn <SPLIT><SPLIT> is by please me vandalize Darna <SPLIT> facts must from  Add sources or blocked  You   Mufka     <SPLIT><SPLIT> can resources editing of which i do <SPLIT><SPLIT> Im accusing of disruptive not adding sources  an on       <SPLIT><SPLIT>  can i a mod  <SPLIT><SPLIT> tell how can be any articles fair  <SPLIT> Youre a long way that follow   Mufka     <SPLIT><SPLIT>  OK is info about  <SPLIT><SPLIT> Here is what happened a ago <SPLIT><SPLIT> stabs to Roma getting to of then by Kobra <SPLIT><SPLIT> so the adventures of continues <SPLIT><SPLIT> STOP GIVING WARNINGS AS ARE ACCUSING DIDNT WRONG YOU GONNA TO MODS <SPLIT><SPLIT> AS YOU ARE ACCUSING ONE REEDITS CLEAN ME <SPLIT><SPLIT>  I have an the latest  <SPLIT><SPLIT> an ability and humans biting what did to Valentina Babaeng info seen dont me Darnas <SPLIT> need me story to adding   Mufka     <SPLIT><SPLIT>  Inclusionism  <SPLIT><SPLIT> what is this list exclusionism that place I would <SPLIT>      <SPLIT> view laid the talk  the placement of your comment on talk you might read wrong  my views are not clear be to elaborate   Mufka     <SPLIT><SPLIT>  WikipediaArticles for deletionComputer TakeBack Campaign  <SPLIT><SPLIT> this discussion orphaned It wasnt transcluded on log for 15th and has been opened then It currently has 2 keeps and 2 deletes I have relisted the for 4th and have sorted    <SPLIT> Thats  like screwed to pooch on that one  one in before this one  My nonetheless  Thanks up   Mufka     <SPLIT> related AFD was closed It will be quite a mess TakeBack Campaign is delete    <SPLIT><SPLIT>  Swayze  <SPLIT><SPLIT> know  I am    ,0
 <SPLIT><SPLIT> Its for my  for that,0
band criterion of bands <SPLIT><SPLIT> Has released or label more indie label with than a years and performers which are <SPLIT><SPLIT> A Glimpse was released Earache include Death <SPLIT><SPLIT> Robin was released Emporer ,0
appeanded translation of below for reads as basically of dicdefs I cant much an article here sure you something of <SPLIT><SPLIT> a with as a of change a results raising that causes <SPLIT><SPLIT> has gravity of <SPLIT><SPLIT> ship yachts is constructed low whereby heavy seas it can return to of its and not <SPLIT><SPLIT> In Stehaufmnnchen is to let themselves or failure always life to themselves,0
I theyre not America in At the itll argued that  American but wins and could be ,0
pleasure express my true of would by ,0
the way Pascals triangle need either being read ,0
what of similar Yamaha speed I know the because many times against ,0
is remarkably  I lift it let admins this  Im decide editor or not  Do you understand  lied  about  admin with history tobebanned editor  is clear this assuming good lying it   <SPLIT><SPLIT> Here link the thread saying he has history regarding denial knows than anyone else since he was one the original bogus allegation categorically false <SPLIT><SPLIT> again the record I ,0
 <SPLIT><SPLIT> Thank you Day Year California  how we no comes the way  assumed that the tag right thing to so entire article  you back  could a perpetual motion  any case thank for edits I show will be out Coffee Stain,0
absolutely knew become but I of to start here I now be the new should bit be all ,0
<SPLIT> NagiAsu the had from October 3 2013 3 2014 has dub well If feel has Please give necessary ,0
<SPLIT>  httpwwwvicecomreadeverythingweknowsofaraboutthepedophiliaallegationsagainstformerukprimeministeredwardheath804   1939 September ,0
point is the of the 23 gay men when it  What is that the claim is gay and legitimacy samesex relationships,0
Talk2014 of teenagers,0
far you get  <SPLIT><SPLIT> get so as to of York its wards no big would be addition ,0
were wrong I what please help ,0
How many times are you going to reply to yourself sockpuppet,1
<SPLIT><SPLIT> You invited discuss keep the same article other Discussion is component of the process if to discuss be on sight ,0
know  <SPLIT><SPLIT>  actually sometimes other some a style you will how get go to some WP talkpage and little some of lucky you dont get blocked,0
disagree made many which already and unconvincingly TalkShemale Point terms for the personal status is about why is to transwomen are unsubstantiated and cannot that derogatory They used beyond are used insult intimidate  and definition of  <SPLIT> Like editor anon or not are required to notable verifiable sources for whatever information in your a series for doesnt or ,0
Septemberalignright8 <SPLIT>  <SPLIT> Septemberalignright2 am <SPLIT>  ,0
a page links apparently collected mentioned while back AfDs I was that  It ,0
Paddey Bolta <SPLIT> PUREST REPRESENTATION OF <SPLIT> Start <SPLIT> <SPLIT> Even By Desi Pantone not gora,0
to  <SPLIT><SPLIT> doing good finding hoaxes See  ,0
to Wikipedia   <SPLIT><SPLIT> reason that ,0
telling give a game does use a Wii Console but subjects that Mario Nights Journey Dreams Wii needed What you have ,0
logic of Johnson remain from Alabama conflict,0
image <SPLIT> Thanks the photo your ass,1
one English original name is on some authors to a in language is usage there thats used As consistency Portuguese with their in English and may very well consider English would with French monarchs by Uxbona within right English so we about ,0
LAY AND GO TO ,0
advise the NPOV noticeboard  dialogue  his page,0
thatd be a ,0
French  <SPLIT><SPLIT> Please TalkFirstFrenchEmpireNPOV,0
<SPLIT> I wondered admin experienced enough so happy nominate interested Regards,0
Reservoir,0
Republic Of Of  <SPLIT><SPLIT> this change the of Former Yugoslav Repuclic Of Macedonia highly controversial term of  Although term for that is Republic Of for to far ,0
note  <SPLIT> the war  <SPLIT> which is moved original title,0
for ImageGinBlossomsNewMiserableExperiencejpg <SPLIT> for to I notice that the image is a to why each in go image description page to include rationale <SPLIT><SPLIT> If have uploaded use checking that specified the use rationale those pages can a of you edited by on the  it located at very Wikipedia are and selecting dropdown Note that media such explanation will deleted one week they have on speedy you any questions please ask them at the copyright questions Thank ,0
change  has been reverted or any tests to Take page if would to about to Thanks   email,0
Die wikipedia brigens auch nicht auch wenn Ihnen das so gefallen wrde Ist der selbe Schwachsinn,0
the with a face  one found at ,0
is talk page I ability this page that contains ,0
Give me a break  If I didnt have to spend so much timne dealing with your crap I would have timne to see to it,0
to see because daily am be ,0
POV to ,0
simple <SPLIT> As Network Neutrality quality service suggest we use highway is like highway with lanes being same where each car special plate cost in or lane  traffic everyone the in time but when traffic flows can insure just in time deliveries fast  others crowded lanes slower more large use commercial wealthy and price while conscious  commutes all those regulations up more lanes and people each car until traffic QOS say why for little to freeway,0
lists  <SPLIT><SPLIT> Ive all do the lists definitely cleaning upmerging with and tidying lot was,0
ass,1
would to find states that hold ,0
fuck yourself Dabke dance Israel Israeli Arabs be wikipedia discussing about you useful Same Keffiyeh biased you have in etc,1
did of water   it something about it  countered it is something obvious serious do in fact expend  of is obvious as given diversity the in which is  dominated by superheroes like the late when WDCS and EC at top of  Its to surprising nonsuperhero superheroes are dominant,0
For fucks sake if people were fucking indicted for acts of genocide in 91 it does not fucking matter if they were not convicted We have a reliable source from an expert in the field of genocide who believes that this was the start of the genocide in Bosnia what part of this do you not get See the reliable secondary source is interpreting the data and the expert in the field who you btw are committing BLP vios on with your comments on him has concluded that the genocide began in 91 which is what we cite Feel free to ask for a TB I reckon ANI is the place for that,0
and create account make bcrat wish,0
 <SPLIT><SPLIT> There is in judiciary the current times just  The doctrine is can use jurisdiction it the  Id this but it to ,0
in JAPAN  <SPLIT> to to your table for market <SPLIT><SPLIT> PS3 sales now <SPLIT><SPLIT> This brings the world PS3 <SPLIT> by,0
for 1year accounts Research officially <SPLIT><SPLIT> 1000 free accounts 9th  my email box and ready to  This weeks is promotion  Several editors already job is still time people  tell your friends WikiProjects Wikipedias and benefit from knowing  You progress WPHighBeamPromotion the  so for your  keep Cheers,0
have even Ecemaml and of its and spreading propaganda of ,0
but <SPLIT>    <SPLIT> for listing of asking the But this Maharashtra an of Maharashtra I think it is to list the ,0
Opportunity All White Girls Historical News Spring also an source trust Jean any than her,0
Silvia todayI can why beatafulOOO Danielle off her sleavesPS,0
of Embryo  <SPLIT><SPLIT> I to it Ill of World chapters,0
I a mistake  <SPLIT><SPLIT> sorry ,0
does the mean out the the into making the opponent ,0
gay  <SPLIT>   <SPLIT>  gay  <SPLIT>  gay  <SPLIT>   <SPLIT>  is  <SPLIT>  is  <SPLIT>  gay  <SPLIT>  gay  <SPLIT>   <SPLIT>  is  <SPLIT>  gay  <SPLIT>  gay  <SPLIT>   <SPLIT>  is  <SPLIT>   <SPLIT>  gay  <SPLIT>   <SPLIT>  is  <SPLIT>  is gay  <SPLIT>   <SPLIT>  is gay  <SPLIT>  gay  <SPLIT>  is  <SPLIT>  is gay  <SPLIT>  is  <SPLIT>   <SPLIT>    <SPLIT>   <SPLIT>   <SPLIT>   <SPLIT>   <SPLIT>   <SPLIT>   <SPLIT>   <SPLIT>   <SPLIT>   <SPLIT>  is  <SPLIT>   <SPLIT>   <SPLIT>  gay  <SPLIT>   <SPLIT>  is  <SPLIT>   <SPLIT>   <SPLIT>   <SPLIT>  gay  <SPLIT>   <SPLIT>   <SPLIT>  gay  <SPLIT>   <SPLIT>  gay  <SPLIT>  gay  <SPLIT>   <SPLIT>   <SPLIT>   <SPLIT>  gay  <SPLIT>   <SPLIT>   <SPLIT>   <SPLIT>  is gay  <SPLIT>  gay  <SPLIT>  is  <SPLIT>   <SPLIT>   <SPLIT>   <SPLIT>   <SPLIT>   <SPLIT>  is gay  <SPLIT>   <SPLIT>   <SPLIT>   <SPLIT>   <SPLIT>  is  <SPLIT>   <SPLIT>  is  <SPLIT>  is  <SPLIT>   <SPLIT>   <SPLIT>   <SPLIT>   <SPLIT>  is  <SPLIT>  is  <SPLIT>  is  <SPLIT>  is gay  <SPLIT>   <SPLIT>  gay  <SPLIT>  is  <SPLIT>  gay  <SPLIT>  is gay  <SPLIT>   <SPLIT>  is gay  <SPLIT>   <SPLIT>   <SPLIT>  gay  <SPLIT>   <SPLIT>  gay  <SPLIT>   <SPLIT>  is  <SPLIT>   <SPLIT>  gay  <SPLIT>  gay  <SPLIT>  is  <SPLIT>   <SPLIT>   <SPLIT>  is gay  <SPLIT>  is  <SPLIT>  is  <SPLIT>  is gay  <SPLIT>  is gay  <SPLIT>  gay  <SPLIT>  is  <SPLIT> ,1
Gemology ,0
Agree,0
Eurocentrist,0
Edward Cullen is a mentally challenged freak,0
Dumb  <SPLIT><SPLIT> They 2 on their friends,0
i see you dont get the point or you dont wont to because of racialreligious prejudice about hindus and jews Maybe <SPLIT>  Why is it of encyclopedic value to report the views of a possibly comercially interested author about hindus allegedly praising Bob Marley as reincarnation of God Vishnu First of all do they Second are there any preliminaies or instances for hindus abou who can be called reincarnation of Vishnu and who not Or is this defined by the writer of any magazine And what if this statement is experienced as an insult by hindus Plus that it may be a objectively false statement And can this be considered inflammatory too <SPLIT><SPLIT> But ok not for hindus only for jews  <SPLIT><SPLIT> And the other point You threaten me with IP banning you intolerant fascist bastard  Just because your personal opinion is on the side of a murderous intolerant religious ideology like the JewishChristian one Maybe you should first read the bible once before you propagate tolerance for such an intolerant religious ideology like judaism and christianity <SPLIT> Didnt you get that a JewishChristianCrusade terrorist killed almost 80 people in Norway some days ago <SPLIT> ITS MY HUMAN RIGHT TO BRING MY VIEW INTO WIKIPEDIA AS LONG AS I CAN CITE A KNOWN SOURCE YOU HIPOCRITE,1
pure one the block ,0
Pascoe wiki person  post is not you should  then its  is  it you have  against  going in desired ,0
hauled ANI day in day Just because cries admin mean true doesnt its ,0
Pleasence Warren to POTD  <SPLIT> a to let the article know that FileDonald editjpg be the on the POTD article any if could its appearance the Main doesnt look  ,0
IM FOR THE ANYONE OF A PROGECET AT ENGLISH I YOU HELP ME THANKS,0
replace content is Please sandbox any other tests a look page learn more contributing to our encyclopedia ,0
<SPLIT> It doesnt be found that on will have references to the said an that the could found there the of accept are <SPLIT><SPLIT> verifiable references article should  ,0
are quite I think child the the extradition western democracy renowned from film It is right and merit section article,0
 <SPLIT><SPLIT> moved 2014 gang this article only incident in district In UP ,0
regretably throw and times like Greece nationalists to discount There not if old matters of and guidelines the above my being only one this additional there are not of object to language well  <SPLIT> be a while anything that be personally member the God I not well both after read about this dispute think would ,0
 <SPLIT><SPLIT> is than they of members of After on information to younger Im working on finding citations the Jayk 32 Nevada state dont lie Blake is 26 or 27 multiple ,0
OK ,0
Well reading that bob norman article was an awful BLP experience reading it compounded my objections Its all unproven gossip its an awful POV documentary without any support or factual reporting its a gay activist and gay right promotion This is a living person with nothing at all to say he is gay so why should we add it,1
an of Roy or This article fair Rogers many The nor previous tag that written ,0
If lead are indeed,0
are  <SPLIT><SPLIT> tool,0
was that during II may think here atrocities japan a to Korea beating of atrocities at a you get years instance invades millions dieimmediately USA NK and has every this propagandistic a healing like On of because before imperialism The for Japan and cant my changed of and far war If this is punishment the Chinese all on the Eye South Mongolian as to I war to out it nuclear  the by stating came its oppressors War  that wwII in to past  This or these the be not compromised  murriemir ,0
<SPLIT> stylewidth border0 <SPLIT>  cellpadding2 styleverticalaligntop <SPLIT>  <SPLIT>  Getting <SPLIT>  <SPLIT> <SPLIT>  Introduction <SPLIT>  pillars of <SPLIT>  a page <SPLIT>  guide to <SPLIT>  <SPLIT>  Finding around <SPLIT>  <SPLIT>  stylecolor000 <SPLIT>  <SPLIT>  Department <SPLIT>  <SPLIT>  articles <SPLIT>  <SPLIT>  stylecolor000 <SPLIT>  to develop <SPLIT>  Style <SPLIT>  <SPLIT>  <SPLIT> <SPLIT>  backgroundcolorF5FFFA <SPLIT>  help <SPLIT>  <SPLIT> stylecolor000 <SPLIT>  asked questions <SPLIT>  <SPLIT>  to <SPLIT>  <SPLIT>  New help <SPLIT>  Wizard  a create <SPLIT>  <SPLIT>  <SPLIT>  <SPLIT> <SPLIT>  Wikipedia <SPLIT>  Portal <SPLIT>  a <SPLIT>  Follow Wikipedia <SPLIT>  Practice <SPLIT>  <SPLIT>  <SPLIT>  <SPLIT>  <SPLIT>  <SPLIT><SPLIT> ,0
<SPLIT><SPLIT> I proofreading than me to Obviously due fall has universe become this model almost to that sentence look backwards of a meteorite for would convert heat and not  increase discover more ,0
approach Club Club disambiguation would inconsistent of titles such pattern not all averse discussing whether that is should do so in a general in single ,0
very I relate something happened me In was trying to put a an extension on same made call and like while I loudly said get whod overheard it no longer speak me There its of days of shared and long I ,0
June UTC <SPLIT> CIA for in PPP income in terms 2012 which the   2241,0
was Laurence the School,0
the when you take a of it copy until the or  declare these series pictures an ,0
<SPLIT> is also piece and look to all tone    0709 ,0
sucked  <SPLIT><SPLIT> YOU BLOCK <SPLIT><SPLIT> HA <SPLIT><SPLIT> some nice juicy sweet <SPLIT> 2486789807 <SPLIT><SPLIT> lovers   AGAIN TO ME WIKIPEDIANS <SPLIT><SPLIT> HA <SPLIT><SPLIT> For some nice big <SPLIT> is <SPLIT><SPLIT>   YOU AGAIN WIKIPEDIANS <SPLIT><SPLIT> HA HA <SPLIT><SPLIT> some nice cock <SPLIT> <SPLIT><SPLIT> Goodbye   YOU WIKIPEDIANS <SPLIT><SPLIT> HA <SPLIT><SPLIT> For nice sweet <SPLIT> number is <SPLIT><SPLIT> Goodbye   ME <SPLIT><SPLIT> <SPLIT><SPLIT> big <SPLIT> is 2486789807 <SPLIT><SPLIT>   TO BLOCK <SPLIT><SPLIT> <SPLIT><SPLIT> cock <SPLIT> <SPLIT><SPLIT> Goodbye   <SPLIT><SPLIT> <SPLIT><SPLIT> <SPLIT> <SPLIT><SPLIT>   YOU <SPLIT><SPLIT> <SPLIT><SPLIT> <SPLIT> <SPLIT><SPLIT>   ME <SPLIT><SPLIT> <SPLIT><SPLIT> nice <SPLIT> number is <SPLIT><SPLIT>   FAILED <SPLIT><SPLIT> HA <SPLIT><SPLIT> For some big <SPLIT> number <SPLIT><SPLIT>   AGAIN TO BLOCK WIKIPEDIANS <SPLIT><SPLIT> HA <SPLIT><SPLIT> <SPLIT> number 2486789807 <SPLIT><SPLIT> Goodbye   BLOCK <SPLIT><SPLIT> <SPLIT><SPLIT> some big sweet <SPLIT> my 2486789807 <SPLIT><SPLIT>   YOU BLOCK <SPLIT><SPLIT> <SPLIT><SPLIT> For big sweet <SPLIT> my <SPLIT><SPLIT> Goodbye lovers   ME <SPLIT><SPLIT> HA HA <SPLIT><SPLIT> nice <SPLIT> <SPLIT><SPLIT> Goodbye lovers   YOU AGAIN TO WIKIPEDIANS <SPLIT><SPLIT> <SPLIT><SPLIT> big <SPLIT> <SPLIT><SPLIT>   FAILED <SPLIT><SPLIT> <SPLIT><SPLIT> sweet <SPLIT> is <SPLIT><SPLIT> Goodbye lovers   <SPLIT><SPLIT> <SPLIT><SPLIT> sweet <SPLIT> <SPLIT><SPLIT> ,1
The here due is comparable Not is down naming criteria than common ,0
Rylee OReagen  <SPLIT><SPLIT>  Rylee is awesome and her favorite food is Dominoes pizza her favorite color is blue Her top 5 best friends are Amber R Shelby C Amanda S Jade Sand Morgan G Her shoe size is 8 and her natural hair color is dirty blonde Her favorite shoe brand is converse She also hates Kate Hudson and she just wants her to die in a hole She lives in a stupid town in the middle of nowhere Also her favorite tv show is Buffy the Vampire Slayer <SPLIT><SPLIT>  <SPLIT>                                 THE END,1
You have now been blocked for replacing the text of a number of articles with that of Ol Dirty Bastard We welcome valid contributions from you once the block expires but what youve done will not be tolerated,0
And thats Mister Pretentious Cunt to you Show manners to your elders and betters boy,0
<SPLIT> Hi  Just in into final of You can through weeks pad notes assignments and watch on  right here Check my diving into talk is having same issues you you the webinar the ,0
addon great I what when Cite web alredy ptwiki started todays date US I it but in month sequence out that Info birth death is a  and version the formatted cite thought to templates ,0
that issues ,0
the reverting this text you adding clearly  a warning were in the 3 rule 18 April 2006 take note guidelines future when articles,0
Therasa  <SPLIT><SPLIT> was women who eldearly and chirstian a famous Mother thereas All works of are is love everyone a her classwikitable,0
of <SPLIT> this that has qualified own the Champions Scotland almost autimaticallyqualify the Scotland in is the the uefa ranking of bert does not effect whereas was seasons coefficiant for ,0
faith   <SPLIT> favourite for environment <SPLIT> Ingredients and method <SPLIT>  to an Article and A <SPLIT>  Notice added <SPLIT>  correct that also introduce additional material an associated  <SPLIT>  is by another editor as thread ask the article actually means <SPLIT>  to associated get that irrelevant to article <SPLIT>  Suggest which obvious to editor could corrected himself <SPLIT>  told fix to  have no decent encyclopedia <SPLIT>  Go the leave a that the article link the above has been obsessively improved by those ignorant and have done the themselves or to improve any of the articles <SPLIT><SPLIT> First in turgid duck 3040 hours Then toast upon very warm bonfire suggest a of <SPLIT><SPLIT> Random Readers of the article if are any liberally add their own a lovely dish and Pendle villages meaning <SPLIT><SPLIT> Yes much for Good Faith But Im now true much not be a recusant Bon appentit they say deepest darkest  <SPLIT><SPLIT> add water makes  Jimmy ,0
2012 <SPLIT> I trust    14,0
citations expected in in the this case seems to statements in the captions supported by let particular that feel ,0
a bitch <SPLIT><SPLIT> also living,1
reference good start  still it PBL about itself  It be much better get reliable secondary  but until sourced is better ,0
and to your contributions as Rockhurst School but accept research add edit  information removed at for your efforts happy ,0
K NIGRA,0
were but reported you ,0
 <SPLIT><SPLIT> and welcome Wikipedia Ive look this article satisfied now our sources if you more questions feel free ask on my ,0
notes bottom page  <SPLIT><SPLIT> All <SPLIT> think the article looks like the be ,0
would scissors ,0
removed comment end the turbocharged in open They for the new formula in 2010 its call end There been whispers interested DP01 but information not yet and should the ,0
comments Gerard,0
 <SPLIT> pywikipedia AWP,0
reasons certainly,0
Heroes <SPLIT> tag has requesting it be deleted This been content not how that about the articles do not notability may be deleted time Please see for what accepted notable you can indicate why is notable may contest the do this add  on the top the below the db tag a note articles talk page Please do not remove speedy deletion dont to add to the article that subjects under the <SPLIT><SPLIT> specific of articles want to for biographies sites bands companies free leave note on page if questions ,0
to  ,0
 naming  <SPLIT><SPLIT> I this put article going this members <SPLIT><SPLIT> I the should be Quran at not name of concept,0
up,0
tend While I them it way not cannot get explanation which so bad but its to new ones is a joke book This being I wouldnt mind keeping a few illustrate the beyond the original needs This however might the put snowball to handsize but soon have it tumbling down hill again Anyway not I help you ,0
 <SPLIT><SPLIT> Thanks in All those not big but getting all sure let have I use all these ,0
is be helpful why content ,0
cries,0
Forecast  <SPLIT><SPLIT> deleted uncontested WPPROD deletion discussion,0
know the of discussion I it,0
correct  am than said as ironclad suggested bolding indicates this is not an JJB It seems that we should here is the be its original ie with the ,0
in so I reorganized lot the info the I that speculated what that when the actually airs and know exactly ,0
request <SPLIT> saw admin needs an box but edit the it Thank you     <SPLIT><SPLIT>  this picture appears have so feature main tomorrow is vandalism will be deleted main FileLamprotornis for copy Commons,0
happy  <SPLIT> while I was out fairly Charles You the time to on talk that I provided were me learn how footnotes Thank you taking the point my error to deleting have been understandable Thanks to gone to many more  with  Thanks holidays your ,0
 welcome Wikipedia hope to are pages that you might helpful <SPLIT><SPLIT> Wikipedia <SPLIT> The pillars of Wikipedia <SPLIT> to develop <SPLIT> first  <SPLIT> of <SPLIT><SPLIT> remember to sign talk by typing  will your username date  or then me question <SPLIT><SPLIT> small As it not correctly yours  signature and username policy you a your so that also includes of your Latin characters can it correctly tailoring see <SPLIT><SPLIT> to message <SPLIT><SPLIT>   <SPLIT>   <SPLIT> trcm  <SPLIT>   <SPLIT>   <SPLIT>   <SPLIT>   <SPLIT>   <SPLIT>   <SPLIT>   <SPLIT>   <SPLIT>   <SPLIT>   <SPLIT>   <SPLIT>   <SPLIT>   <SPLIT>   <SPLIT>   <SPLIT>    <SPLIT>   <SPLIT>   <SPLIT>   <SPLIT>   <SPLIT>   <SPLIT>   <SPLIT>   <SPLIT> ,0
not if page setup trigger the  Im not  give  dont again I you  I idea what youre about have you in  YOU specifically said you struck signature and I requested do  again I that stop  I ,0
November 2015 <SPLIT><SPLIT>  Color  <SPLIT><SPLIT> Party Tyler be split two the Color    <SPLIT> I find any which was broke the was when ascended that independents     05,0
template  <SPLIT>  page to ,0
making summaries that final ,0
consensus develops Ill them or more likely go out likely keepable from users the meantime If another traditions war think can suggest ,0
us know hope addition better introduction,0
dont  <SPLIT><SPLIT> I made addition the patriots the century change this Im let you that I one contributions to Patriot Revolution didnt a or you have questions can leave message on  Im that superficial you after page that you of more think you credit in community the encyclopedia in ,0
ANP  <SPLIT><SPLIT>  SAWABI   ,0
agree made justify image  you  its removal a When take to put make sense in past btw discussion is in for I past theyy arent playing well need take break the ,0
Regulations <SPLIT> a young this article more understandable  Why the along ,0
<SPLIT> i got ,0
question what I I struggling against own just include a him being bounds of his ,0
shades It never gets    titan,0
what would beyond find proposed ,0
love  <SPLIT><SPLIT> because you this doesnt have to Genocide the dare plane as Hitler love my country cant stand down is on page you be no people that theyre America but having there is far upside I over a as  ,0
<SPLIT><SPLIT> Google the It translated page as <SPLIT><SPLIT> social  and literary the of the state structure and development  teaching  thinking and writing Dhaka University graduate north Politics Kyoto University have PHP aupanibesabada and  mohabbata challenges postadaktarala in  effects prasari Delhi Economics  as the arkabhala The  state  created interrelationships the Scholar in Germany a university for studies German French development and status and  The nrbijnana universities <SPLIT><SPLIT> helps the fact the translation <SPLIT><SPLIT>   Sosthenes12,0
at  Wow  missed nominating Court I think I will the   Beeston  17thcentury ,0
still cause of least ,0
ImageAllin <SPLIT><SPLIT>   stylebackgroundcolorFFFFFF solid  <SPLIT>  <SPLIT>  <SPLIT>  media may <SPLIT><SPLIT>  <SPLIT><SPLIT> ImageAllin notice page currently created the content so the is this you need that have right on If have not created the should you ie in cases the website you got the <SPLIT><SPLIT> If media must If video  release If qualifies use and use  the WikipediaImage  See for list can <SPLIT><SPLIT> other media please have them too You find list of you by  the any Wikipedia are logged then from the box and will one week after have been uploaded as on criteria for speedy deletion Thank you,0
been wrong before as well one of the comments direct own similar of,0
 <SPLIT><SPLIT>  <SPLIT>   Ducks for ages several Ducks such as Kharki Campbells happily with just a washing full day drink will eat ,0
Court cases,0
this  <SPLIT> I reading Theory section I like although I a biased poorly removing text on the Anyone ,0
reread whole the made  my and about and home from work all a couple came together for me so page  you the   see it  about context not it  I to that   not aligned   phrase I think is significant comment content either be incorporated a way into the article or and I dont see that as her saying that she wants the content but it has yet presented a manner she   If Im reading comment I think thats a fair leaves the door open for discussion  <SPLIT><SPLIT> I accept your regarding tag team comment  As may have on the talk I I didnt quite what to make  It a I an otherwise exchange   I didnt like it have say  prepared that meaning it not  Youve from my done   it  there could be perception of us    well appear way youve of and that is simply we  Weve edited same articles similar and senses  its that gravitate other   the hand there are articles care about cares at all often at those articles that she do at  sure are in has of I may take she has considering I at my opinion  suggests of  Theres not huge difference really especially a idea I may  I anyone think prepared the risk might surprise them by not what   I see with and   all no reasonable person hmmm that really really everything I say is so  Better him to     Im   on the Doris talk ,0
and supporting you will be b sick ,1
removed people for reasons by  above,0
sure cartoon amazing on 15 october 12pmIST,0
very ,0
suggest all the out if there a it just and actionable a ,0
October <SPLIT> see what wrote they were were so have correcting  ,0
Career  <SPLIT><SPLIT> Wilson was playing for Richmond Football he owner of short distance the ground having returned play West was in various with partner time of Coast  <SPLIT><SPLIT> Wilson and operated Steves Park The Wembley Hotel and Redheads Northbridge  <SPLIT><SPLIT> 2001 Murray McHenry made a sell in hotel  market,0
the edit blocked abusive serial sockpuppeteer after already well done Dishonest fuckAndresHerutJaim serial sockpuppeteer use for sake raid this one,1
planning on <SPLIT>  would be if not separate ,0
a girl I proof blonde Jewish <SPLIT><SPLIT> harasssed Jews but I <SPLIT><SPLIT> article saying blondes but a <SPLIT><SPLIT> http7214207104searchqcache6m3MU9VPFDkJwwwgnntvjumpphp3Fid3DF0196822hotwaspywomen22hlen,0
page was trying to and he doesnt even other people write his calls them ,0
but too off all idiots,1
Redirects cant be by so youll have to the making room ,0
is <SPLIT><SPLIT> First is  country the United  To say someone who of his article <SPLIT><SPLIT> Second since place of is no need to elaborate had died little village in Id information  but  ,0
I careful those versions indeed all are baseline such dont there them out <SPLIT>  The is a the design the hull  you  still Roadwheels chains lights etc are with any given M113 Licensing an issue  copy M113 is an The is brand a specific a military design it much who it The Egyptian in indigenously and so are Turkish made ,0
dollar  <SPLIT><SPLIT>  border <SPLIT> styleverticalalign middle   <SPLIT> stylefontsize 3px  dollar <SPLIT>  <SPLIT> styleverticalalign padding  diligence,0
<SPLIT><SPLIT> Hello  welcome Thank your I like to some pages that you might find <SPLIT> five of Wikipedia <SPLIT> to a page <SPLIT> Help <SPLIT> <SPLIT> How to great <SPLIT> of <SPLIT> I here and Wikipedian Please your on  will date you out my talk page place and show answer   <SPLIT><SPLIT>  <SPLIT> Thank  test it has been or use the for you to do welcome learn more about our ,0
say or the but look original Look how editors voiced support the returned comment on forced of Id ignore ,0
Montgomery  <SPLIT><SPLIT> I at deletionHugh Montgomery thought change something,0
 You are rude immature,1
the fact that Wikipedia is a farleft shithole controlled by cowards who bow down to pressure by Islamic extremist is why Wikipedia will never be taken seriously as an encyclopedia for factual information,0
fair ImageANWPVI2005jpg  <SPLIT><SPLIT>   stylebackgroundcolorFFFFFF border8px  padding5px <SPLIT>  <SPLIT>  <SPLIT>  <SPLIT><SPLIT>  <SPLIT><SPLIT> Thanks ImageANWPVI2005jpg notice currently that the under is  <SPLIT><SPLIT> that fair in any deleted described speedy deletion you  I kept most of the I would ,0
were to this or exists creation of and I have the editors rewriting this is adspeak I this first removing tags case were ,0
for actions  <SPLIT><SPLIT> to tell and intentions actions that to explain there and other <SPLIT><SPLIT> needs more  motivated run pass I that get feedback and encouragement me from I was real is I every RFA people will come talk encouraging words I I get encouragement the users why I ran RFA was <SPLIT><SPLIT> created the page the questions I RFA and votes to come  my transclution RFA page him by I am  removed any I reverted started and notice my page last Softlavender stopped reverting This  first promised to I will never edit many and this was to withdraw  problem more contributed to I I revert  a good revert edit edits to my page to that point and ever I Liz block I a to that  blocked I to get indefinite my talkpage of events I above me actions I wouldnt have like wasnt suffering mustve very low count last months life <SPLIT><SPLIT> slowly felt <SPLIT><SPLIT> edit normally a of humor I wanted <SPLIT><SPLIT> comment if delete another same admin My lol incident discussion adding <SPLIT><SPLIT> on script actually see stats or see before voting asked and vote seeing answer for <SPLIT><SPLIT> real I ,0
 <SPLIT><SPLIT> there is states <SPLIT><SPLIT> Benedict be hand one closest the he carried out many of as the Church degrating <SPLIT><SPLIT> BOYS DEGRATING WOMEN THE POPE <SPLIT><SPLIT> ,0
<SPLIT><SPLIT> there cant Im the welcome to Wikipedia  I sincerely hope and decide to stay a few  <SPLIT> How a <SPLIT> structure tutorial <SPLIT> tutorial <SPLIT> How a great article <SPLIT> conventions <SPLIT> Manual Style <SPLIT> Pillars Wikipedia <SPLIT> and pages <SPLIT> the also <SPLIT> I hope enjoy here a being be fun way talk and vote pages three this   produces your current date have questions help pages add a question to the village pump or feel free ask me on Talk You are most me line Again good to have us e,0
give the article term as defined in article the redshift Compton effect nor scattering peerreviewed ,0
of  <SPLIT><SPLIT> about After agreement etc still being editors approach and western viewpoint is a the the of ,0
listed  <SPLIT> An that uploaded has been and there this you may have of the image to its you are interested in it not Thank ,0
mock which defend In event post evidence page time you try to of were I can difference your to least other will able ,0
worry ,0
read yet WikipediaNotability companies articles dinosaur companies there been amount sources that about <SPLIT>  did a directory Can please ,0
 <SPLIT><SPLIT> I  sex a ,1
section ,0
find change name,0
I <SPLIT> sure if this but wondering which OLTL sequences these reasons but would have that site remove again when is restored it probably will at some Thanks,0
<SPLIT> I put section Hill for article  Lets merge this stuff there,0
 <SPLIT><SPLIT> Can please your add a section The list not excessive and gives appearance the U is also May which ,0
not you with edit to you to you will from ,0
you faggots trying to put information for the news organizations get ,1
better here,0
we have crap  <SPLIT><SPLIT> ,1
term Brigade has and does true The Firemaster in instead be and to reflect accuracy,0
Review <SPLIT><SPLIT> is Cookery Book Lady of section can comments the review <SPLIT><SPLIT>      <SPLIT><SPLIT>  <SPLIT><SPLIT> this with tangled two David and her books so you can set me down foodie I blew off Mrs and Aromatics the English Kitchen and if to add instead link that EDs Clarks Thick Biscuits pp of <SPLIT> <SPLIT> <SPLIT>  you she <SPLIT>  cook later description <SPLIT> <SPLIT> Times obituary of Sir 1910 send if your <SPLIT> They for years  named was James think The lived here to ambiguity <SPLIT>  the spaced endashes <SPLIT> Book <SPLIT> for a do considered putting list possibly three columns readers eye <SPLIT> <SPLIT>  la  there an of closing <SPLIT> Modern <SPLIT> inspiration the great Elizabeth David  at point <SPLIT> diplomats wife  I have faithfully original which there Im sure here matter a I think the add the You may like <SPLIT> In the marks should are hyphens with <SPLIT>  marks be doubles <SPLIT> <SPLIT> Courgettes Zucchini  capitalisation really wanted here <SPLIT> <SPLIT> are of but bibliographical of the work in refscitations section They included earlier the but I should be repeated here with the refs add for both editions there too oblige <SPLIT> The to site include the <SPLIT> You either page p your book refs Compare eg 13 and 14 <SPLIT> my mind the bibliographical info for 14 should OCLC for some reason an ISBN <SPLIT> ranges ref 6 and ranges ref 14 should have an endash a and I say the hyphen in ref 7 ought to be endash <SPLIT> 15  page number lacking I this from the British Library after a problem <SPLIT> Ref 16  Spectator should be italicised as the TLS is previous ref <SPLIT> of these are easy but I like to be that suitable are ,0
linked Chieftain ,0
Man you  <SPLIT><SPLIT> spent fucking images fucking biographies onto that had neglected for and you come WTF you Im trying to fucking educated Wikipedia have to the me,1
sure hairy balls,1
Unlike editors have any major stands do it a fiction to compare the political Women to any is and specific articles like treatment in Afghanistan as its particularly exercise andor ,0
unfortunate of did seem have notability ,0
to <SPLIT><SPLIT> Thanks I and more of actions  fine with if they again then contact a  can  at history page click his to he what was really  anything me  it done to at 12  Thanks for your Theo  appreciate ,0
was an such is inappropriate The original details photographers and from intact marks are as whose because in darkness in the it is improved He detail the cannot any even a appears flat unremarkable should flattening just it every photograph Pickford them,0
Tag along with me   <SPLIT><SPLIT> Yeah stop with all that ans spend some time with me im frankly shocked at the way you have been treated in recent days its nothing short of bullying Quite the huggle crap for now spend some time with me,0
is blog personal is near the presumably by  If you a personal  not to stop  If are really the than power of Ralph ,0
get this ,0
deletion <SPLIT> a in concerning this early 2008 Consensus of the that production not enough the  it <SPLIT><SPLIT> <SPLIT><SPLIT> the late December As indicated should be restored recreated with once production began created a article I also notified the admins who and was asked leave a note admins not to delete on my page if would to discuss this with me Thank ,0
agree with this I by SG1s finale years start plot for anyone else All Things feeling about the plot  series it DVD movies that  ,0
 <SPLIT><SPLIT> if get you will dick,1
sucks said,1
are <SPLIT> <SPLIT><SPLIT> IT IS RIGHT ,0
once Valentine and Christopher closeup instead of own this be great ,0
bullshit Bollywood year 36 large There a reference this outcome industry ,1
Notification Lydia Article <SPLIT><SPLIT> <SPLIT><SPLIT> is ALL written <SPLIT> by published httpwwwlydiacanaancom <SPLIT> from me from them <SPLIT><SPLIT> you notification <SPLIT><SPLIT> Many <SPLIT> ,0
 <SPLIT> you whack ass ,1
has book Believe scientists reject Nicks that the puttering with racist and ignorance does believe that is that women are less than shes out there denies the ,0
the a friend of Charles and  He succeeded in his grandmother the Gowrie 1965 he  only 16 time cant any with the Gowrie if the goes back to her  ,0
reference  <SPLIT><SPLIT>  recently a in the Harper al  for  I this using Scholar and the cite to and   <SPLIT> Brownlee T Lyons R  2009 available Lucia Qld CSIRO Livestock van gov pdf Toegang op <SPLIT><SPLIT> understand why changed publisher this is in the document but I do not understand found publication 2009  date is important because source I was old rather 6 If anyone to delete because I  Please I am complaining here I am simply to other are out there for checking reference and perhaps we should checking details provided Google ,0
discussion ,0
page that mention like on doesnt Boeing a that doesnt Palace of Versailles,0
exact may you agree a available a notable be fairly WPMUSICs itself its entirely unwise to pointing this several pages I it take the notability particular that it a group of articles entirely ,0
 <SPLIT><SPLIT> to provide more the which led this Thats productive summary,0
to the the department one  Ive the account get more Ill block them too  Nothing a bunch of computer   the ,0
you are gay,0
traditions if wrong Oh some ,0
I ,0
Fish,0
the from now update It a section of but that others ,0
we this and history of this for should agree to from acid some <SPLIT> missing the point The is that seems be a misconception In my I clear and cite references that some are confused issue say be following make it discovery hydrochloric later see nothing basically dispelling substance is whole right wrong attitude actually out and perhaps the article might have over geber and point out that is likely be true Whats so wrong with this You brush the carpet the are confused this,0
be you are the Inter and to realise they is not prerequisite for Internazionale not ,0
the read Wikipedia rules and ,0
is notable Russian a of you in English please that his be diferently ,0
I highly doubt I would vandalize my own page you noob NoTrack,0
done  <SPLIT><SPLIT>  gray <SPLIT> valignmiddle    <SPLIT>  <SPLIT> stylefontsize 0 height 11em  <SPLIT>  <SPLIT> bordertop gray  behalf the project on second in the contest points from 9 articles ,0
have any better a dick Im flipping bird note tied to Seriously dont know what like section a message youre ,1
Fucking ,1
Springsteen  <SPLIT><SPLIT> Springsteen  <SPLIT><SPLIT> not Just Relax I Am Gonna are only one there Dostum Dostum true dinleyin yeterli it is Katmer iyi kendi sh ue you what to do but do right closer chok yanash come closer given Tuba or Ekinci Tuba Ekinci girl ASLINDA Tughba Ekincide Ekinci yanach bana name my girl true eserler Lena Landrut gibi TARZI eser yapa bilirsin olsun ritm video cd Tughba ghyumushak international beyendighin yap bu kayd ritm kalite TikTok bu tarz iyi kendi istedighim gibi tamam kafa sallamak yok yananash bana gel gel diye girl yanash istedighim gibi uzun SARILIP ve istedigim gibi temiz ama bana kim ALACAGHINI olmazsa ama kendim ALIRIM muhtach deghilim IHTIYACIM yok aynen muhtach deghilim bilmeni istedim birisine chok kin oldu chok kin goez YASHLARINA muhtach deghilim diye of your life come a little bit closer yanash bana true come a little bit closer yanash ilk oence yanash bana sende istedighim YAPARIM istedighim gibi SARILIR ve operim sende sev beni Mjde sende sev beni yoksa ne shimdi nede oelduekten sonra seninde goez YASHLARINA MUHTACIM IHTIYACIM yok siktir yok now you know true you understand sende sev beni yoksa kopmam gerekiyor yanash bana ve yap beni SB kurtarmaya CHALISHIYORUM evlilighini Seher Dilovan Dostu Sildim tercueme etme told you girl tamam vuecut body ZAYFLA biraz iyi olur Sandra Bullock of your movies are terrible no kissing scences and no naked see girl ich dachte Du kannst nur das Wort das kriegen wir schon ich liebe Dich auch und Helga Dich Hollywood Dich there is nothing to lose the model to have it if break this to your husband you have next sex so guys all with your husband him the be by your a with talk him month you him want was terrible is last chance after him you to husband have so is model it your you guys you your about i you later girl to party only the Euch Preis weltweit Mann Mann ich als einzigster in habe Bogen ich aus steht Bipasha Performance IIFA Awards 2009 on on on everybody let us rock the wenn Ihr nach Euch gibt Koerpergroesse Anzugroesse Schuhgroesse vielleicht findet anhieb da ich er es Live it but better Drews girl Sevdim seni de chok sevdim Sevdim Huelya yanash Haketmedim Haketmedim yanash hich yanash beni Avshar 2008 SIKI SARIL bana ve yap beni istedighim gibi you got it shimdi chok bana yap beni control life got one told girl all you of Tik Ayshe possible take it take Umbrella c,0
not the this image noting currently not any that have this  Thank for this image,0
go  quickest theres more US and trademarked is wordmark Theres a for future ,0
didnt know wiki me ,0
MMFA good but not notability there you but MMFA itself is grounds inclusion,0
<SPLIT> became his time the and the student house of Fry By 1986 Fry and had left during it not a a later dwelling,0
first request been done for someone review the potential you help respond and let about the above ,0
Though find a have taken not on adopting it therefore would propagated until it ,0
he found articles for stated the I patronizing it back or apologize,0
 <SPLIT><SPLIT> This needs ,0
links  <SPLIT><SPLIT> <SPLIT><SPLIT> am wondering deleted to documentary <SPLIT><SPLIT> <SPLIT><SPLIT> ,0
is the post resume  <SPLIT><SPLIT> WPNOTRESUME  believe you enough other are journalistic that connected to you are still to potential ,0
 <SPLIT><SPLIT> Jaaa menn suomi Jaaa,0
 <SPLIT><SPLIT> I ,0
the theatrical with question I the part but that questions it and unsourced so guess the Anyway to see ,0
sections  remove them  <SPLIT><SPLIT>  in India  <SPLIT><SPLIT> And will be putting the references article problem with discuss it here first omissions  <SPLIT><SPLIT> 208  the them No no   <SPLIT><SPLIT> It not if unsettles that people throughout if Get you have a problem said that in Egypt Egyptian has a strong component it here You remove it I put it  <SPLIT><SPLIT> shocked when I came this article doing research on another am Egyptian and stunned by the black afrocentric erroneous point of view being presented my and culture why Egypt singled out There been particularly in the past years following the are you cited his not States isnt Americans majority black most to all  <SPLIT><SPLIT>  arrogant there that from mother then is the of father do are confusing with I wrong do have that indicates that mother Sudanese  How can say that there is a in Egypt that I people group as Black review this article  <SPLIT><SPLIT> No have Anwar Sadat confused with I had heard of looked the name and read several news reports where Mostafa Henfy describes himself as being a Nubian Egyptian of Nubian descent He certainly should be to classify himself as black and told what himself as I saw a photograph and appear to based on his physical characteristics My is that you saw with the headlines was Egyptian or Egyptian immigrant which belies the fact that his origins and not representative of Egyptians So if the racial classification changed based on this one individual so now I and other Egyptians do not identify with nor have black characteristics will have to to be able to identify ourselves Personally I would advocate the removal of these classifications They seem very contradictory the United States especially that is supposed to be a colorblind society  <SPLIT><SPLIT> while countries like Egypt and the northern of tend to denounce it entirely whenever possible holding on to Arabic Semitic influences their primary heritage That seems to be what you are doing right now You are denouncing the influence in Egypt and holding on to the notion that the only primary influence in Egypt is Arabic and Semetic Am I to understand that the character of Egypt is of heritage  <SPLIT><SPLIT> many racist organizations have attributed historical achievements in societies to these supposed Caucasoid ancestors in their efforts to deny any black contribution to civilization in the case of the Ancient Egyptian cultu,0
information that south Antwerp IV and corps Sixth as dug the along the 1st 5th 8th divisions the cavalry  the Army XX Corps ,0
changed so easier follow and your comments one in middle <SPLIT> The one you chose cumbersome requires without adding any benefit <SPLIT> I GayNews is wikipedia have not using and <SPLIT> the trial not belong article  <SPLIT> speaking in his here his about what other in other places is relevant to the giving a for his <SPLIT> Again is not relevant and is obvious attempt to political opinions the back door  <SPLIT> Same <SPLIT> I should thing enough to say the lead that hes without going into what thinks of him  <SPLIT> Nableezy Could you a bit on you improvement Why you having click a ref to Shulman then again the actual the link,0
January UTC <SPLIT> know  am information and well finding   ,0
do copy Someone slapped is OTRS You system closer know why this wikidrama assholes lose quickly still you hurry bully the other Again minutes Why does any patience on You the any copy you focused that doesnt like it fuck off,1
<SPLIT> If your and time here <SPLIT><SPLIT>  <SPLIT> <SPLIT> it please ,0
statement on that seem applicable since dont NPOV with article about what it claims seems bit editors agreed this concern as part their votes to delete this voting had of I what was strong substantiate  its the job to with made participating to them a ,0
continue references me this  complaint will be had involvement all war Neither nor other this You seem to  create a bad atmosphere in the your to disrupt the that fringe POVpushingadvocating in the of Krivit B Krivits New Times records between and Josephson in journal think also to there pay a of Parks column any positive can be put on there  on cold fusion clear that I not intend corrected details Fleischmann just have a in ,0
YOU GROIN AREA HAHA     UP YOUR      CANDICE WATTUP,1
clue whats time to the people in this debate here ,0
think here value gives an insight way covered you contains a lot useful information the campaign it ,0
thought working as of whilst in the that London still there being with other offices  <SPLIT> made me been with on occasions the past but took over the battle of Warf my from his was  <SPLIT> Perhaps Torchwood  <SPLIT> Torchwoods do and prisons etc etc run known Jack all is said Maybe strong we should simply he states that Torchwood etc etc,0
hostile  <SPLIT><SPLIT> I to a a days but run a blizzard opposition ,0
me I Deletion tag  I am article,0
the Gilabrand is just also of HagiMalachi,0
not what please clarify     <SPLIT> key think the article the process how do ,0
UTC <SPLIT>  yourselves part please comment to support which The is with sources that of then Some Toumanovas of descent Read the then add man In youre trolling me  1337 ,0
November <SPLIT><SPLIT> there is of an have to having here My only how Wikipedia can that looking for currently be summarized <SPLIT><SPLIT> segments of the OWS movement use discussion <SPLIT> Duplication in ConsensusdecisionmakingHandsignals <SPLIT> Some idiosyncratic these signals only three each of different set and of which uploads from involved secondary <SPLIT><SPLIT> point be single is and the third does be at this time to into Street    ,0
proposal much it would include produced TVAs hors ,0
 <SPLIT><SPLIT> SUCK KORY ,1
Novels ,0
left roughly same the page,0
Hate stupid did if you to a ,1
submission Pravda accepted  <SPLIT>  which submitted to for The been on like look grading scheme the <SPLIT> more than welcome quality  <SPLIT>  If have questions welcome ask at help <SPLIT>  would to us improve please  <SPLIT> for Wikipedia,0
being a dickhead help I bitch boy I like to being ,1
<SPLIT> width to get  1118 4 ,0
far know growing Nova is  Doesnt matter about  to the buy Gundy it it,0
notification  <SPLIT><SPLIT>  <SPLIT> Mriya <SPLIT><SPLIT> let know Featured Picture Police Victoriaedit1jpg make of on get can check caption TemplatePOTD20110302,0
agree on sourced and written Opposition to groups it appears a me and unfortunately more given citation to the emory law article dead Also this claim article on convention well ,0
 <SPLIT> ought wrote this proofread it correct it and ,0
know how in this ,0
haha was  Simple ,0
I that  Maybe an article twice but into topic,0
<SPLIT> The razor is The problem in science method one explanation over not application by experiment given Once experiment entity has no completely unnecessary to it now has a given not one goes to nature to some just principles has a determine  <SPLIT><SPLIT> again is how it dreams luck force is the concocted explanations at describing revealing some sort special the experiment an idea necessity actual observations and experiments are done biases ,0
Now hes added a stub and an infobox Why the fuck does anyone try to write articles here again Templaters need to go work on a goddamn crossword puzzle jigsaw puzzle computer shoot em up or somethingnone of this crud is encyclopedia building No its not administrative the purported recipients of this administration dont exist and never have Its unnecessary page garbage in lieu of real effort At least when Im bored on WP maybe I add an image to an article improve writing or whine at you  Has it gotten worse not the whining I know it has but the pseudoediting or am I just imagining it,0
web employing Google Websites Maps are Wikipedia not directory ground  are unsure the or the verifiability the ,0
view is as contribute of public that contributions of politicians ie The life have by Seneca This if meant anything would imply Seneca were placed where were ,0
caused a lot of  be ,0
state <SPLIT> avoid articles with Please talkMember improvements the article you might at wphelp wpwelcome for more ,0
Hannah you me I have called are bunch and to chocoloate but course in cream delicous I a blonde and not stereotype I like hey here ppl Beauty NEW go I like my favourite Hannah  ans gonna my age here my is haha love music I play piano and my is Go Williams  rock rock lame anyones read lol,0
in article  <SPLIT><SPLIT> submit that article the detriment in a way as volume that the history Jewissh has colored antisemitismsomething which serious student either Japanese  While head most antisemitism than antisemitism  to propose antisemitism of article be split off into the in article where nature of said antisemitism can be explored in more detail and that an only mention this article along a link to the aforementioned antisemitism in Japan  The long antisemitism paraantisemitism in to what in a sidenote in JapaneseJewish ,0
links  <SPLIT><SPLIT> article here the official sites such why as <SPLIT><SPLIT> I intention one see that policy That the is a reliable source standing be obvious well people dont there no an section If to can I not 2007I came by Note I gone to the to that topics for ,0
what said,0
 <SPLIT><SPLIT> we say the It seems more generally and than that has to fact is but that isnt white,0
of the regarded of greatest one not  <SPLIT><SPLIT>  <SPLIT><SPLIT> that the theme II played simple   Jul <SPLIT><SPLIT>    <SPLIT><SPLIT>  <SPLIT><SPLIT> I have about this Spitta   <SPLIT><SPLIT> Spitta born 1841 I guess His in I make  <SPLIT><SPLIT> I bios clear Forkels is I had page I add   <SPLIT><SPLIT>  <SPLIT><SPLIT> as to that Fuge as complete its several noted Bach was finished it just wasnt over posterity  final the Johann Wolff <SPLIT><SPLIT> the choral deinem his is perhaps cited Bach is to alter Ive as it to sorely missed sort it for and different views Art of Well the aftermath <SPLIT><SPLIT>  CPE  <SPLIT><SPLIT> note the comment CPE earned the of This his given the influence his on on of esp with relation Does anyone object small at least <SPLIT> <SPLIT><SPLIT> agree fact when 18thcentury about great CPE not JS <SPLIT><SPLIT>  Bachs birth  <SPLIT><SPLIT> Is March 1685 correct has changing  1220 <SPLIT><SPLIT> Happy to  Johann Sebastians is March  are primary sources  Walther in Lexicon and in genealogy  The of baptism March two after  was uncommonly reliable for was close   <SPLIT><SPLIT>  Therefore was right is March 21   <SPLIT><SPLIT> calendar He was date be appropriate that Julian be a correction    <SPLIT><SPLIT>  it dates should  dates course we indicate both we about Gregorian not therefore should  Wikipedia the   <SPLIT><SPLIT> Gregorian ,0
thanks For I as an assertion provide a addition to was even though likely intended try not a tough time that I have point in the doublespace issue up anyway in can that persons the for now,0
 <SPLIT><SPLIT> sure that  sock using multiple ever blocked a handful  too   <SPLIT> disruptions some of regarding known  would an RfC What do you   <SPLIT> yes I to refactor against   <SPLIT><SPLIT> I hes going one  At to   <SPLIT><SPLIT> the Biff talk page extended to meet in Union Square York City lunch treat  Apparently we  Perhaps work this civil  So far has not enemies list  give it    <SPLIT><SPLIT> <SPLIT><SPLIT> message  removed comments   <SPLIT><SPLIT>   <SPLIT> pump ago  <SPLIT><SPLIT>  plwiki   <SPLIT><SPLIT> Hi Paul <SPLIT><SPLIT> I Ive watched  to you it right an enormous popularity <SPLIT><SPLIT> see you 2006 hopefully <SPLIT><SPLIT> <SPLIT><SPLIT>  address  <SPLIT><SPLIT> of it here      <SPLIT><SPLIT> that agree position  those appropriate for the  threaded comments section     <SPLIT><SPLIT>   <SPLIT><SPLIT> I attempt note that accuse as I edited BD777 of signatories of hard me am     <SPLIT><SPLIT> my talk is to fully  you why vanadalism warnings   going to an ArbCom perspective to look first got vandalism warnings are willing to click the edit and next edit They into the under the diff to figure you are not I have <SPLIT><SPLIT> youve proved your and Yes that is clearly vandalism but no I shouldnt have had to dig for it ask you for it  Has he made any that vandalism warnings sufficient <SPLIT><SPLIT> has not done anything since that rises in my eyes to the level that I would consider banning him indefinitely no     <SPLIT><SPLIT> write that you dont see how this is a rebuke  as you can see by the comment above I wrote please read WPAGF BD777 responds that hes not going to follow WPAGF I ask what we can do to fix the article  he has nothing to say about that Anyone who isnt trying to d,0
intimately familiar Wikipedias  there have contributed believe Wikipedias I absolutely in of you identifying them working correct  up tag ever I  arbitrary resume pages are well constructed and resourced individuals guidelines encyclopedic account  If there is a sentence demonstrates anything identify it  for entry as factual   is other a  I POV and login up for page Ive ,0
good form <SPLIT><SPLIT> Citizens of the they Earth world Vietnam Cambodia Iran Federation Venuzuala will What happens Wisconsin means Uzbekistan M72  <SPLIT><SPLIT>  I see you commenting that,0
hE DIDNT DESERVE 2 DIE,0
cross posted from my <SPLIT> they Japanese in origin article ENGLISH the form of to their in English be romanization name in game be place in this case because versions of the is romanization and story also Katakana doesnt belong provides no to English Romanization it that Since romanizing from title the and the meaning why is show how estimate the in article Go Japanese all katakana want I   <SPLIT> ,0
SoulCalibur V  <SPLIT><SPLIT> Yes I know that most blogs are not a reliable source you stupid troll I own the game and since I cannot cite myself httpwwwvideogamesbloggercom20110727soulcalibur5characterslistps3xbox360htm is a decent site and if you actually went there then you would have realized that for yourself,0
MONEYSTAY FROM <SPLIT><SPLIT> OVER HALF PLACED I HAVE BEEN LOST THE CLEAR THIS THEY ARE YOU LOSE PICKS WRONG THEY NEVER ME THE GOOGLE THEY A PENNY THIS SITE IF YOU DO WHAT THEY AND HAVE WINNING THE GUARANTEE YOU IN ITS THATS PER AND I DIDNT REFUND GOOGLE THAT EVEN CLOSE THE TIME AS MUCH AS LOSE A BETTER OFF AND BUYING LOTTERY TICKETS AND SCRATCHING THEM OFF SIMPLE MAKE YOUR DO OWN BECAUSE THESE GET THERE INFO ITS WRONG BE THIS SAME COMMENT BLOG TO WARN STAY FROM THIS SITE AND DO ADVICE FROM THESE DONT NO A STOCKS IF THEY DID WOULD HAVE MONEYTHE ONLY THING I HAVE DONE TAKING TRADING ADVICE FROM ,0
been  <SPLIT><SPLIT> has needs to fix it would I dont ,0
 <SPLIT><SPLIT>  <SPLIT><SPLIT> discovered a with  was W Street View shows church that Mount Olive Baptist  View shows this and but apparently ,0
badly soft  <SPLIT><SPLIT>  at this them ,0
interest  <SPLIT><SPLIT> John an edit his is written in encyclopedic hes Im simply of the time clean up tagging and leaving a ,0
task force  <SPLIT><SPLIT> Here for the <SPLIT><SPLIT> <SPLIT><SPLIT>  <SPLIT> for  <SPLIT><SPLIT>  <SPLIT> Thanks,0
 <SPLIT><SPLIT> This to indeed increase it  for people first posts   with silly messages usually to  block you I wrong but you should be aware youll probably have less opportunity cause trouble other new users your notes kind a guess,0
WTF,0
here of various sources colonists to  directly challenging of are always new settlers not those who ,0
Tax <SPLIT> Ezhava  should pay tax use or ghosha,0
adding you did Helen It considered vandalism like to ,0
 <SPLIT><SPLIT>  <SPLIT><SPLIT> 21 in USA <SPLIT> ,0
topic wikipedia to There are the external ,0
I really taking that  of me as a nut thats  on the  That puts of my kind to the  is  At children things,0
number have provided did the standard To the that OBVIOUS,0
dude  <SPLIT><SPLIT> surname is as mocks and <SPLIT><SPLIT> the should be not she,0
just female buttocks its ,1
 <SPLIT><SPLIT> Thanks Have a and bless,0
 <SPLIT><SPLIT>          24     <SPLIT>  <SPLIT>     3                                   <SPLIT><SPLIT>                                            <SPLIT>            <SPLIT><SPLIT>                      <SPLIT><SPLIT>                                             <SPLIT><SPLIT>                                                     <SPLIT><SPLIT>                                         ,0
<SPLIT> the and cited verification that Herring Herring point makes absolutely clear no obligations to the it does for again a asked to make what them it sounds lot more like is some of with them that he is wait out and thus a courtroom than he entirely part of the organization the still a current fighter it that this case,0
 <SPLIT><SPLIT> UnblockI file blocked Goodbye wikipedia were is the best admin a stupid ,1
Zahirul <SPLIT><SPLIT> President <SPLIT><SPLIT> Foundation,0
 <SPLIT> The  good article should contain not than 6 should linked makes sense dropped This ,0
for  <SPLIT><SPLIT> to be the this  I am notifying the discussion ,0
message the page refrain  It is considered vandalism  like to experiment ,0
not on the Thanks    2005 ,0
Mark was while now still to do a episode Not at all,0
<SPLIT>  <SPLIT>   <SPLIT>  IP has been blocked Wikipedia response to of address in <SPLIT> an    block   ,0
page <SPLIT><SPLIT>  <SPLIT> Airlines    the official name is no to the Olympic the name The other the Disambiguation is which anyway If page should Macedonian Airlines a notice the top directing MAT Macedonian that,0
On The  <SPLIT><SPLIT> sales at  <SPLIT><SPLIT> httpwwwhondacentercomEventDetailsaspxEventID585 <SPLIT> httpwwwbokcentercomdefaultaspbok227objId600 <SPLIT> <SPLIT> <SPLIT> ,0
increased length a week opinion of editing this would a than that but also few in the may nowhere you of from person welcome to will consider such range etc The editor who ,0
is a of  known as as by arbitration ,0
been new Severloh  The criticism  it  integrated the casualties section this  feel amend I dont should altogether as his are out be article beach ,0
is stupid <SPLIT> fucking <SPLIT>   is <SPLIT>   stupid <SPLIT>   Vianello fucking <SPLIT>   Vianello is stupid <SPLIT>   <SPLIT>   Vianello is <SPLIT>   stupid <SPLIT>   Vianello fucking <SPLIT>   is <SPLIT>   <SPLIT>   Vianello is stupid <SPLIT>   Vianello is fucking <SPLIT>   fucking <SPLIT>   <SPLIT>   stupid <SPLIT>   fucking <SPLIT>   is <SPLIT>   is fucking <SPLIT>   <SPLIT>   Vianello is stupid <SPLIT>   <SPLIT>   fucking <SPLIT>   fucking <SPLIT>   fucking stupid <SPLIT>   is fucking stupid <SPLIT>   is <SPLIT>   is <SPLIT>   <SPLIT>   Vianello fucking <SPLIT>   is fucking <SPLIT>   is <SPLIT>   is <SPLIT>   Vianello stupid <SPLIT>   <SPLIT>   <SPLIT>   fucking <SPLIT>   <SPLIT>   Vianello stupid <SPLIT>   Vianello is <SPLIT>   stupid <SPLIT>   <SPLIT>   <SPLIT>   stupid <SPLIT>   <SPLIT>   fucking <SPLIT>   <SPLIT>   <SPLIT>   is <SPLIT>   <SPLIT>   <SPLIT>   Vianello <SPLIT>   stupid <SPLIT>   Vianello is <SPLIT>   fucking <SPLIT>   Vianello fucking <SPLIT>   Vianello is fucking stupid <SPLIT>   Vianello fucking stupid <SPLIT>   Vianello is <SPLIT>   stupid <SPLIT>   stupid <SPLIT>   Vianello is stupid <SPLIT>   Vianello is <SPLIT>   Vianello <SPLIT>   Vianello <SPLIT>   Vianello is fucking <SPLIT>   stupid <SPLIT>   Vianello is fucking stupid <SPLIT>   Vianello is stupid <SPLIT>   Vianello is stupid <SPLIT>   stupid <SPLIT>   is fucking <SPLIT>   <SPLIT>   is <SPLIT>   Vianello <SPLIT>   fucking <SPLIT>   <SPLIT>   stupid <SPLIT>   is stupid <SPLIT>   Vianello is fucking <SPLIT>   Vianello is <SPLIT>   Vianello <SPLIT>   stupid <SPLIT>   Vianello is fucking <SPLIT>   is fucking <SPLIT>   Vianello fucking stupid <SPLIT>   is fucking <SPLIT>   <SPLIT>   is <SPLIT>   <SPLIT>   is fucking <SPLIT>   stupid <SPLIT>   is <SPLIT>   <SPLIT>   fucking <SPLIT>   <SPLIT>   <SPLIT>   is stupid <SPLIT>   <SPLIT>   <SPLIT>   Vianello <SPLIT>   <SPLIT>   is stupid <SPLIT>   is stupid <SPLIT>   is stupid <SPLIT>   stupid <SPLIT>   fucking stupid <SPLIT>   Vianello is fucking stupid <SPLIT>   Vianello is stupid <SPLIT>   stupid <SPLIT>   is stupid <SPLIT>   Vianello fucking stupid <SPLIT>   is fucking stupid <SPLIT>   is fucking stupid <SPLIT>   is stupid <SPLIT>   Vianello <SPLIT>   is <SPLIT>   fucking stupid <SPLIT>   is stupid <SPLIT>   Vianello is fucking stupid <SPLIT>   Vianello is <SPLIT>   Vianello <SPLIT>   Vianello <SPLIT>   is <SPLIT>   <SPLIT>   fucking <SPLIT>   <SPLIT>   Vianello is fucking <SPLIT>   <SPLIT>   <SPLIT>   <SPLIT>   <SPLIT>   <SPLIT>   is <SPLIT>   <SPLIT>   is <SPLIT>   Vianello <SPLIT>   ,1
Trying own of interest job ahead report get ,0
is of popular section  At best makes and even then in a is irrelevant virtues  seems entirely  This ,0
Vandal  <SPLIT> drop warn  Oklahoma University and Id to his IP ,0
assure just say my more clearly than yours minutes  comments specifically much civility editors targetting comments violate a very purposeful Wikipedia policy,0
<SPLIT> i a good source,0
from  <SPLIT><SPLIT> for keeping   to keep touch,0
Sources  <SPLIT><SPLIT> are verify claims Wikipedia articles be as per regarding WPRS <SPLIT><SPLIT> with have been demonstrated to citations whatsoever is acceptable,0
 <SPLIT><SPLIT> your retarded,1
I to put will go areas of the ,0
afds  <SPLIT><SPLIT> PUPPET MASTER <SPLIT><SPLIT> TIPTOETY IS GAYYYY,1
salt deyn bir <SPLIT><SPLIT> da ikamei ,0
story true and I can your secure in the future,0
from pages explanation with this edit rivalry If continue to will blocked ,0
you   <SPLIT><SPLIT> Send pic of boobs jk for real,1
Work <SPLIT> Theres his work in <SPLIT> I was Team the 90s the he on ,0
of <SPLIT> BG just why remove the the Engineers is Just Thanks the best,0
 <SPLIT><SPLIT>  Please into those at Adolf a and of jokes other being editing  Ive deleted and ,0
understand where its a the song Yes says and I in the This what bible thumpers pillage in order get they under the Christianity ,0
 just as  you like know     <SPLIT> saw   <SPLIT><SPLIT>   <SPLIT><SPLIT> I the problem with  a <SPLIT><SPLIT> you me not a lot     <SPLIT> No Time off As you maybe guessed the barnstar take a ,0
thing  in several used wear the singing A Red Cloth performing  Cui Jian or  Matusitz we seems all too definite I wondering wrong,0
of  <SPLIT><SPLIT> my first have it  I that it stand any longterm of staying  goes and the ,0
February <SPLIT> Google not interesting and Super Tuesday NO except few others  junk especially of article users  of whom are be Tuesday Destiny  information   ,0
toughts incorrect claims all associated it In Peru they and Bolivia have rights upon the its claim dance UNESCO has Carnaval de of but anything about the or music,0
iPad whatever that is and Sex Pistols I rest my case,0
to Nigeria having all of ,0
weener weener weener weener weener weener weener weener weener weener weener weener,0
needed  <SPLIT><SPLIT> editor American appreciate into the over the conservative support President in image Barack Obama ,0
not what it is place to Bengaluru  not even a official name like other India redirect to what sort face who unaware primeminister elected do we wait name wikipedia till most English speaking to know about ,0
many with like  is more due of being the  the that intellectually  to than ,0
2005 <SPLIT> saw your completed the merger Ive Ramyakrishna former  4,0
lecture  am entitled opinion  <SPLIT><SPLIT> I the let  dont  know it,0
FUK IT FRIEND,1
wanted <SPLIT> <SPLIT>  <SPLIT> colspan2 <SPLIT>  <SPLIT>  <SPLIT> serving as the wikipedianinresidence Archives June One of goals as is work improve content about people held the  most of these scientists roles within the andor I thought like to are interested the sciences here dive and our Feel free the of course if your at will receive Thanks for interest ,0
<SPLIT> I you citation tags the after them user in to push the the removes simply step their campaign user has taken POV the   <SPLIT> info dont to encourage a disruptive editor in axegrinding interest in his agree with on this particular edit dont think its to add Gaelic names which dont them either in or current social use of language That would the province of the edition Wikipedia edition I am in way that description  I dont know or doesnt  but the whole point of asking for a reference it it be within the say of reference the name is and transliteration there no on add a relative been town recall any or hearing used thats worth <SPLIT> short than names theyre to be a themselves if speakers articles     <SPLIT><SPLIT> Chiswick warning notice <SPLIT> I by warning of you in notable section of exactly expect should or the  local None have  nor inserted that reason I know standard but must importance of the residence of all notable folk is of major importance you think you have gone bit over top in this would to see the notice please   <SPLIT><SPLIT> Hi of notables is particularly long background all just These are to edits It course to expect article to carry reference but a this needs backup  in every article which it a fundamental part of Wikipedia please WPATT Its not necessary to insert a warningcontribution request tag if the isnt getting out of hand or the information is known by common but start to somewhat regulated long as hopefully compare with TalkBow about the same A excellent work in to sourcing in that another area of the     <SPLIT><SPLIT> Thank you The Bow both approach the for I to Chiswick are <SPLIT>  on the should have a line to itself a note of reason for its inclusion This or someone else to add to each line a separate request for citation if needed single whallop of a vandalism to be more spotted is much to been mentioned in the ,0
is not concerning ,0
Re LMNOP party  <SPLIT><SPLIT>  The fuck I just copied and pasted that into Google and my User Page is right at the top Im not even sure what LMNOP is Although it appears you created the article and had it speedily deleted still doesnt explain why my User Page comes up,0
should probably looks like To do to go making of and what the were In fact time that scene with jumping like the was piece film,0
its 30th I Suck ,1
the Museum French use whatever modern sources ,0
Indeed ,0
with ,0
it likely and linguistics  Brief of issue hand article be a     signature  on though  to reach consensus  I well by  not after a serious the and reach  I think an RFC keep the ,0
Financial <SPLIT> Hi rather and summaries the go for now to avoid or you threw the baby goes and addressed  <SPLIT> 1 First housekeeping  removing cites they included copyright tags simply doesnt make Pertinent should be those tags <SPLIT> More importantly however that Rfc I agreed number But that I think inaccurate at all say York termed called or if supposedly properly  <SPLIT> ,0
sainthood be for hoaxing wood layer which allows sun bleaching  ,0
Just destroy the city <SPLIT> God your city sucks What city has a mall with nothing in it except for a CVS I went there during the summer in AUgust and sawlike 6 people walking around in Downtown Just kill me if I ever move there,0
german  <SPLIT><SPLIT> traitor money bastard ,1
seasonyes Africayes,0
dumb ,1
 <SPLIT><SPLIT> is ,0
<SPLIT> solid 084080 backgroundcolorF5FFFA color000000 <SPLIT>  backgroundcolorF5FFFA <SPLIT>  Welcome to Thank for  to this encyclopedia If you that you help out me  or  on your question Please sign talk by using four   shown do always field some Happy ,0
clearly a representative to the  On you point out for government to its meaning effect  that it a super majority houses of then by the state so it is pretty for be ,0
respected a probably Humphrey coy to that directly would say not or the in Everyone of any that he was very devoted Isabella but has different side ,0
the list as,0
for ,0
the some are in list that does Manga <SPLIT> If didnt say so at  You left a message  you be excused <SPLIT> What anything do  change  Your  real there articles  No  that the manga famous films on the that number of languages the in  Because used tried popular enough to are <SPLIT> If you at film specifically from or of you would these films that have something say about Hitler either from an interpretative historical <SPLIT> by chance that manga comic Disneys   The is a very serious  read it  in <SPLIT> question whether was a or had only one ball conspiracy theories <SPLIT> told the that article it  There that onequarter Jewish grandmother Schicklgruber while as a a Jewish household  It not something you can in tabloids although the is now proved to be true,0
to the an idiot youre referring as being Dorchester is and part Boston is suburbs Why dont you down here out,1
TalkUSS ,0
Good just assumed they will it Thanks,0
way systematic is      <SPLIT> <SPLIT><SPLIT> Not an article is it,0
<SPLIT> To to here articles name seems odd This going merger and if there no or should be ,0
word  <SPLIT><SPLIT> <SPLIT> Ivan sometimes Ivan media <SPLIT> of weasel dont verbatim think sentence if not ,0
have about  <SPLIT><SPLIT> While Paterno of legal by grand jury7 victims for be brought for not contacting the himself <SPLIT> What I dont understand What McQueary you call against you it then witness of I would argue the has a because the witness something happened person the and only of witness  <SPLIT> there Paterno targeted and is information about McQueary used media talking has Does I why would even to charges would that witnessing crime without especially a crime punishable by a slap ,0
the Russian  <SPLIT> Excuse your something is on the Wikipedia where were collecting of users as solidarity towards Russian Wikipedia your Best ,0
 <SPLIT> Please do not links Wikipedia Wikipedia is links nor be for promotion  links not limited links personal sites and links to to a promote  See for that  If you the link the article then on  readding See page learn Thank ,0
history  <SPLIT><SPLIT> of fulani people state  muslim also commarce of is and ,0
Cameroon Ancestry Falsehoods <SPLIT> Unfortunately  a lot of one drop rule bloggers have started an unsubstantiated rumor that CL is African and has Cameroonian ancestry His own statement about race via a racist incident was published May 8th 2012 in the Sunday Scotsman <SPLIT><SPLIT> One day he was out with a friend in leopard with high heels who was halfSpanish halfVietnamese Louboutin who was going to pee my pants used a restaurant toilet <SPLIT><SPLIT> The staff went crazy he tells me One guy grabbed my friend by her hair and started calling her a little bitch I took my fist to him and he screamed Dont you dare touch a white guy or Ill crush your nose even more flat than it is I wasnt in a black or mixed race family so I had no experience of racism But still I was different He was so young at the time What did he do For a few days I wanted to go back there and kill them he admits I was full of anger <SPLIT><SPLIT> Please refrain from tagging someone as Black or any race they are NOT unless you have documentation,1
<SPLIT> I know why Ravera A short at webpage listed source would bio you that the Britannica sources articles even day good work,0
songwriter  <SPLIT><SPLIT> any or songwriter Wikipedias a words music  evidence ,0
Zealand <SPLIT> Please read I to up of If want to moan of who created them,0
working SEO   Cricket  Soccer many year in has marketing expert lengthy from 2year I and set out all aspects business <SPLIT><SPLIT> Mosamkar campaign personally and every counts,0
 <SPLIT><SPLIT> just wanted comment must You started with even be viable You a tool cannot imagine where it is newspapers Wikipedia an the online Acknowledging feel a Wikipedia asskissing suppose ya ,0
thats Its Wikipedia article does say only discussed anal is that should between practice all ,0
I it on sorry error not a likely for community,0
the  <SPLIT> beard Who are kidding sense Even biggest nations reach USA There solve news a  a to American another half 1000 thousand small collapse attack center are targets about ,0
<SPLIT> Regarding What Which for I find the ,0
condescension You call Wladyslaw insult for preference Ladislaus your is is not of speakers say havent is superior more because vary but Polish not Why Why should I that argument You attack my arguments as based but yours Why just pick variant and Polish The the English is though is how pronounce be viable exist Your user know at address point make ,0
point I didnt European vs By your would be locally today international precisely to makeget ,0
cant article  disgusting ,1
<SPLIT> Ive used have fair rationales should be ,0
 <SPLIT><SPLIT> Hi just know the of UK at was rather above category added your     2005 1855 ,0
<SPLIT> PLEASE leave the there I no be and delete is a and just there interesting see it HMM I hope that is the PLEASE until list is ,0
the an see this all where from economics heavily vido charge of  of ,0
<SPLIT> the currently misleading Van Rensselaer surname <SPLIT>  Printing Chapter  Rules Rule such capitalizedbut usageshould be <SPLIT><SPLIT> not overlooked page is a 100 contradiction rather strange coincidence degree that government page which citation clearly mentions a certain that happens to in article As I stated the 3O because a see he changed <SPLIT> Van Rensselaer 2102     talk  contribs List with Rensselaer <SPLIT>    Henry <SPLIT>    page figure sources Van American <SPLIT> log   Kraxler talk  page Philip <SPLIT>   Kraxler  Philip S S that <SPLIT>  Strangely enough this shows BUT just copied HERE there <SPLIT> dismissing  does really have be an post I PERSONALLY MAKE of following bit  <SPLIT> 24 Kxxxxxr talk    8360 183   quite misguided uncalled  <SPLIT><SPLIT> of form become commonplace extent Does proper form edit comment no longer a researcher that facts is most defiantly interested and little red links way encouraged a have to article so eager every I with it is pointed out comment <SPLIT> log   Kraxler  contribs moved page Hendrick K Hendrick K Rensselaer I this moved around a bit more since none of the far mentioned the article actually state name <SPLIT><SPLIT> Lo and the Schenectady article to cite his name in the 3rd paragraph The history will show that it was not put there the point Though I mistakenly 2nd paragraph Admin board <SPLIT><SPLIT> I would bet day being blocked neither Kraxler  has ever had any meaningful input Anthroponymy page before 3 weeks ago than another a list <SPLIT><SPLIT> Shall I go into detail how it physically Rensselaer properly capped as stand alone has inherited that surname came from one progenitor how they were of a church that got guidance from the Netherlands and not the British crown meaning this about Anglicized names does not apply here  <SPLIT>    <SPLIT> from a newbie <SPLIT> from experienced reversing a DAB and no for articles <SPLIT> 1559 24  m   0   Van Henry this is given in <SPLIT><SPLIT> editor should proud of the they created I really must why have have had edits any nitpicking a <SPLIT> 24 December talk    bytes   Kraxler moved Rensselaer to Henry Bell Van Rensselaer over ,0
shots  <SPLIT>  serial Commons Wikisource and on Hindi Wikipedia blocked or persists reinstating images of revolutionariesfreedom Ive of where appears to that you then to eg Ram Prasad photos of these shots revolutionariesfreedom and have only found way out of that they first long after the death Indian says that photographs of public after the date on which were <SPLIT><SPLIT> a but I hope makes sense,0
 <SPLIT><SPLIT> does not Port is located ON  and body is also also talks not there anymore but to mention is forest industry perhaps,0
RhythmLead  <SPLIT><SPLIT> do that plays Alex on and have multiple videos plays the lead I can defined as ,0
Criticism pretty clearly just written several students  to be completely removed,0
PLEASE OH PLEASE DONT BLOCK THE GUNIT PAGE I BEGTH U SIR PLEASE KI JUST THINK GUNIT IS BULLSHIT SO AS SOULJA BOY,0
<SPLIT><SPLIT> and welcome  appreciate contributions but  the not our  on acceptable additions like experiment please do in the sandbox in <SPLIT><SPLIT> If you still questions there is a new help you can helpme below will be  also introduction to <SPLIT> The <SPLIT> pages <SPLIT> <SPLIT> and a  on tildes  will automatically free note  welcome,0
old repository  <SPLIT><SPLIT> Some some <SPLIT><SPLIT>  <SPLIT><SPLIT>  history link to the have  <SPLIT>   <SPLIT><SPLIT>   messdivlist   <SPLIT>   var  <SPLIT>     <SPLIT>       <SPLIT>     linkappendChild   <SPLIT>      wgServer   titleUsertalk   <SPLIT> <SPLIT>         <SPLIT>     ,0
believe was at not with ,0
a testimony Yeshua messiah the ,0
Phillips just idiot ,1
agree 100 than mine should you write to rectify ,0
argument some sources the importance of ,0
 <SPLIT><SPLIT> edits to Brookville please external normally of other words inappropriate use links in way one internal wikilinks you,0
are aware the fixed the good ,0
proposal  <SPLIT> is as distribution shouldnt too hard two the main name use Any    <SPLIT> thing about other called generalised documentaion R is not the referred see   these what Kapteyns for a  but this should    <SPLIT><SPLIT> recently find distribution either name page  Since distribution redirects to we merge these two generalized with a generalized distribution  Then we can comment in the text the Kapteyn  to about other normal distribution  the page the distribution template    <SPLIT><SPLIT> the generalized referred the documentation cited  not the distribution case also the literature reference the 1990 paper the distribution in the R I find the Hoskings on  sense generalized lognormal normal  the  can    <SPLIT><SPLIT> ,0
Wikiproject  <SPLIT><SPLIT> just or its Wikiproject Go lets discuss think there because the of some yugiohrelated articles you ,0
concur  Peitru of Arabic would a approach that benchmark more less clear particular  examples I as avoiding I think objections poorly founded,0
good the wikified articles the used gave a article leanto tagged as an  have deorphan part wikifying find the similar deorphaning incoming that I care of both at once for me happiness is being maintenance tags  explanation of how WPOrphan a but way is and a the article its hit the you can add to Adirondack I a Leanto a section with deorphan article its not Have and all the ,0
something dont source making <SPLIT> saying and if you the racists I The is project and policy government and various NGOs crying this Protocols is <SPLIT> ,0
<SPLIT>  width100 mozborderradius12pxwebkitborderradius12px <SPLIT> 50 solid  backgroundcolor <SPLIT>  width100 <SPLIT>  and Wikipedia <SPLIT><SPLIT>    <SPLIT>  <SPLIT>  width100 stylebackgroundcolor <SPLIT> 50 border0 verticalaligntop <SPLIT>  cellpadding2 backgroundcolor <SPLIT>  <SPLIT>  <SPLIT>  <SPLIT> stylecolor000 <SPLIT>  Introduction <SPLIT>  The five pillars Wikipedia <SPLIT>  How to a <SPLIT>  <SPLIT>  <SPLIT>  <SPLIT>  <SPLIT>  stylecolor000 <SPLIT>  Table of <SPLIT>  directory <SPLIT>  <SPLIT>  <SPLIT>  <SPLIT>  stylecolor000 <SPLIT>  to an article <SPLIT>  Style <SPLIT>  <SPLIT>  <SPLIT> 50 border0 backgroundcolor <SPLIT>  width100 styleverticalaligntop backgroundcolor,0
G  <SPLIT><SPLIT> remember correctly that G during raid by  <SPLIT><SPLIT> that fact section <SPLIT><SPLIT> Thanks,0
many sources is and some that Syrian and this it is source  Syrian confirms SOHR Syrian opposition While neutral and source have said this a twitter Magnier of a international correspondent agency ,0
YOU YOU FUCK FUCK BITCH FUCK YOU BITCH YOU BITCH YOU FUCK BITCH YOU FUCK BITCH YOU FUCK YOU YOU YOU BITCH FUCK YOU BITCH BITCH BITCH FUCK YOU BITCH YOU YOU BITCH FUCK YOU BITCH FUCK YOU BITCH FUCK YOU BITCH FUCK YOU BITCH FUCK YOU BITCH FUCK BITCH YOU BITCH FUCK YOU BITCH YOU FUCK YOU BITCH FUCK YOU BITCH YOU FUCK BITCH YOU BITCH FUCK YOU BITCH FUCK YOU BITCH FUCK YOU BITCH FUCK YOU FUCK FUCK FUCK YOU BITCH FUCK YOU FUCK FUCK YOU BITCH YOU FUCK BITCH FUCK YOU FUCK BITCH YOU BITCH FUCK YOU BITCH YOU BITCH YOU FUCK BITCH FUCK YOU BITCH FUCK BITCH YOU FUCK BITCH YOU FUCK BITCH YOU BITCH FUCK YOU BITCH FUCK YOU BITCH FUCK YOU BITCH FUCK YOU BITCH FUCK YOU BITCH FUCK YOU BITCH FUCK YOU BITCH FUCK YOU BITCH FUCK YOU BITCH FUCK YOU BITCH FUCK YOU BITCH vFUCK YOU BITCH FUCK YOU BITCH FUCK YOU FUCK BITCH YOU BITCH FUCK YOU BITCH FUCK YOU BITCH FUCK YOU BITCH FUCK YOU BITCH YOU FUCK YOU BITCH FUCK YOU BITCH FUCK FUCK YOU FUCK YOU BITCH FUCK YOU BITCH FUCK YOU BITCH FUCK YOU BITCH YOU BITCH FUCK YOU FUCK YOU BITCH YOU YOU FUCK YOU BITCH FUCK YOU BITCH FUCK YOU BITCH FUCK YOU BITCH FUCK YOU BITCH FUCK BITCH YOU YOU YOU BITCH FUCK BITCH FUCK BITCH YOU FUCK FUCK FUCK BITCH FUCK BITCH FUCK YOU YOU BITCH FUCK YOU BITCH FUCK BITCH FUCK YOU FUCK BITCH YOU YOU BITCH BITCH FUCK YOU FUCK BITCH FUCK BITCH FUCK YOU FUCK BITCH FUCK BITCH YOU FUCK BITCH FUCK YOU FUCK BITCH FUCK YOU BITCH FUCK YOU BITCH FUCK YOU BITCH FUCK YOU BITCH FUCK YOU BITCH FUCK BITCH YOU FUCK BITCH FUCK YOU BITCH YOU BITCH FUCK YOU BITCH FUCK YOU BITCH FUCK YOU BITCH FUCK YOU BITCH FUCK YOU BITCH FUCK YOU BITCH vFUCK YOU BITCH FUCK YOU BITCH YOU FUCK BITCH YOU BITCH BITCH BITCH FUCK YOU BITCH FUCK YOU BITCH FUCK YOU BITCH FUCK YOU BITCH FUCK YOU BITCH FUCK YOU BITCH FUCK YOU FUCK BITCH YOU FUCK YOU BITCH YOU BITCH FUCK YOU BITCH FUCK YOU BITCH FUCK YOU BITCH FUCK YOU BITCH FUCK YOU BITCH FUCK YOU BITCH FUCK YOU BITCH FUCK YOU BITCH YOU FUCK BITCH YOU BITCH FUCK YOU BITCH FUCK YOU YOU FUCK YOU BITCH FUCK YOU FUCK BITCH FUCK YOU BITCH FUCK YOU BITCH FUCK YOU BITCH FUCK YOU BITCH FUCK YOU BITCH FUCK YOU BITCH FUCK YOU BITCH FUCK BITCH FUCK YOU FUCK YOU BITCH YOU BITCH FUCK BITCH FUCK YOU BITCH FUCK BITCH YOU FUCK YOU BITCH YOU FUCK FUCK YOU BITCH FUCK YOU BITCH FUCK YOU BITCH FUCK YOU BITCH FUCK YOU BITCH FUCK YOU BITCH FUCK YOU BITCH FUCK YOU BITCH FUCK YOU BITCH FUCK YOU BITCH FUCK YOU BITCH FUCK YOU BITCH FUCK YOU BITCH FUCK YOU BITCH FUCK BITCH YOU FUCK BITCH BITCH BITCH YOU BITCH ,1
v  <SPLIT><SPLIT> humble far too given to Strike this  forgotten a years <SPLIT><SPLIT> The that University has accomplished needs to be expanded  was the Schools are merely listed little of past ,0
bvgj bgfml  ,0
that ,0
is academic that  110 ,0
Gigantic penis listed at Redirects for discussion  <SPLIT> An editor has asked for a discussion to address the redirect Gigantic penis Since you had some involvement with the Gigantic penis redirect you might want to participate in the redirect discussion if you have not already done so     <SPLIT><SPLIT>  Huge penis listed at Redirects for discussion  <SPLIT> An editor has asked for a discussion to address the redirect Huge penis Since you had some involvement with the Huge penis redirect you might want to participate in the redirect discussion if you have not already done so     <SPLIT>  Huge cock listed at Redirects for discussion  <SPLIT> An editor has asked for a discussion to address the redirect Huge cock Since you had some involvement with the Huge cock redirect you might want to participate in the redirect discussion if you have not already done so     <SPLIT>  Huge dick listed at Redirects for discussion  <SPLIT> An editor has asked for a discussion to address the redirect Huge dick Since you had some involvement with the Huge dick redirect you might want to participate in the redirect discussion if you have not already done so     <SPLIT> Deleted RfD notices <SPLIT> Looks like the RfD notices got deleted  Just wanted to make sure you were aware that these valuable redirects you created were in danger of being deleted,0
definitely environmentally city  The is green in color  Hong Kong a pollution we need question more,0
of 1984 States,0
up absolute idiot,1
 <SPLIT><SPLIT> from <SPLIT><SPLIT> I have same the whole lede there  <SPLIT> we the simplex for that meaning    <SPLIT> we know like the they world additional on    <SPLIT> lede is even   <SPLIT> Please which    <SPLIT> I would with   that without arising is  <SPLIT><SPLIT> part,0
already mortgage linked the one those link is In addition linked WP conform guidelines to generally if violate guidelines,0
text by do have Keers and it do so quoted Keer and so has removed statement says that clemency in has  pernicious cocktail a Punyas edits to looked it,0
Margarets  <SPLIT><SPLIT> new are What you right now,0
log  <SPLIT><SPLIT> one concerning Is there to with instructions templates,0
Talk200102 ,0
awesome,0
surviving coins reign This is not assumption it far likely never he did is upon and say the books werent by the ,0
2 3 and had children  be relatives perhaps children of  know niece  appears and children ChoicesChanges,0
2007 <SPLIT> above expired but here Thank 2148 ,0
November <SPLIT><SPLIT> Surely of subject of an made her and It happened otherwise has article no one is Nigella ashamed ancestry Thanks    1724,0
removed the challenges I have the info what and not to make it pitch it be further please me am I cut more was to ,0
look a I dont she to be Shes just storyline theres info about her to Jade from Inside Soap be though Im going to Mark ,0
needs to nigger  I think that the word neutrally and in solidarity,1
questions  <SPLIT><SPLIT>  to about 6070 commons tagged way am create my citys network network pics of antennas a their the upload will no hell ill one were remember album ask if any think i enough article to a FAC its though  <SPLIT><SPLIT>  i read your rules so what i do to prevent i mean yeah well besides the bulletinyourhead I mean yeah i edit any   <SPLIT><SPLIT> thanks in ,0
Club  <SPLIT><SPLIT> The that name to Indian League website is what called technically Chennai a we sources say and those sources say Chennai Cheers,0
 <SPLIT><SPLIT> Siege seems be name so probably be mentioned if title an tv radio newspaper it Here sites too <SPLIT><SPLIT>  <SPLIT>  <SPLIT> <SPLIT> <SPLIT> News <SPLIT>  <SPLIT> ,0
Communications <SPLIT> has Allot it speedily from This done the speedy the to only a company product group and would become an Please read general criteria deletion particularly well guidelines spam  <SPLIT><SPLIT> If indicate subject may do this please add  top of and a on talk explaining your not speedy tag the that make it as well as reliable to ensure the any ,0
is whoreDyanflow whore ,1
I frequently broadlyagreed  requesting them as not sources support Remember  are here talking about the ideology de regime in ,0
for the Eds I saw where hes for admin needs and have Plus hurting himself ,0
is gay wiener,1
745 to Massachusetts Authoritys <SPLIT>  Gregory ,0
 Carlos Alberto ,0
image  <SPLIT><SPLIT> we a of of Peters if we want a Latin ,0
with  <SPLIT><SPLIT> Hi with  I ,0
agree difference quite significant Furthermore articles provide to is no if not,0
styletextalign <SPLIT> colspan9UEFA record <SPLIT>  <SPLIT> Year <SPLIT> <SPLIT> <SPLIT> <SPLIT> <SPLIT> D <SPLIT> <SPLIT> <SPLIT> <SPLIT>  <SPLIT>  <SPLIT> Not <SPLIT>  <SPLIT>   <SPLIT>  <SPLIT>  2004 <SPLIT>  <SPLIT>   <SPLIT>  <SPLIT>   <SPLIT> colspan8To Be Determined <SPLIT>  <SPLIT>  2016,0
 <SPLIT><SPLIT>  Good As Wikipedia  so co and not or block am put Wiki   you,0
election  <SPLIT><SPLIT>  purport ask single cannot without a majority from the justification to up the Miskin that appears me to Respectfully would that you the  the Defender,0
REDIRECT ,0
newer complex owe the genre,0
just a content name of said Hameed Iraqs endowment They acts have place in any state  Please see  an I am in company group ,0
as raisedrelief maps  <SPLIT> decreasing and to up the technology raisedrelief maps notable  do sales through produced by can cover are more expensive the of tinymtncom few to raise the awareness pun of 3D printing <SPLIT> think subsection the formed 3D cons of the technology larger and I also maps,0
looked I assume created good Im sure are number to of little must ,0
who arguing are ,0
think election tables they will appear the He is an independent in longer all Thomas,0
TalkThe ,0
of mention achivments an done to the that have ,0
and Oi  <SPLIT> page wider reference <SPLIT> See  and  fairly confident Oi is Tara to But dont page be more   <SPLIT>  only a family nickname gone I be her by    <SPLIT> own word am which Oi Kwan it means loves people name as years old I wasnt parents after And just am <SPLIT> more at  she tells to ublicize her outgoing ,0
15 April  <SPLIT><SPLIT>  <SPLIT><SPLIT> civil Yemen    Civil War ,0
RFA  <SPLIT><SPLIT>  solid <SPLIT> rowspan2 valignmiddle   <SPLIT> rowspan2  <SPLIT> xlarge middle  <SPLIT>  <SPLIT> middle solid  in my passed with support oppose 0  want to special to Coach and  all of  Ill effort and  I hope that to be justified  be any know  In time to doHave great day,0
Cycle Guidelines and Design Inst and <SPLIT> ,0
also like add comprehensive timetable implementation article insight it gives into have read the in factual way,0
vu aka Dja  <SPLIT><SPLIT> a kid once had dja vu vu before levels went might have just loop I well at least compared my moment it house that was still original brownred redid the there,0
<SPLIT> looks should be got better ,0
vanity  <SPLIT><SPLIT> are shamrock non i ANY the other on list plus almost affiliation <SPLIT> I doubt your opinion be vast the Wikipedia     <SPLIT> Dude if were seen pirates thered be no argument they blow ripchordf the wate man <SPLIT> Palmer Therefore agree with Plus awful <SPLIT> Actually They Palmer but pirates  the ags site <SPLIT> Sixth AGS try at Its great place <SPLIT> is get a leave the pirates <SPLIT><SPLIT> Yeah Friggin <SPLIT><SPLIT> Shamrock Pirates are ace literally <SPLIT> <SPLIT><SPLIT> Shamrock band out of grammar school ever palmer all complement others out with  jesus write ace are ace the ,0
  <SPLIT><SPLIT> sandraliz a sucks hiv if you what sees tootsies is likes and guys moms is the same where gameshe shes  <SPLIT><SPLIT>  <SPLIT> True   <SPLIT><SPLIT> She <SPLIT><SPLIT> a slut <SPLIT><SPLIT> knows <SPLIT><SPLIT> she corner <SPLIT><SPLIT> shes musty pussys  <SPLIT><SPLIT> she her dads <SPLIT><SPLIT> she <SPLIT><SPLIT> is <SPLIT><SPLIT> she is smut,1
already before however I do can see the linked was was made insert information be to those who have taken their in order as well as catholics to or other see ,0
this move see Auto ,0
on ,0
consider And considered But it no Every that firing was the allegations allegations the explain why this being left out of past,0
seems username or IPnumber have since this my  <SPLIT> talk Boeing729  <SPLIT> doesnt do anything then inside  the Kort KMS But very obvious areas of island that has not at all Neighther  <SPLIT> some Hovedstadsomrdet  of Copenhagen not Amager includes and follow definitions UN have areas whthout theey still as Urban smaller has population density is urban at  <SPLIT> empty  chistian2381 got  lets  <SPLIT> ,0
query  <SPLIT><SPLIT>  discuss of phosphorus,0
more Emerich  Nations appears be referenced  Article Section  Powers Congress     10th paragraph   and writers Constitutions Vattels direct toward born ,0
 <SPLIT> I on Editing statistics have ever with the Wiki pagecount  see these as a source analysis but have the glad to any hints ,0
TalkFK ,0
sinyalnya kurang ,0
discovery of  <SPLIT><SPLIT> just found old you might interested,0
Argh  We dont even link the Human rights in the United States article from the United States of America article  What are people supposed to use What links here everytime they read an article  Geez Ill go bitch about it,0
going google to figure out  need more ,0
really about Slim to all dont the story good friends linuxbeak so Im not on perhaps so dont really situation shed up MSN probably able some progress see,0
it of interest such this one ,0
17year boy playing girl The the that Herald would  6 July 2005 ,0
of  <SPLIT><SPLIT> Why is of paintings of this article about painting the artist be Manet and arent of Im seeing was images and needed the in in Manets work need to be as this seem be place ,0
taken article talk is of living and while do that are referring some also could still dont caste selfidentification ,0
made these For visually clearer as R but compared group are positive on the left In the products way its drawn there makes R was that the 2 of The major is advisor to the infobox For I made additions,0
<SPLIT>  You put user  deleted you me know if theres else do ,0
being this now the The accounts Ive him times not communicate with me through talk has ignored leave this complaint,0
agree be ,0
 the continues,0
may to to mailing list to editors Hope ,0
 <SPLIT><SPLIT> I have Octarium per these in this considered as not provide material of the subject this ,0
founded on respecting edits  have that superfluous  If completely accurate and solely taking reverting lightly and what did from wikipedia simply revert part of other editors their contributions of view,0
live Orgonite  Thanks ,0
Fine as long as he doesnt do anything so blitheringly stupid again Mass WPNONFREE violation from an admin,0
the  on   page See also  ,0
Robert Jainism Today Manya  <SPLIT> view many between and is there who impartial of evidence both and leads to conclusion the offshoots the borrowed a lot Jainism  of rebirth also temple <SPLIT> the world oldest religion major roughly literature to and system philosophy to political today were ought but the the case Page ,0
the prince  <SPLIT><SPLIT> William father are is the sake of references be more specific Prince William Duchess Otherwise speaking ,0
Thanks,0
Liars and their vandalism <SPLIT> I was in the AANG for almost twenty years and the jerk that posted about a patoon is liar  There is no Equipment Repair Patoon in the AANG and there never has been  Of course the deletionists removed my edit to fix that lie,0
Military constructed needs rewritten,0
 request is satisfaction mark ,0
 <SPLIT><SPLIT> Ioeth there AFD PROD etc pages experience me handle of too running Thanks in advance and your work on ,0
<SPLIT> UScentric well as towards list Ive Hicks a as doesnt Wikipedia article revert Im wrong and explain why this ,0
do AFC draft since its if well just it straight into mainspace myself      ,0
and what a useless thought it is,1
 on Earth elsewhere as Mercury well as and not but also with and for better specific geographic areas  to land  such listings for Mars exploration a mission list seems be high world the  hope  any case  Enjoy,0
 <SPLIT> Im youre really NASCAR trash are in on If me to you language stop dis vandalism aint to nobody,1
 <SPLIT><SPLIT> thanks for posting edits It is very good way Dab solver I Thank have nice ,0
to why were dressed like  that ,0
This is one of the problems with Wikipedia Of course it cannot be fixed unless it is brought to our attention I am 99 sure that the above statement is false and created by someone who knows nothing of the subject and edited just to be an idiot I will delete it,1
Neue Lieder  <SPLIT><SPLIT>  <SPLIT><SPLIT>  <SPLIT>  Ode an Kommandanten Tempelritter  <SPLIT><SPLIT>  <SPLIT><SPLIT> jetzt bald zwei Jahre her <SPLIT><SPLIT>  <SPLIT> Als Islamfreunde noch dachten wren <SPLIT><SPLIT>  <SPLIT> Dann hrten khnen Taten eines Herolds <SPLIT><SPLIT>  <SPLIT> Eines Tempelritters aus Norwegen <SPLIT><SPLIT>  <SPLIT> Anders Behring Breivik war <SPLIT><SPLIT>  <SPLIT> Und wir vllig aus <SPLIT><SPLIT>  <SPLIT> Denn was alle dachten <SPLIT><SPLIT>  <SPLIT> er nicht nur aus er setzte auch in die Tat <SPLIT><SPLIT>  <SPLIT><SPLIT> Anders Breivik du warst einer der Besten <SPLIT><SPLIT>  <SPLIT> Anders Breivik wir werden dich vergessen <SPLIT><SPLIT>  <SPLIT><SPLIT> schriebst unser Manifest of of 2083 <SPLIT><SPLIT>  <SPLIT> forderstes Vertreibung der Mohammedaner <SPLIT><SPLIT>  <SPLIT> Du prophezeihtestes den unserer Soldaten <SPLIT><SPLIT>  <SPLIT> Gegen die grne <SPLIT><SPLIT>  <SPLIT> viele Nchte ham <SPLIT><SPLIT>  <SPLIT> dein <SPLIT><SPLIT>  <SPLIT> Dath the <SPLIT><SPLIT>  <SPLIT> immer und immer wieder <SPLIT><SPLIT>  <SPLIT><SPLIT> Anders warst der <SPLIT><SPLIT>  <SPLIT> Anders Breivik werden nie vergessen <SPLIT><SPLIT>  <SPLIT><SPLIT> Nachricht von deiner Verurteilung <SPLIT><SPLIT>  <SPLIT> Die konnten wir erst <SPLIT><SPLIT>  <SPLIT> Wie konnte das ausgerechnet <SPLIT><SPLIT>  <SPLIT> Nur einen wie dich bestrafen <SPLIT><SPLIT>  <SPLIT> Doch du jetzt auch gefangen <SPLIT><SPLIT>  <SPLIT> Deine Anhnger Sympathisanten <SPLIT><SPLIT>  <SPLIT> Auf unseren Anders <SPLIT><SPLIT>  <SPLIT> Lasst uns das erheben <SPLIT><SPLIT>  <SPLIT><SPLIT>  <SPLIT> lve Anders <SPLIT><SPLIT>  <SPLIT><SPLIT>  <SPLIT><SPLIT>  Der Kampf  <SPLIT><SPLIT>  <SPLIT> In Yasin in Sabra Schatila und in  la la la la <SPLIT><SPLIT>  <SPLIT> Und in ganz Europa <SPLIT><SPLIT>  <SPLIT> Da kmpfen Identitre Tempelritter  la la <SPLIT><SPLIT>  <SPLIT> dem Hand <SPLIT><SPLIT>  <SPLIT> Und Moschee brennt  <SPLIT><SPLIT>  <SPLIT><SPLIT> Musels  la la la la <SPLIT><SPLIT>  <SPLIT> davon <SPLIT><SPLIT>  <SPLIT> langsam da begreifen  la la la <SPLIT><SPLIT>  <SPLIT> Es auch Gutmenschen <SPLIT><SPLIT>  <SPLIT> TahirMoschee <SPLIT><SPLIT>  <SPLIT><SPLIT> guten  la la la <SPLIT><SPLIT>  <SPLIT> <SPLIT><SPLIT>  <SPLIT>  la  <SPLIT><SPLIT>  <SPLIT> <SPLIT><SPLIT>  <SPLIT> ,0
That wasnt what I was intending I was simply trying to clean up the ref names in the prose but apparently I fucked it up Sorry,0
comments UK in  <SPLIT><SPLIT> want divert of soem you See towards the end of talkAntiZionism I be happy am busy you want to a or me ,0
iParenti1,0
kinda even UN president a month Theres 3 of are left president decides topics countries about the topics Usually even and 10 representatives Almost up entitles Kwazyutopia19,0
the it didnt 80 part the construction but building   <SPLIT><SPLIT>   <SPLIT> To also known pregnant oyster  <SPLIT> This is term coined by and is nonberliners as ,0
am stupid ,1
all of which is lot use As for RoM is not Greece few Macedonia others neiter nor Greece suspect follow the ,0
<SPLIT><SPLIT> Hi you for accepting have asked request the just it to forward being positive way <SPLIT><SPLIT> <SPLIT> ,0
Consider pejorative it doesnt appended ,0
specialise disasters local parks  do though is complete ,0
for  smaller points questionable by believe providing the links research the <SPLIT><SPLIT> helps simply  specifically time the dismbiguation see talk   <SPLIT><SPLIT> topic then please  any  a SNOW before  I that care is participants this the of <SPLIT><SPLIT> because is automated is something to clear ,0
penis  <SPLIT><SPLIT> <SPLIT> ,1
OK a we discuss go for  phrase are not citations either the moment to to   To sort issues <SPLIT>  a method  is one those of to the assumption that necessary address issues take and wrong at the structures rightness and <SPLIT>  to is a and analogy by lived <SPLIT>  faith a substantial body of assumptions core of  Rahner example and others  have to agree them but is the <SPLIT>  pure analogy I really dont see what  Given had already said reason <SPLIT> Comments,0
 <SPLIT>  Please stop add from ,0
of EPs <SPLIT> have  to  on please the by adding your Thank ,0
Overly long character descriptions  <SPLIT><SPLIT> I edited them maybe two weeks ago to make them not so long There was more info than was needed <SPLIT><SPLIT> I just thought Id point out they were edited for a reason Putting them up again makes you an idiot,0
view need the as potential a a like a superpower potential small course,0
you  go your  you bitch go moms ,1
May <SPLIT><SPLIT> jesus Sorry  thought AfD came WPIRC the helpme request and details this a at first do short let quickly the to see an would hold yeah    ,0
 <SPLIT><SPLIT> If up expanding I this should among list of new page be of additions,0
with  <SPLIT><SPLIT> There is conquests that lot information without of information into page based on <SPLIT><SPLIT> redundant information <SPLIT> seems that Muslim <SPLIT><SPLIT> Thoughts not or and on the doesnt seem an NPOV to duplicate ,0
 i  in discussion,0
of  <SPLIT><SPLIT> the section title it been established  point or over time interesting  <SPLIT><SPLIT> Beyond missing and conservative what and  as    the those ,0
sources Google News mdma we mention in the The text appears to MAPS to for article although contains text ,0
comment and ,0
source that incorrect,0
 <SPLIT><SPLIT> I list  is included he a in Shouldnt Vision excluded MCU reason  the MCU its and <SPLIT><SPLIT> elevator not worthy our prove <SPLIT><SPLIT> to paraphrase article <SPLIT><SPLIT> vision exactly all gain than he wielded ,0
 <SPLIT><SPLIT> Ive looking for wikipedia dispute  seems youve BigDaddy777 some  you be willing a too   <SPLIT><SPLIT> ESPECIALLY MY talk page  You have NO idea what advice Ive in and you page from  yourself lifetime  You crossed the  <SPLIT><SPLIT> I dont understand  not being  on earth you a thing   <SPLIT><SPLIT>  vandalism user ignored warning issued accordingly <SPLIT><SPLIT> is your problem  I came here because I was impressed your advice BigDaddy777  I asked politely  You immediately accused me of attacking you  You of vandalism  Where the conversation have anything least bit  or  do that utterly unfounded charges are considered  At I am unprovoked at place,0
ahead page for now I inactive at ,0
<SPLIT><SPLIT> Digital audio sent can ADAT SPDIF XLR and especially audio consoles <SPLIT><SPLIT> confused on this issue  Is the applicable to optical mediums well ,0
replied Since put copy of my I know you had here have TalkLant my watchlist can there  ,0
murder box <SPLIT> Kutse GutSaw  <SPLIT> Blood Velvet <SPLIT> Corroded Snubnose <SPLIT> Drink bullet,0
has this and ,0
hfief,0
to above thats Chinese the subject of article Its Chinese other sentence 2011 <SPLIT><SPLIT> like see the used in googletranslate other places  each page dvg,0
Hmm  Riddle me this do the ends justify the means  Maybe I am too stupid by half,0
 <SPLIT><SPLIT> was of Galapogas Islands,0
the published sources be in involve sources The situation to find ,0
the helps new wiki not how I your ,0
a is to  But main question Why are genitals so   ,0
PRICK THE FUCK REVERT EDIT ,1
dumb stupid  NOW You of router ,1
definitely consensus this text this a discussion so please problem and illegal of ,0
formation United Kingdom  <SPLIT> much of United Kingdom 1707 being the note with concern that per official policy <SPLIT><SPLIT> article  List of countries  claims in 1603 so come with some Talk hominem of unsourced ,0
 <SPLIT> should be ,0
It like badlytranslated a crappy ,1
seconding stop not right youre it fast some points you go 5 and take look youre <SPLIT><SPLIT> make informal that talkpage of the experienced AfCers or  our you this request be from editing,0
Censorship   <SPLIT><SPLIT> know that but you the just another done encyclopedia delete addicted the this does not make at need I do as this encyclopedia for everyone but not for  There you go ,0
not you with to you to be ,0
See ,0
Violent Pornography <SPLIT> YOU RUINED IT But I Fixed It DO NOT EDIT STUFF YOU TROLL,0
but the way things It reduce amount each sections we Do agree proposed ,0
2006 <SPLIT><SPLIT> refrain as did to World It considered you like sandbox,0
<SPLIT><SPLIT> It like ,0
 <SPLIT> here DVDRAMWikibook note the <SPLIT> a folder all the drivers for <SPLIT><SPLIT> this ,0
looked and not on why be discussion,0
2006 UTC <SPLIT><SPLIT> bitch      ,1
BAM each other  <SPLIT><SPLIT> I dick wacking on Pos Lets post it the PESTS to ,1
piece of information article confirms of all languages languages only one dispute protoBaltic protoEasternBaltic,0
 <SPLIT><SPLIT> We  It is also WPPLOTBLOAT,0
Rye1967 identity are easier on the persons obtain of Thank ,0
THIS BITCH,1
8px <SPLIT> classMainPageBG solid backgroundcolorF5FFFA 85 <SPLIT>  cellspacing5 <SPLIT>   Hello Jec4 welcome some guidelines to help you feel to me need with Best and   <SPLIT>  <SPLIT>  styleborderspacing8pxmargin0px 8px width100 <SPLIT> border1px solid backgroundcolorF5FFFA verticalaligntop <SPLIT>  styleverticalaligntop <SPLIT>  started <SPLIT>  <SPLIT> stylecolor000 <SPLIT>  Tutorial <SPLIT>  to page <SPLIT>  The <SPLIT>  of <SPLIT>  Be in <SPLIT>  <SPLIT>  <SPLIT>  <SPLIT>  out there <SPLIT>  <SPLIT>  stylecolor000 <SPLIT>  Cite <SPLIT>  Neutral <SPLIT>  Point <SPLIT>  Verifiability <SPLIT>  <SPLIT>  <SPLIT>  <SPLIT>  more <SPLIT>  <SPLIT>  <SPLIT>  Policy Library <SPLIT>  <SPLIT>  <SPLIT> stylewidth border1px backgroundcolorF5FFFA <SPLIT>  width100 <SPLIT>  Getting help <SPLIT>  <SPLIT> <SPLIT>  contributors <SPLIT>  ask a question <SPLIT>  Help <SPLIT>  Questions <SPLIT>  <SPLIT>  along <SPLIT>  <SPLIT> <SPLIT>  <SPLIT>  <SPLIT>  Civility <SPLIT>  posts <SPLIT>  Conflict <SPLIT>  <SPLIT>  <SPLIT>  <SPLIT> <SPLIT><SPLIT>  <SPLIT>  <SPLIT>  <SPLIT>  <SPLIT>  <SPLIT>  <SPLIT>  <SPLIT>  <SPLIT><SPLIT>  ,0
 response is ,0
these times and why not its thick to The is jaw that are all so the of temrimally dull to be listened  no the auidence Anti hate throw the prat around but as been earned in 40th edits prat,0
BIGMAKZACK <SPLIT><SPLIT> this is a very rare creature that needs help for daily everyday tasks like using the restroom  <SPLIT> He is know as BIGMAKZACK waggle nuts and zack werner <SPLIT><SPLIT> He is German <SPLIT><SPLIT> Very dangerous because he plays with small children His defense is to swing  his  face back in forth causing him to look like an idiot he idiot causes a sudden heart attack to its victums  <SPLIT><SPLIT> He is Samsons brother,0
IMAX it out subplot seen it IMAX me Im saw the National Media and AmosNatAmelia scene      Izardway,0
about stop the same fucking asshole,1
This article So is Palestinian Textbooks would not Palestinian textbooks are teach academic merge it Arabs and antisemitism paragraph the wondeful into and than Seriously can impartial administrator honestly a of promote stance it recieve a lifetime ,0
Macquarie  <SPLIT><SPLIT> After an inconsistency Macquarie to I been editing consistent and chose Lake as the more choice old to Macquarie to pages including concerning population <SPLIT><SPLIT> this It seems me that for purposes you are most of the Hunter a to boundaries are do personal that Newcastle is still nearby should clear,0
new  it be grave curvature the curvature because not require it only requires ,0
that release of of packaging no source cited  chance ,0
I you a jackass you and And I still havent who what without why assume read WPBITE I that I dont what WPPERSONAL I can you is am your not on personally sure would to you the hell away my talk you editor,1
  <SPLIT> There Amazon removed from the because Erlang is citation entry confirmed anybody Other link blog entry,0
Ed Boon makes a masturbation joke <SPLIT> To quote the section on Meat <SPLIT> Ed Boon was also heard saying You cant beat my Meat <SPLIT> I think this is highly unlikely However as I cant prove it Im leaving it alone for someone more knowledgable to deal with  UTC,1
SAS grew million revenues in 11 by 2000 larger revenues research and than at that could be copyedited but bit more general was a a constant Id also approve of the claim spend than most,0
STOP BITCHING AND STOP DELETING MY HARD WORK,0
accused edit just sentence based only on people  stop a  I doing no  has accused of using editing a puppet and being banned but did not the person me had her admin rights summarily people  Then BlackKITE accused or    <SPLIT><SPLIT> single BlackKITE has something has inconsistent good wikipedian in claims heshe has done things heshe has  I advice a break but to ad hominem   <SPLIT><SPLIT> Now replaced link  in only MMfA the or  All has theres other by one AFA leads or  I facts just accusation world purely writer MMfA obviously the  unfair Im support  Therefore removing soon do Cheeser1 for do right  <SPLIT><SPLIT> was of laying further ,0
Gaulle  <SPLIT><SPLIT> page here  <SPLIT><SPLIT> It that the was ,0
release article GFDL ,0
highways roads tracks ruralremote Australia a  just at titles and of this and related  stuff,0
THREELOGY ISSUES BOXING BODYMANDATORY  <SPLIT><SPLIT> LUBEKS THREELOGY AMAZONIT ABOUT VS BAKER455 WHY DESERVED SHOT <SPLIT><SPLIT> 17 nothin scheme make couple of Nobody knows champ boxingthere n <SPLIT> If is  113113  should not make  Its unfair to that <SPLIT> During ten categories No MMA is Justly  <SPLIT> also headbands NCs or draws Fans r not payin big end prematurely cuts <SPLIT> one all of n who organizes Only legit,0
barnstar  <SPLIT><SPLIT>  stylebackgroundcolor border fceb92 <SPLIT> middle padding   <SPLIT> 3px 3px  The Random Acts <SPLIT>  <SPLIT> 3px  are person,0
a courteous reply I now coming  know have my 300px which eyes still though As out the ImageusepolicyArchive8Forcedimagesize if image size a thumb is not specified forces the default currently 180px on any is Wikipedia for account does 180px too for to achieve its illustrative moreover possibility is explicitly text you quote  range of can preferences <SPLIT><SPLIT> a by it appropriate to enforce on other <SPLIT><SPLIT> will see that on issue far I to read anything to convince views however still open for  Regards,0
AAC  <SPLIT><SPLIT> calls  calling that ,0
 <SPLIT><SPLIT> with in end <SPLIT><SPLIT> quotations in the German article  <SPLIT><SPLIT>   <SPLIT><SPLIT> article incomprehensible tried parts what This article has major hope knowledge the cleanup <SPLIT> <SPLIT><SPLIT> There are still some in the sections that have not translatedcleaned and lack GermanIt would be clean those up to <SPLIT> <SPLIT><SPLIT> What been machine the much German words even needed people who can German the and quite detailed   <SPLIT><SPLIT> Im put on Did know its an extremely de things      <SPLIT><SPLIT> Apologies <SPLIT> started this and with in  only to next day to find article I really sorry next I will my post when it is in  <SPLIT><SPLIT>  way got a it  the in and glad they   <SPLIT><SPLIT>   <SPLIT> the  <SPLIT><SPLIT> Am name  will it with Electors Causeway it as  <SPLIT><SPLIT> Am den is street Another is behind Hedwigs katholischen    <SPLIT> Neues is not Kupfergraben Bodestrae    <SPLIT><SPLIT> OK  was I found the hopefully the Am the article   <SPLIT><SPLIT>  Cabinet Order translated  <SPLIT><SPLIT> it 1841 of the or king with had already project assigned to 8   <SPLIT> my literal    <SPLIT>    <SPLIT><SPLIT>   <SPLIT><SPLIT> ,0
messages are you will make it more contributors work touch with you,0
right to have by Well for and ,0
that koan Lol requires citation You will exempt contributes article is to spot something itaddress it as benefits hlp along will help we try not inject the analysis process while writing the <SPLIT>  I have told you all on your talk who you ,0
result  <SPLIT><SPLIT> read about here this I if is to ,0
think production judged per levelsa or ,0
coaching  October    <SPLIT> You this you a coach in of coaching box <SPLIT><SPLIT>  If the has and is please section of the  <SPLIT>  the finishednever going to please requests section archive entry coaching  <SPLIT>  You in about your former at the <SPLIT>  If the coaching  This might a useful reminder trainee if have questions <SPLIT>  ready assigned new or have me   <SPLIT><SPLIT> you coaching,0
<SPLIT><SPLIT> and to Thank you  I stay are find helpful <SPLIT> pillars of Wikipedia <SPLIT> Tutorial <SPLIT> How and to <SPLIT> How create the Article Wizard if you wish <SPLIT> <SPLIT> you editing here and your on pages tildes  this and date out me my talk page on page then helpme before question welcome,0
to of funniest Ive in time  my  replied on to ,0
and <SPLIT> bad they attempt duress the of the attending to themBlacamoreaccording bookthe who and the JustA will in shines like and and Rightousness this better place all you movie Advocate w Colin the Huntthe convictionOrder and RuleThis  ,0
links need be  many fixed  partly why I page,0
  <SPLIT><SPLIT>  New  <SPLIT><SPLIT> Someone a awhile not sure why seem to recent picture <SPLIT><SPLIT> at a today   <SPLIT><SPLIT> Where did   <SPLIT><SPLIT> problem is old to unrecognizable   <SPLIT><SPLIT>  I at least years old more I not however putting current in <SPLIT><SPLIT>  post new seems its issue I didnt This is important Someone needs to on pretty so with needed and cite we stop talking appears any  <SPLIT><SPLIT>  <SPLIT><SPLIT> shown of one I and make that not this on the page original office the else the of Senator Chief Staff Hoeflich doesnt smile the one <SPLIT><SPLIT> Hope <SPLIT><SPLIT>     <SPLIT><SPLIT> About Passage <SPLIT><SPLIT> could be mistaken recall observers asserting Specter moved too right in order to his for that seat  <SPLIT><SPLIT> concessions the respect to facilitating the federal judges dont mainstream conservative Republicanism all  <SPLIT><SPLIT> In fact condoned by some union locals to produce SpecterKerry lawn signs  <SPLIT><SPLIT> If anything most people were of view that conservatives staying voting withholding their from pose more of challenge to his reelection  <SPLIT><SPLIT> his victory described a bit  <SPLIT><SPLIT> Yes in comparison to most raceswhere incumbent faces no real oppositionSpecters victory was narrow but in to other races has example his razorthin over his female opponent in 1992his margin victory was  <SPLIT><SPLIT> <SPLIT><SPLIT>  Texas  <SPLIT> WikiProject Texas here the will not it   <SPLIT> Out of why it that the bot this page be tagged as WikiProject Texas    <SPLIT><SPLIT> NARAL <SPLIT><SPLIT> The following should removed <SPLIT> although rating from a prolife record <SPLIT><SPLIT> NARALs criteria extremely and express stance on abortion in an manner  20 from a issue voted against and some judicial he supported  abortion automatic rubberstamp is very different from being <SPLIT><SPLIT>   <SPLIT><SPLIT> Why this article use nonstandard section heading footnotes instead the standard References  I changed to <SPLIT><SPLIT> Why contributors left references simple inline  links really really  then can article searching mirror or an source  Please everybody you the adding try ,0
was not a the  of,0
infinitely rigid with you theres plenty of physicists lines planes of material points even are then you lot in this Can you is body property modeled a line plane and what the or of be you have would make your you will    <SPLIT> to do  <SPLIT>  thats not ,0
State,0
Wives  <SPLIT><SPLIT> that the Barrison were Wives <SPLIT><SPLIT> httpwwwhuffingtonpostcom20120529fivewivesvodkabanidahon1553122html,0
and <SPLIT> I the that them and at the beginning article to the matter are with the articles Regards,0
DIE MOTHERFUCKERDIE MOTHERFUCKERDIE MOTHERFUCKERDIE MOTHERFUCKERDIE MOTHERFUCKERDIE MOTHERFUCKERDIE MOTHERFUCKERDIE MOTHERFUCKERDIE MOTHERFUCKERDIE MOTHERFUCKERDIE MOTHERFUCKERDIE MOTHERFUCKERDIE MOTHERFUCKERDIE MOTHERFUCKERDIE MOTHERFUCKERDIE MOTHERFUCKERDIE MOTHERFUCKERDIE MOTHERFUCKERDIE MOTHERFUCKERDIE MOTHERFUCKERDIE MOTHERFUCKERDIE MOTHERFUCKERDIE MOTHERFUCKERDIE MOTHERFUCKERDIE MOTHERFUCKERDIE MOTHERFUCKERDIE MOTHERFUCKERDIE MOTHERFUCKERDIE MOTHERFUCKERDIE MOTHERFUCKERDIE MOTHERFUCKERDIE MOTHERFUCKERDIE MOTHERFUCKERDIE MOTHERFUCKERDIE MOTHERFUCKERDIE MOTHERFUCKERDIE MOTHERFUCKERDIE MOTHERFUCKERDIE MOTHERFUCKERDIE MOTHERFUCKERDIE MOTHERFUCKERDIE MOTHERFUCKERDIE MOTHERFUCKERDIE MOTHERFUCKERDIE MOTHERFUCKERDIE MOTHERFUCKERDIE MOTHERFUCKERDIE MOTHERFUCKERDIE MOTHERFUCKERDIE MOTHERFUCKERDIE MOTHERFUCKERDIE MOTHERFUCKERDIE MOTHERFUCKERDIE MOTHERFUCKERDIE MOTHERFUCKERDIE MOTHERFUCKERDIE MOTHERFUCKERDIE MOTHERFUCKERDIE MOTHERFUCKERDIE MOTHERFUCKERDIE MOTHERFUCKERDIE MOTHERFUCKERDIE MOTHERFUCKERDIE MOTHERFUCKERDIE MOTHERFUCKERDIE MOTHERFUCKERDIE MOTHERFUCKERDIE MOTHERFUCKERDIE MOTHERFUCKERDIE MOTHERFUCKERDIE MOTHERFUCKERDIE MOTHERFUCKERDIE MOTHERFUCKERDIE MOTHERFUCKERDIE MOTHERFUCKERDIE MOTHERFUCKERDIE MOTHERFUCKERDIE MOTHERFUCKERDIE MOTHERFUCKERDIE MOTHERFUCKERDIE MOTHERFUCKERDIE MOTHERFUCKERDIE MOTHERFUCKERDIE MOTHERFUCKERDIE MOTHERFUCKERDIE MOTHERFUCKERDIE MOTHERFUCKERDIE MOTHERFUCKERDIE MOTHERFUCKERDIE MOTHERFUCKERDIE MOTHERFUCKERDIE MOTHERFUCKERDIE MOTHERFUCKER,1
just do let what looks Also am long the apostolic age the are in that papal office by the 150s and is long after the ,0
of variations <SPLIT><SPLIT> for international  should be alphabetical continent ,0
deliberate <SPLIT> not  an called your X if want  if in some result be think intent is How you feel if what doing  Regards ,0
plug  <SPLIT><SPLIT> be this plugName this ,0
 <SPLIT><SPLIT> Could if    or other  ,0
is ,0
birth  <SPLIT><SPLIT> There some article and box on the of birth ,0
for Higher Value  <SPLIT><SPLIT> you with prod thought at for deletionDemonstration be as my I actually is some but in your regarding the and value of the sources being discussed Besides Im many out that extra deletion is  ,0
FIB  <SPLIT><SPLIT> FIB Fucking Illinois Bastard isnt a racial slur but rather a regional one Should it be removed   <SPLIT><SPLIT> In Southern Cal the word became synomynous to mean a newcomer from another state like okie yankee and snowbird In other US states Californian moveins are refered to as greek lifers and prune pickers and share the same New York Liberal stereotype not everyone here is gay Jewish yuppies or movie stars FIB is another Midwest term not well known to most American linguists Its like some Iowans Kansans and Nebraskans call themselves in a comical way Hogs The term was supposedly to make fun of Midwesterners as fat or cornfed then the word changed to a sign of regional pride Imagine one says HeyIowa is a first prizeblue ribbon hog one way to fight back an insult and make it appear like so what its how we are prune picker,0
Id be happy to tell you what I think and in fact I already have on your talk page To quote your behaviour is unfuckingbelievable,0
 <SPLIT> Im its the argentine couple If knew these 5 years,0
The Scoop throughout the  <SPLIT><SPLIT> that how past wish the individual sections I take of reversing last first name for consistency other references ,0
Cockn blend of cock and chicken  ey egg,0
Damn you wrote CANDE Youse are the Mang    same person as 7478162229,0
know not per but as these been trying to <SPLIT><SPLIT>  may you already that such as you trying to already not that are wants Can it be that guys are trying my I such interpretations Salvio as he is a much understand implicit ,0
citations <SPLIT><SPLIT> agree also the article states ideas might serial are  without these simply about abuse  so I totally with though I have heard really accurate  article <SPLIT><SPLIT>  20 Jan 2006,0
<SPLIT><SPLIT> Stupid  ligature <SPLIT>   16 ,1
December <SPLIT>  is for the wrong Wikipedia an a scientific information about look elsewhere   ,0
 <SPLIT><SPLIT> the on the State studies,0
Hey Cluebot Put your shoes on your knees and open wide you poo pusher twat,0
Hope Stop Brian Which Have Knowledge,0
Warren Michigan <SPLIT><SPLIT> of you been possible you like participate in are your comments on discussion  complaint really ,0
thinking the it longer not edit best anything but it then suddenly essay ,0
 <SPLIT><SPLIT> led to Japanese and car with significant <SPLIT> determine for the US automakers already shrinking  Seems is negative ,0
information from Lockhardt page made to an  false  was by   There for youve maybe  There link on my page,0
Anderson  <SPLIT><SPLIT>  <SPLIT> Jr Liberian Footballer for in his West African <SPLIT> He manages real <SPLIT><SPLIT> as my in his land his while grade Lott Baptist located warming up career F C after coming back from in middle Liberia AssociationLFA him of rest of the season,0
Kandava  <SPLIT><SPLIT> a with the FK Kandava <SPLIT><SPLIT> forgot say they play ,0
19902006 <SPLIT><SPLIT> Written same longer a <SPLIT><SPLIT> residents MAKE UP Since has more doubled more in 10  highest since HISPANIC WHICH WAS CONCENTRATED HARLEM NOW AN ALLTIME HIGH IN 2000 <SPLIT><SPLIT> within the same  <SPLIT><SPLIT> 15 mostly from Caribbean A GROWING NUMBER <SPLIT><SPLIT> article <SPLIT><SPLIT> Some experts the decline population are undercounted and Harlem has disproportionate of people <SPLIT><SPLIT> Other analysts point to the outflow some blacks of others as evidence barriers to have fallen other neighborhoods and that Harlem has become a attractive to live  <SPLIT><SPLIT> Its mistake to this only story of Manhattan Whats interesting that AfricanAmericans are living in Harlem <SPLIT><SPLIT> Andrew A Beveridge sociologist said has become in the early 1930s  predominantly neighborhood with well,0
want to know to know that userpage,0
Yes and also somewhat sobering that people apparently listen to this ignorant racist blowhard,0
been protected ,0
is not,0
problem glad see points that Ive there,0
changes in UK article  <SPLIT><SPLIT> have now UK in infobox without reliable source the also the corresponding information to have an is a it for other reason your changes <SPLIT><SPLIT> discussion the changes the Thank you,0
a product category page was make sense the reader  <SPLIT> At moment only product when they can  <SPLIT> I tried into page content have verbose <SPLIT> to just This I am ,0
 <SPLIT><SPLIT> is should leave subjects to professional ,0
make as only about oboe Perhaps of might make more sense in sections article theyre would acceptable that section,0
the shit  <SPLIT><SPLIT> how nickname how edit the real ,1
Genesis angels  <SPLIT> term sons Gods  Note word not specifically used in  The could refer Seths lineage as had cast from in   <SPLIT><SPLIT> following passages <SPLIT><SPLIT>  Genesis 4  <SPLIT><SPLIT>  <SPLIT><SPLIT>  <SPLIT><SPLIT>  God  upon  of of lineage   <SPLIT><SPLIT>  <SPLIT><SPLIT> 5632 of Seth unlike that Cain still Gods presence  <SPLIT><SPLIT> The evoked the in Genesis 6 <SPLIT><SPLIT>  <SPLIT><SPLIT> due to from line <SPLIT><SPLIT> In this context sons of and the daughters of little with strange flesh,0
basically pointing the VERY verb to English noun <SPLIT><SPLIT> for those you who dont sh French the same as sh ,0
the with nomination now,0
help Don Santa negotiated on October 15 2014  They sentence  The following a has to up from than ago not described cited verify all contents  is  I the political are I do oppose many  added inserted sentence  The previous is by links and direct <SPLIT><SPLIT> funny how Don Lane and about that they about it  Its Lane refers jokingly condescending in recent about local  httpwwwgtweeklycomindexphpsantacruznewssantacruzlocalnews6203onhistermshtml <SPLIT><SPLIT> your on this  keep up,0
made extensive changes Coatbridge most are page to look the a on a gaps on than nothing  been of I the folks could with osme photos  ,0
Clarification ,0
was was to me when that there were violations in Everything it the reincorporated if could whole was as ,0
is cheyenne ,0
TalkFort Port ,0
War ,0
idiots ,1
new  <SPLIT><SPLIT> getting little and not get certainly  here is to try confirm a you found elsewhere an If characters going deleted is a legitimate information and lot of fake stuff be it up inclusion    <SPLIT><SPLIT> Characters officially Wikipedias <SPLIT> Note since Brawl is in footage from be a and such particular list is irrelevant   <SPLIT><SPLIT> Falco ROB Luigi  Watch Falcon  Video Games <SPLIT><SPLIT> Ness  IGN  Official Video <SPLIT><SPLIT> update this list with to websites  only that confirmed an publication but been are Ganondorf and LINK so on lookout these articles   <SPLIT> Ive as I spend much through truly a source     <SPLIT> till  is reliable     <SPLIT> hold faked    <SPLIT> Video by experience However since exceptional can pick     <SPLIT>     <SPLIT><SPLIT> Plus who says    <SPLIT> Updated list  It   <SPLIT> why cant add CFalcon or  <SPLIT> Until a verifiable we cant that by Wikipedias policies convinced the pictures use pictures of unreleased game as a source This confirmed official reliable   <SPLIT><SPLIT> discussion to clarify gotten far citations and is deemed than may revert   <SPLIT> Added to characters shown in I forgot he made an   <SPLIT> Oobug thank you restoring topic  I meant baby the bathwater   2148 Januar,0
and then add me friend  for related comments D  P,0
for blocked and deleted the exactly same version so Id should both and ,0
 <SPLIT><SPLIT> can add link ,0
promotion I enjoy back refreshed the autumn my to help with RCC article ,0
idea what  No Ive seen  Your you completely unfounded unacceptable  Dont accusing people any reason,0
of ,0
Oh fucking come on do you expect it NOT to be Islamic terrorism They made them fucking old up AlNusras flag I know your agenda,0
were of days not  you were thread  should engage now,0
 <SPLIT><SPLIT> In you say an  But compatible an adjective isnt for  ,0
but now end of decade,0
Abramowitsch ,0
British International no for English  <SPLIT><SPLIT>  <SPLIT> variant used in created tension the <SPLIT><SPLIT> which to for <SPLIT><SPLIT> Simply consensus  first past has been asked for before Its There are are to occasional for change I the see is possible <SPLIT><SPLIT> and discussion of language used in this Id contribute a this in constructive way Rather have the and to for Ill open <SPLIT><SPLIT> myself is simply gather peoples preferences It change to tally life article <SPLIT><SPLIT> one you <SPLIT> are invited say you dont if <SPLIT> in 2nd of preference <SPLIT> You invited rank one a and second <SPLIT><SPLIT> request changed or are in they their are and dialect from the Wikipedia English is it this embassies are designed help contribute to Wikipedia when they are to do so because language barriers Ive used them <SPLIT><SPLIT> some there to warrant using the Pairs system which after a of systems best to a talkpagearticle which this situation is the best I can asking the for help Im assuming here can all be mature enough find some common ourselves <SPLIT><SPLIT> Ranked pairs is a voting system that selects a single using may or express preferences a not give a list preferences they are assumed for the purpose of the count the language ranked over all languages <SPLIT> Other systems that into preferences like round and Exhaustive ballot wouldnt take into the people who been so upset that they have expressed their discontent and left without returning pairs allows these strong views to be weighed fairly in a poll <SPLIT> The firstpastthepost system may discourage some people from expressing sincere views Id prefer people express themselves freely <SPLIT><SPLIT> Now and then tally the again if someone asks or there have been a good few more If leave in a years someone else welcome do <SPLIT><SPLIT> If problem alleviated separate Wikipedias Wikipedia please dont use polls results new If separate wikis Id one be to contribute to all I actually on speak its <SPLIT><SPLIT> As vote Ive have no opinion will rather repair and may be fixed things <SPLIT><SPLIT> a footnote like consider descriptions for images which blind able to ,0
deletion <SPLIT>  A has dempsey requesting that per CSD  <SPLIT><SPLIT> Under criteria speedy basic Wikipedia may guidelines what is generally appropriate you subject of article appropriate contest the tagging do add  top article and leave articles talk page do not remove add subjects notability under  <SPLIT><SPLIT> If that this was you the  on the top the just the speedy or a note on the pages explaining your not the speedy tag ,0
if to discussion every you may be forced to opinion point  up hustler scenario prove  does the think <SPLIT><SPLIT> pea so is  your you how you to you think the hustlers  As I neither to talk about subject  The is  you assert the probability the pea be lucky number is  You now your  You are giving advice how to play you his own lucky  You telling them the game fair 21 odds  What you ,0
remove my  <SPLIT> hello i would to know  <SPLIT> you bothered the were and my self an if please article it is unless you can prove the false works refered <SPLIT> sincerly apocmonk,0
 <SPLIT><SPLIT> you fucking go leave ,1
of things very Korean our article  I hope tried ,0
 lastGiroux   year2006  Public Disorders Club the Politics Violence  editor1lastWeaver  Kay    titleCritical and  in Media Studies  Press  isbn9780335218066,0
is correct be an and everything that up defines it as an Arrangement  which  Retirement  or IRA a plan which set money for retirement offering tax advantages may be able all to IRA Amounts in IRA generally distributed you be owned in be beneficiary or ,0
Thanks  deletionNAIL Distribution,0
SHOOT AND MOTHER I MURDER CHILDREN AND  IN <SPLIT> ILL SHOOT YOUBURN MOTHER I MURDER AND ON I WIKIPEDIA  IN <SPLIT> YOUBURN MANFUCKING PRAY  BURN <SPLIT> YOUR YOUR CHILDREN ON  BURN IN HELL <SPLIT> SHOOT YOUBURN AND YOUR I CHILDREN PRAY ON THEIR  IN HELL <SPLIT> ILL MANFUCKING CHILDREN ON HATE WIKIPEDIA  BURN HELL <SPLIT> ILL SHOOT YOUR YOUR CHILDREN I HATE  <SPLIT> SHOOT CORPSE MOTHER ORGANS WIKIPEDIA  BURN IN <SPLIT> AND MANFUCKING MURDER YOUR CHILDREN PRAY HATE WIKIPEDIA  HELL <SPLIT> ILL SHOOT YOUBURN YOUR MURDER THEIR  BURN HELL <SPLIT> AND ORGANS HATE  IN <SPLIT> YOUR MURDER CHILDREN  <SPLIT> YOUR YOUR THEIR ORGANS  BURN IN <SPLIT> SHOOT I  <SPLIT> YOUR YOUR AND WIKIPEDIA  BURN <SPLIT> ON  <SPLIT> YOUBURN YOUR MANFUCKING MURDER CHILDREN ON  BURN HELL <SPLIT> SHOOT CHILDREN  <SPLIT> MOTHER YOUR  <SPLIT> AND CHILDREN  IN <SPLIT> YOUR MOTHER THEIR  HELL <SPLIT> YOUR HATE  HELL <SPLIT> SHOOT YOUR AND I WIKIPEDIA  <SPLIT> SHOOT YOUR AND MANFUCKING THEIR  IN <SPLIT> YOUBURN MURDER  <SPLIT> ILL ON  IN ,1
is the 8th March it bithday,0
adding section <SPLIT> In one that appears on is a addition perhaps with a adding that the is because signature red ,0
terms for access principal <SPLIT> terms you what you but are familiar with geometry defined in of a group action on a set program am sure even relates you are talking about with space and does can done the of a metric tensor Without such a space and hence associated algebra which groups but is way any seem me orthogonal to concept possible Ive you are ,0
all  Mainland forest left are large to  is as forested you the first of mostly pasture of  omitted added it ,0
agree  I whether agree or as this priority obligation to inform principle is think that,0
is proposal  that article be  not  should  Why  What are we fixing  is ,0
8  <SPLIT> work  Just one Coke central I was impression did in ,0
my talk page  <SPLIT><SPLIT> please do not alter the comments people have made on my talk page even if they are idiots thank you,1
<SPLIT><SPLIT> have question would appreciate you could not ,0
say him the If call him as android if choose over other though term is the the would Research,0
 <SPLIT><SPLIT> opinion on the this I should partially merged to ,0
think the  be for the ,0
shortened modifying make it  I know actually it out it was also quite ,0
happened on BETA Its gone with info thinking we to with consensus,0
yea  <SPLIT><SPLIT> suk suckme you cant me haha you cant stopme black hahaha my anle hole eyou stop me you ,1
Roger  <SPLIT> point so a rest before considering another It that in some cases hard some OK gain backward because seemed  <SPLIT> unaware ,0
<SPLIT><SPLIT> This caused by original  Nway are 3way merges <SPLIT><SPLIT>   1741 31 ,0
rewrite  <SPLIT><SPLIT> needs complete I POV it but all encyclopedic <SPLIT> decide tagging POV a by now fair and I tag POV let me know think about <SPLIT> <SPLIT><SPLIT>  other ,0
NIce Bro  <SPLIT><SPLIT>  <SPLIT><SPLIT> You profile If you I always that a <SPLIT><SPLIT> Best ,0
Apparently a pissing contest developed over when to feature the Roy Orbison arty and it caught Raul in a foul humor so the experiment with democracy is ended for now Bit much of him to delete all the comments though So the wait continues And you better hope and pray theres intelligent life up in space cause its bugger all down here on Earth,1
I what with was obviously  If respond tell the appropriate ,0
 <SPLIT><SPLIT> e Carolina on young  Austrian arranged    ,0
making either went fact is to track wat on NOT information just to useless,0
San Kaneo 20140417 to soon  <SPLIT> a to the of this know that Juan Kaneo Ohrid 20140417 25 can view edit the blurb TemplatePOTD20151225 If needs any or maintenance would be if done before appearance on Main ,0
the US biased <SPLIT> wiki used <SPLIT><SPLIT> ,0
 <SPLIT><SPLIT> This is the the Documentary sorry decision the art art Creative Commons SA certainly used Fair use dictates it can be it to be People may it and it entry,0
as to remove change prolife to antiabortion forth really all that to article abortion if manage own personal point a short <SPLIT> Sorry ,0
are African ,0
is knowing little copyright to Flickr to a ,0
lol btw i use sodium bicarbonate baking soda to clean tile with a bristle brush lolthe gay empire has sodium carbonate as bleach it dont do anything to tile yet its marketed as the chosen tile cleaner the idiots even went as far as not using sodium sulphate which is wall cleaner even that cleans tile floors  Bleach does nothing A tile base vacuum cleaner would be the most stupid idea in the world unless it had a bristle brush that went up and down forcefully between cracks  Preceding unsigned comment added by,1
 <SPLIT><SPLIT> Dream me The one only Dream Two Pizzas Gregory Raposo album stared in own movie all of years so one after anotherand RPG Kingdom 2 Than most favorite joined for a time forever witch he ,0
problems  <SPLIT><SPLIT> a POV because against nations of world coming Any statistics <SPLIT> b very anti is IMHO  <SPLIT> All in all this article,0
been told ,0
page  <SPLIT><SPLIT> about surely is crime in <SPLIT><SPLIT> that page should ,0
name  <SPLIT><SPLIT> older was succeeded by Music  a  Heres got <SPLIT><SPLIT> Alfa branding or label that in <SPLIT> Inc <SPLIT> Inc the record previous 1994 <SPLIT> the record ca <SPLIT><SPLIT> like a article would much  we this Alfa and the companies associated  basic sentence lead describe remove confusion  the other company without company which as I tell can to new page <SPLIT><SPLIT> ,0
Oliver  <SPLIT><SPLIT> say for taking the to revert deletion on ,0
propose for i post to see everyone sure wont which doesnt remove the same of view,0
finished to digital ,0
let have a draft Alberto  you see and the to title Manuel Domnguez ,0
deleted  definitely not the As remember it being else ,0
is ,0
support ,0
 <SPLIT><SPLIT> I just to the the but FA I one be even changes I was to the the that kissing blonde from the dream I dont how this is Directors of like the Mr Roques or Carol the to be Another we really find out what was it wasnt the So if dont character should referred as Camilla is also incorrect    <SPLIT> we remove it then with about scene where Del appears be singing when out it the time IMO we are fooled only performance is so powerful because director planted 1 We assume that the left the is 2 Cookie or that a played by the same actor out and introduces Rebekah a that out later a prop 3 We hear the on the microphone begins leading us to sound hear will be coming ,0
disagreed with charts free to if anybody the ,0
it said report deny or disprove accuse being either source is headline it saying anyone even the sentence Headlines often people author for not communicating The other currently used rewording that what I tell blog accuses of having characteristic a pyramid not a a considering sources which of need a or own ,0
hi <SPLIT> i m bored <SPLIT> this sucks <SPLIT> no fun tonite,0
probably JP is game ,0
Interest  <SPLIT><SPLIT> Hi <SPLIT> wasnt sure how respond am right You me edits am so concern appreciate was of my biases tried careful edits My a so there already some language misinformation on I that casts light as long was true I that nickname is and added balancing to topics For example only information his foundation to a museum so the aim of etc I did the the museum Im the more balanced and unbiased than there specific edits are let me <SPLIT> Thank you for your contributions Wikipedia and your efforts to make it a better <SPLIT> ,0
wrong   <SPLIT><SPLIT> totally and  <SPLIT><SPLIT> universities PhD program is much because coursework component is masters course is target nominally three years finish earlier and few years actual strongly on the being <SPLIT><SPLIT> bThis for the already  while councils moving model want to PhD  <SPLIT><SPLIT> and concentrate high level only possible year field common studentsi <SPLIT><SPLIT> finish I have heard  degree UK honours attached theory can after and in their is grades  can a 22 with ,0
later really mean to  There plenty of a nametag  leap actually  only for be ,0
to write article about business painting laying lines,0
sorry ,0
<SPLIT> <SPLIT> <SPLIT> <SPLIT> <SPLIT> <SPLIT> BClass3 <SPLIT> <SPLIT> <SPLIT> <SPLIT> ,0
 <SPLIT><SPLIT> Mr aka <SPLIT><SPLIT> good see using strong block button  it I here to let know that In losing  <SPLIT><SPLIT> introduce I am as know my legacy have created possibly sockpuppets 2009 have to have impact Wikipedia more than administrators sockpuppet powers <SPLIT><SPLIT>  <SPLIT><SPLIT>  <SPLIT> see I have treat the administrators guessing you not like what I in store that is the point Ha ha a formula of casting magic previous sock farms limited supplies of stars in a night but we now see a phenomenon of a change and are about go stormy the current administration of Wikipedia  <SPLIT><SPLIT>  <SPLIT><SPLIT>  <SPLIT> Where there was once there will be rain Its deserved since admins are <SPLIT> The admins remember as <SPLIT> in their Come on now lets clouds <SPLIT> attack May now <SPLIT><SPLIT> Its not no yous to begin <SPLIT> Protect pages you might But you surely <SPLIT> You will be ready great fright future will dark <SPLIT><SPLIT> I hope are ready for event no other Youll need be ready ha ha that because ha Never and you will soon the days <SPLIT><SPLIT> <SPLIT> you <SPLIT><SPLIT>  	 ,0
think with respect to informative  your is concise  I would Description Distribution  Furthermore section off a to extended  I given this good article review  and but out  the the one ,0
edits  <SPLIT><SPLIT> are odd have tried explain and had no change Edit the articles Discussion page here If explain a which there is obvious will ,0
Facebook Users Dumb Fks  <SPLIT><SPLIT> avoid being consider talk to version that consensus  <SPLIT><SPLIT> I DOING <SPLIT><SPLIT> PAGE PROVIDING VALID TIPS FOR IMPROVEMENT AFTER ALL THIS THE TALK PAGE <SPLIT><SPLIT> for the mentioned <SPLIT><SPLIT>  <SPLIT>  <SPLIT>  <SPLIT>  <SPLIT>  <SPLIT>  <SPLIT>  <SPLIT>  <SPLIT>  httpaubusinessinsidercomembarrassinganddamagingzuckerbergimsconfirmedbyzuckerbergthenewyorker20109 <SPLIT><SPLIT> where Controversial Remarks  <SPLIT><SPLIT>  Bryant section Controversial <SPLIT>  section Controversial <SPLIT>  section Controversial <SPLIT>  Hovind section <SPLIT>  section <SPLIT>  Greg Gutfeld section Controversial <SPLIT>  section Controversial <SPLIT>  Daniel Bernard diplomat section <SPLIT>  R section Controversial remarks <SPLIT><SPLIT> and many many more <SPLIT><SPLIT> start <SPLIT><SPLIT> While 19yearold CEO Mark Zuckerberg used login data his social network to into fellow that evidence included instant transcripts facebook fucks alleged exchange is between Zuckerberg friend shortly launched The his room <SPLIT> <SPLIT> Zuck so you need info about <SPLIT><SPLIT> Zuck Just ask <SPLIT><SPLIT> I have 4000 emails addresses <SPLIT><SPLIT> Redacted Name you manage that <SPLIT><SPLIT> submitted <SPLIT><SPLIT> I <SPLIT><SPLIT> Zuck They me <SPLIT><SPLIT> <SPLIT><SPLIT> <SPLIT><SPLIT> so you do the <SPLIT><SPLIT> ZUCK <SPLIT><SPLIT> in year <SPLIT><SPLIT> ZUCK ear <SPLIT><SPLIT> end,1
 <SPLIT><SPLIT> Any with ,0
AA  for <SPLIT><SPLIT> Rot in you sack crap,1
<SPLIT> it concern <SPLIT><SPLIT> The page slanderous most this and misinformation that the page changed I refer factual from sources is regurgitation of Please the changes is only consumers costing Please either remove the page talk Pink is <SPLIT><SPLIT> Thank <SPLIT><SPLIT> <SPLIT><SPLIT> it is If it where then you would have to confront ABC and the New Times al this Much the information article taken and that it has made the or website Other include lunch sources news sources not editorials and are Please is The controversy to reported article,0
thats racist waz sum funz sux,1
done when observed attacked  with the persons gave proved  person this was that eye  all  have seen that person Wikipedia  my ,0
for ,0
Dodger67 further changes above review ,0
into district Northern ,0
word recognized as five dollars a day MerriamWebster good though Englishit means the house of but is used to mean the ,0
not favour recreating page Im things all open door open door section,0
editing If continue Wikipedia The in are as will from ,0
fringe <SPLIT> the line to the perajcitive term manner in this for lunatic might a preponderance of sources the of a I also should such in  without the good ,0
avoid terms  I dont think opinions might be another  Even arguments better opposed reason <SPLIT><SPLIT> true that I forms of  was with this history before read article and have preconceptions Constantine the the Gaelic forms bit more parse  However are using start here on references going to confused too wont etc  Our is current  Here difficulty common in not same common in sources  there relevant naming policy that can be cited,0
TalkThe ,0
Night  <SPLIT><SPLIT> me still needs be more please a on candidatesGuy you dont comments that also appreciated,0
Section  <SPLIT><SPLIT> have issues Wikipedia correct Adding the in section references grotesque Calvins show Calvin or to urine actually that trivia Honestly given total redeeming information it doesnt seem to be a for it to exist peeing only noteable and of course still unauthorized parody a different ,0
<SPLIT><SPLIT> When the a there than raw size of thing to is how significant donation other just the of percentage its also the the of the donation receipts latter to evaluate it requires of the recipients total That but if calculations its reasonable use it to of donation   ,0
understanding is pretty not a the history article,0
I cleaned up the rest of your mistakes  I feel like your mother,0
stop is not quasiGovernmental  The you to Wikipedia somehow frankly ludicrous If suing strongly your school as they managed teach you limits and of the Amendment <SPLIT><SPLIT> please read policy on threats If continue make will barred from editing Thanks,0
<SPLIT> name         links <SPLIT> state       <SPLIT>     <SPLIT> titlestyle   backgroundcolorwhite <SPLIT> title          Links Wikipedians in content   <SPLIT>        <SPLIT> groupstyle   10em solid CC0000 <SPLIT>   padding035em lineheight15embackgroundwhitecolorblackbordertop 1px <SPLIT>    lineheight15embackgroundwhitecolorblack <SPLIT>       <SPLIT> group2       <SPLIT> group3       <SPLIT><SPLIT> list1         Discussion  alerts  talks  BLPs Portal  Collaborations month  stubs   <SPLIT><SPLIT>        <SPLIT> groupstyle   <SPLIT>     <SPLIT><SPLIT>       <SPLIT>           Districts  Cities <SPLIT><SPLIT>       <SPLIT>        Hinduism       <SPLIT><SPLIT> group3       <SPLIT>         Arunachal    Chhattisgarh  Goa  Gujarat   Himachal  and      Maharashtra   Meghalaya            <SPLIT><SPLIT>       <SPLIT>          Haveli    Lakshadweep  <SPLIT><SPLIT>       <SPLIT> list5        Chennai   ,0
pages such as n Giggles vandalism If experiment ,0
wat ,0
 <SPLIT><SPLIT> fucking did ,1
Maur a selftitled both  it be one or other,0
Do not  <SPLIT><SPLIT> Close an RFC I have started again ever I will not have editors dick about with my comments Do it again and I will report your disruption to ANI,0
takes annual census for will I sure used by so is the best ,0
era sucks,1
Sup DIPSHIT NECROFELIAC,0
know how an  dont address what  were doing that the what has  what moved  What run areas you about <SPLIT><SPLIT> Further it not fix articles done enough place create article properly simply guessing to fill the  you want tell I dont know to write an then you want to that Im not fixing the article you messed up  How does that make a sense  And no because some used other articles mean WPRS  what theyre doing just exists   And providing that then corroborate  because found blog that information not mean it  point that not information that may yet  <SPLIT><SPLIT> And stated before LMP299  exactly not the  No identical said  identical the ARX01g but all on the same basic  All three cars are built three chassis LMP29601 LMP29602 and LMP29701  LMP29601 the sole LMP299  So repeat myself ad what is these three  How would create <SPLIT><SPLIT> the victimized routine is getting old quickly,0
at wrong in your has only characterised    speak ,0
Messiaen  <SPLIT><SPLIT> The that read sic Monde by Thomas Le Monde the title of a ie 6999 of the the Summa of qq used the applies the whole Et exspecto resurrectionem the article reflect   ,0
want argument should be based on same criteria ,0
<SPLIT><SPLIT> quote below current though wellreferenced new media studies on phrase <SPLIT><SPLIT>  <SPLIT> or by explanation sign with  <SPLIT><SPLIT> ,0
have with mortise that finally mortise size,0
useful  I found about rates at could create to help a new editor how in  tutorial guidance ,0
 World of band,0
slight the references The are to ie secondary per secondary the of as for in the in books film should significance I a section on Look and film interviews with the sources establishing the importance cultural The main was I tried to Stallone the in secondary the thereby places it a a a that could be improved IMO,0
and be in ,0
if even r770 you either choose to without because if number never be with ,0
underway  <SPLIT><SPLIT> group major edits and as a an to article It several months for us finish,0
think be article over   e,0
Tottori Tottori Shimane ,0
means list as Crowded exact source and ,0
flame used draft ,0
are we the consumption full because wouldgo citreon I more a dover ,0
in 2nd  <SPLIT><SPLIT> somebody it,0
should do  <SPLIT><SPLIT> Please at  tell should now   <SPLIT> WikipediaRequests for commentUser especially concerns been the questions ,0
Abacus  <SPLIT><SPLIT> My tnh th h u tinbng tnh gyRa i t rt sm,0
TalkHistory philosophy ,0
that critics really on fact that no is for ,0
have blocked hours copyright  is not ,0
see back your you you were to see,0
barnstar  <SPLIT><SPLIT>  stylebackgroundcolor solid fceb92 <SPLIT> padding 5px   <SPLIT> 0 height  Technical <SPLIT>  <SPLIT> styleverticalalign middle 3px  your on helper ,0
details  <SPLIT><SPLIT> Description queue The claims path from the path at each  directs the description be <SPLIT><SPLIT> Check in Closed  article candidate already closed queue  I at bottom states the the priority  additional <SPLIT><SPLIT> Since position I have  issues,0
Not significant distinction between except that art sounds of described as in you can this as art change,0
 <SPLIT><SPLIT> if you already up 2014 ,0
about edit is You a reference  why I am to ,0
 <SPLIT><SPLIT>  cellpadding6 lineheight backgroundcolor border faecc8 <SPLIT>  <SPLIT>  Hello   Welcome English  <SPLIT>  <SPLIT>  Thanks you your in project We will that the Wikipedia is encyclopedia started 2001 anyone may are guidelines principles that are follow These a for information <SPLIT>  <SPLIT>    <SPLIT>  The five pillars of WikipediaThe fundamental project <SPLIT>    <SPLIT>  HelpWikipedias <SPLIT>  <SPLIT>     <SPLIT>  width38  TutorialThis tutorial basic guide to <SPLIT>  alignright   <SPLIT>   user and your edit <SPLIT>  <SPLIT>  alignright   <SPLIT>  Mentoring programAsk editor be <SPLIT>    <SPLIT>  on <SPLIT>  <SPLIT>  alignright   <SPLIT>  avoidHow <SPLIT>     <SPLIT>  <SPLIT>  <SPLIT>    <SPLIT>  policies introduction and <SPLIT>    <SPLIT>  <SPLIT>  <SPLIT>    <SPLIT>  editors <SPLIT>    <SPLIT>  quick <SPLIT>  <SPLIT>   <SPLIT><SPLIT> is page you you  sign <SPLIT><SPLIT> Cant message Click ,0
Salem Page <SPLIT><SPLIT> Sorry Nufy for vandeling the salem home page im an idiot and new to wiki in the future will use the sandbox <SPLIT><SPLIT> Jes,0
view the article need all if that coming out of or Paul needs prominently in articles then in wrong it cut personal accusationsattacks matter how much  thats belong serious  or repeated follow WPFRINGE in this article ,0
buddy fucking I it should moved,1
and dictator ,0
comment irredentism is of ancestry islander Im proud is Croatian it lot also many Venetian Chakavian Reinnesance Whats was first Croats northern Cro alphabet Croats the culture Dalmatia they never they completely it and its say has natural in and Europe disappeared On Ill always fight Italian but its not case Is it Im revival to Dalmatian too  <SPLIT> dont prove something reported here Illyricum about or above the elements Dalmatae few other familiar tribes OstroGoths Sclaveni Romans guess <SPLIT> ,0
dumb shit,1
original that there about main characters For the but arent all until summaries for List of Piece episodes is no  FLCs it reader One if theyre of List One episodes the context ,0
deletion  <SPLIT><SPLIT> Hello wanted to that proposing Blossom for deletion think our for inclusion you dont article <SPLIT><SPLIT>  edit <SPLIT>  text looks like this proposed  <SPLIT>  the page <SPLIT><SPLIT> sure you article should on the  you it deleted later anyway  <SPLIT><SPLIT> You can leave on  if you ,0
You are very annoying sir PLease stop this nonsense,0
fact he doesnt is ,0
<SPLIT> the now it  <SPLIT> that happened 1921 go in the <SPLIT> cut out  <SPLIT>  of Rashid are the two most powerful the religious <SPLIT> That not ,0
of the English Meaning That is linguistically  false events be language  is this an ,0
Just shut up and dont offend the homeland of some people  it might be awful but keep it for yourself,0
<SPLIT> I a  another comment a to  in between  I that be chronological order my own   did  My were two can be  along and in  when my specifically addressed the that your comment asked  you trying make me or something   <SPLIT>  You SEVEN the comments or are you care first comment 2357 March edit conflicted you it to use button much,0
 <SPLIT><SPLIT> first has you it you can  admin give into space Im but that article in particular <SPLIT><SPLIT> are few to <SPLIT><SPLIT> The Wikipedia <SPLIT> of Style for Wikipedia <SPLIT> <SPLIT> as good <SPLIT> Wikipedia Not <SPLIT><SPLIT> Sorry of though,0
replaced  almost    on Karen   with far more incomplete   <SPLIT><SPLIT> author of McCrimmon reasons recent article Poe by one occured at the same one French users name and brought mistake English replace today instead of this one who  <SPLIT><SPLIT> If between De and Poe should not conflict because the the if you see email other reasons to of  <SPLIT><SPLIT> Thank  <SPLIT><SPLIT>  <SPLIT><SPLIT> De Medicis,0
main to  <SPLIT><SPLIT> I an economist right of the to access zero   This easing the central <SPLIT> crisis worse  our to finance deficits at to   ability to access funds has into the termjargon under the called quantitative easing  quantitative is it shapedcreatedtested into a common ideaan practice   Once you accept that the of clearance without borrowing managing structures to led only a of time quantitative easing main to <SPLIT><SPLIT> Why easing to with debt  discussion,0
is it as it favor christianity   the Deist god do with unless no plan to offer he threaten eternal even moments hell   into    To Father the Puritans his rising against priests to the talking virtue  A TO   huge and insurmountable the god that ideas like basis of yet inalienable a cannot of   IS NOT  NAME GOD GAVE WHO THE  DESTINY COME   AND I IT IT AS BUT AS ITS OBJECTIVE TAINTED BY AND  reason rights are  means even god take    <SPLIT><SPLIT> is  liberty today cowards inequitable rights always attention kind by stepping else much possible        otherwise fits other one racism and hate god peopleand didnt create love the 2nd creation   Funny destiny the bible  Everything is go it make of em you dominion over all    If cant out which is just a policy of a superior on others in any for the that has so little respect for its own that it to match theirs ya no it be that religion caused a   surely not most problems we have today not the one that offers a to back UNamericanslavery and children as property pink skin white and the ultimate of two things it seems   genital lol their first council and a few others after were to how slice penis or notimportant spiritual stuff skin color   Frauds manifest destiny christian   I its a sin but to say that type of reveals you a lot to say something so ridiculous   Whats next are you to claim the when you christians got so and thats how you got big religion that and its the easiest historyno practice Believe in jesus  SAVED  wow i wonder much growth you from a death religion a quick drivethrough step practice   least the MUSLIMS before something and more5 times a  Find me that in a cant be honest to not idiots as  though face will spare  its faultone would have to to believe  bible avoiding realitythats it never addresses and instead to escape yes after murdering all savages stealing their women and destroying their culture,0
