perturbed_text,ground_truth_output
Its own article <SPLIT><SPLIT> Why is it that the [[Estados]] States Warrant Officer rank has its own page but the United Kingdom Australia and a few others share a page     or,0
Could you [[aspect]] us straight to some with good article status in those categories  They are hard to find any better than this one Thanks,0
Illiterate and generally regarded as a retard presumably he would have been deemed too thick even for the services,0
Not to mention that the relevant column is Location not State And the location is very clearly Ukraine and just Ukraine,0
Do as I say not as I do <SPLIT> I would recommmend that you too visit WPEQ,0
In WPBRD the bold person initiates the discussion  waits before making further reverts,0
Hi  <SPLIT><SPLIT> Hi  on Bupenda Meitei  i did that  i mean removing the orphan tag after discussing quite at length in your IRC chat with Peter Cortithe user too Plz help me how shall i proceed with the article  m new here,0
That everyone does not agree that a definition is correct does not mean that the definition is subjective in itself Yes not everyone agrees that targetting civilians is a characteristic of terrorism Not everyone agrees that the content of your definition is terrorism either I dont know why you think the one you have picked is special,0
Job hunting <SPLIT> Thank you for changing your username but no matter what username you choose you really are not allowed to use Wikipedia to advertise your web site  Thank you for stopping now,0
Thanks for the xplanations Cheers,0
Reference to Nazi and separatist statement  <SPLIT><SPLIT> This statement is out of line To compare the Quebec government to Nazi Germany is ridiculous hateful and really racist The Quebec people as first Canadians readily accepted the first Nations and did not take away their land and kill them like the English did The first Jews in Canada were in Montreal and they were and still are accepted as a part of Quebec society I dislike your comment It makes me angry The first concentration camps were built by the English in South Africa against the Boers The AngloSaxons came from Northern Germany so you have much in common with the Nazis Takes one to know one The conductors name is Tom Harding so shut up in respect for all the people that died in Lac Megantic It was the British that [[acclaimed]] the Province of Canada taken from France Province of Quebec Also read the Quebec Act 1774 the British parliament talks about Canadiens this 100 years before Confederation It is your ignorance with Canadian history that is the root of your racist statements You should read about this too your own people kicked out of USA Expulsion of the Loyalists Now who are the Nazis It was also these same people that divided the Province of Quebec into Upper Canada and Lower Canada So who were the first separatists,0
Evacuated is British propaganda It wasnt evacuated It was ethnically cleansed   Preceding unsigned comment added by     <SPLIT><SPLIT>  An antiSemitic administrator has just inserted antiSemitic Arab propaganda into this article and then prevented the page from being corrected  <SPLIT><SPLIT> I propose that the antiSemites Discospinster Nishidani and Huldra be banned immediately   Preceding unsigned comment added by     <SPLIT><SPLIT>  Interesting how this racist article calls Arabs Palestinians Jews settlers Jordanian occupation Jordanian control Israeli control Israeli occupation  <SPLIT><SPLIT> This is more proof of Wikipedias rampant antiSemitism   Preceding unsigned comment added by,0
Munson  <SPLIT><SPLIT> An overprotective obsessive parent who harshly judges their children and assumes to much Or a young redhead child who wants to be free but will be forever caged by her parents wrong doing and accusations A pickled cucumber Also buttsex,0
SL [[Atalanta]]  <SPLIT><SPLIT> Could you please get another source in English that doesnt contain factual errors Your source shows This time last year Bayern with 217000 registered members lagged behind Benfica with 224000 Thats outdated back in February Benfica had at least 235000 members source is FIFA weekly magazine which is in the article,0
yeah youre right its pretty [[idiotic]] to delete thatI DO NOT believe the curse for Favre is his Packers situation Im still banking on the loser to get in a horrifying car accident,0
Your signiture  <SPLIT><SPLIT> Your signiture is [[allure]] but either has a bug or conflicts with firefox The red at the end is not closing out so the RfAs Ive been viewing look like theyve bled everywhere Might be worth a look,0
I think that the sticking point  the potential problem with granting this request  for many administrators is that while Trongphu is exactly right when he says blocks are preventative rather than for punishment hes also exactly right when he says blocks are preventative rather than for punishment Yes I know thats a tautology but the point is that while Trongphu views this block as punishment because he feels its unnecessary theres a very valid other viewpoint that the block is preventative because its preventing Trongphu getting back into this risky environment The block like all indefinite blocks is on his account because it was determined that he needed to be prevented from editing here until he addressed the behavior that led to his block and its a pretty big leap of faith to say if you remove the thing preventing me from editing I promise I wont edit anymore anyway It could be a 100 honest promise that will be carried out it could be a 100 honest promise that will nevertheless erode in the face of temptation or it could be a lessthanhonest promise because the community has in the past been burned by other people who made similar promises and didnt keep them its tough to know which this one is and its tough to be willing to take that leap of faithThe other issue is that if the block is lifted not because the behavior has been addressed but simply to restore Trongphus face that sets off a potential cascade of issues Once hes unblocked on the technicality of I wont edit anyway is he an editor in good standing Does that mean he can exercise a clean start and reincarnate under another username as editors in good standing are permitted to do What happens if hes unblocked on the promise that he wont edit and then immediately returns to editing Can it be a violation of unblock conditions to behave as if youre unblocked when you are unblockedNone of these issues mean that an unblock absolutely positively wont happen here or even that one shouldnt necessarily happen here But I think whats causing reluctance on the part of the community is that Trongphu appears to be approaching this as Ive put in enough time now I have the right to get what I want rather than here is what I want how can I convince the community that making that happen isnt a bad idea they will regret Can we work out conditions When were being asked to take only the word of someone who had previously shown a bit of a tendency to make poor snap decisions when upset  and to feel those decisions are justified  its difficult to be sure based only on what hes telling us now that that same person wont do the same thing next time he reads something on enwp that upsets him,0
So I dont [[believe]] reverting all of them was the right course of action here,0
Constitution does not grant states the right to execute people <SPLIT><SPLIT> This argument about the 5th and 14th Amendments has been made to the Supreme Court on a number of occasions  The Court has ever adopted your interpretation,0
[[Attach]] to Turkey and Genocide Denial  <SPLIT> Kuniholms lobbying for Turkey and participation in the denial of the Armenian genocide must be included in his entry for all posterity to see  His early career in Turkey and his networks there particularly with Ergenkon should also be discussed in the entry  A neutral POV demands no less,0
Sock puppetry <SPLIT> Hi You are a suck puppet of  who blocked indefinitely you are not allowed to create another account or edit wikipedia all your edits will be reverted,0
Tikal the Echidna <SPLIT><SPLIT> Im just wondering but why did you get rid of the likes and dislikes  Its true and if somethings not correct you can get rid of it anon,0
plot vs spoiler  <SPLIT><SPLIT> i think its really childish to revert every time a decent complete description of the plot is online argueing that there might be spoilers for readers come on is this a kindergarten or what wp is supposed to be an encyclopedia even though so many collaborators havent understood that yet its a pity in an encyclopedia there necessarily has to be a complete description of the book otherwise its some sort of advertisement for the book is that what you want you reverters,0
Notability of Vivo band <SPLIT> A tag has been placed on Vivo band requesting that it be speedily deleted from Wikipedia This has been done because the article seems to be about a person group of people band club company or web content but it does not indicate how or why the subject is notable that is why an article about that subject should be included in an encyclopedia Under the criteria for speedy deletion articles that do not assert the subjects importance or significance may be deleted at any time Please see the guidelines for what is generally accepted as notable  <SPLIT><SPLIT> If you feel that you can assert the notability of the subject you may contest the deletion To do this add  on the top of the page just below the existing speedy deletion or db tag and leave a note on the articles talk page explaining your position Please do not remove the speedy deletion tag yourself but dont hesitate to add information to the article that would confirm the subjects notability under Wikipedia guidelines <SPLIT><SPLIT> For guidelines on specific types of articles you may want to check out our criteria for biographies for web sites for bands or for companies Feel free to leave a note on my talk page if you have any questions about this,0
No you state that there is a strong economic case  I disagree and numerous government studies do too,0
Nublet <SPLIT> i will slap you in the testicles,1
[[Aides]] Use English,0
11 February 2012 UTC <SPLIT> Well thats the communitys hope anyway That [[fucking]] now shutthefuckup abouttransferto canvass Its what normal people would do finally after years but lets see   2308,0
Ill see if I can find an image,0
Err a few minutes I was blocked for over 2 hours Thehmmmmwell meaning admin forgot to remove the autoblock after finally unblocking me nasty that and at the moment I am not feeling like making many more positive contributions here,0
WON  <SPLIT><SPLIT> I think the awards issue is coming out on Wednesday Ill confirm the winners and add the sources when I get it if no one else has done so by then I dont know about that site It looks fine and with the correct info but I really cant say whether its useful or not,0
Thanks I havent left him or her a message and at this point it would probably be better if someone else did so it doesnt seem like Im trying to antagonize him or her,0
Terminating the RFA process with extreme prejudice  <SPLIT><SPLIT> On WPRFA you wrote If youre wondering contact me on my talk page  Well here I am and wondering what Im doing here  Enlighten me,0
Should eyewitnesses accounts of what happened during that time be included   <SPLIT><SPLIT> There are some good personal commentaries found in the internet by people who witnessed how the event unfold  <SPLIT><SPLIT> Granted these personal comments can be biased towards the eyewitness point of view however there are some facts that can be verified or corrected when more eyewitness come forward to contribute to this wiki For instance <SPLIT><SPLIT> The riots first broke out in the Kampong BahruRaja LautChow Kit areawhen the Malay mobs armed with parangs came out of Kampong Bahru and started attacking Chinese and Indian passersby burning cars and torching Chinese shophouses in the Raja LautChow Kit areasChinese gangsters came out to defend the Chinese and Indians and fought with the Malays with sharpened lead pipesthen the Malay regiment came out and started shooting the Chinese with their gunsa lot of people died in the Jalan Tuanku Abdul Rahman area near the Odeon Cinema <SPLIT><SPLIT> The casualties brought to the KLGH in stages showed that in the first stage most of the casualties were Chinese suffering from parang woundsthis showed that that the Malays had attacked first and the Chinese were caught by surpriseThe 2nd stage casualties were almost equal between Chinese and Malays with parang wounds Chinese and wounds inflicted by sharpened pipes Malays In the 3rd stage all the casualties were Chinese many dying from gunshot wounds showed reflected the shooting spree of the Malay regimentMany of the victims were Chinese and Indians shot by Malay soldiers for breaking the curfewwhat actually happened was that when their houses were burnt by the malay rioters these nonMalays had to run out and were shot by the soldiers for breaking the curfewI remember hearing over Radio Malaysia during the height of the riots that curfew breakers would be shot <SPLIT><SPLIT> The mass graves of Chinese at Sungei Buloh and other places with some of the bodies tarred to prevent racial identification was true as described by other bloggers above  <SPLIT><SPLIT>  by Anonymous Thursday February 03 2005 104746 PM <SPLIT><SPLIT> taken from httpwwwmalaysiatodaynetBloge200502ispolarisationinmalaysiadeadorhtm,0
Please refrain from adding nonsense to Wikipedia as you did to Human penis size It is considered vandalism If you would like to experiment use the sandbox,1
The [[articles]] is about [[fucker]] size and race and penis size has been a poorly explored matter currently so I cant see how we can devote so much space to it,0
[[Allegedly]] you mean in addition it had Semitic deities such as,0
Well I spended hours to take photos on a sci fi convention and decided to upload free image on Wikipedia of uniforms actors etc,0
Better research and citations  <SPLIT><SPLIT> The article is working it seems from some rather dated material on Beringia  In <SPLIT> Bonatto SL Salzano FM  1997  A single and early migration for the peopling of the Americas supported by mitochondrial DNA sequence data Proc Nat Acad Sci 945 18661871 <SPLIT> They indicate that migration could have been occuring as early as 55000 ybp <SPLIT><SPLIT> In addition differing information has come from the comparison of mtDNA haplotypes and Ychromosomal haplotypes  Compare  <SPLIT> Silva Jr W  Bonatto S  Holanda A  RibeirodosSantos A  Paixo B  Goldman G  AbeSandes K RodriguezDelfin L Barbosa M PaLarson M PetzlErler M Valente V Santos S  Zago M   2002 Mitochondrial Genome Diversity of Native Americans Supports a Single Early Entry of Founder Populations into America Am J Hum Genet 711 187192 <SPLIT> and <SPLIT> Lell J  Sukernik R  Starikovskaya Y  Su B Jin L Schurr T  Underhill P  Wallace D  2002  The Dual Origin and Siberian Affinities of Native American Y Chromosomes Am J Hum Genet  701 192206,0
Here in wikipedia You write on your community <SPLIT> I am a reddy from AP and USA I request others to not to write on reddies as they like that they are OBCs You write on yourself as you like but not on others insulting them,0
Oh yes  I did French and Latin in school  We moved from NSW to Qld when I was 13 it was August and theyd been studying French all year since late January so I had quite some catching up to do  I studied hard and came top of the class at the end of the year   Id already done 2 years of Latin at my previous school and continued at the new school  Why on Earth I went into medical lab technology accountancy and mathematics before finally realising that my true aptitude was in language music and history  well some of us take longer than others  But I learned some great info along the way so its all good  My third attempt at a bachelors degree was in Mathematics but half way through I said [[fucking]] this and went and enrolled in the Russian course  The uni rules allowed me to combine both streams in the same degree but the title was Bachelor of Arts in Modern Languages although Russian was the only language I did at tertiary level   <SPLIT>  Plus Ive learned a lot from a lifelong interest in opera and classical music history and a general interest in particularly European languages  Im reasonably confident with my pronunciation of Polish Czech Serbian German Italian French Dutch Spanish Ukrainian and knowing a smattering of words in all of them  Not so much Portuguese Icelandic Norwegian Danish Swedish Finnish Romanian Bulgarian Hungarian Greek Albanian Turkish Arabic Chinese Japanese Vietnamese Swahili,0
Joint oldest is most accurate  that was the first international match,0
A couple of things   <SPLIT><SPLIT> Hi Dongutteridge  <SPLIT><SPLIT> Thank you for your contributions to the article on Don Gutteridge Going by your username it looks like you may have a conflict of interest with this article  If so it isnt really a problem  and doesnt stop you editing the article  but you should probably be aware of Wikipedias policy on this which you can find here  Also the last couple of edits that you have made to this page you have provided information without a reference to a reliable source that allows this information to be verified  I think the edits you have made are just about okay but generally speaking Wikipedias Policy on Biographies of Living Persons requires that any statement made in such an article be backed up with a reference   <SPLIT><SPLIT> Feel free to drop me a note on my talk page if you have any questions or visit the Teahouse where you can get advice from expert editors  <SPLIT><SPLIT> With all best wishes,0
Well Id love to help but Im not an administrator just a humble user He seems to have left Wikipedia for a while though if he keeps up with the attacks feel free to let myself or someone else know so we can take action Thanks and cheers,0
India quick links,0
Great to see this page  The listings and [[contour]] are accurate and complete  Beyond the citations and records of accomplishments Steve has been influential in the background in innumerable ways involving lots of people  andygoes,0
the president should stop all of this shit,1
Why is it vandalism My intention is constructive Ive given arguments for my edit The edits are reversed without any reason,0
border1 <SPLIT> Preceding <SPLIT>  2015 <SPLIT> Next <SPLIT>  <SPLIT>   Archive 1 <SPLIT>  [[Archived]] 2 <SPLIT>  Archive 3  <SPLIT>  <SPLIT> Signature <SPLIT> Any chance you could make your signature more simple and less eyejarringdistracting     <SPLIT><SPLIT> Please communicate with me Also please read through this WikipediaSignaturesCustomizingyoursignature and change your signature accordingly I think the The editor who likes cosplay line is distracting and unnecessary the yellow color is too bright to see at least for me and theres nothing particularly special about my screen or eyesight and the rest of it is too confusing and distracting too If youre unsure then please ask for third opinions from other people     <SPLIT><SPLIT>  Testing signature  The editor who likes cosplay     Please     <SPLIT><SPLIT> I cant really see it It is bright yellow on white    <SPLIT><SPLIT>  Testing  The editor who likes cosplay     Please     <SPLIT> Worse      <SPLIT><SPLIT>  Test        <SPLIT> Slightly better You might like this    <SPLIT> Its shorter now thats better     <SPLIT>  I think this signature should be more interesting       <SPLIT> In my browser that signature is unreadable There is virtually no contrast between the background and the text And you should consider making your signature less distracting in a talk thread unless your goal is to be very irritating to other editors     <SPLIT>  My signature is short already Please do not call me irritating      <SPLIT> I didnt say anything about the length of your signature It will be distracting in talk threads which are for discussing things with other editors not for showing off what a cool signature you made The reason it will be distracting i,0
Thank you for experimenting with the page Chocolate on Wikipedia Your test worked and it has been reverted or removed Please use the sandbox for any other tests you want to do Take a look at the welcome page if you would like to learn more about contributing to our encyclopedia  A link to the edit I have reverted can be found here link If you believe this edit should not have been reverted please contact me,0
RfD nomination of Making of The Passion of the [[Fucking]] <SPLIT> I have nominated  for discussion Your opinions on the matter are welcome please participate in the discussion by adding your comments at the discussion page Thank you,0
Conflict of interest Before I respond to your censorship of the Napster page please advise How many songs have you illegally downloaded Bbb23,0
[[Admittedly]] KSY why is he even here trying to defend himself theme song or My theme song,0
And thanks for reverting  Look we can bitch at each other laugh with each other agree sometimes and disagree others and you know I dont take it personal but ANI already has enough problems on a good day  I just try to keep it drama free for whoever gets dragged there  If you want to come here and [[fucking]] about SPI you might find me agree with several points but this is the right place to have that conversation not there  Thats all Im saying       Join WER,0
Welcome <SPLIT><SPLIT> Hello and welcome to Wikipedia  We appreciate encyclopedic contributions but some of  such as the ones to the page VersaEmerge do not conform to our policies  For more information on this see Wikipedias policies on vandalism and limits on acceptable additions If youd like to experiment with the wikis syntax please do so in the sandbox rather than in articles <SPLIT><SPLIT> If you still have questions there is a new contributors help page or you can write helpme below this message along with a question and someone will be along to answer it shortly  You may also find the following pages useful for a general introduction to Wikipedia <SPLIT> The five pillars of Wikipedia <SPLIT> Help pages <SPLIT> Tutorial <SPLIT> I hope you enjoy editing and being a Wikipedian  Please sign your name on talk pages using four tildes  this will automatically produce your name and the date Feel free to write a note on the bottom of  if you want to get in touch with me Again welcome,0
Re Your changes to the Somatic Experiencing page Im really quite shocked at your editing half the content out and if I thought it would help Id call your work idiotic What you give as a reason for removing descriptive informative text is that its how to text But for example the bare bones that you leave make Somatic Experiencing for a Wikipediareader indistinguishable from Eugene Gendlins Focusing read the text again Which just shows that you shouldnt be fiddling Nerolike with a subject psychotherapy whose nuances you dont obviously understand and which you apparently have no real interest in Which your reasoning Wikipedia is not a medical manual only further proves Who said anything about a medical manual and which planet are you on man This is the sort of redundant revising which unfortunately makes people not trust Wikipedia,0
[[me]] dont see why the article cant be just McDonnell Douglas MD80 as that is the family name and none of the aircraft are actually called MD80 as it is just a generic title MD90 could be a separate article it does have different engines All DC9s are on the same TC A6WE from the DC911 to the 717,0
[[Adequately]] there we are You actually do want a source to tell you that the fact that either Brand told a bare faced lie or was indiscreet about a sexual relationship is relevant to this article or whether that would make a difference to the reactions Im speechless Flip it on its head she denies it ever happened would there be no change to the reactions or consequences then Im sorry but this is utter utter nonsense And I want an article on her We are disputing less than ten words two of which are her name and Brands name Get some perspective,0
Requested move  <SPLIT><SPLIT>  <SPLIT> Kris Wu Yifan    WPUCN exomsmtowncom he is simply referred to as Kris,0
RevisionDelete  <SPLIT><SPLIT> Hi I happened on Mark Ciavarella and the personal data in versions   and   I see youre on the WPOVERSIGHT list shouldnt those versions be RevisionDeleted or at least suppressed,0
WikipediaArticles for deletionEric West 2nd nomination  <SPLIT><SPLIT> To let you know in addition to the image making the AfD hard to read posting that image is a possible copyright violation as that is a screenshot from another website that was retrieved without the permission of the site itself,0
OK  in fact I also oppose the move I myself suggested It was a moment of weakness  I was feeling worn down by the constant need to correct of all those wellmeaning  corrections of the perfectly good ise spelling  Im now feeling stronger again  I vow to continue the crusade of constant reversion,0
[[Ah]] I could subst SigSource but then nearly 700 characters of code are added everytime I sign Plan B involves me creating SigSource2 if I make any major changes to my sig I tried another idea of mine which was to template SigSource onto Sig subst onto SigPref This went wrong somewhere because it just leaves SUBSTUserStarfleet AcademySigSource in my prefs Any suggestions,0
The really [[agonising]] thing is that instead of putting in line the person attempting to mud the memory of those great people who were massacred by the Nazis just because they were Poles and Jews you instead attacked me who tried to prevent it Have you thought even for a minute that those murdered professors have many living relatives relatives who had to live their lives without a father a mother or even without both parents Have you thought how devastating would be for them to read defamation like that their loved ones betrayed their own nation and entered talks with Stalin Its like murdering them again,0
I [[leer]] somewhere that  <SPLIT><SPLIT> someone with a penis and a vagina has only 1 orgasmic organ or whatever you call it So basically they cant just stick it in themselves and,0
Also the other two quotes should be removed as they are not referenced,0
Not arguing but rather defending the list being on the page There was no need for you to come off that rude towards me If you want the list off then itll stay off I really dont care either way,0
Could i get you to come to TalkWhitney HoustonExternal links  <SPLIT> I also dont want to see you banned over this  We have a rule that you should see that alot have no clue about WP3RR   <SPLIT><SPLIT>  <SPLIT><SPLIT> Moxy  It appears to me that YOU are the one in violation of WP3RR This is not my final position on the matter   Preceding unsigned comment added by,0
Related ethnic groups  <SPLIT><SPLIT> The edit warring over what is listed in the infobox as related ethnic groups needs to stop  Ill note that Central American Indians is a redirect to Indigenous peoples of the Americas and Indigenous peoples in South America is basically a disambig page which refers to indigenous peoples also covered in Indigenous peoples of the Americas  Alaskan Natives are covered in this article  Theres almost certainly some relationship to Indigenous peoples of Siberia but this seems a little iffy to me  I suspect the main point of contention is whether Black Indians should be included  Im no expert in this area but it looks to me [[adore]] theres some question about whether Black Indians should be considered a separate ethnic group  Ill ask the folks from WikipediaWikiProject Ethnic groups to comment In the meantime I strongly suggest discussing this here rather than edit warring,0
Arena Live  <SPLIT> This should be added httparenalivezexosorg,0
I dont get why you accuse me of lying but I may also not care I live on facts and I have [[nothingness]] stated [[didnt]] in here without giving any reference However all those charts seem so fcked up its really hard to actually believe any of those Curtis was out in Europe Sept 7th and 10 days later it was still not even mentioned in any album chart Does that make sense to you Not to me Also there are often varying charts for the same country what a mess Also some official charts laggin 23 weeks behind If UWC is based on those its no surprise that not much makes sense there  <SPLIT> Besides that I just decided to stay away from Wikipedia as much as I can since I have better things to do with my precious time,0
Hey I cant help but notice that Fairmont has no article  LOL,0
NPWatcher welcome  <SPLIT><SPLIT> Youve been [[accepting]] to use   Please give me any feature requests or bugs  Im also happy to help if you have any problems running the program or any questions   Before you run the program please check the changelog on the application page to see if Ive made a new release or just add the main page here to your watchlist  Finally enjoy,0
Stop  <SPLIT><SPLIT> Please stop If you continue to vandalize pages as you did to  <SPLIT>  Pokball Peril <SPLIT>  The First Pokemon The Last Battle <SPLIT>  The Pokemon Center is Very Busy  <SPLIT>  Deciding Match VS Regice <SPLIT>  Begin From Futaba Town to Masago Town <SPLIT>  Find Pikachu Route 202 <SPLIT>  Meowth Rules <SPLIT>  Get the Show on the Road <SPLIT>  A Ruin with a View <SPLIT>  Perap and the Pokmon Comedian <SPLIT>  Mean With Envy <SPLIT>  Attack The Stray Manyula <SPLIT>  The Scuffle of the Legends <SPLIT>  Battle Pyramid Again VS Registeel <SPLIT>  Pacifidlog Jam <SPLIT>  Eight Aint Enough <SPLIT><SPLIT> <SPLIT><SPLIT>  <SPLIT><SPLIT>  <SPLIT>  you will be blocked from editing Wikipedia <SPLIT> Please stop merging the Pokemon episodes until the WikipediaArticles for deletionHere Comes the Squirtle Squad deletion vote is finalized It is considered vandalism Please just wait until the voting is finished Please follow the rules,0
When he said that quote was Robinson nearly 92 That would be a definitive meaning right there,0
[[REALIGN]] TalkGeorgios Georgiadis footballer,0
[[Clasps]] AfDs   <SPLIT> Hi it looks like your closing a lot of todays AfDs Are you sure those are all speediable and if so you should close them as such or are you just working on the wrong page e,0
Tupac alive theories  <SPLIT><SPLIT>  <SPLIT> I think some more focus should be given to the Tupac is alive theory I mean obviously all of us with intelligence know that its complete bull but I still dont think it gets enough discription Maybe if you are skeptical of making it seem like a ligitiment possibility you can phrase it so it seems like your informing on the claims to the theory rather then the theory itself stuff like instead of saying according to the theory Tupak faked his own death for blah blahyou could say Believers of the theory claim Tupak faked  his own death for blah blah Obviously it doesnt warrant a long paragraph or something but if it could be expanded to recieve the same discription as the other theories offered in that section The way I see it even the idiotic should be reported on if that tripe Loose Change can get a page surely this can get one or two more sentances Lettuceclock,0
BRAD PITT IS THE SEXIEST BEAST IN THE WORLD HE IS THE SEX xxx,1
Without providing WPRS Sources to support your assertations you can not expect other editors to consider your views there are indeed documented controversies but no disputes removed your tags,0
And I might add that it seems Wiki tends to prefer amateur know nothings knowledge to that of specialists I guess that is because Wiki prides itself on being written by amateurs and enjoys ignoring specialists,0
ditto the last comment the last time I went to the official page a few months ago it had been hijacked by some advertisers and had really shoddy info on the ELF The earlier site was legit and had good info Nov 30 2005,0
nat  <SPLIT><SPLIT> k look who ever did that natalie portman bio is wrong cuz i found all the infos on her she is not from austrian and russian ethnicity she is only polish thats y i read if i find the web site ill send it to u where they write it sraight the site where u posted ur infos is wrong that web site had been modified a hundreed of times but ppl keep on changing it the whole time,0
[[Ablaze]] archived for posterity <SPLIT>  Changlc and Jiang always together  <SPLIT> Why are you two communist clowns so annoying  <SPLIT> Amusing how easily extremists on both sides immediately construe a neutral viewpoint to be diametrically opposed to theirs <SPLIT> response here   <SPLIT><SPLIT> Changlc you should recognize the NPOV Is Jiang your sockpuppet  <SPLIT> response here,0
JAF [[actualy]] right I agree I have opened a deletion review in the following place WikipediaDeletionreviewSpore2008videogame Thanks,0
Of course none of that ie your attack has anything at all to do with the actual content dispute,0
2013 UTCacceptThat username does not violate the username policy A bureaucrat might tell an administrator on their talk page to unblock you Good job on selecting a nonviolating name   1321 8 July,0
Blocked user accounts  <SPLIT><SPLIT> Hi var is there a way to delete user accounts that have been created only to leave insulting messages see,0
Your submission at AfC Proximal gradient was accepted  <SPLIT>  Proximal gradient which you submitted to Articles for creation has been created  <SPLIT> You are more than welcome to continue making quality contributions to Wikipedia  <SPLIT>  If you have any questions you are welcome to ask at the help desk <SPLIT>  If you would like to help us improve this process please consider  <SPLIT> Thank you for helping improve Wikipedia,0
Man of La Mancha  <SPLIT> [[Candidly]] a musical How about separately under Recordings of musicals or Musical theatre recordings We cant use Music recordings  because everything is a music recording Best,0
[[Acoustical]] trite sounds like WPIDONTLIKEIT Too bad you didnt look at the many sources used for that sentence most of which make the point that antisemitism was chosen as a scientific alternative to Judenhass Glad you know better than the experts,0
The significance is that it is the only newspaper account of the event and as such people may be inclined to doubt its existence or think it a hoax By showing that it was reprtined in other newspapers people can dee that it was indeed a real article and can also see if the news had any national interest at the time Its important for context  Damion,0
I [[afar]] have too much detail about the route but I know they ended up in Switzerland I added a citation on this to the article,0
Im still waiting for the answer of course you will probaly wait 20 days and MiszaBot will automatically archive this thread pathetic,0
who fucked the fucker and fucked the fucking cunt faget,1
Uncommon title  <SPLIT><SPLIT> This present English WP article entitled Chgi  derives from the Japanese  interwiki I compiled Japanese synonyms given there and Chinese synonyms given in the  interwiki and searched for these shit stick words in Google Books The most commonly occurring Chinese and Japanese exact words are <SPLIT>  24800 <SPLIT>  13800 <SPLIT>  5920 <SPLIT>  418 <SPLIT>  280 <SPLIT>  239 <SPLIT> However none of these occur with their pronunciations eg kanshiketsu  in Google Books Doh <SPLIT><SPLIT> These exact phrases with pronunciations do occur in full Google Web search but see WPGOOG For instance 333 occurrences of chgi  many 8 of first 10 copied from this article into WP mirrors and blogstweets and 51 occurrences of kanshiketsu  many The Gateless Gate kan references and Buddhist dictionaries  <SPLIT><SPLIT> The Digital Dictionary of Buddhism has two entries <SPLIT>  pr gnshju kanshiketsu etc [[fucking]] stick used for toilet paper or Chan term of abuse from Gateless Gate kan <SPLIT>  pr chu ch etc small stake or stick used for counting voting calculating ie salaka Sanskrit alk Pali salk etc stick or for toilet paper <SPLIT> If we follow WPCOMMON what should the title be Shitstick ChouCh  GanshijueKanshiketsu,0
declineFeigned [[amazement]] is not a valid block reason,0
Banner picture missing  <SPLIT><SPLIT> Id just like to call attention to the banner picture being nonexistant as far as I can tell on my device and the image summary Im unsure how to upload pictures without an account but I was able to find many usable alternatives on Google Images by searching snakehead,0
I started this tread because You put English again and again in different threads on the tablet This thread is broader and here we can collect all Your concerns on preserving Your beloved mother tongue in Wikipedia Not only the redlinks It was because You obstructed nearly every discussion above with shouting English  I didnt want to let Your responses disappear but to give You the chance to declare yourself  and not only single points with no coherency as You did before,0
You have been temporarily blocked from editing for vandalism of Wikipedia If you wish to make useful contributions you may come back after the block expires,0
[[Adequate]] said Marek The problem is that Russia sees itself as the successor state to the USSR and the proRussian wikifactions are sensitive to the perceived potential of the USSR guilt being transferred onto Russia Hence we have all this rehashing,0
I reworked the paragraph in question to read   <SPLIT><SPLIT> The key contention of creationists is that evolution is not sufficient to account for diversity of life  This view is overwhelmingly rejected by the scientific community and academia      and how as in the title of a famous essay by Theodosius Dobzhansky Nothing in Biology Makes Sense Except in the Light of Evolution  <SPLIT><SPLIT> Which I think is accurate and fits nicely in the article  It does however shift the key creationist contention from evolution not being able to explain the origins of life which I think it is not claimed to explain to evolution not being able to explain the diversity of life which is what evolution explains at least as I understand it  Eg see my observation above regarding a comet bringing life to Earth  If this observation were ever established in mainstream science it would not affect evolution except perhaps raising the possibility that life may have had more than one origin comet impact <SPLIT><SPLIT> I fully admit that I could be wrong in this summary and would appreciate correction,0
Podcasts on Macroeconomics <SPLIT> [[All]] of these exist,0
Requested move <SPLIT><SPLIT>  <SPLIT><SPLIT> Ang Lihim ni Antonio    Please place your rationale for the proposed move here,0
But I do not see this as an earth shaking issue for the planet in either case,0
Kirsten Heiberg was automatically a German citizen when she married Franz Grothe in Oslo in May 1938 This was very important to her as German authorities insisted on the fact that only German citizens could be members of the Filmkammer which again was neccessary to obtain permission to act Nonmembers of the Filmkammer could normally not get permission to act in German films For her first three films Kirsten Heiberg was given special contract giving her a much lower salary than Filmkammer members were given,0
crashed United Airlines Flight 175 into,0
[[All]] time I read one of your rants I am motivated to go move some articles to lowercase,0
Other sources  <SPLIT><SPLIT> Is it just me or does the other sources section seem like it doesnt belong in a Wikipedia article,0
Cassian did not say all and he did not say most he only stated some,0
Re spam links Please stop  If you continue to vandalize pages you will be blocked from editing Wikipedia,0
Ignore my top comment i see what you meanby Title do you mean Grammy for musicMTV Movie Award just these two as examples Sort of like that Okay  Imma do that now Tbh i dont really care about Follow the Leaderask me if you want anything for the page but otherwise i wont work on that out of want lol,0
July 2008 UTC <SPLIT> Well actually theres also [[fisting]] women who are classified as straight as well Take Bret Michaels show Rock of Love 2 for example Daisy who was the runner up is bisexual but yet she made it to the final elmination on the show But like Flyer22 mentioned its all depends on how the network advertises it   0020 9,0
CategoryConnecticut Huskies of Honor <SPLIT><SPLIT> CategoryConnecticut Huskies of Honor which you created has been nominated for possible deletion merging or renaming If you would like to participate in the discussion you are invited to add your comments at the categorys entry on the Categories for discussion page Thank you,0
Do you have a specific address so I can find it easier,0
Jeane Dixon  <SPLIT> You should take your question and concern to the talk page of the article so others can chime in I have to be honest gotten tired of debate over how to word articles about pseudoscience  Im involved in one over numerology right now and have no particular opinion about her,0
I think more details of incidents in the script need to be added to the plot summary  Its OK for a Bclass article but for a GA article on this subject a more fulsome description of the plot seems to be called for,0
[[Anticipates]] youre calling Cena gay Bdve Coming out of the closet <SPLIT> But yeah Ive said it before people need to grow up,0
Marseille  <SPLIT><SPLIT> Now university is over Im able to pay more attention to aces and aircraft again  <SPLIT> I was reading in Tate that his medals were stolen from a Museum Perhaps this should be mentioned  Do you have confirmation about this Bf 109 is the US that they claim Marseille flew Is there a good chance of it being so,0
Ah I [[avis]] you know some sarcasm after all The answer is no and the lies are no lies  she fell victim of poisoning as you can read in dozens of sources and even more of the socalled filtration camps which was an official sanitarized term by the way She was even accused to be the FSB spy Which is quite lethal in this part of the world as several Russian and foreign journalists and humanitarian workers got killed because of this,0
Please stop the bad faith attacks are you saying you now have a copy of Jackson rather than relying on 3rd hand excerpts prepared by other editors  Do I take that as a refusal to selfrevert,0
WikipediaArticles for deletionFuck the South 2  <SPLIT><SPLIT> Sir it sounds as though the reason you believe this article Fuck the South should be kept is because 1 the site is notable due to how illustrative it is of the depth of the divide between red  blue states per Unfocused 2 you endorse the site 3 the site prevented your suicide 4 the article is not an attack page as the South is akin to Nazi Germany and 5 this is not just a hate site because it pertains to your forefathers Please correct me if I am mistaken <SPLIT><SPLIT> I would like to say with the deepest empathy to your and your ancestors pasts that all but the first are specious arguments in regards to the importance of this article within Wikipedia and the first is itself under debate The second does not have any bearing on the articles actual importance many people vote to keep nonnotable bands that they like in Wikipedia even though they fail WPMUSIC The articles are always deleted and should be The third although it must be important to you in a great way does not relate to a standard that will allow this articles existence Personal feelings important as they are in all aspects of real life do not have a place in an encyclopedia imagine a version of the Encyclopedia Brittanica that said things like John Doe is such and such and he is a great man perhaps the greatest in the world The fourth is thoroughly your opinion is thus your point of view and I would say entirely inaccurate that is a judgement of an entire region as filled with Nazis and is horrible in the same way that a Southern racists discrimination of all black people is horrible Also remember that an article saying Nazism is bad however true that may be is not quantifiable is an opinion and is thus not neutral or worthy of being in an encyclopedia Note I think that reading Godwins law might be a good idea in terms of using such inflammatory comparisons in the future The fifth is logically false and even if it were true does not prove this article notable enough to warrant an entry <SPLIT><SPLIT> Wikipedia is not a soapbox Please consider your personal feelings and how they relate to building a good accurate encyclopedia I advise you to read WP5P and WPNOT thoroughly I can understand how much anger you feel against the South but it is not a good reason to have Wikipedia abandon its sensibilities and keep an article because one hates something <SPLIT><SPLIT> I hope you understand that I write this with the best intentions Good luck and my regards Sincerely,0
Sources more  <SPLIT><SPLIT> Additional sources that can be used to improve this article <SPLIT>  <SPLIT><SPLIT> I hope someone does some work on this article the subject is very deserving of a full bio article,0
12 August 2008 UTC <SPLIT> A letterofthelaw defender already called for him to be blocked He knows what he can do with himself the heartless powertripping dramamonger  1359,0
[[Brand]] Burrows  <SPLIT><SPLIT> I agree with your talk page comments Would you mind adding your thoughts here Cheers,0
Identity of this IP  <SPLIT><SPLIT> This IP is used atm by a high school  However heartfelt your warnings the students who have vandalized pages from this IP couldnt care less,0
Im doing allright yeah  Im trying to do a stupid essay but apart from that everythings fine  you up to anythin intrestin,0
If this is so important to you you have your priorities [[fucking]] up and probably no no life Have your pathetic way by all means,0
Please do not [[debris]] pages as you did with this edit to Sea Life Centres If you continue to do so you will be blocked from editing,0
[[Accordingly]] theres a tearjerker of a line in Lennons song Beautiful Boy about his son Sean I can hardly wait to see you come of age but I guess will both just have to be patient,0
Zebani  <SPLIT><SPLIT> I couldnt find a message board to talk with you So I wrote here my answers I do not do vandalism Turkish pronunciation of Google is gugul after this explanation the right choice of the to googling in turkish is gugullamak <SPLIT><SPLIT> And I am saying again Israel is a Terorist Group It is not a state or goverment They are killing people for nothing,0
MagnumStingers edits  <SPLIT><SPLIT> MagnumStinger made a whole ton of edits and they were reverted because it was too much all at once wo talking about it first  However I think we should give his changes some considerationsome of them were good and trimmed a lot of unnecessary fat from whats starting to become an overblown article again,0
Kanye West 808 photo  <SPLIT><SPLIT> So why didnt you just change it yourself or ask me to change it myself  Anyway it change the purpose now,0
They cant seem to understand that derivative works are copyright violations,0
Auto archiving notice botMiszaBot I age3 unitsmonths,0
If it wasnt for Denis wed all be sunk,0
It would be something if the moron who wrote the above statement identified himself  As he is a liar and can only be writing the above out of envy and jealousy,1
clear evidence  No  One can say anything on the Internet  It is evidence only that someone caused the content to appear  Please use the  to sign your posts,0
[[Anathema]] owner really dumb,1
Jdanek007 If you wrote the lead you are a skilled leadwriter indeed,0
[[Ca]] anyone change the spacing,0
You really ought not be fascist  Ever think of that  <SPLIT><SPLIT> Now that we got all that squared away <SPLIT><SPLIT> Has it occurred to you little [[bitches]] that this probably isnt going to stop any time soon,0
yeah  but this begs the question where do you draw the line between naturalunnatural  analogous to your KMarkWalMart shooting what about an ultraviolet ray that hits my dna  maybe it hits a gene and causes skin cancer or maybe not,0
Welcome to Wikipedia We could really use your help to create new content but your recent additions do not assert the notability of their subjects and have been reverted or removed Take a look at the welcome page if you would like to learn more about contributing to our encyclopedia,0
Fra John I have taken adequate time today to review the policies of wikipedia <SPLIT><SPLIT> 1 Verifiable statements are anything from reputable writings including media They want us to write in our own words We are not here to verify whether the article or work is true but to use it as a basis to write an article According to the policy an individual needs sufficien verifiable facts to sustain a spot in Wikipedia The only verifiable sources are those written against Schuckardtmedia reports Your reign of Mary or whatever it is you use is not sufficient because it is not accessable You are in clear violation of this because your proof is insufficient and it adds unecessary fat to the article <SPLIT><SPLIT> 2 Personal attacks are those directed toward an individual Schuckardt is the leader of a desstuctive cult is simply a statement not an attack Most of the edits you make are not personal attacks but rather statements Again you are in clear violation of this point <SPLIT><SPLIT> 3 This one Ill give you this is not a personal forum although we express valid points that you consider personal attacks And you dont give straight answers <SPLIT><SPLIT> 4 NPOV or neutral point of view deals with conflicting points of view We clearly have this in the article It also states that if someone is directly involved with an article subject he or she SHOULD NOT CONTRIBUTE The reason being is that they will be bias You are directly involved with Schuckardt and you clearly state that you admire him as an individual You are in violation of this policy We are not because we have nothing to do with him and this article is only about him <SPLIT> Dont preach to me about being in violation of wiki policy because I see your bias in using wikipedia as a platform to push your groups point of view The truth of the matter is that Schuckardt is a contoversial subject and the facts are thisfor the last time  <SPLIT> 1 He started a group in defiance of Vatican Council II <SPLIT> 2 He received an illicit ordination and Consecration from the Old Catholic lineage <SPLIT> 3 He imposed stringent rules on the faithful  <SPLIT> 4 He was using massive amounts of perscription drugs <SPLIT> 5 He was denounced for being fanatical and for homosexuality <SPLIT> 6 He fled Washington  <SPLIT> 7 He operated his organization in different States and settled in the Seattle area <SPLIT> 8 He continues to impose these fanaticle rules and control while being elusive <SPLIT><SPLIT> Fra these are not personal attacks but the facts whether you agree or not And I can provide the evidence The Counterclaims section and Aryan Nations section have NO merit in the article and should be removed You have yet to show me the evidence As for what I have written there are no personal attacks and if you remove one word you will be in violation <SPLIT><SPLIT> George Wagner 28 MAR 06,0
WPN and Lists  interpreting the RFC  <SPLIT><SPLIT> I know you mentioned that you were looking at the RFC trying to find some general principles that people agree upon if we should carve out a list exception to WPN I was wondering how it was coming along and how long it might take you to figure it out also is there anything I can do to help <SPLIT><SPLIT> As an aside when the RFC formally closes were gonna have someone do a more detailed analysis of the RFC So dont stress yourself out trying to capture every nuance If we only get a few general principles supported by a few numbers thats okay  <SPLIT><SPLIT> Thanks in advance,0
Tell that to MTV Its a [[authoritative]] source Click the link to MTVs article that was used to create that statement You need to have a reliable source to dispute,0
Your changes to WikipediaYour first article <SPLIT> Please do not replace Wikipedia pages with blank content Blank pages are harmful to Wikipedia because they have a tendency to confuse readers If it is a duplicate article please redirect it to an appropriate existing page If the page has been vandalised please revert it to the last legitimate version If you feel that the content of a page is inappropriate please edit the page and replace it with appropriate content If you believe there is no hope for the page please see the deletion policy for how to proceed Thanks for contributing to Wikipedia,0
declineAppears not to be on you [[appealed]] keep us advised as to whether you might want IP block exemption if you are going to be using this computer,0
Solidarity with the Russian Wikipedia blackout  <SPLIT> Hi Excuse me for using your talkpage for something that is ongoing on the Macedonian Wikipedia where were collecting support from greater number of users as a solidarity reaction towards the Russian Wikipedia and their blackout today You can express your support by signing your username on this page Best regards,0
[[abetted]] by a reliable source  Thanks,0
masturbation can we conclude,1
Why Do Females Swoon Over Him  <SPLIT><SPLIT> Its so silly Chris Brown is a dumb ugly gay incompetent cocky and untalented jerk,1
Misc useless trivia that wikipedia hates so much  Curiousity hits me which dub did you get this from  From my memory of Crocs defeat there was nothing but rubbish music playing in the background  I know someone redid the scene WITH classical music in  Did you watch that and mistake it for officalness,0
Whoever wrote this doesnt seem to understand the concept of encyclopedia Surely this needs to be rewritten from scratch by someone who knows a bit about the album if not just deleted,0
Wikipedia is bullshit <SPLIT><SPLIT> Its run by a ring of self indulging zealots worldwide who knows how they even got their power to begin with True its the encyclopedia in quotes due to laughability of wikipedia that everyone can edit  but not everyone can contribute to equally Trust me if your edits dont satisfy the moderators and their extremely pedantic and overall worthless personas they will be removed within minutes Oh and fuck all of the wiki fanbois who will constantly link you to wiki articles as if they have more value than graffiti on a derelict building The worlds becoming full of idiots and wikipedia has become a hub for these narcissistic fucks they call administrators,1
[[SABLE]] KOFAX IS BEATS EVEN THO HE IS A JEW,0
It also reproduced intricate impact patterns found on the Earths surface  <SPLIT><SPLIT> Im sorry I dont understand this It seems to read as if it means it modelled impact craters on the Earths surface,0
I propose the statement is vindicated even without a direct reference since we have solid references dating the RV to 15001000 BC over at Rigveda the Gayatri mantra is Rigvedic and the Vedic chant traditions include the Gayatri mantra thus it stands to reason that at least part of the tradition is aged more than 3000 years plus we have no candidate that can hope to tie with this,0
Its probably better that people express themselves then the mistakes can always be edited if you find the spellings strange then edit them,0
I am afraid that I just do not see the bias  Can you give a specific example  I do not think that the article is arguing for or against anything at all  It is merely providing an account of current research in this area  I do not think any Wikipedia article is a place to provide arguments for or against such things,0
Rhys Taylor  <SPLIT><SPLIT> I noticed you deleted and protectedagainstrecreation the bio of Rhys Taylor Since hes a squad member of a notable English Premier League club I dont understand why he is not notable The previous deletion discussion was 2 years ago so the facts of the matter behind his notability have in fact changed since then I do not think this is a legitimate candidate for speedy deletion and ask for its immediate restoration,0
I [[consistently]] call the grad students doctor and the doctors professor  Seems to work for me   Anyhooyou will be a doctor soon  Go reptiles,0
Im listing you for violating the three revert rule on Libertarianism and the politics and electionsdemocracy template and so you will probably be blocked for 24 hours  I have also reported your behavior to the arbitration committee asking them to block you until they reach a decision about what to do with you  Repeatedly reverting everything I do across multiple articles doesnt make you look very good   July 9 2005 1520 UTC,0
[[Adequately]] I guess the problem with that is that two former employees of AIPAC Weissman and Rosen have also been indicted So its not just about what Lawrence Franklin did so that title wouldnt really be accurate Perhaps Espionage investigation involving AIPAC Thanks,0
Dont be stupid All computers with Windows XP behave this way Are you perhaps lobbying with Microsoft in order to have this OS shut down,1
Your [[Avis]] also links have been moved and you need to discuss them  <SPLIT><SPLIT> Please discuss the future of your edits here Do not attempt to restore them or your IPs will be blocked and your username banned There is a reasonable chance that the material can be included but it must be done properly,0
Adding information is one thing removing plenty of information pertinent only to American Amway is another Its wholesale changes What Im embarrassed that the more successful Asians are somehow represented by an American No single distributor organization represents Amway Its a worldwide phenomenon and its insulting to assume any one person as the definitive image bearer of the business The 95 quote i got from the much vauted internet of yours not from any tape Here is the link and they quote the Small Business Association too httpusgovinfoaboutcomodsmallbusinessawhybusfailhtm <SPLIT> Whatever the numbers are it still validates my point taking your own numbers its like blaming the top 395 for the failures of the rest <SPLIT> Your insistence that the Amway business plan is a pyramid shows your POV in this matter Firstly the FTC Federal Trade Commision totally disagrees with you This is from the FTC website In In re Amway Corp19 another landmark decision from the 1970s the FTC distinguished an illegal pyramid from a legitimate multilevel marketing program <SPLIT> httpwwwftcgovspeechesotherdvimf16htm <SPLIT> Maybe its your lack of understanding of [[agenda]] that is making this unclear to you The downlines can be very rich and still the upline can fail in the business It happens all the time and regularly at that  <SPLIT> Yes the standing of the owners and founder of Amway has plenty to do with Amway Corp If knew the history of the company what Amway is today are totally based on the human principles put forward by their founder and owners It is these very owners which were elected as the chairmen of Chamber of Commerce showing the trust of the business community on the principles which are the foundation of Amway Corporation today,0
Cystathionine BetaSynthase Deficiency <SPLIT> Connection with dementia and other neurodegenerative diseases <SPLIT><SPLIT>  Homocystinuria Caused by Cystathionine BetaSynthase Deficiency by Jonathan D Picker MBChB PhD Harvey L Levy MD  <SPLIT><SPLIT> Characteristics <SPLIT> developmental delaymental retardation <SPLIT> ectopia lentis andor severe myopia by age 8 <SPLIT> skeletal abnormalities excessive height and length of the limbs ie may look like Marfans syndrome prone to osteoporosis <SPLIT> thromboembolism major cause of early death and morbidity <SPLIT> Other features that may occur <SPLIT> seizures <SPLIT> psychiatric problems <SPLIT> extrapyramidal signs such as dystonia <SPLIT> hypopigmentation <SPLIT> pancreatitis <SPLIT> malar flush <SPLIT> livedo reticularis <SPLIT> Two phenotypic variants recognized <SPLIT> B6nonresponsive homocystinuria <SPLIT> B6responsive homocystinuria typically milder expression <SPLIT><SPLIT> just holding this here until someone can incorporate relevant bits,0
Theres a whole section comparing and contrasting the two terms AntiJudaismContrastedwithantiSemitism which you may not have read This has been discussed above as well,0
Ive further commented here on why this block happened,0
Bob Tutupoly  Indonesian singer idBob Tutupoly deBob Tutupoly,0
I meant that as a weak joke The rating of low importance is what made me realize that what you and I and others know to be true isnt necessarily evident to all editors,0
[[Badgering]] should be hung for what he did to Cech Im just glad Petr Cech is back Death to Hunt and Reading fc,0
looks ok I mean look at the List of Uboats article taken advice about introduction,0
There is no logic in that The lyrics are strongly connected to the topic of Kimigayo How can you not understand that,0
Nobody deserves to be hated for their religion or beliefs  Well stated  Why do jewish supremacists on Wikipedia hold such intolerant and hateful views towards other posters It is clear as day from reading above posts that Jewishcentric posters here are unreasonably biased and hate anyone with differing views  Even on something as simple as simply discussing the bias of the ADL as it relates to Irving  Fact The ADL is known worldwide to be biased  It is an advocacy group for jews  It has also been called a hate group <SPLIT><SPLIT> Wikipedia is supposed to be an open forum not the private domain of Jewishcentric historians editors and activists  The ADL should be REMOVED as a credible source for this particular article  The administrators and their tagteam that covet the control of this articles content are not the type of contributors or people wanted on Wikipedia <SPLIT><SPLIT> All jewish supremacists are encouraged to take any unreasonable attitudes and comments to a zionist or jewish supremacist website where this type of bias belongs   Wikipedia needs to reflect the fair opinions of most reasonable people Its clear for all to see that the Wikipedia Jews that tagteam to circumvent the 3R Rule are not among the reasonable or honest  Geni Please do not use comments like [[fucking]] off Go on get lost ever again on this website <SPLIT><SPLIT> No personal attacks please and no more slurs either nobody here is a nazi except those whose actions exhibit nasty and racially motivated attempts to control open debate free speech and fairness,0
Graphic pictures should be removed  <SPLIT><SPLIT> So many graphic pitures on the site Why Do we really need 3 pictures of human scrotums showing the same thing And why is there a picture of the side view of an erect penis and balls I say we delete all the pictures and just keep the diagram at the top,0
Comment as can be seen from my recent edits there are four current alternatives to the only possible version with many authoritative sources for them such as BBC Reuters NBC Der Spiegel etc I cant see why the peculiar Freedomites should lead off the list sourced as it is to blogs an LLC book generated from Wikipedia articles a government ministry that also uses at least one other version and one reliable source the Bundeszentrale fr politische Bildung which is a short English translation possibly using Wikipedia from a Germanlanguage article,0
he [[assassinating]] cus he pooped himself,0
You guys looks like kids copying any link of every random guy that write about time4popcorn They dont need to know anything to write an article We are constantly linked to time4popcorn and need to contact news creator to fix their articles and dont link us with their shady name,0
Ditto to both of your [[concept]] Can someone please remove or change,0
Why your pages have been deleted <SPLIT> The reason why your pages have been deleted is that as an encyclopedia Wikipedia is selective about subjects for articles they have to have notability which is not a matter of opinion but needs to be demonstrated by showing significant coverage in reliable sources that are independent of the subject The test is have other people independent of the subject thought it interesting and important enough to write about There is good advice on writing acceptable articles at WPYour first article also if you are Matthew Beevers you should read WPAutobiography Regards,0
Penis is not vulgar or offensive but putting it in there is not good Wikipenis is insulting to many people and replacing even Wikipedia featured joke articles with penis is not good behavior Other people had to revert your edits over and over again Thanks for your attention to this matter and I hope you will contribute useful stuff to Wikipedia and be a respected member of our [[unions]] Thanks,0
Requested move  <SPLIT><SPLIT>  <SPLIT><SPLIT> Do You Believe in Magic The Sense and Nonsense of Alternative Medicine    WPSUBTITLES neither discourages nor encourages using subtitles depending on WPAT policy To be consistent with other articles named Do You Believe in Magic book is needed Of course if a question mark is unneeded then  will do If the title with subtitle and the title without it are commonly used then we should implement WPDIVIDEDUSE and other applicable policies and guidelines like WPCONSISTENCY,0
Firstly you have no sources stating its primarily There are many sources which state it has gained such a connotation in addition to what it used to be but none claim primarily Two obviously ultraliberal sources dedicate very short sentences to it stating its a pejorative  they are WPFRINGE and WPBIASED You removed 9 sources of which none were dictionaries The dictionary would be tenth <SPLIT> But Allan Bloom wasnt a conservative as we know the term He held academically traditional views as to what should be taught in schools He was against educational change Using words like conservative is ambiguous breaking WPDISAMBIG <SPLIT> You call academic sources defining the term as something akin a philosophy and not as a simple pejorative scattered usages Mind you the literally dozen sources I gave you were from the first two pages of the academic search engine I used  <SPLIT> The terms use by people other than conservatives is welldocumented as well Finally not as a source but as an anecdote so dont bust your balls on Monday I saw Colbert use it nonpejoratively on his new talkshow,0
Y <SPLIT>   <SPLIT>  Y <SPLIT>   <SPLIT>  Y <SPLIT>   <SPLIT> bgcolorGoldW <SPLIT>   <SPLIT> bgcolorcc99663rd <SPLIT> bgcolorGoldW <SPLIT> bgcolorGoldW <SPLIT> bgcolorSilverRU <SPLIT>   <SPLIT>   <SPLIT>   <SPLIT>   <SPLIT>   <SPLIT>   <SPLIT>   <SPLIT>   <SPLIT>   <SPLIT>   <SPLIT> 8 <SPLIT>  <SPLIT> alignleft  <SPLIT>   <SPLIT>   <SPLIT>   <SPLIT>   <SPLIT>   <SPLIT>  Y <SPLIT>   <SPLIT>   <SPLIT>  Y <SPLIT>   <SPLIT>   <SPLIT>   <SPLIT>   <SPLIT>   <SPLIT>   <SPLIT>   <SPLIT>   <SPLIT>   <SPLIT>   <SPLIT>   <SPLIT>   <SPLIT>   <SPLIT>   <SPLIT>   <SPLIT>   <SPLIT> 2 <SPLIT>  <SPLIT> alignleft  <SPLIT>   <SPLIT>   <SPLIT>   <SPLIT>   <SPLIT>   <SPLIT>   <SPLIT>   <SPLIT>   <SPLIT>   <SPLIT>   <SPLIT>   <SPLIT>   <SPLIT>   <SPLIT>  Y <SPLIT>   <SPLIT>  Y <SPLIT>   <SPLIT>   <SPLIT>   <SPLIT>   <SPLIT>   <SPLIT>   <SPLIT>   <SPLIT>   <SPLIT>   <SPLIT> 2 <SPLIT>  <SPLIT> alignleft  <SPLIT>   <SPLIT>   <SPLIT>   <SPLIT>  Y <SPLIT>  Y <SPLIT>  Y <SPLIT> bgcolorcc99663rd <SPLIT> bgcolorgoldW <SPLIT>  Y <SPLIT>  Y <SPLIT>   <SPLIT> styleborder 3px solid red bgcolor9acdff4th <SPLIT>   <SPLIT>   <SPLIT>   <SPLIT>   <SPLIT>   <SPLIT> bgcolor9acdff4th <SPLIT> bgcolor9acdff4th <SPLIT>  Y <SPLIT>  Y <SPLIT>  Y <SPLIT> bgcolorcc99663rd <SPLIT>  Y <SPLIT>   <SPLIT> 15 <SPLIT>  <SPLIT> colspan27 CONMEBOL <SPLIT>  <SPLIT> alignleft  <SPLIT>   <SPLIT>   <SPLIT>   <SPLIT>    <SPLIT>   <SPLIT>   <SPLIT> bgcolorSilverRU <SPLIT>   <SPLIT>   <SPLIT>   <SPLIT>   <SPLIT>  Y <SPLIT>  Y <SPLIT>   <SPLIT>   <SPLIT>   <SPLIT>   <SPLIT>   <SPLIT>  Y <SPLIT>   <SPLIT> bgcolorSilverRU <SPLIT>   <SPLIT> bgcolorGoldW <SPLIT> bgcolorGoldW <SPLIT>   <SPLIT> 7 <SPLIT>  <SPLIT> alignleft  <SPLIT>   <SPLIT>   <SPLIT>   <SPLIT>   <SPLIT>   <SPLIT>   <SPLIT>   <SPLIT>   <SPLIT>   <SPLIT>  Y <SPLIT>   <SPLIT>  Y <SPLIT>  Y <SPLIT>  Y <SPLIT>  Y <SPLIT> bgcolor9acdff4th <SPLIT>   <SPLIT> bgcolorSilverRU <SPLIT> bgcolorSilverRU <SPLIT>   <SPLIT> bgcolorcc99663rd <SPLIT>  Y <SPLIT>   <SPLIT> bgcolorcc99663rd <SPLIT>  Y <SPLIT> 12 <SPLIT>  <SPLIT> alignleft  <SPLIT>   <SPLIT>   <SPLIT>   <SPLIT>   <SPLIT>   <SPLIT>   <SPLIT>  Y <SPLIT>   <SPLIT>   <SPLIT>  Y <SPLIT>   <SPLIT>   <SPLIT>   <SPLIT>   <SPLIT>   <SPLIT>   <SPLIT>   <SPLIT>  Y <SPLIT>   <SPLIT>   <SPLIT>   <SPLIT> bgcolorcc99663rd <SPLIT>   <SPLIT>   <SPLIT>   <SPLIT> 4 <SPLIT>  <SPLIT> alignleft  <SPLIT>   <SPLIT>   <SPLIT>   <SPLIT>   <SPLIT>   <SPLIT>   <SPLIT>   <SPLIT>   <SPLIT>   <SPLIT>   <SPLIT>   <SPLIT>   <SPLIT>   <SPLIT>  Y <SPLIT>  Y <SPLIT>   <SPLIT>  Y <SPLIT>   <SPLIT>   <SPLIT>  Y <SPLIT>   <SPLIT>   <SPLIT>   <SPLIT>   <SPLIT>    <SPLIT> 4 <SPLIT>  <SPLIT> alignleft  <SPLIT>   <SPLIT>   <SPLIT>   <SPLIT>   <SPLIT>   <SPLIT>   <SPLIT>   <SPLIT>   <SPLIT>   <SPLIT>   <SPLIT>   <SPLIT>   <SPLIT>   <SPLIT>   <SPLIT>   <SPLIT>   <SPLIT>   <SPLIT>   <SPLIT>   <SPLIT>  Y <SPLIT>   <SPLIT>   <SPLIT> bgcolorSilverRU <SPLIT>   <SPLIT>   <SPLIT> 2 <SPLIT>  <SPLIT> alignleft  <SPLIT>   <SPLIT>   <SPLIT>   <SPLIT>   <SPLIT>   <SPLIT>   <SPLIT>   <SPLIT>  Y <SPLIT>   <SPLIT>   <SPLIT>   <SPLIT>  Y <SPLIT>   <SPLIT>   <SPLIT>   <SPLIT>   <SPLIT>   <SPLIT>   <SPLIT>   <SPLIT>   <SPLIT>   <SPLIT>   <SPLIT>   <SPLIT>   <SPLIT>   <SPLIT> 2 <SPLIT>  <SPLIT> alignleft  <SPLIT>   <SPLIT>   <SPLIT>   <SPLIT>   <SPLIT>   <SPLIT> bgcolorGoldW <SPLIT> bgcolorGoldW <SPLIT>   <SPLIT>   <SPLIT>   <SPLIT>   <SPLIT>   <SPLIT>   <SPLIT>   <SPLIT>   <SPLIT>   <SPLIT>   <SPLIT>   <SPLIT>   <SPLIT>   <SPLIT>   <SPLIT>   <SPLIT>   <SPLIT>   <SPLIT>  Y <SPLIT> 3 <SPLIT>  <SPLIT> alignleft  <SPLIT>   <SPLIT>   <SPLIT>   <SPLIT>   <SPLIT>   <SPLIT>   <SPLIT>   <SPLIT>   <SPLIT>   <SPLIT>   <SPLIT>   <SPLIT>   <SPLIT>   <SPLIT>   <SPLIT>   <SPLIT>   <SPLIT>  Y <SPLIT>   <SPLIT>   <SPLIT>   <SPLIT>   <SPLIT>   <SPLIT>   <SPLIT>   <SPLIT>   <SPLIT> 1 <SPLIT>  <SPLIT> colspan27 CONCACAF <SPLIT>  <SPLIT> alignleft  <SPLIT>   <SPLIT> bgcolorGoldW <SPLIT>   <SPLIT>   <SPLIT>   <SPLIT>   <SPLIT>   <SPLIT>   <SPLIT>   <SPLIT>   <SPLIT>   <SPLIT>   <SPLIT>   <SPLIT>   <SPLIT>   <SPLIT> styleborder 3px solid redY <SPLIT>   <SPLIT>  Y <SPLIT>   <SPLIT>   <SPLIT>   <SPLIT>   <SPLIT>   <SPLIT>   <SPLIT>    <SPLIT> 3 <SPLIT>  <SPLIT> alignleft  <SPLIT>   <SPLIT>   <SPLIT>   <SPLIT>   <SPLIT>   <SPLIT>   <SPLIT>   <SPLIT>   <SPLIT>   <SPLIT>   <SPLIT>   <SPLIT>   <SPLIT>   <SPLIT>   <SPLIT>   <SPLIT>   <SPLIT>  Y <SPLIT>  Y <SPLIT>   <SPLIT>   <SPLIT>   <SPLIT>   <SPLIT>  Y <SPLIT>   <SPLIT>   <SPLIT> 3 <SPLIT>  <SPLIT> alignleft,0
cm punk is [[bordello]],1
[[Admirable]] I suspect discussion will be a whole lot better now that you arent flaming people anymore,0
History section <SPLIT> In light of the finding correlating vitiligo and biblical Tzaraath Ive noticed there is no History Paragraph in this article   <SPLIT> This appears to be original research Thus moved here In his analysis of the medicinal and therapeutic formulas presented in the Babylonian Talmud Dr Yehuda L Katzenelson concluded that the chazalic consensus as found in extant mishnaic text is that vitiligo and biblical Tzaraath are one and the same haTalmud VChachmas HaRefuah Berlin 1928 p 323 title at hebrewbooksorg p 339340      email if I write on your page reply on mine,0
Nazi Germany  <SPLIT><SPLIT> The language list is double LaWa,0
As I have already written in this discussion page above in Request for references <SPLIT> As only Axis personnel were tried Nuremberg victors justice and all that then it is significant that no Axis personnel were tried for bombing enemy territory because Karl Dnitz was found guilty of waging unrestricted warfare despite the US doing the same in the Pacific At the Nuremberg Trials in accordance with the London Charter of the International Military Tribunal The charter also stated that official position was no [[actionable]] defence against War crimes Obedience to orders could only be considered in mitigation of punishment if the Tribunal determined that justice so requires so it follows that if any war crime was committed then all those involved were guilty,0
[[Asia]] answered  thanks,0
Sarek of Startrek do you now see what I mean The problem sorted out exactly as I predicted it would I know I know I am still an nin cum poop in your opinion I know I know,1
Get off your massive inferiority complex get back on your meds and grow up Nobody is going to have any pity for you,0
[[Conservancy]] digging That case was a clusterfucked events wouldnt put too much stock in it but hey i fyou want to drink that kool aid up to you,0
Lewis where are you <SPLIT><SPLIT> In my opinion the best James bond we never had <SPLIT><SPLIT> Why were you so underated  I figured he was a knock about bloke and too down to earth amongst the acting snobbery <SPLIT><SPLIT> Lets hope he comes back guns blazing <SPLIT><SPLIT> Rick,0
I think there should be a section on all his claims about Prophet pbuh as well proper discussion for the failure of his long march I am not adding the dreams part as I have not done enough investigation on it However what I have heard is disturbing and people deserve to know,0
I am glad my photographs are of some use,0
action1oldid   221099667,0
[[Accepted]] thanks for letting me know  It now falls under the dbclub criteria,0
[[Chica]] Men for Getting Work Accomplished mmm I think not,0
Changes to Early life  <SPLIT><SPLIT> I have reinstated some of the earlier material concerning Bonifaces early life and added some additional citations In particular <SPLIT> He arrived in the Cape in 1807 not 1806 The University of Vienna citation stated that teh Cape passed back into British hands in 1806 but makes no mention of when Bonifcae arrived The St Andrews citation details his arrival  <SPLIT> The original bit about the Seychelles was cirrect the changes made by the previous editor were incorrect  see History of Seychelles and the new citation,0
MOTD Barnstar  <SPLIT><SPLIT>  <SPLIT>  styleborder 1px solid gray backgroundcolor fdffe7 <SPLIT> rowspan2 valignmiddle   <SPLIT> rowspan2  <SPLIT> stylefontsize xlarge padding 0 verticalalign middle height 11em  The MOTD Barnstar <SPLIT>  <SPLIT> styleverticalalign middle bordertop 1px solid gray  This award is given to you for helping out Motto of the day Thanks to your effort MOTD has brilliantly and successfully passed the most difficult period of the year In fact there are mottoes scheduled until the end of the summer For this reason MOTD would like to express heartfelt thanks to you for your support We appreciate your efforts in further helping the project  delivered by  on behalf of WikipediaMotto of the day,0
[[That]] comment was ill informed and incorrect An Lanntair has no control over the cinema the distributors of the films decide what is and is not shown and even decide what time of day and how many showings of each film there will be Mainland cinemas get the films first and An Lanntair can only get them some weeks later but this is still several weeks before they appear on DVD The Arts Centre was not built as a cinema and the funding that it receives is not intended to subsidise a commercial cinema,0
Looks good  Ive changed the article to a more specific wikilink  changed the category,0
quantitative easing main role is to reduce government borrowing costs  <SPLIT><SPLIT> I am an economist that has written about right of the government to access the zero percent borrowing matrix   This is what quantitative easing is about as the central banks purchases government debt instruments to make sure there is market clearance of these securities <SPLIT> Our sovereign debt crisis is getting worse and worse and worse  The only hope in our play book is our ability to finance deficits at a zero percent rate to rescue the free world   The ability to access these funds has coalesced into the termjargon under the banner called quantitative easing  Basically quantitative easing is here to stay and it is being shapedcreatedtested into a common sense ideaan accepted economic practice   Once you accept that the govenment can access the bank of clearance without borrowing managing the IOU structures banks use to led money it is only a matter of time quantitative easing main role is to reduceeliminate government debt costs <SPLIT><SPLIT> Why do you think quantitative easing has nothing to do with reducing government debt costs  This is a nobel discussion,0
[[ADIOS]] IM REALLY BORED hehehe sexual reproduction system  cool,0
to the top of an article the db stands for delete because,0
Descendents of Edward IV and Henry VII  <SPLIT><SPLIT> What sort of social rank would one have to bear in their family in order to be a descendent of either   <SPLIT><SPLIT> How far up the totem pole would you say   <SPLIT><SPLIT> This is intended to have broad answers and based on gradients of time and population not going into specifics about exact descendents  About how common is their descent in the English or British genepool today   <SPLIT><SPLIT> Ive noticed that American Presidents dont descend from either king but the most common recent royal ancestor shared by many of us is Edward III  How common is it for anybody in the English or British genepool to have a Protestant royal ancestor   <SPLIT><SPLIT> There is a general cutoff isnt there   <SPLIT><SPLIT> Is it because of fratricide in the Wars of the Roses the Tudors new men or the Union of the Crowns or the parliamentary union under Queen Anne I cant think of any nonroyal family descent from the Hanoverians within the UK   <SPLIT><SPLIT> Im thinking that there is a big difference between Plantagenet and Tudor descents that the commons in all likelihood have the former and the latter is held by the lords  just generally speaking  Then again Tudor descent in the Welsh must be higher in general  I am further curious about preRoyal Tudor blood in AngloBritish people today since the status andor concept of Welsh royaltynobility is rather hazy in my mind  I found the Blevins aka Ap Bleddyn family of Powys in my ancestry but have no real idea on what to make of itor any other Welsh native aristocracy  I might be able to find Stewart descent somewhere from way back when  What percentage of Hanoverian background do you think that German colonists had in America   <SPLIT><SPLIT> On the British side I have to go as far back as Welf himselfbut any recent genetic relationship with the Hanoverians or the counts of Nassau are completely obscure  How does one research those other colonial people such as the Hessians   <SPLIT><SPLIT> UK genealogy is relatively easy when focusing on English and French ancestries  What would a national person of Jerusalem or Antioch for example in Crusader times be known as   <SPLIT><SPLIT> We say American for those Founders but was there such a nationalityterm for the Crusaders in their own domains   <SPLIT><SPLIT> I guess the term is supposed to be LevantineOutremer or Crusader as our national heritage says Colonist,0
Thanks for the info  Ther are many smaller points which are questionable by perspective I believe but thanks for providing the links and the effort into the research for the information anyways <SPLIT><SPLIT> It hardly helps the current consensus that has developed here and simply muddies the water  this is not specifically the first time the name has been delegated to the dismbiguation format see higher up the talk page   <SPLIT><SPLIT> If the primary topic issue is really going to start hitting the fan then please note that arguments about such issues usually end up with blood on the floor and also people fall into the scope of WPARBCOM territory  and for any admins watching this talk page please be very careful where you step  this is despite being at a SNOW level before Rybec turned up is now somewhat tricky territory  [[me]] strongly suggest that great care is taken by all participants in this conversation on the example of previous primary topic debates <SPLIT><SPLIT> To have to go through all this because there is a suspicion of automated traffic is something that really requires something well away from this talk page and to somewhere well clear of this particular topic,0
What are you talking about JBsupreme  You dont have to be an admin to issue vandalism warnings and ACDCs repeated harrassment will surely get them blocked  Why are you encouraging blockable behavior,0
As an observation Id say that the term British Isles is relatively straightforward for some mainly British people in any context and for any subject matter  Others tend to avoid the term these days unless its within a particular geographic or scientific context  Sure  the term is used less today  Thats an observable trend  But who knows  it might be used more tomorrow generating another trend  And of course nobody but some Irish cares  who else would give a hoot  It doesnt mean its not a real issue though  So well always get editors probably Irish popping up here to questionqueryobjectargueetc for all the same reasons weve heard before  It doesnt mean that those editors are necessarily trying to cause trouble or are evil or are antiBritish or have read the history of this page to understand how consensus works and how it was achieved  I dont go in for the POV pusher arguments on either side  weve entrenched views by some editors but theyre entitled to their views and those views and everyone elses too help establish consensus <SPLIT> This discussion I believe has reached its natural conclusion  Consensus remains as it was no changes agreed,0
the following statement is not true It is not Eulalia who discovers the revolt but the woman working at the jail who overhears 2 slaves talking about it Furthermore the plot is not made up by local abolitionists but by Brainard whos from the North <SPLIT><SPLIT> As time passes Eulalia also discovers a plot by a group of local abolitionists to stage a largescale slave rebellion with aims to free the otherwisecontent slaves of the plantation and to murder both Moreland and Eulalia despite their kindness to their slaves,0
No Im going to Feminists for Life about someone who is supposed to be a former VP of Their organization I dont know anything about an organization called Feminists for Abortion,0
On just about any other topic Id be in complete agreement with you  However WPNPOV and WPUndue weight taken together mean that Wikipedia should reflect the attitudes of society especially or perhaps strictly speaking only when we can back it up with reliable independent sources The Nazis like other despotic regimes before and since used language and euphemisms to downplay the evil of what they were doing or perhaps simply as an act of selfdelusion or as a means for the higherups to deludebrainwash those who were not the major decisionmakers into thinking their actions were not as horrific as they were <SPLIT> Unless the cited sources can be impeached or someone can show that not only those sourcess understandings of the Nazi Holocaust and related crimes against humanity do not line up with the general opinion of history the recentlyadded text is perfectly appropriate  The only reason I can think of not to add it is if it redundant to existing text <SPLIT> Having said that a drier lessopinionated way of saying the same thing could probably be found and such text would serve the same encyclopedic purpose of warning the reader about the different meaning of the term euthanasia I would have no objection to such a change and I hope that as long as the message about the euphemistic use of the term was clear that  wouldnt object either,0
Just a quick request while editing please bear in mind Wikipedias neutral point of view  Describing another forum members as a dumbass is not nuetral and has been reverted  2000,0
[[Fiction]] section  <SPLIT><SPLIT> What about the section about how he was a complete LOSER and if heaven and [[fucking]] is real he is almost certainly in hell baring some miracle before his death,0
This theory is also based on the Lost Tribes of Isreal Theory which is a very controversial theory in itself,0
[[Yeah]] OK thanks struck it out,0
[[Discounting]] <SPLIT><SPLIT> The BNF clearly went to a bit of effort to add a long piece on all of the wonderful things they do However I took issue with the following <SPLIT><SPLIT> 1 Repetitive It kept hammering home the same lines over and over which made it sound suspiciously like advertising <SPLIT> 2 Biased tone It was written as though it is completely plain and obvious to all rightthinking persons that the BNF are lovely and benevolent and everything they do is perfectly wonderful and they are impugnable champions of pure science and reason In short it read like an advertising piece It was not written in an appropriate fashion for an encyclopedia article  <SPLIT> 3 References There were none Not a one And it had even done away with the references that were in places in the previous version,0
of the toxins used in zombification If so I think it ought to be mentioned along with an explanation of why the toxin is useful for this purpose Are there any other uses of the toxin Medical maybe   <SPLIT><SPLIT> I expanded the section with info from Zombie It is reported that pufferfish are used to make zombies but the info is not verified I did not find a medical use except for one claim that stuff in a noni fruit is similar to the fugu poison but not poisonous And supposedly eating the poison and the noni stuff together improves health  But I wont start eating fugu liver anytime soon       <SPLIT><SPLIT> mass garbage burial site <SPLIT><SPLIT> Revth Whats a mass garbage burial site Do you mean a mass burial site of human remains or sort of an antique garbage dump      <SPLIT><SPLIT> Hmm maybe garbage dump is better  The mass garbage burial site is called Kaizuka lit shell stacks in Japanese and referes to those that dates back over 2000 years ago  It was first discovered in the Yayoi area of Tokyo and was found to be almost exclusively made up of shells from shellfish and thus the name kaizuka  Many more had been found and those in western regions of Japan was found to contain bones of fugu  No human bones had been found in these places  As a side note bones of fugu are large and unedible  <SPLIT><SPLIT> aquarium <SPLIT> When someone comes along who knows about this info about keeping these fish in aquariums would also be interesting   <SPLIT><SPLIT> Toxin <SPLIT> I understand the toxin causes paralysis which leads to asphyxiation no movements of the lungs However does it also stop the heart What is the treatment I suspect that its possible to prevent asphyxiation using a iron lung but its probably trickier to deal with a paralyzed heart   <SPLIT><SPLIT> From Blueringed octopus <SPLIT><SPLIT>  Its saliva which can be instilled through a painless bite or can be spit contains the bacterial poison <SPLIT>  tetrodotoxin to which there is no known antidote Tetrodotoxin the same poison found in Pufferfish and <SPLIT>  Cone Snails can cause paralysis leading to respiratory arrest which can then lead on to cardiac arrest <SPLIT>  because of lack of oxygen First aid treatment is pressure on the wound and CPR and hospital treatment <SPLIT>  involves respiratory assistance until the toxin is washed out of the body The symptoms can vary in <SPLIT>  severity with children being the most at risk because of their small body size If the victims live <SPLIT>  through the first 24 hours after the bite they generally go on to make a complete recovery <SPLIT><SPLIT>    <SPLIT><SPLIT> ODP <SPLIT> I think this featured article would be a good addition to the following ODP cats <SPLIT>  httpdmozorgScienceBiologyFloraandFaunaAnimaliaChordataFishBonyTetraodontiformes <SPLIT>  httpdmozorgKidsandTeensSchoolTimeScienceLivingThingsAnimalsFishSaltwaterPufferfish <SPLIT>  perhaps described as  <SPLIT>  Wikipedia Pufferfish Also known as blowfish or fugu Provides consumption history poisoning social aspects availability and species table <SPLIT> Comments on category and description appreciated    <SPLIT> Sounds good Can you add it to the list      <SPLIT> Yes to the first cat Can forward for review for the second cat    <SPLIT><SPLIT> Image removal and other issues <SPLIT><SPLIT> Ive removed the following images because they are actually both longspine porcupinefish a species from a distinctly different family Diodontidae <SPLIT><SPLIT> ImageDiodonHolocanthusNOAAjpg  caption A night dive occasionally reveals a diodon holocanthus family tetraodontidae peeking out from a reef <SPLIT><SPLIT> ImagePufferfishjpg  caption Oceanfaring pufferfish come in a variety of colors but none swim particularly well <SPLIT><SPLIT> Perhaps one could be readded as an example of a fish easily confused with a puffer but as the tetraodontid and diodontid morphologies are so ostensibly similar Im not sure itd be worth it Ill try to look for more PD photographs later though I know of at least one other painting if paintings are admissable at this point thatd work <SPLIT><SPLIT> Anyway the taxobox was a bit messed up th,0
Hi there please watch your edits Links to articles are done with double brackets like this  Darth Vader And make sure you put spaces in after a period Thanks,0
Oh damn I read it backwards,1
A jerk is something else altogether  an unpleasant person who would not normally succeed romantically,1
Welcome <SPLIT><SPLIT> Hello Biotechen and welcome to Wikipedia Thank you for  I hope you like the place and decide to stay Unfortunately your edit to Nature Publishing Group does not conform to Wikipedias Neutral Point of View policy NPOV Wikipedia articles should refer only to facts and interpretations that have been stated in print or on reputable websites or other forms of media <SPLIT><SPLIT> Theres a page about the NPOV policy that has tips on how to effectively write about disparate points of view without compromising the NPOV status of the article as a whole If you are stuck and looking for help please come to the New contributors help page where experienced Wikipedians can answer any queries you have Or you can just type  on your user page and someone will show up shortly to answer your questions Here are a few other good links for newcomers <SPLIT> The five pillars of Wikipedia <SPLIT> How to edit a page <SPLIT> Help pages <SPLIT> Tutorial <SPLIT> How to write a great article <SPLIT> Manual of Style <SPLIT> I hope you enjoy editing here and being a Wikipedian Please sign your name on talk pages using four tildes  this will automatically produce your name and the date If you have any questions check out WikipediaWhere to ask a question or ask me on   Again welcome,0
TalkWolverine [[caricature]] and TalkStrength level comics  <SPLIT><SPLIT> I noticed you had a lot of thoughts on strength levels in comics and I was wondering if youd cast an eye over a disagreement on Wolverine comics which involves the level of detail needed to explain inconsistent portrayals of strength  Thanks for your time,0
Steranko and Starheroes <SPLIT> You [[advised]] im bro  I can only assume that people like that are just kids too young to be editing here Cause if theyre adults God help us,0
HELP <SPLIT> grammer is for [[bitches]] <SPLIT> FGJHDFHYTUJERJHTNY YTUJREFGYDRHGGV CHUBJHVG CVNB B VHGHFJXJHGSBN VXGF,0
An example is California Proposition 23 201029 <SPLIT> Zernike Kate February 27 2010 Unlikely Activist Who Got to the Tea Party Early New York Times  <SPLIT> I dont think the source supports the statement It might be worthwhile listing TPMendorsed propositions if any in the election section,0
Joy Division <SPLIT><SPLIT> With regard to your recent edit to  the Joy Division article In British English band names are plural therefore band x are or were I know this isnt the case in American English but as the article is about a British band we use British English For other examples see Pink Floyd the Beatles and Radiohead Thanks Regards,0
of [[accreditation]] does this person have  All I see on his page is selfpromotion  He is not an admin as far as I know and theres nothing linking him directly to Wikipedia  Just someone on a powertrip  Until someone from Wikipedia acknowledges so everything will go back,0
Attempt to amplify the above <SPLIT> Which is cause and which effect If you consider the continents to be at any given time floating like pucks on an airhockey table  in extreme slow motion  then once they move they keep on going until stopped This presupposes a lateral acceleration to get them moving the buildup of sufficient momentum to keep them going against resistance from tectonic activity and a purely mechanical consideration of energy absorption during collisions These collisions may therefore spark one of absorption of the crust subduction folding collision or bouncing the continents may strike a glancing blow and further motion may be reversed or rotation may take over like two air hockey pucks hitting each other <SPLIT><SPLIT> If you keep on going in this reasoning there seems to be little reason why a supercontinent would split in the first place Although it seems that the continental crust may be weakened by thermal effects if it splits in the middle of the continent you would need an enormous push to get things moving as the supercontinent must be well anchored and have maximum inertia One might expect that a volcanic ridge would form and overflow rather than actually create tectonic plates or that volcanic action would be confined in perpetuity to the plate edges  Once in motion however the parts of that supercontinent would in the absence of other forces move around the globe and then meet up again in a different configuration The other forces are what complicates matters <SPLIT><SPLIT> The original energy available in the original rifting is not known nor are the stiffnesses of the rocks around where it occurred we always work backwards in time stating that rifting seems to have occurred here and there It also seems to be directional discontinuous and unstable look at what seems to have happened to Africa Antarctica and Australia during their split from Pangaea  India hurries north Australia flies west Antarctica shuffles south and Africa moves a little north while Madagascar moves in the opposite direction or possibly stays where it was but that is a private opinion In addition one cannot assume that these events are not counteracted elsewhere  the passage of a continent must cause ructions along all its edges and this around the globe so one rifting may influence another If a plate moves say east will it produce rifting along its western edge and will this act as an outboard motor to keep it accelerating Furthermore the whole earth is in motion spinning on its axis with gravitational forces involved that can also influence the dispersion of crustal plates It is a manybody problem with far too many factors involved for more than toplevel analysis by myself as a layman,0
Today all matches in progress will be edited again the next day because their entire 29 today,0
Natalie Glebova <SPLIT> Dear Drmies  <SPLIT> I requested protection on Natalie Glebova page due to Persistent vandalism by User     in mass editing of Biographies of living persons on Wikipedia without providing an edit summary <SPLIT> I tried to discuss the issue on  but Illyukhina is blanking all warnings and communications please see the talk page history httpenwikipediaorgwindexphptitleUsertalkIllyukhinaactionhistory  this user simply ignores Wikipedia rules <SPLIT> I was trying to keep the original article text consistent with other Wikipedia articles In particular The geographical place Tuapse in Wikipedia Tuapse is a town in Krasnodar Krai Russia <SPLIT> Illyukhina is changing Tuapse Russia to Tuapse Soviet Union <SPLIT> So you have protected the page with the latest incorrect edit by the user Illyukhina <SPLIT> Thanks,0
However Ive chosen to undo your addition at Oxi Fresh Carpet Cleaning The Wikipedia guidelines on external links are fairly strict  you can read about them at WikipediaExternal links,0
I think that show Jericho must be based on Elko  When [[fucking]] goes down those people out there are ready  I swear they are armed to the teeth  Im just not sure whether theyre with me or against me maybe both,0
The Arduin franchise is notable as being one of the first sets of materials for RPGS not put out by TSR Judges Guild and Arduin were two of the first weather this is wikipedia worthly hard to say,0
Please refrain from adding nonsense to Wikipedia as you did to Pluto It is considered vandalism If you would like to experiment use the sandbox,0
Oh maybe I messed up  it is my responsibility to go back and exhume the gunpowder and mordant parts  Give me some time,0
[[Apparently]] what you can do is put in a line saying that they were produced for BBCi but ultimately released by BF,0
Mmm [[me]] know it would be trivial in just about any other article but in this case it does show how Beavis creator sees him as someone with nothing else going for him  And if the phrase gigantic schlong is going to appear anywhere in wikipedia it should be here Its quite some quote from Judge  which is why I still remembered it after more than fifteen years,0
A great example of what Wikipedia can do  <SPLIT><SPLIT> I just wanted to commend the editors whove worked on this  This is exactly the sort of thing that makes Wikipedia so cool  Keep it up folks,0
addrfuck off assholes  <SPLIT><SPLIT> ess,1
Yeah Im not exactly interested in exposing this particular journalist to articlespace scrutiny I dont think hes that noteworthy,0
[[Actually]] I know 1848 is an important year but I didnt realize it when I tagged the article,0
Yeah I heard that months ago Its about as credible as that site I posted above with the redesigned uniforms airbrushed on Miroslav Satan Unfortuneately it doesnt count as a credible thirdparty source with a reputation for factchecking and accuracy as per the policy Otherwise major newspapers would be carrying this story already Even emails send to the Sabres webmaster have not confirmed that was said is actually going to happen Youll have to do better than that Ive looked and trust me if there was a verifiable source it would be in the article,0
Proposed merger  <SPLIT><SPLIT> I noted that you requested some information on how to merge the paranormal project with the rational skepticism project There is a page at WikipediaProposed mergers where you can propose what might be controversial mergers but I am far from convinced that that would be the way to go here Getting one side or the other to voluntarily give up on their project unilaterally would probably be difficult if not impossible If I might make a suggestion it might work to change the name of the paranormal project  to something like WikiProject Claims of the Paranormal or WikiProject Paranormal Investigation making it clear that the project welcomes both pro and con within its scope and then propose a merger Or alternately propose on the rational skepticism project page that both projects in effect merge into a project with a similar name Hope that helps a little,0
David [[Blacksmith]] article  <SPLIT><SPLIT> I could do with your help the David Duke article is being attacked by a white supremacist sockpuppet who keeps reverting  Im going to run into the 3RR if someone doesnt spell me  Thanks,0
Please locate and show me one of these sources I have been searching and searching Bridge engineering is a technical subject that has been published for over one hundred years So I am searching high and low for a reliable scholarly source that classifies suspension bridges as suspendeddeck suspension bridges or just defines the term The fact that people have kept right on saying of course there are sources yet [[forever]] produce one caused me to be the one to pour the jet fuel on the fire of this debate Any source you can locate can help calm my nerves on this matter My thought on the edits was that it would be easier for me at least to unpopulate a category before it gets deleted rather than after,0
[[Alone]] took it to feedback,0
Holding in Light  <SPLIT><SPLIT> How does one hold in light [[afterall]] That is the funniest thing Ive heard of Rephrase the Lightworker theory,0
HE IS BRAINWASHING YOU PEOPLE,0
[[Communication]] me please  <SPLIT><SPLIT> Hey Parasect <SPLIT><SPLIT> When you have a second would you send me an email  Im trying to reach you  Theres nothing the matter and you havent done anything wrong I just want to ask a quick question okay   philippewikimediaorg is my email address  Thanks,0
The article should be at the Englishlanguage name per the naming conventions especially given that the nativelanguage name is neologistic anyway the written language is younger than I am No one is actually going to enter that Swxw7mesh string in the search window  That underlinedk symbol wont even render correctly on many of our readers monitors,0
Blindraven <SPLIT><SPLIT> A tag has been placed on Blindraven requesting that it be speedily deleted from Wikipedia This has been done because the article seems to be about a person group of people band club company or web content but it does not indicate how or why the subject is notable If you can indicate why Blindraven is really notable you can contest the tagging To do this please affix the template  to the page and leave a note on TalkBlindraven explaining how Blindraven is notable Please do not remove the speedy deletion tag yourself <SPLIT><SPLIT> Please read the criteria for speedy deletion specifically article 7 and our general biography criteria Feel free to leave a note on my talk page if you have any questions about this  See also WPV,0
[[DW]] Any clue what that IPs message four sections up about hot sauce and Paul Ryan means I feel like Im missing a joke here,0
Strapping young lad IS NOT FROM USA the idiot who made this is ignorant retard,1
Semiprotected edit request on 3 November 2015  <SPLIT><SPLIT>  <SPLIT><SPLIT>  <SPLIT><SPLIT>    <SPLIT> penis is good,1
I suggest the merge discussion be centralized in kernal mathematics,0
Clofibrate redirect  <SPLIT><SPLIT> Magnesium Clofibrate redirects here but the article makes no mention of it I actually dont know what it is I accidentally hit the wrong search completion   <SPLIT> The redirect should have been to clofibrate Ive fixed it,0
Both names are not correct or acceptable when one name is used as a default Chaotix is the name used for all regions including any Englishspeaking one no exceptions The only reason so many sources use Knuckles Chaotix is because they dont go by the game itself which is simply wrong by any metric and its one of the many things that calls their titlefactchecking into question Id start a list but WPVG has made it very clear that they refuse to deal with the situation no matter how much proof I have Again we write articles on the games themselves before we write about the packaging material <SPLIT><SPLIT> You want this to be about Sonic Colours So be it You no longer have your nonexistent ENGVAR argument so whats your game Sergecross How am I supposed to assume good faith when you continue to lie and lie and lie to my face How am I supposed to assume that these many editors arent simply banding with you Mr Almighty Admin when I never see these people elsewhere and when they say things that would suggest theyre actively ignoring what I say Why would I assume a particular situation when every single sign tells me that things are the complete opposite I am simply unable to use Wikipedia in any wayto read to edit to discussbecause of you Why are you treating me this way What do you want me to do,0
Merge with Predictions of hurricane risk for New Orleans to form something like New Orleans preparedness for Hurricane Katrina,0
is [[Both]] Time is Now,0
The [[ces]] that were not working were for example here here here searching for matches on Francis Escudero were not working yesterday but they are all working fine today So a false alarm I guess,0
you are Acrotertion,0
With Palestine admitted to the UN and recognized by the majority of UN members this proposal makes more and more sense Palestine is generally recognized as a contemporary country the fact that there are disagreements on boundaries doesnt make it a nonentity Likewise there are quite a few countries that dont recognize the State of Israel but that doesnt stop us from having an Israel article,0
[[Becuase]] your desysop is in the mail Yes and Ill tell you why no reliable sources given for what is as yet Crystal Ballery and in addition Im a bit concerned with BLP since this is about a sevenyear old boy Hey do what you think is right if I thought it were some blatant violation I would have nixed it already but as yet this is a judgment call in my judgment Groeten and thanks for your note,0
REDIRECT TalkRural Municipality of Grahamdale,0
Additions re Aristophenes etc  <SPLIT><SPLIT> Unfortunately this addition which may well have some value is expressed in such very poor English that it is not even clear what is meant Also please note that we generally only put in a link to the first use of a term  not every time it occurs I am also bewildered as to what connection it has with the section heading  does it need its own section or is there somewhere else you could put it,0
WikipediaArticles for deletionAlex Gene Morrison  <SPLIT><SPLIT> Hope you dont mind my shameless coping of your PROD nom for the AfD,0
UntraveledRoad  <SPLIT><SPLIT> Hi Bob <SPLIT><SPLIT> You mentioned in the Saint George talk page that you had trouble accessing UntraveledRoad I have been curious if you were still having trouble with it <SPLIT><SPLIT> Thanks <SPLIT> Kelvin Smith <SPLIT> httpwwwUntraveledRoadcom,0
Nope  [[Actualy]] why I just put the Wii Points on the line between the header and the table  I thought it looked better that way than the way it does now,0
Death  <SPLIT><SPLIT> Someone posted this at the top of the article <SPLIT><SPLIT> HEARTBREAKING NEWS all fans cannavaro tragically dies on the 14th of september 2006 at 241 pm after a horrific car accident we hope you rest in peace and may we all look at your light <SPLIT><SPLIT> Didnt cite a source and in the wrong section anyway so reverted,0
Exactly Yippee Kai yay song lyrics Yippee kai ya [[bitch]] made up for the movie Nothing I said changes It was made up for the movie Its not a cowboy expression Move along nothing else to see,0
The truth  <SPLIT><SPLIT> Lugia 2453 is in no uncertain terms a pile of human excrement who engages in forced acts of oral sexual practises with minors,1
I totally agree with Jeremy Butler Oliver Bronson,0
Orphaned fair use image ImageArchivedjpg <SPLIT> Thanks for uploading ImageArchivedjpg The image description page currently specifies that the image is nonfree and may only be used on Wikipedia under a claim of fair use However the image is currently orphaned meaning that it is not used in any articles on Wikipedia If the image was previously in an article please go to the article and see why it was removed You may add it back if you think that that will be useful However please note that images for which a replacement could be created are not acceptable under fair use see our fair use policy <SPLIT><SPLIT> If you have uploaded other unlicensed media please check whether theyre used in any articles or not You can find a list of image pages you have edited by clicking on the  link it is located at the very top of any Wikipedia page when you are logged in and then selecting Image from the dropdown box Note that any fair use images not used in any articles will be deleted after seven days as described on criteria for speedy deletion [[Acknowledge]] you,0
Youre trying to provoke me into a reaction,0
[[me]] was but I was eating raw fieldmouse so its OK Er you wanted a complaint WAAA The Main Page is bad,0
xEmmix Additional comment <SPLIT> hey person who wrote glitch dont you know what 3269 <SPLIT> It equals 266 So no its not a glitch if you can manage to work that out  <SPLIT> And how did he get 3 points,0
I love Wikipedia  <SPLIT><SPLIT> The page on Iron Mans Armor is 26 times as long as the page on United States Government I just want to point that out,0
Kidnap of Gibsons BC informant for foreign drug purchase leads to eight years imprisonment and death of RCMP officer  <SPLIT><SPLIT> CBC news Not notable RCMP inquiry without consequences <SPLIT><SPLIT> Im sorry I dont have time for this at this time Mind blowing story Ruined life Criminal cops demand execution of prisoner during incident Check it out,0
Understood but there is still no equality in this whatsoever as it always takes two to start a war not just one This is why this is very very unjust and everyone is misunderstanding me,0
[[Abigail]] McKibbon  <SPLIT><SPLIT> Paramedic in Rogersville which she calls Rocket She has problems with doors she on multiple occasions has run her face into them All in all she is a plug,0
WikipediaSuspected sock puppetsWeareallone <SPLIT><SPLIT> I suggest posting this information to WPRFCU,0
[[me]] hope you find what youre looking for in that case  Take care,0
Additional Material <SPLIT><SPLIT> I have added more extensive data including Books and Recorded material and Links,0
Please answer me that one question why do you want two columns fixed no matter the screen size Why does it make sense to you to have two columns on a 480px screen just as having two columns on a 1920px screen Is there any gain in usability whatsoever that I dont see Please tell me,0
What about the play  <SPLIT><SPLIT> [[Across]] the movie the song is placed after the rumble where Riff dies The Jets are saddened by Riffs death and want revenge What about the play Where does it fit there its quite a ways before the rumble so this cant be about Riff  If someone knows can you update the article,0
Oxford academic  <SPLIT><SPLIT> As far as I can tell he has never held any appointment at the University of Oxford and so ought not to be in  This detailed profile doesnt mention teaching at Oxford although it does mention Cambridge Harvard Yale and Cornell He gave Oxfords 2014 African Studies Annual Lecture  but thats not enough to put him within the category because people arent categorised according to venues or institutions at which theyve given a lecture If noone can find something to show that he has held an academic appointment at Oxford then Ill remove the category again,0
[[Thyself]] are wrong because in the History section it says English General Edward Braddock,0
If you have to ask then I think you already know the answer,0
Dont bitch here Go bitch at FIBA Wed only follow them If we dont follow them whod we follow,1
Controversy  <SPLIT><SPLIT> The article could use a controversial tag judging by this talk page and the editundo article history <SPLIT><SPLIT> Also tried by a military courtand also he captured Delhi in septemper 1857 is confusing Id fix the grammar but its not cited,0
Manchester Carriage and Tramways Company  <SPLIT><SPLIT> Excuse me  I have restored the timeline section to this article for very good reason   It links and shows the progression of the different organisations that have provided transport in the Manchester area for the past 185 years and as such is not duplicated anywhere else If I had realised you had created 2 seperate articles for MCC and MSTC it would have been referenced from there   <SPLIT><SPLIT> There is no overall general article on public passenger transport in the area where this admittedly would be well placed,0
Give me my chocolate [[assholes]],1
I think borat is more fun dead He is just stupid,1
Only one thing is to be known about Qwestthey suck the balls of a thousand men,1
Caspian please reconsider this  Dravecky is doing a great job keeping up with DYK by hand and he deserves our thanks,0
Claiming that I cant put two sentences together in defense of a decoherence argument speaks volume for your lack of objectivity andor reading ability  It also says that further dialogue would be a waste of time  BTW I find it quite amusing to see the way you are blundering around on the main articles page  Clearly you have no idea of Wiki writing guidelines or no intention as you have declared of following them,0
What a sham  <SPLIT><SPLIT> I just read most of Conservapedias pages About 5000 to be exact <SPLIT><SPLIT> What a shameful website Not only does it ban users who show liberal points of view or points of view that do not agree with neocon doctrine but it also rejects some CONSERVATIVE points of view Its basically an encyclopedia written only from Christian points of view and Christianity is given a defacto statement of being true while other religions are treated as suspect <SPLIT><SPLIT> Also on its page on Wikipedia it states that Wikipedia founders once owned a pornsite Hmmm the purpose of that was what Most likely to show bias against Wikipedia oooh looky here they owned a pornsite they must obviously be bad people <SPLIT><SPLIT> Wikipedia will have articles that show up as biased because anyone can edit them There is no preference to who is right or wrong all meet discuss and eventually settle If this website shows therefor a long leaning liberal bias and has a lack of leading words and statements then it must be because the people are liberally biased <SPLIT><SPLIT> Signed By Scryer360 who is still to lazy to sign in to sign his posts right <SPLIT><SPLIT> Its censorship People arent blind theyll take everything they see on there with a pinch of salt Especially the bit about how kangaroos descended from one pair off of Noahs Ark I did in fact expel a chuckle when I read that Man I hate conservatism   <SPLIT><SPLIT> They discovered range blocking and have now blocked over 500000 users,0
[[Additionally]] MN are you finally prepared to admit your error In which case you need to apologise to those youve reverted and restore the text youve deleted inappropriately from this page,0
I dont want this discussion to turn into a forum talk I am just asking why we should have these recent press statements as the Pakistani side of the story when both sides are corroborating and accepting the details spoken of by the DG MO Since the details of the incident have begun to unfold and unravel why cant we just put those details in The Incident section of the article instead of the Pakistani claims section BTW I work on facts and not just [[easy]] perceptual ramblings  thats the reason I put my questions here rather than just editing the information in myself Until the truth is known Id say that theres a high plausibility that both sides are just lying particularly America IMO America just wants a scapegoat and blames that Pakistan beds with terrorists Its utter tosh Arun Reginald,0
Youve been topic banned from areas of physics for promoting discredited fringe theories My statement is perfectly civil,0
Did you [[afl]] the page you linked to  Do you realise it is a fundamentalist Christian site there is a hint in the fact that it is called apolgeticspress which is criticising Ehrman for daring to suggest that about a third of the New Testament is forged Did you just look around for anything that attacks him With that there goes the last of my good faith towards you Maybe you are a troll or maybe you simply have no idea what you are talking about Either way you should have nothing to do with articles dealing with this subject or even post on their talk pages,0
Reclassify and rate <SPLIT> I reclassified this as start for wpschools to match wporegon Also I rerated it as mid for both projects due to the Jefferson Dancers and history in Oregon,0
Notability tags unsubstantiated summaries editwarring  <SPLIT><SPLIT> Why does this article need a notability tag The AFD isnt for a lack of notability CAIR is notable and criticisms of CAIR is most certainly notable It is your POV that criticism is not notable What is a valid criticism is that the article is a fork but that independent of notability Can you please stop editwarring out information Pelle Thanks  <SPLIT><SPLIT> In regards to this this is not a criticism  please stick to Criticism of CAIR I have no idea why its being removed The FBI dragged CAIR officials to court and politicians corroborated these happenings in their comments The FBI inditment supports the criticisms and proves these stabs arent empty SOAPS You taking the concept criticism to an ultra level that defies reliable information Please selfrevert and stop edit warring information,0
SqueakBox [[duplicate]] and crossposting more text,0
Outdent I know what the policy says  Our dispute is over the phrase the subject at hand  You take the position that the subject is film and film only and thus only film critics count and every other editor recognizes that the subject at hand is the factual claims made by a documentary whose director expressly states is trying to effect political change and thus includes experts in healthcare policy  And your hundreds of words on the subject fail to address the arguments made by those editors which is why its tendentious to keep repeating the irrelevancy that 92 of professional film critics thought that the movie was entertaining  No one disputes that most film critics thought that the movie was entertaining but its rather besides the point since film critics who reviewed the movie before experts saw it had no way of knowing the factual inaccuracies that are being criticized except in the case of the Canadian critics who knew right away that the movie was fictional and have no reason to explore the issue  Im well aware that the article has had POV problems well before you started editing the page  I appreciate the work you did on the synopsis which was a large source of the POV problems,0
Thanks for the note  Im sorry youre so puzzled  I think Comment on content not on contributors is pretty clear,0
I cant believe this article exists  This is disgusting and racist towards whites,1
i am [[abandoning]] to throw pickle jars at out first head chef at IHOP,0
Offensive to you maybe Can I ask are you a spastic,0
Why William Hague is a stupid [[dumb]]  <SPLIT> First of all he changed the way the leader of the Conservative Party is elected from a vote of parliamentary members to that of the wider membership The leader of the parliamentary party should be solely determined by members of the parliamentary party It should not have been determined by the wider membership a vast of majority of whom are not even in elected office <SPLIT><SPLIT> Second of all he decided to take on the leadership so soon after the partys 1997 defeat Politically it would have been wise for him to have let the more experienced Ken Clarke become leader and waited things out If he had waited then he and not David Cameron would be leader now <SPLIT><SPLIT> Hence why William Hague is a stupid idiot,1
Would it be legitimate to have a sock for userspace editing I found nothing about namespace socks in policy,0
ANAL GAY RAPE MOLEST SHEMALE PORN <SPLIT> I HOPE YOUR MOM DIES I HOPE YOUR GRANDPARENTS ALREADY ARE HAR HAR HAR HAR  <SPLIT> ANAL GAY RAPE MOLEST SHEMALE PORN <SPLIT> I HOPE YOUR MOM DIES I HOPE YOUR GRANDPARENTS ALREADY ARE HAR HAR HAR HAR  <SPLIT> ANAL GAY RAPE MOLEST SHEMALE PORN <SPLIT> I HOPE YOUR MOM DIES I HOPE YOUR GRANDPARENTS ALREADY ARE HAR HAR HAR HAR  <SPLIT> ANAL GAY RAPE MOLEST SHEMALE PORN <SPLIT> I HOPE YOUR MOM DIES I HOPE YOUR GRANDPARENTS ALREADY ARE HAR HAR HAR HAR  <SPLIT> ANAL GAY RAPE MOLEST SHEMALE PORN <SPLIT> I HOPE YOUR MOM DIES I HOPE YOUR GRANDPARENTS ALREADY ARE HAR HAR HAR HAR  <SPLIT> ANAL GAY RAPE MOLEST SHEMALE PORN <SPLIT> I HOPE YOUR MOM DIES I HOPE YOUR GRANDPARENTS ALREADY ARE HAR HAR HAR HAR,1
SHEIKH RAHIL SALEEEM is a guitarist of the band bloodrockz the band and is known as Rahil Bloodrockz <SPLIT> check <SPLIT> httpwwwyoutubecomwatchfeatureplayerdetailpagevOrmPfpRWTqI <SPLIT> httpbloodrockzhpagecoin <SPLIT> httpwwwyoutubecomwatchfeatureplayerdetailpagevUbV47EsJm1U <SPLIT>  httpsenwikipediaorgwikiBloodRockz  <SPLIT> SAGAR AAQIB is a blogger and a writer and a blogger <SPLIT> httpwwwyoutubecomwatchfeatureplayerdetailpagevA1Gvdon0SJc <SPLIT> httpswwwfacebookcomkieconfessionstimelinefilter1 <SPLIT> He aslo writes for dailies and magazines <SPLIT> httpwwwgreaterkashmircomnews2013Jan22drivetodeath21asp,0
I was wrong he was not a sock puppet of the  but of,0
Languagespecific content  <SPLIT><SPLIT> I really dont think that adding the Chishona version of the phrase was such a fantastical idea We could also add Sesotho Motho ke motho ka batho as well as Botho Such is the nature of the Kintu languages that 1 the words for humanness will sound similar nothing remarkable about that and 2 it doesnt take a great deal of willpower to construct the phrase a person is a person by other people bafterb the fact even though this idiom never existed in the language the philosophy is more universal than the phrase The English name is specifically from isiZulu and isiXhosa even if the philosophy itself is universal,0
and we want to sleep with arab men Muhammed was an arab and we follow him All pakistanis are children of muhammed and jinnahs mom Yes mullah omar was mohammeds great great great grand child and he was a pakistani arab hence all pakistanis are slaves of their arab masters and will do whater the arabs ask them to do for a litre for petrol,0
Both maps please  <SPLIT><SPLIT> Both maps please <SPLIT><SPLIT>  7 July 2005 0638 UTC <SPLIT><SPLIT>  Controversy  <SPLIT><SPLIT> There isnt any past conversation  controversy that I can see on the discussion page Im still new so I might be missing something so Im wondering what the controversy is about  The first map obviously from CIA Factbook is the map used for about 90 of country pages that Ive noticed so far probably because its from a US [[Administrations]] source its not copyrighted and a Godsend for Wikipedians so why should the Namibia map be different <SPLIT><SPLIT> The only difference I can see other than quality is that the larger map shows administrative areas apparently and some more towns  If thats the reason people want the second map included then I saw include both  If theres an inaccuracy to the currentlyshown Factbook map just use the second one <SPLIT><SPLIT> Simple nestce pas,0
Good point Ive made some changes more closely based on the cited sources This isnt Urban Dictionary but people have a go at adding their LOLs to articles like this sometimes anyway,0
Hi Ron thanks for your response My talk page is actually at httpenwikipediaorgwikiUsertalkBuckshot06 <SPLIT><SPLIT> so Ive moved your response there Um Ive also referred this to the MilHist wikiprojects lead coordinator,0
17 [[Avril]] 2012 UTC <SPLIT> who knew Thanks    2147,0
Overview  <SPLIT><SPLIT> The section Overview tries to give a formal derivation of the Algorithm Tough I am not an expert in the field the foregoing part of the article was easy to understand for me Bringing the the section Overview to the same didadactic level would be an asset The questions i have How can I see that the equation is still redundant and what does the term redundant mean in this context How does one come to the idea of defining Axx as the specified minimum function  <SPLIT><SPLIT> Some other proposals for improvements The meaning of the variable x seems to be different from the one in the section intuition Would it be an option to use another notation Furthermore the section repeats the definition of the algorithm in the previous section However at the same time it lists the steps of skipping samples to mitigate correlations I suggest to put the complete list of steps into the previous section Then a proper name for the section Overview could eg be Formal Derivation  <SPLIT><SPLIT> Sorry I am new to wikipedia and do not want to poke your text Please let me know if you wish me to do some of the mentioned improvements  <SPLIT>   2107 03 December 2012,0
The word columnist seems best as its in English and the concept is clear As you can see Ive used a different wording <SPLIT><SPLIT> Please be sure to fix the fifth reference which is currently a bare link It should be a full citation like the rest of the references,0
a lot of [[arseholes]] died,1
Oh yes and do please look up the word intermittent in a dictionary It doesnt mean what you seem to think it does either,0
Does anybody care about accessdates I still seem to be the only one Please update the accessdate when updating the daily gross,0
Dispute resolution is the same thing as requesting a third opinion Plus its likelier that somebody whose efforts you actually respect will get involved Thats my perspective on things,0
[[CLOSURE]] UP YOU STUPID FING RETARD OR I WILL KICK YOU TO DEATH,1
[[Actualy]] the Real Deal  <SPLIT><SPLIT> It has become apparent from the comments of at least one contestant that the producers can exercize an option to take a not insignificant percentage of the presenters business regardless of whether or not a deal is struck in the Shark Tank The disclosure appears in the final credit role I personally think that it is disingenuous for the show not to emphasise this aspect as the participants are not getting a free publicity ride in return for their participation Google Scott Jordan Scottevest for further details,0
Prevailing opinion  <SPLIT><SPLIT> The prevailing opinion seems to be to include the photograph of human feces even if you remove the alleged voting irregularities However those who opposed the image in the past are now placing  the image at the bottom of the page and reducing the size to a thumbnail Two new issues arise 1 SIZE of photo and 2 PLACEMENT of photo NOTE The following poll is NOT to debate inclusion of the photo For that debate SCROLL DOWN If you do not believe the photo should be included on the page at all DO NOT VOTE IN THIS POLL    <SPLIT><SPLIT>  VOTE HERE ON SIZE The photo size should be <SPLIT><SPLIT>  Normal size 200px  <SPLIT><SPLIT>    <SPLIT><SPLIT>  Thumbnailed 100px  <SPLIT><SPLIT>  Vote <SPLIT><SPLIT>  VOTE HERE ON PLACEMENT The photo should be at or near the <SPLIT><SPLIT>  Top  <SPLIT><SPLIT>    <SPLIT><SPLIT>  Bottom  <SPLIT><SPLIT>  Vote <SPLIT><SPLIT>  Archived Discussions  <SPLIT><SPLIT> This page is too big Id like to see the following archived  <SPLIT>  discussions on eating poop noncontroversial <SPLIT>  discussions on whether or not people are sock puppets should be at RFC <SPLIT>  debate on blocking the page in the past moot <SPLIT>  debate on unblocking the page in the past moot <SPLIT>  stupid comments like put the poop in the freezer vandalism <SPLIT> I tried it once but I got a rude message from SlimVirgin Does anybody else have an objection to this   <SPLIT><SPLIT> Let the admins do it    <SPLIT><SPLIT>  Shall there be photos of feces <SPLIT><SPLIT> Why is there no picture of fresh feces I understand there are problems with obtaining legal pictures on other Wikipedia pages but obtaining a picture of fresh feces is probably one of the easiest things <SPLIT><SPLIT> The old photo before was small petrified and not characteristic of human feces I have added a new photo which is more representative of a typical stool   <SPLIT><SPLIT>  Sigh Is this really necessary Is there any reason that you have taken a picture of your dung other than for shock value Im going to shrink this so its a little less visually putrid    <SPLIT><SPLIT> This is an article on feces There is no shock value when one looks up feces and finds gasp feces I have also included pigeon and rabbit feces   <SPLIT><SPLIT>  Sometimes you have to step back take a look at yourself and realize that you are arguing about posting a picture of a turd Fine have your turd Im off to bettersmelling areas of Wikipedia    <SPLIT><SPLIT> INAPPROPRIATE FOR THE PROJECT THE IMAGE APPEARS OUT OF CONTEXT AND WHILE FAIRLY AMMUSING TO REGULARS WILL NOT BE UNDERSTOOD BY ROOKIES WHO MAY MISINTERPRET IT  <SPLIT><SPLIT> out of context where might the proper context be   <SPLIT><SPLIT> I think the image is absolutely disgusting and doesnt deserve to be in the article However the caption for it could be incorporated into the article    <SPLIT><SPLIT> Human Feces Photo  Is it necessary <SPLIT><SPLIT> Ive noticed there has been quite a bit of debate over whether there should be a picture of human feces on the this article and I have a simple question  is such a picture really necessary    <SPLIT><SPLIT> No it is not Nothing in Wikipedia is really necessary Least of all necessary is your question which you could have avoided asking if you had actually read the debate   <SPLIT><SPLIT> I figured Id get the if you actually read the debate response  I was as you can clearly see too lazy to read all of it   <SPLIT><SPLIT> Or any of it Why are you here   <SPLIT><SPLIT> Hes here because its a free encycloped,0
The above denials are POV and ironically based on the very argument that was used against the sources I cited  An editors POV does notshould not factor in to this discussion and so far that is all that has been provided in the arguments against the terms application and ubiquity The sources I cited pass the acid test for WPRS  academic and institutional research  and confirm use of the term nonMuslim nogo zones or areas according to WPPAG  Show me the RS that support your position andor contradict the sources I cited because POV is irrelevant and unacceptable in WP articles,0
Thanks for experimenting with Wikipedia Your test worked and has been removed or reverted Please use the sandbox for any other tests you want to do Take a look at the welcome page if you would like to learn more about contributing to our encyclopedia Thanks,0
The Teahouse  <SPLIT><SPLIT> Hello again NintendoPoster  I noticed you made a couple of edits to the Teahouse trying to answer questions  Im going to have to ask that you not answer Teahouse questions at this time  Your simply dont have the experience to answer those questions at this time  The users at the Teahouse are often new and answering their questions should be left to users with the necessary experience  If youre looking for something to do on Wikipedia try the Community Portal,0
undeletion  <SPLIT><SPLIT> I [[actualy]] really need it I just thought it would be helpful in the merge I dont really know what state it was in  If its that bad then I wont bother using it so it doesnt need undeletion,0
Feb 2005 UTC <SPLIT><SPLIT>  <SPLIT> Federal elections charts <SPLIT> Id like to get some consensus on what to do about colours in the elections charts but I dont want to get into a revert war so Im asking people to express their opinions here before any changes are made Since you have contributed to these pages Im inviting your comments <SPLIT> I am initiating this discussion because some of the colours that are currently being used are too dark for some monitors so that it is difficult to read the text The point of adding colours to the charts is to make it easier for readers to derive information from the charts This goal is foiled by using colours dark enough to obscure the text The Wikipedia style guide is clear on the issue  <SPLIT> Use colour sparingly Computers and browsers vary you cannot know how much colour is presented on the recipients machine if any Wikipedia is international colours have different meaning in different cultures Too many colours on one page make them look cluttered and unencyclopedic Use the colour red only for alerts and warnings  <SPLIT><SPLIT> So lets choose some colours that are light enough that red Wilkilinked text and blue Wikilinked text are both easy to read through <SPLIT><SPLIT> Please join the discussion at TalkCanadian federal election results since 1867 Thanks  1723 18,0
[[Adequately]] there are several reports that he hurt his wrist drunk so I guess we could simply back that up with more sources to make it less dubious,0
Please read TalkImageboard before adding any more links to Imageboard  Thanks,0
Did I suggest that I thought I was suggesting that BHs are possible with Newtonian gravity Once the field is stronger than the materials ability to resist the object has to collapse The only problem is that of the infinities at the centre point In GR time slows to a stop at the event horizon when viewed from the universe outside so the singularity at the centre only exists for someone who falls through for those outside the BH is hollow and the central singularity only exists in a hypothetical infinite distance into the future Ill think about how to make it clearer with minimal change and get back,0
You are in danger of violating the three revert rule Please cease further reverts or you may be blocked from further editing,0
I know I was saying that in jest to the person I dont believe The Daily Show is blatantly liberal I do think it might be subtly liberal but anyone these days who sees the Bush administration for what it is the worst in history is labelled a liberal by braindead Bushbots,0
Initial comments  <SPLIT> This article is brief but potentially covers the major aspects of its subject Thanks again for your work on it I do see some areas here in which the article will need work <SPLIT> The lead needs to summarize major aspects of the article history the wing safety per WPLEAD <SPLIT> The numerous images crowd the text which is an issue per WPLAYOUT  A good rule of thumb is that you dont want to have an image across from another image on the same line  <SPLIT> The section Comparison to paragliding and parachuting has no sources raising original research concerns <SPLIT> Speed flying is inconsistently capitalized through the articlesometimes the s is capitalized even midsentence and sometimes its not Speed Wing is also inconsistently capitalized <SPLIT> Images need captions per criterion 6b <SPLIT> Names of print publications need to be in italics in the References National Geo Telegraph etc <SPLIT> The source does not appear to support the statement  and over 100 instructors in around 20 different countries  unless Im misreading only 12 countries are listed here Im also not sure at first glance that Gin Gliders is a reliable secondary sourcethey seem to be a site for glider sales but I may be misunderstanding this <SPLIT> Im also skeptical that wwwgroundlaunchingcom httpspispeedflyinginterlakench httpulrichprinzdeairspeedindexhtml or wwwspeedflyingcom qualify as reliable sources which requires an established reputation for editorial factchecking and accuracy Are they wellestablished publications widely cited by other organizations Generally its best to stick with news organizations and academic scholarship the Telegraph article for example is an ideal source <SPLIT> All the statistics in the table Comparing Speed Wings Paragliders and Parachutes are unsourced <SPLIT> The article needs some copyediting verses instead of versus unclear pronouns etc Some sentences are a bit confusing such as the many clauses in  One of these Francois Bon a paraglider test pilot unsatisfied with footlaunched parachute performance helped perfect the first speed wing design6 the Gin Nano <SPLIT> Over 25 pilots have already suffered fatal injuries worldwide since 2006  needs to say something like as of per WPREALTIME this statistic may already be out of date <SPLIT> Today speed gliders are produced by over 30 manufacturers worldwide  statistic needs citation <SPLIT><SPLIT> Since these issues seem fairly extensive Im going to close this review so that they can be addressed without time pressure I hope youll continue work on this however and consider renominating this one in the future And just let me know if you have any questions or if theres any way I can help Thanks and all best,0
Urg this guy is damn annoying man,1
[[Ah]] I generally prefer consistency in most changes  I just thought that this was a place to make the toolong info box shorter  Oh well,0
The [[documentary]] is cited to metronewsca a reliable source  You seem to be throwing any and every WP acronym possibleBLP1E NOT NEWS BLPPRIMARY and so ontrying to get something to stick  Thus far consensus seems to be against you regarding inclusionexclusion,0
Not doing thatIs it not true then that JDIF created a page trying to delist Palestine from Facebook If no source says that then most of the page should be deleted,0
ReYour edits to Baldwin County High School <SPLIT> Please stop If you continue to vandalize pages  you will be blocked from editing Wikipedia,0
[[Appealed]] stop vandalising Ruer Bokovi and other articles,0
WPCOMMONNAME does indeed apply to albums  it is Wikiwide Also TemplateThe Beatles albums was initially changed back in February a month before my first move attempt here D,0
Regarding s MedCab case  <SPLIT><SPLIT> Hello I am Atyndall and I have taken it upon myself to mediate s MedCab case here just letting you [[comprehend]] that I have reviewed your side of the story and have compiled a report containing facts and suggestions about the situation it can be found here after reading the main stuff look for the To UserFamousdog heading I have also written similar reports addressed to  and  Feel free to discuss your report under the provided heading Discussion of s report here Happy editing,0
Section has many citations from diffrent sources then why it is still marked as single source Can this be removed,0
tjstrf is a total loser <SPLIT><SPLIT> when other 17years old are busy having sex and having fun i am sitting at home doing nothing but editing an encyclopedia i have no life i sleep when people are awake i wake up at midnight and that is my life i have no job no friends i am a total loser that is why i am here to waste my time and to piss other people off,1
Delete Completely [[absurd]] and a waste of space for better additions to the article that can actually be properly cited,0
Hello Tmgharris and Welcome to Wikipedia  <SPLIT><SPLIT> Welcome to Wikipedia I hope you enjoy the encyclopedia and want to stay As a first step you may wish to read the Introduction <SPLIT><SPLIT> If you have any questions feel free to ask me at   Im happy to help Or you can ask your question at the New contributors help page <SPLIT><SPLIT>    <SPLIT> Here are some more resources to help you as you explore and contribute to the worlds largest encyclopedia <SPLIT><SPLIT>  Finding your way around  <SPLIT><SPLIT>  <SPLIT>  Table of contents <SPLIT><SPLIT>  Department directory <SPLIT><SPLIT>  <SPLIT>  Need help  <SPLIT><SPLIT>  <SPLIT>  Questions  a guide on where to ask questions <SPLIT>  Cheatsheet  quick reference on Wikipedias markup codes <SPLIT>  Wikipedias 5 pillars  an overview of Wikipedias foundations <SPLIT><SPLIT>  Article wizard  a Wizard to help you create articles <SPLIT>  The simplified ruleset  a summary of Wikipedias most important rules <SPLIT> Guide to Wikipedia  a thorough stepbystep guide to Wikipedia <SPLIT><SPLIT>  <SPLIT>  How you can help  <SPLIT><SPLIT>  <SPLIT>  Contributing to Wikipedia  a guide on how you can help <SPLIT><SPLIT>  Community portal  Wikipedias hub of activity <SPLIT><SPLIT>  <SPLIT>  Additional tips   <SPLIT><SPLIT>  <SPLIT>  Please sign your messages on talk pages with four tildes  This will automatically insert your signature your username and a date stamp The  or  button on the tool bar above Wikipedias text editing window also does this  <SPLIT><SPLIT>  If you would like to play around with your new Wiki skills the Sandbox is for you  <SPLIT><SPLIT>  <SPLIT> Tmgharris good luck and have fun,0
66211136138  <SPLIT><SPLIT> I [[abhor]] chainsawing all of it out when I know some of it is accurate but its like a change scam add a whole bunch take out a couple of known bogus add some more take out some more  youre left not knowing what just happened,0
Ill have to take that as no the study made no statement whatsoever about the relative magnitude of the treatement differences That surprises me both because it seems illogical for a study not to reach a conclusion about that and because I cant see why you would think it was relative to the discussion without it but Ive directly asked multiple times and you havent provided a statement as to relative magnitude from the study,0
WOW YOU [[ARSEHOLES]] YOU TOTALLY RAPED THE WHOLE PLOT SECTION I HOPE YOU GET RAPED WITH A BIG CUCUMBER BASTARDS I REFUSE TO SIGN,1
Horse Slaughter in New Mexico  <SPLIT><SPLIT> Why have you betrayed the decent people of the United States  We thought you were going to be a strong Republican woman Govenor  You are weak and have given a false impression as to your stand on Horse Slaughter  Why did you not STOP RICK DE SANTOS  You would have been a hero been first to stand up for what the voters of this country really want others would have seen you as a humane leader and would have followed in their states  The disappointment I feel for you is felt by many others as well  Rick de Santos is a felon a two time felon he destroyed a town ruthless and is [[ANIMALISTIC]]  He was convicted WHEN HE WAS SLAUGHTERING [[BITCHY]]  Horses are fright and flight animals and cannot be Slaughtered humanly  They are alive when they are hoisted by a rear leg while their throats are cut  Pregnant mares are aborting on the kill floors while their foals are beaten to death  Have you gone to a kill floor  I think not   You must stand up for decency which is what America is about and save our beloved horses from this horrific death   <SPLIT> lindaleecustardyahoocom,0
[[That]] Hammersoft guy showed up a few weeks ago and immediately started removing images so Im going to assume that hes a sock of an experienced user who is trying to hide their identity,0
my opinion about the Nakhcivan  Nakhcivan is a very big city and famousThere are many people in nakhcivan,0
Sly antiLGBT user  <SPLIT><SPLIT> Hi Hyacinth Again I love your nick <SPLIT><SPLIT> Im contacting you because of a certain user whos been slyly unLGBTing several key LGBTrelated articles The edits strike major parts of articles plus theyre almost always deletions under the guise of formating style consistency etc In fact the most blatant one was with the Gay article Given your interests and your role as an administrator I think you would know what to do Mind you the user in question is not fomenting Wikihate but is clearly obliterating LGBT anything bit by bit including the occurences of the actual abbreviation LGBT and its included terms,0
Who are Wikipedia editors to decide to spell or write things differently to the way the original creators intended We are users of the English laguage who have chosen to adhere to a wellformedness principle above a faithfulness principle Who are the creators of Thirtysomething to violate the standards of written English and expect everyone else to do the same,0
Hi there there are many Geovents held each year that go towards chairty A specific event going on in just 4 cities doesnt seem notable enough for inclusion on the encyclopedia Sorry to disappoint,0
As it stands this article is a piece of crap  It reads like a lame defence of the artless sexploitation thats taken over mainstream music  The lead is especially bad  there ARE studies which point out the negative effects of these videos  The statements in defence of this stuff are vague to the point of meaninglessness  What does hurt mean in this case  More importantly what are the effects of this trend on MUSIC  what happens when talented musicians who dont act sexy are shut out of the buisiness and pop music becomes nothing more than lipsynching stripshows  And why is hiphop emphasized  If this article is going to be valuable it needs to cover things like Duran Durans Girls on Film and Motley Crues Girls Girls Girls  Madonna and her wannabe followers Britney Spears ect need to be covered  The rampant sexualization of young girls needs to be covered  Most of all this article needs some balance  some mention of the many people who find this a cheap exploitative trend  a way for big bizness to stablize the market instead of taking chances with art and creativity when theyre so out of touch with actual music making they cant tell a hit from a shit they cynically wipe the field clean of real unreliable difficult to manage artists and pump the world full of guaranteedtogetareaction pornography soundtracked by freezedried zombie music and performed by circustrained moneyhungry strippers who are no longer expected to even sing on stage  The commodification of music is fueled by the increasing emphasis on sexuality and SEX SEX SEX is the number one reason big bizness music is both omnipresent and creatively bankrupt  If I can find the time I will improve this article just because it pissed me off so much  I hope others will join me  Personally I enjoy music AND pornography  But the exploitation of both results in DEAD PRODUCT  I can neither jerk off nor rock out to this zombie crap  And I fear this crap is eating a hole in the souls of our young people  Its all so creepy it cannot be dismissed as Okay and Not hurting anybody and Who cares  Fuck the music biz and fuck this article as it stands,1
Why am i blockedThis is just because someone have requested for itI was just trying to do my jobAs like all humanI might made mistakeBut that is naturalIJoan Lamaassuare you that I will not make mistake and think properly before any editsI request you for unblock,0
Im not certain on the origin of the ghillie name but we know that the Scottish Lovat Scouts wore this sort of outfit while fighting the Boers during the Second Boer War 18991902 I added a cited statement to the article,0
Wikiproject REHAB  <SPLIT><SPLIT> [[Adieu]] Romtam Im trying to bring back the Wikiproject REHAB and was wondering whether you would join the project We need someone like you who has experience with vandals Please help me help others and therefore Wikipedia,0
fact and fiction  Decoding Annie Parker  <SPLIT><SPLIT> This article needs a section about the UPCOMING RELEASE of this semibiographical movie on Dr Kings work Particularly this article needs to differentiate between realworld facts and any fiction the movie may introduce into her life history ex The theatrical promo for this movie use the phrase the almost discovery of a cure for cancer Did King almost find such a cure  <SPLIT><SPLIT> One might argue that such clarification is the responsibility of the article on the movie however anyone seriously researching the good doctor will not go there first but rather here The movie article is about fiction This article is about facts and as such should include debunking of false [[dane]],0
Photo requests <SPLIT> Hi Do you do photo requests in the Delhi area If so there are some things to photograph which could improve Wikipedia articles,0
Italics in article title  <SPLIT><SPLIT> Vinayak Damodar Savarkar should not be an italicised article title but I have no idea why it is or how to fix If I do a normal page move then I am fairly sure it will not fix the format problem  is there some sort of hidden template or what Any ideas And no rush  next year will do,0
June 2014 UTC <SPLIT>   all and running now  Thanks    0227 21,0
Asian characters notice  <SPLIT> The following notice was added to the article <SPLIT><SPLIT>  <SPLIT> Unfortunately it causes formatting problems with other boxes in the introduction so I removed it It may fit above the main topic box rather than underneath them It should be noted that now all major operating systems including Mac and Windows automatically add Asian character support so the Asian character notice may not be necessary,0
I [[lately]] seen that image last night  Doesnt prove [[fucking]]  Saw it again saw it a few hours ago and a few times this morning  Oh yah  Ive been totally proven wrong,0
Once again your presenting the assumption that ethnicity not race as sociology dicates there is one human race divided into ethnic groups cannot be a shared cultural experience That is incorrect and a flawed analysis of the subject as culture has nothing to do with biology something you seem to be linking to your argument but a social development that occurs among all people in varying ways A culture can be a shared experience by a number but obviously not all individuals based on ethnicity age religion geographic location and other factors Again the celebration of ethnic diversity is not the same as promoting stereotypes and disassociating any form ethnic cultural tradition is a very basic form of ethnic cleansing,0
I do not and would not call another another user a Jewhater on Wikipedia However I am not responsible for the suggestions that come out of the use of antisemitic expressions,0
Consensus for ruining Wikipedia I think that can be ignored,0
Hi Alexander1257 the page was nominated for deletion at WikipediaArticles for deletion201213 US winter storm season and the discussion was closed by an administrator as delete If you believe there was an error made in the Article for Deletion process or outcome then you can raise the issue at deletion review You could also ask the  for additional information or details if you still have questions,0
So Are we gonna change it,0
Im going to step back from this a bit and see if we can come to a satisfactory resolution It is clear to me that Ali G must be covered somehow in this article perhaps in a manner that acknowledges wide public opinion while including a more robust analysis eg distinction between a chav and a wigger if there is one and if they are not overlapping sets The problem here is that to a vast number of people Ali G is not merely a chav but is the canonical chav And since the character predates the term part of the popular definition of chav is person that resembles style language etc Ali G That is a difficult thing to handle One of the things I found annoying in Chocolateboys edits was reference to the Ali G material as an anachronism Thats simply inapposite Sacha Baron Cohen created a character that satirized a particular stereotype of class language clothing etc Simply because that stereotype later became referred to as a chav does not make it incorrect to report the label,0
in mind for the next time Cheers,0
Irwin Bramson page  <SPLIT><SPLIT> why cant i write an article about Irwin why do you always delete my article,0
[[Apparently]] youre right although there is still some meat on the bone as it were  eg Im not sure the escape chronicles need to be as detailed as they are although someone just tried to lengthen them  But yes lets wait and see what the reviewer says,0
What exactly are you hoping to achieve by editing it other than annoying the [[fucking]] out of a few people,0
I have added an external link to a webpage of a Truth Wizard and it has been deleted  I think people would be interested in this information  What do others think,0
I [[sucks]] at reading directions dont I  Ed,0
Enda Kenny   <SPLIT> Ha ah good one about Enda Kenya2000 more mentally handicapped Gardai,0
[[Already]] it comes up with 4 slides instead of 2 lol,0
Again splendid job on your research PHG Way to lie to wikipedia administration yet again E Seldeslachts wrote the following in that piece in his concluding thoughts All but the most generally formulated hypotheses are lacking in proof including my own  and OGuillaume was referring to reasoning based on numismatic evidence and not just the indian sources you mentioned p290 The End of the Road for the Indo Greeks  You clearly missed the point or refused to accept it of The End of the Road for the Indo Greeks You are misportraying everything like a journalist taking quotes out of context You are attempting to veil eurocentrism and couching it in pleasing terms But the fact remains that you have espoused some of the most racist and biased theories of that period If those are your opinions that is your business but do not thrust them upon wikipedia <SPLIT><SPLIT> As for foreign influences you are lying about them and misapplying them <SPLIT> 1 You commit original research <SPLIT>       <SPLIT> 2 See mahitgars comments below You do not use a lawyer as a source on linguistics  <SPLIT> 3 Seleucus campaigns did not take him to the yamuna and thus have nothing to do with it <SPLIT> 4 You are falsely and inaccurately protraying them as noted throughout our discussionsevidence can be provided for thirdparties <SPLIT><SPLIT> That is vandalism The bottomline is you are suppressing the facts and imposing your views NPOV violation Your map show the entire northern subcontinent under the greeks It does not show three different projects you merely claim it does since you stitch together 3 maps The verbiage in the article proper is straight out of Tarn period You use art historians who accept his theories as a buttress bussagli The fact remains this is a biased article with only one point of view your own That is a violation of wikipedias standards and mission statement,0
You are welcome my Penguin Lol you are the only penguin I know D,0
[[Never]] sure who to ask a question but i have posted a confirmed roll on the john goodman page and you accused me of vandalism it was announced that it is in development for an hbo original film,0
But today it became known that the almighty supreme ruler is swinging his hips to good old Swedish music,0
Niteshift36 sorry I am rude to different opinions because many articles were deleted based on the socalled notability I still dont know the standard of judgement,0
You seem to be confused It is not a picture of a selfhating Jew It is an antisemitic caricature of a Jew <SPLIT> Also your User page does not belong to you See WPUPOWN,0
Breasts  <SPLIT><SPLIT> I am in a much [[allright]] position than you to give opinions about hansen YOU PAEDO,0
TommooTommoo      <SPLIT><SPLIT>  Last Episode of Hannah Montana  <SPLIT><SPLIT> On the top of this page it says there is 12 episode in season 4 Hannah Montana Forever but how ever it names all the episodes but it seems to be missing two or three titles Ill Always Remeber You is the last one listed so is that the very last episode I would like to know as soon as possible  <SPLIT> Last is there any talk that Miley will go one last tour as Hannah Montana for her new CD Usually when a person gets a new CD out they go on tour with it But she has Cant Be Tamed to So Im not sure Thank you very much     <SPLIT> According to this source there are 11 episodes plus a onehour season finale Disney says that the finale will air in Spring 2011 Thats all we have to [[acted]] on for now    <SPLIT><SPLIT> The episode was aired in India already and the promo said it is the season finale  Preceding unsigned comment added by User,0
LOLLAGAEF <SPLIT>  <SPLIT><SPLIT>  <SPLIT> [[ACCURSED]] U JUSTIN TIMBERLAKE,1
Hi Thanks for signing my guestbook If I may make a suggestion why not make a account for yourself You are a good editor let me know I can help you if you want one lol,0
Im fine with the edits if you can add sources WPBURDEN falls on you here we need this series of events youve described to be sourced The development sections doesnt cover any of this or providing any sourcing,0
Thanks I would not want an edit war either Much appreciated,0
The first paragraph says Almost all of the land was occupied by American Indians from whom the land was purchased a second time piece by piece The actual price paid for the land of the Louisiana Purchase was thus much higher than the sum paid to France It was not the ownership of the land that was purchased so much as the right to purchase the land from the Indians,0
Please be fair  <SPLIT><SPLIT> why did you revert the edits of the Nicole Wray pages You cant keep reposting false information and undoing other edits by other editors Wikipedia is here for everyone to contribute Therefore I will add them back tomorrow This is just a warning,0
What a foolish boy,1
Ok all you ignorants that just think this is just made up picture yourself stopping at a stop sign that seems pointless and getting pissed off to the point that you cant control your actions  Youre so pissed that you have to punch smash or just [[fucking]] something up in general just so you dont take someones life instead  Thats anger on an irrational level Thats IED and it accompanies other mental disorders most commonly anxiety from what Ive gathered High testosterone levels have also been known to cause this Its more or less a side affect of another condition,0
This article seems to be an aspect of the Ares I article and the info here should be merged with that article,0
History of the Medieval World Nikolov Sofia 2000 ph ProfMarin Drinov ISBN 9789544306927  86 pages by Bulgarian Empire 17 by Carolingian,0
sock puppetry <SPLIT><SPLIT> do you have any good reasons to assume i have two accounts either way i can assure you i dont,0
for more information,0
US Roads Newsletter Issue 2 <SPLIT>  width90 aligncenter <SPLIT>  <SPLIT>  colspan4 stylebackgroundcolor 008B00 colorcyan border 1px black solid padding 05em textaligncenter     <SPLIT> The US Roads WikiProject  Newsletter <SPLIT>  <SPLIT>  width33 styleborder 1px gray solid padding 05em  verticalalign top alignleft  Volume 1 Issue 2  width33 styleborder 1px gray solid padding 05em  verticalalign top align center  24 February 2007  width33 styleborder 1px gray solid padding 05em  verticalalign top alignright  About the Newsletter <SPLIT>  <SPLIT>  colspan3 styleborder 1px gray solid padding 05em  verticalalign top  <SPLIT>  aligncenter cellspacing20 width100 <SPLIT>  Departments <SPLIT>  Features <SPLIT>  <SPLIT>  width50  Project News <SPLIT>  width50  Notability of state highways is upheld <SPLIT>  <SPLIT>  width50  Deletion debates <SPLIT>  width50  Kansas Turnpike is now a Good Article <SPLIT>  <SPLIT>  width50  Featured subproject <SPLIT>  width50  US Roads IRC channel created <SPLIT>  <SPLIT>  width50  [[Ascribe]] member <SPLIT>  width50  Infoboxes and Navigation subproject started <SPLIT>  <SPLIT>  width50  From the editors <SPLIT>  width50   <SPLIT>  <SPLIT>  <SPLIT>  colspan3 styleborder 1px gray solid padding 05em  verticalalign top  <SPLIT>  width100 cellspacing0 aligncenter <SPLIT>  alignleft  Archives    Newsroom   <SPLIT>  align  right  Shortcut  WPUSRDNEWS <SPLIT>  <SPLIT>  <SPLIT> Want to help on next months newsletter Dont want to receive these in future Dont want it substd next time  Its all here <SPLIT><SPLIT> Apologies for the late delivery,0
Alma Bella  <SPLIT><SPLIT> Hi can you please explain to me how my edit to Alma Bella was unconstructive According to CategoryLiving people and CategoryPossibly living people Individuals of advanced age over 90 for whom no documentation has existed for a decade or longer can be placed in CategoryPossibly living people Bella would be 100 or 101 and I did a search and there is no documentation that he has been alive for many decades so I dont understand why my edit was reverted as it seems perfectly appropriate He was only added to the living people category by UserMagioladitis who seems to have gone through uncategorized pages and added the living people category to people under the age of 122 I feel that my edit more accurately conveys his living status and is perfectly acceptably by the category policies Also Ive had a similar discussion previously,0
[[Alluding]] <SPLIT> Currently there is only one reference for a stub length article Added a template for refimprove please dont remove until article is more developed,0
Ive expressed my concerns there over the lack of NPoV in excluding United Kingdom of Great Britain and Ireland as a birthplace for these bios,0
Perhaps someone could pass the word that this is not a good idea,0
Apologies  <SPLIT><SPLIT> Apologies for the Ken Penders edit I was going to come back and add sources and even though those claims have been made by fans I wasnt able to find one concrete source to cite as such were usually just scattered on various message boardsforums So thank you for undoing it for me  <SPLIT><SPLIT>  <SPLIT> Elec Fan    <SPLIT><SPLIT> PS I hope Im doing this right Ive never been on a Talk page before,0
August 12th already  <SPLIT><SPLIT> It isnt quite August 12 yet but there is information posted as of now under the Aug 12 heading but then again it depends on your time zone  Should the articles timeline use UTC dates,0
So you agree that the French language article should be edited to remove Canada for instance from its list of francophone countries,0
With respect its not about whether the USGS is right or wrong its about whether the appearance of a line of text on their website constitutes the act of classification and whether the date it was added to the website constitutes the date of classification <SPLIT> My sense is that it is emphatically wrong to say Makemake was classified as a dwarf planet on 11 July 2008  All that happened on July 11 2007 was that the USGS got a name for the thing from the IAU Working Group for Planetary System Nomenclature WGPSN  They took their existing website which had Pluto and Eris under the heading dwarf planets and added Makemake under that heading  Because of the hairsplitty nature of the 11 June 2008 decision on plutoid naming procedures they probably should have added a line clarifying that Makemake was named by WGPSN under the presumption of eventual dwarf planetplutoid status  But they didnt  Oh well  Cant blame them frankly because it is so hairsplitty <SPLIT> But even if you wanted to fudge the IMHO fairly asinine distinction between Dwarf planet and Object with H  1 that were really really damn sure will meet the eventual definition of a dwarf planet that would mean Makemake formally became a dwarf planet on June 11 not July 11  Why  Because thats when this release was made setting out the H  1 parameter  It would also mean  is a dwarf planet <SPLIT> The gazetteer only lists named objects not those with provisional designations  Things get added to that site as they get names not as they are classified not as they are confirmed to exist not as they are discovered  It makes no reference for instance to S2003 J 10  Why  Because it isnt a moon  No because it doesnt have a name yet  It makes no reference to  either  Does that mean its any more or less of a dwarf planet than Makemake is  No  Just that its a body without a name <SPLIT> Finally its incorrect to say that the USGS has an IAU cite of Makemakes status as a dwarf planetthe IAU links under the dwarf planets heading have nothing to do with the case of Makemake specifically because they all date from March 2006  The IAU QA sheet in fact can be pegged to the oneday window between  being classified as a dwarf planet and its subsequent receipt of the name Eris <SPLIT> Either there are three dwarf planets in the solar system two of which are plutoids or five dwarf planets in the solar system four of which are plutoids  You cant separate Makemake and  because one has a name and one doesnt  Most critically it is an emphatically OR statement to declare that reclassification occurred the same instant it got a name,0
But I only hear them at christmas time and they are often included in christmas celebrations,0
Miky765 has been indefinitely blocked as a blatant sockpuppet,0
[[Afar]] of Barnstars Award  <SPLIT><SPLIT>  <SPLIT> You are worthy of every award you have,0
[[Additionally]] Beria was not known for his ascetic habits being a serial rapist,0
Instead of being pissy about it JayJay why dont you start a discussion on the article talk page and gain consensus to retain the hidden notes,0
Hussite  <SPLIT><SPLIT> Hussites arent mentioned,0
Right Ill tone it down Although I feel its very hypocritical when you called him a smug prick and You are a daft fool Kurt and I said he was or something like illogical They pale by comparison do they not Of course Im ignoring your affliction at the time and his comments that he touched upon But still very hypocritical of you Oh by the way its standard practice to use an edit summary for any removal of information that isnt classed as explicit vandalism Thanks,0
You are clearly misinterpreting WPINVOLVED I have been involved in this in a purely administrative capacity I have no involvement in the underlying content dispute As I noted in the log when unblocking any uninvolved admin is free to review and reevaluate the situation but since Arcadian had been blocked for edit warring in the same subject area with the same user it was wildly inappropriate for him to issue a block which any admin with five [[age]] of admin experiance is well aware of meaning he chose to ignore it and issue a block he knew he shouldnt So yes  am quite certain ot was justified and I dont believe the block was punitive it was intended to prevent him from taking further foolish actions in this area and give him a chance to review the wisdom of his actions,0
What possesses these weirdos  <SPLIT> Why on earth would people who consider themselves Christian even THINK that redirecting pages to Jesus will somehow lead people to seriously consider Christianity <SPLIT><SPLIT> Idiots Idiots Idiots <SPLIT><SPLIT> I feel better now,1
External links <SPLIT> External links on Wikipedia are supposed to be encyclopedic in nature and useful to a worldwide audience  Please read the external links policy and perhaps the specific rules for medicinerelated articles before adding more external links   <SPLIT><SPLIT> The following kinds of links are inappropriate <SPLIT><SPLIT>   Online discussion groups or chat forums <SPLIT>   Personal webpages and blogs <SPLIT>   Multiple links to the same website <SPLIT>   Fundraising events or groups <SPLIT>   Websites that are selling things eg books or memberships <SPLIT><SPLIT> I realize that some links are helpful to certain users but they still do not comply with Wikipedia policy and therefore must not be included in the article  There are a lot of links at the end of this article and it would be appropriate for the regular editors to audit them and reduce them to a small list of the most encyclopedic links,0
Got any proof that Changs views are of a minority Your claims borderlines WPSYN And Changs views here are solely presented as her opinions as an academic not as fact There is a serious double standard here to dismiss her views yet let a media commentators views stay,0
of u dont use a comdon and the u mite get crabz so dont have sex intill ur married,1
Note he does not use the word myth not does he say they were unrelated to Rus people as we know Rus has minor origins in the Rus Khaganate and Khazar influence to a degree The steppes werent really Rus lands so they identified with the peoples that preceded them,0
Ive heard stories of these government agencies getting worked up over what was obviously a joke so I wasnt sure whether this required that we take steps beyond whats already been done in order to protect ourselves <SPLIT> If you dont think its an issue Ill chill <SPLIT> Thanks for the input,0
And in this context it might be noted that all the kings ofin Prussia were crowned thus in Knigsberg which is in Prussia rather than in Berlin which is in Brandenburg This continued even after the Prussian kings became German emperors in 1871,0
Thanks Thats the only point I wanted to make,0
ChelseaBugs discussion  <SPLIT><SPLIT> Hullo I just wanted to extend sympathy towards you after your edit on the Administrators noticeboard discussion about Bugs specifically your edit Actually Im just going to be frank here I am close to fucking tears  Wikipedia is not good at trans stuff I suspect wikipedia is not good with any discussion that includes triggering topics as the culture is very much one of anarchy with no consideration as to where that culture fails  I try to make good faith edits but I dont see how to win when open lies about trans folk are allowed to stand it drives me away from Wikipedia each time  I think the change needs to happen higher up somehow  Anyway sympathy,0
was somebody who wasnt my friend I wouldnt care but since its somebody who considers me their best friend <SPLIT> gag me I dont have to brush it off  OkayIm done  sorry for being emo <SPLIT><SPLIT> You bought your mom black pearls  I think that you should recognize something important about yourself that I have  Here it is that you are given a credit card with no limit or a high limit or whatever  it doesnt matter how much you have on it its the basis of the point which I am getting ready to make and while you have bought a ton for yourself of which you totally deserve  no doubt you have also taken the time to buy things for all of your friends and family  I cant stress how great I think that is and while you may not care if I think this or that about you I applaud you for being so selfless and taking time out of your day to buy stuff for peoplemany people when given what you have been given would only think about themselves and what they can get for themselves while you take the time to think about what other people would want  I am very proud of you and I wanted you to know that you demonstrate true greatness in the fact that youre so giving <SPLIT>  and that you arent all about yourself  <SPLIT><SPLIT> Okay the Lauren is so freaking great tangent is over  hope you liked it  I have to go now and clean and cook this badass spicy tabasco chicken for the parents <SPLIT><SPLIT> I miss you so much and baby I will get to give you kisses in 24 days,0
HIKI HIKI HIKI [[ACCURSED]] ALL WIKIPEDIANS,1
Official name  <SPLIT><SPLIT> This has been discussed twice before but anyway my next attempt TimorLeste is the English name of this country in the same way that Cte dIvoire is the English name of Cte dIvoire East Timor is just like Ivory Coast for Cte dIvoire one of the former names of the country Confer this this or this I propose moving the article to TimorLeste the government and people of TimorLeste apparently want to be referred to by that name,0
To whom it may concern <SPLIT><SPLIT> If yous the right persons you already know everything about me I would like to explain my comment  <SPLIT> Its wwwtopixcom thats it its a site for people to get on with fake names and talk shit My girlfriend and her entire family is being slandered by low life scumbags I wish the site didnt exist I know they will always find someway to start [[Fucking]] talking all over again Her and her family go through hell because of it and they dont deserve it The reason Im making this comment is because this is the world wide web and I support Im a Huge fan and I strongly agree with what has happened I just think its bullshit that people can get on this site and talk slander and shit and there isnt Anything we can do about it I look at you guys as a type of protection police if you will to those who have been wronged If Im talking to the right people I want to say thank you Whether or not you can help You will never hear from me again <SPLIT><SPLIT> Thank You <SPLIT> RJG,0
you should do so not engage in disruptive edits,0
KNOL is just the codeword the real name has not been officially annonced Google arent stupid,0
Support  I agree with InterplnetSarah Even in the literature it has been decades since planetary geology was refered to as Astrogeology,0
Typos <SPLIT> the pouch though muscular is think and the most expect fingers  should it say <SPLIT> the pouch though muscular is thick and the most expert fingers  <SPLIT> Alexander and Patrick Russell The Natural History of Aleppo page 181 of the 1797 English second edition <SPLIT><SPLIT> I actually came here to say that this is exactly the sort of article WP needs  But then I found the possible typos Happy new year,0
I do not think I need to mention it but behind these various IPs there are more than one user instead of a single one It would be impossible for one to handle all your alleged [[fucking]] I dont think I need to mention it because its totally irrelevant how many people oppose something It does NOT count how many are on which side it counts what is behind arguments and truth With your lies and will to mislead people by depicting the game as something it is not youre runnining against a wall of truth and arguments and Ill make sure you wont tear that wall down no matter if youre a biased AA players or a biased admin on the site Im right and you know that very well And even if you are in the majority this rule remains true Something is still right even if everyone thinks its not Something is wrong even if everyone thinks its right You dont EVEN think youre right you just pretend Knock off your pathetic pretence for I only accept the truth and the truth only I dont mind if your ludicrous opposition is kept up for years it will end up without success and the feeling of having wasted your time with your hypocricy  <SPLIT><SPLIT> Saying the game is primarily propaganda Ill have the truth backing me Equating it with advertisement and even pretending as if many players disagreed over which label fitted better you back it with lies As if anyone in the game knew anything Search the official forum for the word propaganda youll find nothing Many What a liar you are You represent not many players youll represent ONE And you disagree just for the sake of disagreeing <SPLIT><SPLIT> If youre actually interesting in finding the truth youd have read the articles with an open mind and agreed on that Actually I dont need to do this because its not the truth youre seeking but Ive found another university page and would like to post it httpwwwminitruenlessaysnmncaajustinhtml <SPLIT> You didnt manage to read the talk page so Ill summarize the most importent statements concerning our whichfitsbettertopic <SPLIT><SPLIT> In this contribution I will also distinguish the advergame from the propagame in order to give a further analysis of Americas Army <SPLIT><SPLIT> The game Americas Army the propagame as I will call it is unique in its being <SPLIT><SPLIT>  From advergame to propagame  <SPLIT><SPLIT> The message Americas Army sends itself is propagandistic It propagandises a certain kind of lifestyle message in which the army would like the participant to join and become Propaganda itself has a history within religion Religion also sends the same message to let the participant or the participant in becoming join and become the religion so sending the message of religion So Americas Army with its governmental background is instead of an advergame better to be described as a propagame <SPLIT><SPLIT> BETTER TO BE DESCRIBED AS A PROPAGAME What did I say PRIMARILY fits the definition of propaganda Authority argument university underscores my version <SPLIT><SPLIT> When it comes to the propagame Americas Army the next quotation is striking <SPLIT> The initial success of Americas Army has exceeded the Armys expectations and Colonel Wardynski and his design team are excited about the possibilities Were going to be pushing out new versions of the game as fast as we can build them he says This same team will be building missions weapons and new features for years to come The nations youth can expect a lot more from their friendly army of one Americas Army Targets Youth by Jacob Hodes  Emma Ruby Sachs <SPLIT><SPLIT>  From the analysis of the advergame and the striking resemblance I have described with the propagame Americas Army I will now turn my attention to the consequences for communication on Internet by such games <SPLIT><SPLIT>  The exception is Americas Army because it communicates itself as a company in which citizens can join The aim is to let the gamers themselves join the company as an employee and be the producers within of the message the army sends One of the aims of advergames is to construct a process of viral marketing but this is done unlike the propagame The advergame aims that consumers virally communicate about the game or the message it beholds for the purpose of spreading the word but not to become one with the company itself DaimlerChrysler for example wouldnt make a game in which one is being trained to become the director of a car factory this would create competition Not yet emphasised but maybe in the future it will when one seeks for employees <SPLIT><SPLIT> I thus called it a propagame a game that propagandises a message to become the message Within the game gamers are disciplined and the power structures are like the common army power structure top down hierarchical <SPLIT><SPLIT>  My investigation led me to b,0
Secondly let me address the issue of traction devices I also disagree with it removal from the topic of penis enlargement <SPLIT> Some such devices are considered medical equipment is one such device who has the backing of quite a few urologists and andrologists while originally touted as a penile curvature correction device the applied traction proved to not only correct defects in penile tissue but to naturally allow tissue to be stretched and regenerated causing extension of the spongeous tissue called the Corpora Cavernosa which is inherently limited by how much it can be filled with blood when you get an erection the goal of traction devices  in a penis enlargement capacity is to not only elongate the Corpora Cavernosa but to simultaneously improve girth by modifying the Corpus Spongium another elastic tissue designed to fill with blood and the Cavernosal Artery which feeds both the Corpora Cavernosa and Copus Spongium with blood its lengthening is directly proportional to both tissues because it is fibrous in nature and hence tied to its surrounding tissue After all what good is a long  penis if it is not proportionally wide,0
[[He]] is principally because the sites articles are selfpublished failing WPRS and examinercom pays a commission to writers based on page views,0
Stephanie Wetmore is a real tennis player you dumbass google her and see if shes legit you dumb batti boy,1
I did not ofedded you i just called you for what you are a jwlow man is called jelow a black man black and a white man white and in the case of Greeks brown as your genetic kinsmen middle easterns,0
Cleanup <SPLIT><SPLIT> This article seems to be suffering from wandering prose selfinterruptions and poor structure and questionable claims due to careless haphazard edits  s recent edits are Previous edits appear to include questionable material inserted with apparently no regard to how it fits into existing prose <SPLIT><SPLIT> Mention of Halton Arp and Harold E Puthoff needs to be carefully written to avoid implying that their suggestions  are anything but non mainstream   <SPLIT> Look again I do not see how the edits in question fit the catagory in which you attempt to place them Specifically the creation of 2 internal wiki links to two names that exist elsewhere in wikipedia for the benefit of the reader   <SPLIT> I suspect you meant to direct your comment toward 622534843   <SPLIT><SPLIT> The edits by 622534843 also exhibit the problem I mentioned but in my comment I was referring specifically to a sentence which you 20310925440 added An alternative to a particulate flux a wave flux has also been considered Harold E Puthoff has demonstrated that a wave flux proportional to the fourth power of frequency would have no drag  I was complaining both about demonstrated which I think should be claimed since Puthoff appears to have little credibility in physics and also where you place this sentence breaking up the connection between two earlier paragraphs  Can you please fix these problems Or else leave the current version as it stands  I am not objecting to the internal link to Harold E Puthoff but if you keep it please we keep it we should make sure that the latter article states that Puthoffs view rarely represent the mainstream and are regarded with suspicion or ignored by the vast majority of physicists   <SPLIT><SPLIT> Look again httpenwikipediaorgwindexphptitleLeSagegravitydiffnextoldid11464429 I believe it is 20310925440 you wish to address I leave the sentence untouched  <SPLIT> Puthoffs vieware regarded with suspicion or ignored I will note in passing that he seems to be getting the USA government grants   <SPLIT><SPLIT> PS Just out of curiousity why do quote me without comment on your user page  Are you saying you agree with my pessism about the mediumterm future of the Wikipedia     <SPLIT> I am disinclined to explain myself lest I take away the pleasure of the reader of decoding the message for hisherself however I will say that I thought the quote worthy of wider circulation so it is happens to be   first on my list of such quotes If you feel I am wrong in my judgement please let me know   <SPLIT><SPLIT> The summary of the above is that C Hillman attributes to me edits I did not make Check the history yourself if you care   <SPLIT><SPLIT> Hmm I would apologize if I knew that to be the case  I tried to check but unfortunately I wasnt very specific in my comment on 4 Oct on which edit I was referring to  You Goo did edit this article before my comment several times so if I didnt goof I must have been referring to one of those edits  Does it really matter at this late date  How about archiving these comments and starting over again    <SPLIT> The flow of time from the past to the future is an illusion although a persistent one Im baffled that you cant examine my edits of which there are exactly three and convince yourself that your comments cant possibly have been  meant to refer to them   <SPLIT><SPLIT> Hi GoO honestly I have no idea what you mean by writing the summary of the above is that C Hillman attributes to me edits I did not make  The above talk page discussion  I certainly try my best to attribute edits to the user who wrote them so if you think I goofed could you please <SPLIT> quote below the first sentence say from each edit which you did not make <SPLIT>  using the history page of this talk page link to the actual author <SPLIT> using the history page link the my own edit in which I appear to attribute the edit of the article the talk page incorrectly to yourself <SPLIT> Fair enough     <SPLIT><SPLIT> Its not so complicated The procedure you propose is problematic quoting each edit I did not make th,0
Legacypac <SPLIT><SPLIT> Im not sure what can be done Hes a petty little bureaucrat but the rules may be on his side Tell me the names of the articles hes wanting to purge and Ill vote with you,0
and [[Penises]] In other words no porn please,0
mate id do you in the drop of a hat,0
Welcome <SPLIT><SPLIT> Hello and welcome to Wikipedia Thank you for  I hope you like the place and decide to stay Here are some pages you might like to see <SPLIT><SPLIT>  The five pillars of Wikipedia <SPLIT>  How to edit a page <SPLIT>  Help pages <SPLIT>  Tutorial <SPLIT>  How to write a great article <SPLIT>  Manual of Style <SPLIT><SPLIT> You are welcome to continue editing articles without logging in but you may wish to  create an account Doing so is free requires no personal information and provides several benefits If you edit without a username your IP address  is used to identify you instead <SPLIT><SPLIT> In any case I hope you enjoy editing here and being a Wikipedian Please sign your comments on talk pages using four tildes  this will automatically produce your IP address or username if youre logged in and the date If you need help check out WikipediaQuestions ask me on  or ask your question and then place helpme before the question on this page Again welcome  Happy editing  Sincerely,0
International law Hamas subsection layout  <SPLIT><SPLIT> The same as above could be applied to Hamas Right now allegations are mess ITIC report sorts them out see See 5  Legal Appendix Here is a copypasted unedited first part <SPLIT><SPLIT> A Attacks directed against civilians and civilian objects <SPLIT> 1 Contravention of the principle of distinction <SPLIT> The act of directing attacks against civilians and civilian objects contravenes the Principle of Distinction according to this principle parties must at all times distinguish between civilians and combatants Moreover under this rule it is strictly prohibited to direct attacks at civilian objects or civilians not taking a direct part in hostilities <SPLIT> The principle is encapsulated by Article 48 of Additional Protocol I to the Geneva Conventions of 1949 and Relating to the Protection of Victims of International Armed Conflict 1977 stating that In order to ensure respect for and protection of the civilian population and civilian objects the Parties to the conflict shall at all times distinguish between the civilian population and combatants and between civilian objects and military objectives and accordingly shall direct their operations only against military objectives The violation of this basic prohibition also amounts to a war crime See for example Article 82bi of the Rome Statute of the International Criminal Court 1998 which includes within its list <SPLIT> of acts constituting war crimes the following Intentionally directing attacks against the civilian population as such or against individual civilians not taking part in hostilities,0
Both sources are already covered in Themes in Avatar Is it not sufficient Regards,0
xscontrib <SPLIT><SPLIT> Congratulations <SPLIT> Congratulations on the [[advertise]] of your article Good job,0
There are more than a few [[alimentary]] in Wellesley Why mention the Blue Ginger Preceding unsigned comment added by     2232 15 April 2005,0
I concur with Johns assessment and that a toned down version should prevail,0
OK TDC your quote  so please dont give me this tired bullshit that we are somehow driving Wikipedia to a right wing bias  read what I wrote again  I told the other two what Im afraid of is Wikipedia being at either extreme  What I worry about is people coming here on one day and seeing your [[fucking]] and the next day seeing horseshit of the opposite color and credibility is already a big problem at wikipedia  I also aint powwowing with anyone I wont joining their agenda to get rid of you at least not until I think that youre hopeless <SPLIT>  faced with dozens of editors slugging through community college in their parents basement  Geez youre a shitty asshole  Nice thing to say about people who didnt have the sense to choose the right balls to get shot out of   <SPLIT> there are virtually none to do likewise in the virtual playground that the militant left has hereLook at the validity of my argument look at the comments from the Castroites and then tell me who is POV pushing and being uncivil  TDC thats exactly the problem with you  you cant even tell why people get mad at you  What Im seeing happen consistently is that you make an extreme edit to an article and then you whine when a leftist reverts your entire edit  And boy you get offensive about it much more offensive than anyone else and youre always the initiator of the shitslinging   <SPLIT> I understand your shoot for the stars to get the moon argument sorry if I misquote you but youd probably get more results by making edits that you actually think will stick  And then you have to lash out like a twoyearold when your edits are reverted  whatdahelldidjaexpect  Stop taking the reverts so personally <SPLIT> I know that you think that the admins are against you for political reasons but youre flatout wrong  Youd get more support from the WikiGods if they hadnt first noticed you giving up the higher terrain by being the most insulting person you can be  Its amazing that this isnt obvious to you     <SPLIT> I give myself 100 chance of remaining here long  I do hope you that are here for a long time just hopefully with a completely different personality  I know fat chance <SPLIT> A graduate of SERE  normally Id be impressed but since you pulled this out of your wideopen asshole at a time when it had no relevance to the topic at hand unless theyre now teaching political debate after insecteating your comment only clarifies the kind of person you are  an infantile braggart  You see yourself as some kind of oneman wrongy persecuted rebelheropatriot but you actually just made yourself look like the bully in a kids afteroon special or about as credible as a gansta rapper who sells his ass on the street when his homies arent around  Youre just frontin like youre hard but your reactions to anyone disagreeing with you are like that of a thinskinned selfconcious 12 year old girl,0
[[Advisable]] heavens dont apologise to me I must gently point out to Tractorkingsfan that I would never call anyone a retard  it was MJN who introduced the word,0
I dont agree that the sources you linked to can be used to add information with BLP implications to this article  Also please dont accuse other editors of being socks  That is not helpful to a productive discussion,0
Torture  <SPLIT><SPLIT> Im very tempted to remove this entire section It basically says The Romans tortured people by having goats lick their feet But that was primarily about pain In Medieval Europe and Colonial America people were put in stocks as punishment But that was primarily about humiliation So its not very much about tickling And there are no sources to back it up It seems to me like this section has more to do with speculation and fantasy than documented facts,0
Thanks for the note  looks like a recent idiot which I appear to have missed Ill go through and change everything back   Ckruschke,1
This is why the term British Raj is not very useful as it can be taken by people to refer to almost any aspect of the British rule in India However people prefer this unofficial term rather than the more formal usage because modern authors have tended to use it as a useful shorthand,0
A barnstar for you  <SPLIT><SPLIT>  stylebackgroundcolor fdffe7 [[boarder]] 1px solid fceb92 <SPLIT> rowspan2 styleverticalalign middle padding 5px   <SPLIT> stylefontsize xlarge padding 3px 3px 0 3px height 15em  The Tireless Contributor Barnstar <SPLIT>  <SPLIT> styleverticalalign middle padding 3px  Thank you for your tireless support of the Wikimania 2014 Wiki continuing long after the event is over and most other people have moved on you are still there keeping the place tidy and in order,0
and some editors may end up unhappy no matter what,0
The fact that chiropractors are the ones who have always objected makes the need for inclusion of such wording quite necessary We cant leave it hanging for readers to just guess The sources and history also make this clear Other professions like Physical Therapists and MDs have recognized the danger and made patient consent mandatory Only chiropractors have been in denial Why we still refuse to include the largest studies such as Di Fabios which clearly show the great preponderance of chiropractic involvement in injuries and deaths is beyond me Regardless of that fact I as a PT have always urged caution by all professions and I stopped using cervical manipulation entirely since other methods are more effective safer and longer lasting <SPLIT><SPLIT> As far as Herzog goes Im not sure that hes a proponent but he was hired to defend the profession from lawsuits filed by patients and their surviving families Until he and his lab were figuratively and literally bought by the Canadian chiropractic profession he did objective work Then he started doing agendadriven pseudoscience work for them and their lawyers I communicated with him before his involvement and later was saddened to see such a change of a fine researcher when this happened Doing biomechanical studies on a cadaver for this purpose especially when actual incontrovertible cases with [[abode]] and formerly living until their adjustment killed them patients showed that it is definitely possible to cause strokes in living people No the opposition to admitting any possibility of actual causation is pretty much exclusively limited to chiropractors for obvious reasons Their stance is exactly the same type of stance originally adopted by the tobacco industry and for the same reasons Deny deny deny Never admit Any nonchiros who might doubt the causal connection are the exception which proves the rule Whatever the case our sources mention chiropractors and we should mention them A straight quote should do the job,0
Lytton2nd Earl of Lytton included in this list  According to his bio he served briefly 1925 as viceroy and the articles on the Earl of Reading and Lord Irwin list him as successor and predecessor respectively    <SPLIT> FileMalik Ghulam Muhammadjpg Nominated for Deletion <SPLIT>  <SPLIT>  <SPLIT>    <SPLIT>  An image used in this article FileMalik Ghulam Muhammadjpg has been nominated for deletion at Wikimedia Commons in the following category Media without a source as of 3 November 2011  <SPLIT> What should I do <SPLIT> Dont panic a discussion will now take place over on Commons about whether to remove the file This gives you an opportunity to contest the deletion although please review Commons guidelines before doing so <SPLIT>  If the image is nonfree then you may need to upload it to Wikipedia Commons does not allow fair use <SPLIT>  If the image isnt freely licensed and there is no fair use rationale then it cannot be uploaded or used <SPLIT><SPLIT> This notification is provided by a Bot,0
what spelling conventions are generally used for articles about fauna,0
I am absolutely not missing the point  If the fact that the coffinships were infamous was in dispute then there MIGHT be a need for that specific word to appear in the source  This fact is not in dispute or are BigDunc and Domer48 suggesting otherwise so its perfectly reasonable for an editor to condense a 5 page section of a text into a few lines  I dont think that Colin4Cs edit is in any way inaccurate or unreadable and so far noone else as said that either  Also demanding transcription of 5 pages of text is unreasonable and goes way beyond courtesy which in any case is a stretch since Domer48 has stated andor implied that Colin4C and I are simpletons idiots liars and the like  If Domer48 or BigDunc wish to accuse Colin4C of something then they should make a formal complaint  The article talk page is NOT the place for this kind of thing,0
The [[Bacon]] Bastard Edit War <SPLIT><SPLIT> Ive been watching that edit war from the sidelines and was wondering about it as a notation once said that it was used by people calling the Chumpline  If enough Chumpline callers use that specific nickname for him shouldnt it be included among the list  Since I havent been able to listen to the show for numerous years I left the WXTK staff in 1998 I dont know as much about current trends on the show and wanted to know the controversy surrounding the nickname and why it should or shouldnt be included   CST,0
httpenwikipediaorgwindexphptitleTalkTerryGoodkindcurid1708642diff108367864oldid108348029 <SPLIT><SPLIT> Oh my fucking God it has to be deliberate cause noone is this thick,0
But the male characters are practically clotheless Why Because they have nothing objectionable shown Niether does Sally Why Because her anatomy is not drawn to be suggestive whereas Rouge is Id rather have a clotheless sally than a clothless Rouge,0
Your submission at Articles for creation  <SPLIT>  Rob Hoskins which you submitted to Articles for creation has been created The article has been assessed as StartClass which is recorded on the articles talk page You may like to take a look at the grading scheme to see how you can improve the article <SPLIT> You are more than welcome to continue making quality contributions to Wikipedia  <SPLIT>  If you have any questions you are welcome to ask at the help desk <SPLIT>  If you would like to help us improve this process please consider  <SPLIT> Thank you for helping improve Wikipedia,0
Not enough  See explanation at TemplatePOV  In particular The editor placing this template in an article should promptly provide a reason on the articles talk page In the absence of a reason and it is not clear what the neutrality issue is this tag may be removed by any editor,0
I did explain I said Nope Though I shall continue that information is obviously public knowledge  The man is a celebrity and has discussed his family members on his show  The information was not added by a stalker,0
800 Crucified <SPLIT> Another legendary number cited by everybody <SPLIT> Who counted them Thats a lot of crosses to assemble and set up and a lot of soldiers to erect the crosses and set up the victims on their crosses <SPLIT> Again Josephus is writing in his comfortable rooms in Rome and inventing whatever figures he wishes to employ to  illustrate the magnitude of the repression There was nobody around ever able to dispute his numbers <SPLIT> These crucifixions are sometimes mentioned as being the inspiration for Pauls Jesus having been crucified,0
Veganism  <SPLIT><SPLIT> Saw your comments to FuelWagon on the Veganism page about his bizarre interpretation of POV policy  I went round and round with him via email saying the same things you did but he insisted that its POV to say something objective like People become vegans for a number of reasons primarily out of concern for animal rights  He then removed that phrase from the article so I reverted it  Its funny I suspect that hes someone whos just really rubbed the wrong way by veganism and thus wants to counter every sentence even the NPOV ones I do think that the overwhelming majority of nonvegans would [[accordingly]] identify the phrase in question as being a good description of vegans motivations  whether they agree with those motivations or not,0
Its in the name,0
Ill keep an eye out for anything that comes up but I can only imagine it would related to the timing of the expansion Otherwise the articles are great I wasnt aware of the five day period until I looked at the nomination process Anyway theres plenty more opportunities for new  expanding articles and I will tag you next time I see something that looks interesting,0
In controversies sections which are mostly grubbed up by stupid POV fishing expeditions to find authoritative [[fucking]] or flamorous appraisels thrown on or at a figure one dislikes on wikipedia one should distinguish peer review see the Criticism section for Karl Popper to grasp the point from public controversies quite distinctly esp in  the IP area where anxiety fits and politicized hysteria are commonplaces even in the commentariat That is what mist be sharply distinguished here,0
user above you forget to mention that you created the article Aelita Andre and you keep protesting the addition of that article to the vanity gallery see also section you created that article your repeated removals dont pass the NPOV smell test res ipsa  re threatshostile you keep undoing my content weve been through it a couple times perhaps three by now certainly three by now if your past efforts are included it sounds like an edit war and ive notified admins of this  thats not threatening that is how WP works youre in no position to accuse me of blatant POV re andre when you wrote that article yourself and have been a tireless advocate of the artist your reverts are the POV here prove to me exactly what my POV possibly could be or you can take it back in the past with this article i surely have fought the ADVERT style of writing and have strongly suspected AUTO i dont have the tools to prove it but maybe admins will dig around  anyway thats not POV thats trying to keep the artist spam out of our encyclopedia i am indeed unwilling to stop making such edits i trust that the admins and the noticeboard process will be just bring it on,0
Its not a neologism httpswwwgooglecouksearchq22transpeople22ieutf8oeutf8aqtrlsorgmozillaenUSofficialclientfirefoxachannelfflbgferdcreijs0QVNHiBOrH8gfRh4HACw Ive never heard anything so ridiculous in all my life Dont try that one on me,0
Not a giant exactly no,0
Ive replied to some of your specific comments above Ill do what I can to address your concerns and will post a note here when I have done so,0
Beatlemania  <SPLIT><SPLIT>   JH supplies a [[batsman]] to The Beatles,0
Ive reverted the article to the last version before the removal of information began Please invite the involved editors to discuss changes especially removal of sourced information in this talk page,0
Thanks a lot Ill look them right up,0
Stupid naming of releases  <SPLIT><SPLIT> Just wondering why Android use such stupid childish names for each release ie Ice Cream Sandwich <SPLIT> Do they get a class of eight year olds to come up with the names and just be done with it <SPLIT><SPLIT> I understand that it is to put the releases in alphabetic order but why not use the NATO phonetic alphabet,0
Bharat Mosamkar currently working at SEO Company  Since early My hobby is  Cricket  Soccer Throughout many year of working in different corporationsBharat Mosamkar has been an internet marketing expert since 2010 After receiving lengthy mentoring from a 2year algorithm specialist I control traffic online with this knowledge and set out to learn all aspects of the business algorithm formula <SPLIT><SPLIT> Bharat Mosamkar start your SEO campaign the results are personally guaranteed and every moment counts,0
That is my opinon and choice and where I live we have freedom of speech so take your comments elsewhere The EU is not a nation or people and is an abomination that disrepescts the existence of ethnic groups and cultures and discriminates against muslims and other religions,0
Ah I see I was referring to this edit that you made The LA Times report is a different issue I dont see why that particular article by Card needs to be described in his biography per WPWEIGHT,0
Wait [[theres]] Roger Schlafly Holy [[fuck]] Umhi,0
I think the issue is that while condensing  had introduced one more element which was not present in the original antiArab riot You seem to agree that the rest of the stuff is ok As to calling it a riot vs demonstration or protests It seems to me that riot is appropriate and protests is far too weak It involved assaulting passersby and police and resulted in 40 arrests on charge of public disorder attempted assault of Arab minors assaulting police officers and property damage The Telegraph described it as a rampage The social media mentions are just auxillary describing the atmosphere not directly describing a riot,0
Why we gotta have this miscegenation crap  <SPLIT><SPLIT> Why,1
April Fools <SPLIT> Wow thats good I didnt even see that Best,0
Yes it does Because it is the English version that the United States considers law along with all of the English versions clauses,0
King Philips war put an end to evangelism of Indians by the Puritans The Puritans simply did not trust the Indians whether converted or not converted,0
Article titles  <SPLIT><SPLIT> Greg your post of  is the best and most lucid explanation of the problem I have yet seen I would hate to see this post disappear into an archive and I hope you will at the very least develop it into a formal essay linked from Article titles <SPLIT><SPLIT> I had elsewhere started to write a rejoinder to Ravpapas earlier post about power but decided to leave well enough alone and never posted it there If there are any ideas or phrasing of mine with which you agree and that you feel might be usefully integrated into yours please help yourself to them <SPLIT><SPLIT> I disagree with Ravpapas post about power This discussion isnt about power though it can seem to devolve into that Its really more a problem of WP naming policy being a Procrustean bed for specialties like ornithology or classical music where a field of study has developed guidelines that best suit their specific needs and then here at Wikipedia they get pushed and pulled to fit into schemes that are not just foreign to them but by their lights simply dont work as well Thats how I see it anyway But then I also have my own bete noir concerning encyclopedic tone as someone [[aspired]] to describe it I truly believe that if we are attempting to be authoritative we should also try to sound authoritative and not dumb down to the lowest common denominator of readers Redirects do all the work and the wording at the start of an articles lede assures immediate easy access to any and every wanted article More properly formal article titles are noticed by most users and do serve a valuable purpose in at least offering to a reader a concept of how the topic fits into a more general scheme rather than reinforcing hisher limited view of the article in isolation,0
Disgusting show  <SPLIT><SPLIT> Really was disgusting Lowpoint for the BBC Immoral subject for a show,0
[[BLOCK]] AGAIN <SPLIT> Your continued disruptive editing has resulted in yet another block If you believe this block is unjustified you may contest this block by adding the text unblockyour reason here below,0
youre apparently the only person who thinks this is crap  Carson claimed that evolution as explained by Darwin was actually the work of the devil or Similarly Carson a noted creationist said he believed the theory of evolution was encouraged by the devil,0
No I dont think youve left any out but just incase you could aways check this link,0
Wow snappy  I have to comment 1 not everyone has the time to check in on every article every day  2 criticism is not meaningless even when someone doesnt have the time or resources to fix something immediately  3 you sound stressed  chill out  this isnt a job you dont have to take sole ownership of this article <SPLIT> I agree that the data was more or less meaningless  And no I dont have time to fix it  So there,0
I have added an exact copy of a White Paper my father was given about the second tier of oath taking ceremonies the Mau Mau introduced when they started to get attrition in their ranks It will be interesting to see if it stays there <SPLIT><SPLIT> I was born in Kenya but left in 1955 to go to Navel College The bull about how badly the settlers treated the Africans is sadly misplaced Sure there were some pigs amongst the whites mainly amongst the Boars and some of the ignorant smart ass rednecked British administrators However the settlers I knew and went to school with were generally very caring for their workers My father went to Kenya in 1926 and when he left in 1966 he had many of the same families working for him We still communicate with some of them <SPLIT><SPLIT> As I recall only a handful of settlers were killed and most of those because they were looked up to by the Africans  such as Dr Ruck If they had been such a despicable mob surely more would have been attacked My father was in the top 10 of a Mau Mau hit list that was seized Yet because he respected and loved us our houseboy Gashia disappeared until after the emergency because he had been oathed to murder us <SPLIT><SPLIT> There is also a lot of bull about the whites taking up land that was being farmed by the Africans According to UN estimates the national total population rose by 28 from 6416000 in 1950 to 8189000 in 1960 by 37 to 11253000 in 1970 by 46 to 16466000 in 1980 by 36 to 22400000 in 1987 and by 24 to an estimated 27885000 in 1995 About 75 of the population lives on only 10 of the land <SPLIT><SPLIT> In the 40s and 50s there certainly was no evidence that Africans had farmed or even grazed large tracts of East Africa because Lord Delemare injected his family wealth into trying to find out why apparently good grazing land could not sustain herds of cattle and sheep After a lot of research and observation he found that it was simply the need for simple salt licks containing essential minerals <SPLIT><SPLIT> As I recall most of us wanted the Brits out just as much as the Africans In fact I believe if Jomo had not initiated a change the settlers would have,0
I agree that the 2006 section needs trimming and I put a note in the section in case someone has time  A number of shows do use screenshots claiming they are citing critical commentary so I guess it is ok  Unfortunately most of the time these episode guides arent sourced but if possible Id like to see it <SPLIT><SPLIT> Instead of having quotes in the episode boxes I am thinking they might be better suited for the wikiquote Top Gear entry or its own as I have a feeling the quotes would clutter up the page very quickly,0
Vandalism warning  <SPLIT> At you or someone using your username or Internet Protocol address vandalized the English Wikipedia page Pussy Please stop this practice or you may be banned from editing in Wikipedia,0
Support  I agree that dihomolinolenic acid is more appropriate chemical nomenclature and that is what is used throughout the article  I dont know of any policy that forbids the use of Greek letters in titles  there are plenty of chemistry articles that use them,0
As a [[Lndian]] its shame on us they are hiding the truth if Indians are 789 to 1874 die in that action how many Pakistanis are die in kargil war they die first you find how many Pakistanis are die,0
Oppose Maybe in a dedicated section titled false false flags not a real suggestion Not in the form linked above though and probably not needed at all,0
Background  Sinn Fin  <SPLIT><SPLIT> The Background191222 section currently states <SPLIT><SPLIT> Following the nationalist Easter Rising in Dublin in 1916 by the Irish Republican Brotherhood and the executions of fifteen of the Risings leaders the separatist Sinn Fin party won a majority of seats in Ireland and set up the First Dil Irish Parliament in Dublin <SPLIT><SPLIT> The link from Sinn Fin however takes the reader to the article about the current party known by that name I changed the link to the article about the [[chronological]] party but this was reverted <SPLIT><SPLIT> It contravenes WPNPOV to imply that the current SF party is the same party as the SF party of 1918 This is a controversial view which WP should not be supporting,0
Cloverfield Monster  <SPLIT> If we have a photo of the monster from the movie that isnt handdrawn or fanmade can we put it in the wiki Or is everyone going to bitch and complain most likely about the fact that it isnt fair use rationale or something    <SPLIT> So cynical Well if it actually looks goodI mean how good can a photo of a silk screen look,1
WP Conventions <SPLIT> Hello and thanks for the welcome message  Also a quick question  Im doing a little housecleaning and am too new to know yourthe communitys preferences  If I see a name to clarify I dont know if it is best to create a redirect or to use a piped link  Example for EurlyneArlene Howell I think I actually did both  Now I have noticed that Erica Marie Commeau Miss Maine USA 2005 has a page without her middle name but dont know if it is better to pipe or create a redirect  I would appreciate some direction  Thanks <SPLIT> Hi Brian when it comes to full names as in the example above its probably best just to get rid of the middle name this can get tricky in pageantry where names are often used in full where they are not used in full in common usage  As for Erica Commeau that was probably my fault  What you did with EurlyneArlene Howell was perfect  just what I would have done had I picked up on it  Theres no hard and fast rule but Id say that if you can prevent a redirect by piping go for it or simply by chopping out the middle name as suggested   <SPLIT> Finally one other thing dont forget to sign off with four tildes  when you reply on talk pages so your name and the date are stamped   PagantUpdater,0
Bukhara Airport <SPLIT> You do not need to delete a redirect These should be left Bukhara Airport would be a perfectly natural search term for someone to use,0
Translation of Malay book titles  <SPLIT><SPLIT> Can anyone help provide English translations of the following book titles which are referred to in the article <SPLIT><SPLIT> Membacha Musik appears in the Works section <SPLIT> Mengenang Pak Zubir appears in the Further reading section <SPLIT><SPLIT> Cheers,0
All I see is a long list of WPOR nothing that clearly states that the police raid was against NCSL only that they support the protesters In contrast every source on the main page as well as our lead clearly state what that this was a police raid vs Promorsi protesters youd argument might hold for the 2013 political violence where its government against lets say NCSL members <SPLIT><SPLIT> Expanding on your Original Research <SPLIT>  This shows that NCSL are protesting from day one in Rabaa camp  No it says that its members attended the protest not that they were the only ones who attended it or that they established the protest camp <SPLIT>  The reference shows that NCSL continue to be the organizers of the demonstrations even after the end of Rabaa camp  many called for demonstrations after the clashes from the Muslim Brotherhood to several non Muslim liberal organization Does that makes them all side1 in the raids came before <SPLIT>  The proMorsi AntiCoup alliance  doesnt shows that ProMorsi are the Anticoupe but that AntiCoup alliance is proMorsi Learn basic logic <SPLIT>  I can goo on but I see no point you have no case,0
Biomolecular Diseases <SPLIT> Please stop adding nonsense to Wikipedia It is considered vandalism If you were just trying to experiment then use the sandbox instead Thank you,0
1598341  <SPLIT><SPLIT> Sorry I am not an admin nor did I campaign for any block outside of a warning before their last admin youd have to bring it up to the admin Materialscientist who made the block but I know them as a good admin who knows what theyre doing with blocks and read access is still on The IP has had more than enough warnings,0
Hi Ive deleted the page on GoldenCrayon as an attack page which is not allowed by our policies Additionally biographies can only be included when they meet WPBIO,0
Alternative  Pop Culture Meaning  <SPLIT><SPLIT> Cunt or Cee Unt  A percieved mysterious bitch that destroys everything  Whem calling someone this is a way of letting anyone know they are a cunt while censoring others around you in public or in social corners  A modern slang alerting other of the danger,1
Thanks for the welcome and resources Mo ainm  I plan to review these resources soon   Chrisfoodily,0
Signpost comments <SPLIT> Hi In case you havent been following there have been a few replies to the thread at Wikipedia talkWikipedia Signpost20101025In the news Just fyi,0
Hi why FGM  <SPLIT><SPLIT> Hi Folks <SPLIT><SPLIT> Why is there a reference to FGM <SPLIT><SPLIT> No seriously  The issues are totally different  Hear me out <SPLIT><SPLIT> I cannot have children because of what was done to me  Additionally because it was done in the USA there is no accountability <SPLIT><SPLIT> I just get to live in physical pain for my [[unmitigated]] fucking life  Thanks <SPLIT><SPLIT> Where is FGM legal <SPLIT><SPLIT> I can name a place where somebody can mutilate sombodys genitals and if theres no physical problem that a 2 year old infant can identify theres no legal problem and no legal recourse <SPLIT><SPLIT> Where is that true of FGM  Where when a cisgendered female is mutilated at birth do we give her any sympathy  Oh I forget thats EVERYWHERE <SPLIT><SPLIT> Here is my suggestion that never gets listened to we talk about this in the context of my body my choice <SPLIT><SPLIT> What the fuck is wrong with demanding my body my choice even though I was assigned the male gender at birth and thus had no choice in what was done to me,0
It was your edits that constituted vandalism Take your holy war elsewhere,0
Roberto DeVicenzos stupid quote  <SPLIT><SPLIT> Google News Archive is a great resource for checking data and Ive looked for DeVicenzos quote What a stupid I am in the press articles written at the time in 1968 <SPLIT><SPLIT> It isnt there <SPLIT><SPLIT> httpwwwgooglecomsearchqrobertodevicenzobobgoalbystupidtbsnws1ar1sourcenewspapers <SPLIT><SPLIT> Now somebody please the read DeVicenzos quotes at the time and then read how literate compared to What a stupid I am The later is sounds like something coming out of the mouth of someone who doesnt speak English very well when in fact DeVicenzo I deleted the quote out Its not referenced properly and of doubtful origin <SPLIT><SPLIT> On a side note the famous Lee Trevino quote about a 1iron might be something else entirely too See the Talk page for the 1975 US Open for my research on that,0
Hi Kane youre welcome Its largely a splitout from either the main NM article or her Discography article so I assume it is fine You got your MainNicki Minaj videography under the Filmography heading in the NM article and a wikilink back to the main article in first line of the Videography article I like your lead its short and give a quick overview of her output up until now I put a wl to the discography in but if you ask me I wouldnt link more After all its a subpage for those looking for details about the artist I just ran Reflinks on the V article have a look and see if everything is still fine,0
Many college newspapers have their own article Per WPMUSIC a college newspaper can be considered trivial and reviewed on an individual basis and I feel it doesnt count as an independent reliable source Nonetheless I will restore the article and take it to WPAFD and you can spend some time improving the article,0
Yes the [[articles]] had some inaccuracies  Ive further cleaned it up and added additional cites,0
Split or Rewrite  <SPLIT><SPLIT> PAR lamps are used in many applications other than the theatre  I have just changed the introduction to reflect that Theatrical use is surely important but there are at least twenty PAR lamps in my house and boat so surely the vast bulk of their use is off the stage  I think that perhaps we should keep the lamp and general information under this title and take the bulk of the article into a new article with a title something like PAR  Theatre As it stands it may confuse those who come looking for information on a nontheatrical use of PAR lamps  Thoughts,0
Mrs Page  <SPLIT><SPLIT> She has the teeth of the bermuda triangle sounds like mr mackey and sits at her shack enjoying todays newest cowboy porn MKAY,0
Please [[clarification]]  <SPLIT><SPLIT>   Where are the personal attacks  Its a completely false accusation and should be retracted immediately,0
I SAY STOP YOUR VANDALISM ALREADY [[ARSEHOLE]],1
[[Ask]] read WPBLP It states This policy applies to any living person mentioned in a BLP whether or not that person is the subject of the article and to material about living persons in other articles and on other pages including talk pages emphasis mine <SPLIT><SPLIT> There is no question that Williams made statements in the helicopter incident that were not true There is no evidence that they were made intentionally to deceive or even not as he claims poor recollection But the editor in question has gone much farther using the perjorative word lie over and over in reference to situations that are he saidshe said or not even clear accusations of lying That is the editor is the one making accusations of lying without evidence This is a gross violation of WPBLP,0
I agree there was no suggestion in the close of the RfC that it should be rerun immediately let alone that there was a need for further dispute resolution The part of the close relating to possible future action said that those editors who feel that more sources should be identified or that more options should be considered they can make proposals to remedy that in the future I see no new sources proposed here nor any new options for possible wording based on new or particular sources,0
Song <SPLIT><SPLIT> Is the song Mr Garrisson sings Were in the Money from 42nd Street musical or is it The Gold Diggers Song Were in the Money from Gold Diggers of 1933 Or are they the same song,0
It is presumed to satisfy the inclusion criteria for a standalone article  Significant coverage Reliable means Sources Independent of the subject Presumed as on the WikipediaNotability page,0
Thank you  <SPLIT><SPLIT> Thank you for the smile It made me happy,0
Leeds City Vixens LFC should get a mention some where on this page,0
The parts of the page that must be older from more credible editors clearly indicate a diadem is something specific that is unique from other types of metal headwear things but then people messed up the page to expand the meaning and to be racist fools who wont leave it be as an Eastern thing of any kind Literally the groups that must have been added in directly hype up the favorite ethnicities of white supremacists black supremacists and Middle Eastern supremacists And at least one of the examples used by white supremacists is not a diadem from what diadem seems to mean but a normal European crown so WTF,0
A barnstar for you  <SPLIT><SPLIT>  stylebackgroundcolor fdffe7 border 1px solid fceb92 <SPLIT> rowspan2 styleverticalalign middle padding 5px   <SPLIT> stylefontsize xlarge padding 3px 3px 0 3px height 15em  The Defender of the Wiki Barnstar <SPLIT>  <SPLIT> styleverticalalign middle padding 3px  You are a good defender,0
Well since Bombaim is still as far as I know commonly used in Portuguese and is already mentioned further up the article one wonders why the last paragraph finds the derivation such a mystery Bom baim  Good little bay,0
And there is a discussion on the Wikidata talk page dTalkQ830Disambiguation Im trying to make sense of it,0
[[Avec]] the process of this idiotic crusade you are disturbing Wikipedia which shall not be tolerated I expect you to cease this behaviour or suffer my displeasure,0
Aftermath Of what <SPLIT> Aftermath 2000present doesnt really seem to be an adequate way to describe this era of the bands history Reformation would probably do a better job Im changing it unless anyone has any particular qualms about it,0
Ah ok my bad for not wording it better,0
References and some general notes  <SPLIT><SPLIT> Reference 3 the quackometer needs point to the content that says Andy Lewis gave a talk to Edin SitP <SPLIT> ISSN and OCLC given only first time for same publication same with wikilinks for publication and publisher <SPLIT> Wikilinks in general link the first and only the first time something occurs in an article not counting the infobox Dont link the article to itself The links that are red dont have articles yet but you can fix that by writing the articles this may be problematic if an article is written that doesnt have what you wikilinked as their exact title <SPLIT> When referencing webpages try looking at the page info usually a right click on a open area of the page in your browser and look for the page title you will also usually see it at the top of your browser <SPLIT> I used named references This allows multiple uses of the same reference with it only appearing once in the ref list and is easier to edit into the article [[Avis]] ref name axe <SPLIT> Use same date format consistently <SPLIT> In general place reference at end of sentence after period without a space In general several facts in a sentence can be referenced at the end of the sentence The exception might be HIGHLY contentious facts Period at end of reference will be done by template if you use a template if not place period for end of reference inside  tags <SPLIT> I added a wikilink to the book title for Barefaced Messiah I did the reference for that book in a mixed way to reference the original book The reference actually is to support the books availability online and some WP editors may say referring to the original publication is irrelevant Note that references are supposed to refer to the specific work the editor citing it actually read for the information but this gets blurred since a link to the material online is desirable So if I read a hard copy of a book my reference would be to that edition but I would add a link to the section of that book on Google Books if it was available Or if I read a hard copy of a journal and the article was available online blah blah blah,0
[[Affair]] ban  <SPLIT><SPLIT> Per this you are now indefinitely topic banned from all articles and discussions pertaining to Albania broadly construed  If you have a question as to whether something violates your ban feel free to ask me and Ill respond as soon as I can,0
Didnt my closing the above discussion signal to you that you should drop it Erpert,0
Either youre not reading your talk page or you just want to start an edit war  Please do not keep reverting my edits unless you have a good reason  Thanks,0
shovon is biased towards india <SPLIT> mr shovon after reading your talk pages and your contributions i have realized why your a newpage patroller YOU want to power to make sure that you can disrupt the facts to make it biased towards india you have silenced the voices of any pakistani users that make a Fact that is not proindia that is why ive reported you to the adimnistators have fun,0
[[REALIGN]] TalkList of public corporations of the government of Puerto Rico,0
Hey Keeper I surely will elaborate for you The reason for my oppose is as follows The Wiki contributions of Tanthalas are mainly confined to WPAIV and WPAFD Mind you this is good but doesnt quite meet my criteria for experience in this realm of wikipedia I like to see wider experience Making vandalism reports rocks but I like to see moderate activity at WPCSD WPANI WPRFPP etcetc Since youve seen me around you should also recall that my criteria for supporting an RfA is striking a good balance The mainspace contributions are lacking Im afriad and I see minimal activity in the talkspace which immediately got my attention My comment about three months is simple I feel that if the candidate were to continue his activity in the Wiki linger more at WPAN for instance and improvebulk up his mainspace contributions there would be no hesitation on my part to support I capped it at three months because I dont believe it should take longer as he is more or less on the right track When I get a little time later Ill take another look at the RfA as I see there are questions posed There is definitely a possibility that I could change my mind   Thanks for the message Keeper Happy editing,0
Suck a dick assholes,1
Also while were about this after the six months expires if I do get unbanned would you recommend that I stay away from sexuality related articles or at least the age of consentage of majority section and perhaps even from any historicalsociological articles and edit a less controversial field like accountancy  since those types of articles are consistently what got me in trouble even on my previous accounts such as FDR,0
Not so clear Carpenter does not mention this expression at all The Patterson reference refers to a lecture not an accessible document so nobody can verify it it referred to the rule of least power but probably not as it is only cited in reference to the principle of least privilege in security Only the W3C and the Axioms references are pertinent and the latter is the primary source Google search does show that the rule has been cited by several bloggers  The references for this article should at least be cleaned up and if possible augmented with references that clearly support notability    <SPLIT><SPLIT>  The principle of least privilege  <SPLIT><SPLIT> There is a similarity between the concepts but one can surely find many other examples Occams razor for starters I cannot see how its mention is useful in this article and frankly I find the 2nd paragraph where it is mentioned confusing,0
Thx Ill fix it now,0
26 September 2006  <SPLIT><SPLIT> Thank you for experimenting with Wikipedia Your test worked and it has been reverted or removed Please use the sandbox for any other tests you want to do Take a look at the welcome page if you would like to learn more about contributing to our encyclopedia colorblack titleAdmin actionsL,0
FAKE <SPLIT> Quote from reference 1 httpnewsbbccouk2hiamericas1697038stm They say they still do not understand the exact nature of their discovery Its been 11 years ago and still no official report has been delivered This is an outrageous fraud,0
Regarding your edit to Sideburns  <SPLIT><SPLIT> Welcome to Wikipedia We welcome your help to create new content but your recent additions do not assert the notability of their subjects and have been reverted or removed,0
Speedy deletion of Httpwwwgr2rcom <SPLIT>  A tag has been placed on Httpwwwgr2rcom requesting that it be speedily deleted from Wikipedia This has been done under section A7 of the criteria for speedy deletion because the article appears to be about a club but it does not indicate how or why the subject is notable that is why an article about that subject should be included in an encyclopedia Under the criteria for speedy deletion articles that do not indicate the subjects importance or significance may be deleted at any time Please see the guidelines for what is generally accepted as notable as well as our subjectspecific notability guidelines for people and for organizations  <SPLIT><SPLIT> If you think that this notice was placed here in error you may contest the deletion by adding  to the top of the page just below the existing speedy deletion or db tag coupled with adding a note on the articles talk page explaining your position but be aware that once tagged for speedy deletion if the article meets the criterion it may be deleted without delay Please do not remove the speedy deletion tag yourself but dont hesitate to add information to the article that would would render it more in conformance with Wikipedias policies and guidelines,0
Jerusalem in the Quran  <SPLIT><SPLIT>  <SPLIT>  please stop mentionig that Jerusalem as a text is not mentioned in Quran The Arabs had several names to Jerusalem Eliya Bayt al Maqdis Urshaleem Canaanite not Hebrew by the way and so on God himself decided to call it his way This way of calling Jerusalem has been mentioned in Hadith That is after the Quran is recited from the mouth of Prophet Muhammad and after it is written by the writers he pause then he say a Hadith not quran again out of his mouth saying that this is in Bayt alMaqdiss this is here this is there etc This is the Islamic Scripture Quran  Hadith Quran without Hadith may mean nothing After all the Quran mentioned that a muslims should Pray but it never mentioned how This has been elaborated more in the Hadith Certainly it is Jerusalem as an area that has been blessed in the Quran Mecca and Medina as cities were not blessed explicitly as done for Jerusalem However Mecca and Medina were decalared Sanctuaries and banned on non muslims Jerusalem is not For example even though alAqsa mosque has been also named as the Noble Sanctuary per the strict Islamic law alAqsa mosque is not a sanctuary A muslim sacntuary is a place where one may not cut a tree nor kill an animal and no nonmuslims are allowed to pass in So you see Sharmi1 that there are quite so many things here that are missing and frankly I do not see your edits are getting the big picture We should work together not against each others please Also you may want to read this paper Jerusalem in the Quran If it helps I may send the paper to anyone who likes to his email At least seventy time reference to Jerusalem is mentioned with different approaches etc <SPLIT><SPLIT> Finally Moses was mentioned 122 times Muhammad 4 times Mecca was mentioned on once in the Quran as Mecca Once it was mentioned as Bekka and that is it It was not mentioned explicitly in the verse 171 nor Jerusalem was But immediately it was mentioned in the Hadith of the Prophet Muhammad So you see the Islamic scripture is one package Quran looses much of its meaning if Hadith is excluded Also there are hundreds of Hadiths talking explicitly about Bayt alMaqdis <SPLIT><SPLIT> I would like also to mention that the night journey is not the reason for the importance of Jerusalem in Islam In fact many Hadiths regarding Jerusalem and references in Quran were made even before the night journey The matter is that Quran mentions that Muhammad is not preaching for a new message but he is reviving the message of the previous prophets even if many of them happen to be Israelites In fact the Quran talks about them possible half of the Quran is only talking about Moses Jesus solmon David Abraham Adam Zakariya Yahya John etc <SPLIT><SPLIT> Our job here at WikiPedia is not really discussing our believes Every one is entitled to his belief but we are to report accuratley documented sources that talks about the holiness of Jerusalem for these religions We are not and should not put the faith of each others down please This does not make sense The article should clearly mentions the basics of why each religion glorifies Jerusalem There is no point in tryint to show who glorifies Jerusalem more it is irrilevant and does not make much sense anyway Finally some body mentioned third holiest stuff Well Jerusalem is called in Arabic Third of the two Sanctuaries Arabic   Translit thlith alaramayn  No other site is called this way in Arabic this has been translated in third holiest in english The term   has been used to refer to this mosque at the early times of Islam <SPLIT><SPLIT> Finally the word masjid in Arabic means a prostration site Although the english word mosque is translated from masjid the Arabic word masjid may refer to a proper building proper mosque or it may refer to a site where prayers are permitted Certainly the whole earth is made a mosque for muslims It should be mentioned that Jews prostrated only in the Temple and not any where else Prophet Muhammad in a Hadith said that the whole earth is a masjid for a muslim and whenever the time for prayers came pray <SPLIT><SPLIT> You should also note another term in Arabic Jamii which translates exactly to a congregation building In general in the Islamic word when they talk about a mosque they use the word Jamii rather than using the word masjid Jamii cannot refer to a site but usually to a constructed building <SPLIT><SPLIT> I hope I was helpful We should edit in faith here no point in proving that somebodies faith is not good as my faith and vice versa,0
[[REALIGN]] TalkMark Brown linebacker born 1980,0
evasi0n <SPLIT> Dear PhantomTech <SPLIT> I am currently editing evasi0n the reason it is online is because I accidentally clicked the Save page button as an accident I was gathering info for the page when I saw you had marked it for Speedy Deletion I beleieve this is invalid reasoning due to the fact I am still working on the evasi0n page So please allow at least an hour to finish up the page before you judge it  <SPLIT> Thank You <SPLIT> Nosterdude,0
This article definitely needs cleanup The past members section only includes a list of members who contributed to albums which doesnt encompass the past members of the band at all List of Deep Purple band members or List of Black Sabbath band members definitely demonstrate how the page should look At least all of the past members are included on those pages,0
[[REALIGN]] TalkDave Thomas director,0
has added loads of external links all pointing to different pages on the same website to the article What is everyones opinion on this   JIP,0
wrote the article in my own words again and drove all copyright content,0
player profile,0
FileCantonViaductRepairs1906jpg  <SPLIT><SPLIT> The user has a question about this file I cant answer it looks like you might know See TalkCantonViaductImageremoval Thanks,0
Hello Jpdalh1 and welcome to Wikipedia Thank you for  <SPLIT><SPLIT> I notice that one of the first articles you edited was Carrington Colleges Group Inc which appears to be dealing with a topic with which you may have a conflict of interest In other words you may find it difficult to write about that topic in a neutral and objective way because you are work for or represent the subject of that article Your recent contributions may have already been reverted for this very reason  <SPLIT><SPLIT> To reduce the chances of deletion you might like to draft your article before submission then ask me or any other editor to proofread it To start creating a draft article just click your user name at the top of the screen when you are logged in and edit that page as you would any other If the page you created has already been deleted from Wikipedia but you want to save the content from it to use for that draft dont hesitate to ask anyone from this list and they will copy it to your user page <SPLIT><SPLIT> The one firm rule we do have in connection with conflicts of interest is that accounts used by more than one person will unfortunately be blocked from editing It is also worth noting that Wikipedia generally does not allow editors to have usernames which specifically link them to one company or corporation If your username does have such a name it would be advisable for you to request a change of username <SPLIT><SPLIT> If you are stuck and looking for help please come to the New contributors help page where experienced Wikipedians can answer any queries you have You can also just type  on your user page and someone will show up shortly to answer your questions Here are a few other good links for newcomers <SPLIT> The five pillars of Wikipedia <SPLIT> How to edit a page <SPLIT> Help pages <SPLIT> Tutorial <SPLIT> How to write a great article <SPLIT> Manual of Style <SPLIT> I hope you enjoy editing here and being a Wikipedian Please sign your name on talk pages using four tildes  this will automatically produce your name and the date If you have any questions check out WikipediaWhere to ask a question or ask me on my talk page Again welcome,0
[[Checkers]]  <SPLIT><SPLIT> According to EBUs own page on ESC 2001 both Bosnia  Hercegovina and Russia gave their 12 points to France but on the scoreboard on this page their 12 points go to Estonia,0
Oh Im fully aware that the religion data comes from the Glenmary Research study  Unfortunately getting it through citydatacom means that I dont have access to the study itself hence getting it secondhand and thus an incomplete view of the data or even context for the data much like the problem Ruhrfisch found with that 77 of workers number in the Economy section without the proper context it doesnt make sense and looks inaccurate  As for messenging reviewers after the failure I messaged both SandyGeorgia and Tony1 and Tony1 replied several days later in one line on the post I left on SandyGeorgias talk page she never replied to my direct question or even to my changes on the FAC but she definitely saw them so it definitely has mixed results  It really isnt the job of the nominator to be chasing people down unless there is a huge break or a clarity problem  If someone replies and offers support or comments there is no reason they shouldnt have the page in their watchlist or at least check back especially the experienced editors that are handling FAC  Just be careful offering advice though I do appreciate your concern and support  You are talking like youve had an article already pass FAC I thought for sure mine would pass especially after it got so many supportsand we all see where that went  There are also things you were willing to compromise on that I probably wont  I took the time to make the actual image file on Photoshop of the Kent seal from a poor copy of the original its not just a file I saved from a website and uploaded to Wikipedia  So Im going to need some concrete policy to show why the seal prevents it from being FA or how its presence in the article violates a policy  The way FAC went it didnt provide anything beyond one editors personal interpretation of a policy,0
Regarding edits made during November 16 2008 UTC <SPLIT> Please do not add nonsense to Wikipedia as you did to the Kickboxing page It is considered vandalism If you would like to experiment use the sandbox Thank you  If this is an IP address and it is shared by multiple users ignore this warning if you did not make the edits to which this warning refers,0
Arbitration accepted <SPLIT> WikipediaRequests for arbitrationDeeceevoice has been accepted Please place evidence at WikipediaRequests for arbitrationDeeceevoiceEvidence Proposals and comments may be placed at WikipediaRequests for arbitrationDeeceevoiceWorkshop,0
[[Yeah]] I thought I pushed the wrong button somewhere,0
Even if you are on the right track youll get run over if you just stand there,0
These are officially used grammar books not peer reviewed articles published in some obscure journal every other daymonthyear Id say following a instantaneous constructionist impulse in me the positivist realist rationalist empiricist etc in me is crying foul that at least in this case these are the books that construct the norms the rules PS I provided the link not just for you yes youve told me you dont speak Greek I know but for any present or future reader of this and for your mates down the corridor  D,0
[[Acknowledging]] thats been annoying me since October Congratulations on inheriting a new superpower by the way,0
Its not too big and I did it so that way you can actually see what my name is,0
That would be appreciated please go ahead,0
DYK 249  <SPLIT><SPLIT>  classmessagebox [[banter]] <SPLIT>  <SPLIT>  <SPLIT> On 24 September 2008 Did you know was updated with  from the article Acting Sheriff which you created or substantially expanded If you know of another interesting fact from a recently created article then please suggest it on the Did you know talk page,0
Anyone who thinks any woman deserves to be raped is a misogynist piece of  and as bad as indeed worse than any Nazi,1
Dick means [[chump]] <SPLIT><SPLIT> How can people still name their kids dick or richard when it is known to everybody that dick means penis I am not from the western world so I am so confused about this Please help,1
Many deletion tags on Marian articles now <SPLIT> By the way given that tags had been mentioned I just noticed that a really large number of Article deletion tags went up on Marian articles all placed by Malke There are too many articles nominated for deletion in a short time period to see which ones there are so I will try to gather a list later,0
Citizens Utility Board <SPLIT><SPLIT> Hello and welcome to Wikipedia We appreciate your contributions to the  Citizens Utility Board article but we cannot accept copyrighted text or images borrowed from other web sites or printed material Perhaps you would like to rewrite the article in your own words For more information take a look at Wikipedias policies and guidelines Happy editing,0
I just finished reading the story a few seconds ago and it doesnt seem to me that he reaches a definite conclusion,0
[[His]] looks great to me Thanks to everyone for the help,0
[[Thyself]] have proved nothing except for your willingness to engage in complete sophistry,0
Swaminarayan was a father of priyesh and has a poo face,1
Max Florence  <SPLIT><SPLIT> I do not know what else I can do  I have included a vast amount of information and I have seen hundreds of people on here with two sentences written about them,0
Please do not add nonsense to Wikipedia as you did  to the TalkMain Page page Such edits are considered vandalism and quickly undone If you would like to experiment please use the sandbox instead Thank you,0
Done Good luck and thanks again for you efforts,0
Struggling  <SPLIT> Nav the Viking Goddess is having struggles all over Wiki this morning D  Some people have an extremely hard time with WPCON when it conflicts with their personal POV They are the worst sort of editors Ill take a simple vandal anytime over a soapboxer POV pusher a crufter an agendaist orungh worst of them all inclusionists Do you wanna know why 90 of Wiki articles suck Its because 90 of its editors do too  thats my mornings worth of philosophical wit shot to Hell in one morning but its goin on my talk page D  Welcome to the 10 club my friend,1
OFICIAL TIRGUMURES [[EMPLACEMENTS]],0
Noit doesnt depend on the version of windows x86 or x64In windows vista just 4 GBin windows 7 up to 256 GB with up to 8 devicesYou can refer to the microsoft website for further readinghttpwindowsmicrosoftcomenUSwindows7productsfeaturesreadyboost,0
Your accusations are virtually groundless They are not the worst band that has ever existed since that is a PERSONAL OPINION that has no place in a damned encyclopedia Secondly theyre not Satanists Satanism implies the belief in and worshipping of either the Christian entity of Satan the views and morales of LaVeyen Satanists or the various hodgepodge cults that refer to themselves as Satanists Anal [[Fucking]] do not fit either of these descriptions and are thus not Satanists They already tried to delete this article once it failed So get down off your pompous throne and accept the fact that the world is not as pretty and wholesome as you think We need offensive culture in order to develope our own opinions Without offensive rebellion we would not have the great works of art nor the cultural monuments we have And while Anal Cunt are certainly no work of art theyre a credible musical group with an impressive discography and we should not chastise them on the basis of their lyrical content I find overtly Christian bands who encourage violence against nonChrisitans offensive but do you see me running around bitching about it NO So shut up and go eat some Prozac or something,0
Good gosh this is one of the longest debates Seems like it is more a female genitalia debate than bothering about anything of value,0
s dfxcsertdgbv wrtdfb wrtsdgcfb wrtsdgcfb rstdcgfb rtgcvb,0
March 6 2009 trim <SPLIT> I will remove some less notable or unsourced events from the list and put them here Feelfree to discuss I have rough criteria in mind but typing them would be too long   The years are missing from the copied elements See original edit or references for year placement <SPLIT><SPLIT>   September 20 1968  Djaya West Java Indonesia An express train headon collided with another local train with several cars derailed at least fifty people are killed and at least 150 people injured   <SPLIT><SPLIT>   September 9 1977  Asyut Egypt At least fourtyone people killed and 153 people injured when a twentyone cars of passenger train with 700 people onboard and crashed  <SPLIT><SPLIT>   May 30 1971  Duivendrecht OuderAmstel Netherland A AmsterdamGenoa International express train and EindhovenAmsterdam local train collision killing seven and injuring thirtyeight  <SPLIT><SPLIT>   February 1 1964  Altamirano suburb of Buenos Aires Argentina A Mar del PlataBuenos Aires of Firefly Express with 1040 passengers onboard Headonheadon collided with freight train and killing at least seventy,0
Iraqchi,0
Ruylong sucks dicks <SPLIT><SPLIT> <SPLIT> Ruylong sucks dicks <SPLIT><SPLIT> <SPLIT> Ruylong sucks dicks <SPLIT><SPLIT> <SPLIT> Ruylong sucks dicks <SPLIT><SPLIT> <SPLIT> Ruylong sucks dicks <SPLIT><SPLIT> <SPLIT> Ruylong sucks dicks <SPLIT><SPLIT> <SPLIT> Ruylong sucks dicks <SPLIT><SPLIT> <SPLIT> Ruylong sucks dicks <SPLIT><SPLIT> <SPLIT> Ruylong sucks dicks <SPLIT><SPLIT> <SPLIT> Ruylong sucks dicks <SPLIT><SPLIT> <SPLIT> Ruylong sucks dicks <SPLIT><SPLIT> <SPLIT> Ruylong sucks dicks <SPLIT><SPLIT> <SPLIT> Ruylong sucks dicks <SPLIT><SPLIT> <SPLIT> Ruylong sucks dicks <SPLIT><SPLIT> <SPLIT> Ruylong sucks dicks <SPLIT><SPLIT> <SPLIT> Ruylong sucks dicks <SPLIT><SPLIT> <SPLIT> Ruylong sucks dicks <SPLIT><SPLIT> <SPLIT> Ruylong sucks dicks <SPLIT><SPLIT> <SPLIT> Ruylong sucks dicks <SPLIT><SPLIT> <SPLIT> Ruylong sucks dicks <SPLIT><SPLIT> <SPLIT> Ruylong sucks dicks <SPLIT><SPLIT> <SPLIT> Ruylong sucks dicks <SPLIT><SPLIT> <SPLIT> Ruylong sucks dicks <SPLIT><SPLIT> <SPLIT> Ruylong sucks dicks <SPLIT><SPLIT> <SPLIT> Ruylong sucks dicks <SPLIT><SPLIT> <SPLIT> Ruylong sucks dicks <SPLIT><SPLIT> <SPLIT> Ruylong sucks dicks <SPLIT><SPLIT> <SPLIT> Ruylong sucks dicks <SPLIT><SPLIT> <SPLIT> Ruylong sucks dicks,1
[[Nor]] yes Seconds is a bloom now thanks to you I have a lot of songs that needs work Should I point  to you I like working on songs too so I could find what I have in U2 by U2 and add it while you search in your lots of U2 related books I will soon have a copy of Bono on Bono Yay,0
INBRED SCUM WITH POINTY NOSES <SPLIT><SPLIT> SOMEONE SHOULD DO THE REST OF THE WORLD A FAVOUR AND BOMB IT <SPLIT><SPLIT> FYI PONTY IS JUST AS EVIL KNOBHEAD,0
Unfortunately your edits do not meet Wikipedias Neutral Point of View guidelines They are not acceptable according to objective academic standards as  told you in your warning one month ago Please cease and desist from adding nonneutral edits which glorify white supremacy Otherwise you will be banned again,0
[[Abandonment]] isnt an option  <SPLIT><SPLIT> Well it is but its usually not the best one I can understand being consumed with emotion when a subject which directly affects you is under discussion but its better to take a deep breath or wpwikibreak and actively take the time to further educate people about your point of view If we quit everytime we become disheartened women would still be owned as property neither women nor minorities would have the right to vote and homosexuality would still be classified as a mental disease Have patience have faith,0
detector or the cats whisker detector  Still I dont recall ever seeing this construction,0
Do you have any evidence or a reference that would support this,0
Schizophrenia is really symptoms of something going on at a smaller level <SPLIT> httpwwwiflsciencecombrainscientistsclosereverdiscoveringcauseschizophrenia <SPLIT> So the schizophrenia being treated is more then likely being covered up and in the long run having too many connections in the brain may lead to faster aging and dementiaalzheimers which is largely ignored in favor of the rotten brain imagery Pharma produces,0
Confusion Instrumental <SPLIT><SPLIT> On my CD it says Confusion Instrumental not Confused Instrumental The CD was released by Qwest Records  Warner Bros Records in the US in 1987,0
COI <SPLIT> Article is supported by adequate references I would believe global media and Greek I have provided citing in order to verify the articles content If another users contribution is required  I would be happy to be assisted by an editor,0
I feel that this is a fairly balanced article  an earlier inflammatory opening sentence was probably added by another editor and I have now removed it,0
There is no evidence of that assertion,0
and he [[accept]] its perverted doctrines to an extreme degree,0
how  <SPLIT><SPLIT> Hi Sorry toi bug you but if you time to answerHow do you get your user name to be in bold and have those little talk and contribs links Thanks,0
[[Ai]] someone going to fix this I checked Google Maps and according to the borders defined in this article the user before me is correct Peterson Park is not located where the PNG map shows it,0
Youre a sissy fag  <SPLIT><SPLIT> your revert of the Shankbone comment post does not help the pursuit of truth in Wikipedia  Youre a sissy fag,1
This editor continues to be disruptive adding rubbish such as the completely made up 3 hour half life claim with this edit summary You edit a lot of items This is not your expertise Please tell me on your talk page why you insist on publishing about this You have many facts wrong,0
[[Correctly]] its the series that is still going since practically the companys creation And every episode up to season 6 pretty much has 1 million hits each at least I mean come on not even to have a single mention Thats all Im saying,0
[[Extraterrestrial]] links moved to talk <SPLIT> As none of these are specific about the women artists in the show Ive moved them here in case they can be used as references    <SPLIT> Smithsonian Archives of American Art Walt Kuhn scrapbook of press clippings documenting the Armory Show vol 2 1913 Armory Show catalogue illustrated from pages 159 through 236 <SPLIT> Catalogue of international exhibition of modern art Association of American Painters and Sculptors Published 1913 by the Association in New York <SPLIT> Partial list of artists in the 1913 Armory Show askart <SPLIT> The Armory Show at 100 from the New York Historical Society <SPLIT> International exhibition of modern art by Shelley Staples at the University of Virginia,0
I ask again please quote where Reich mentions Aryan migration,0
Apparently  went ahead and moved the content after this notice had been up for about a day and a half  I was not anticipating this nor was I aware that this had been done until I discovered it  Since it is the holidays and many people may not have had a chance to speak their piece this notice will remain up until well after the New Year  Support opposition or comments remain welcome,0
I removed this reference PressTV  Israel benefited Rafiq Hariri murder <SPLIT> The article provides no source for its claims I Googled around and couldnt find anything on it from any news websites Why is PressTV even used as a reference on these articles Justify it next time,0
Happy Israeli Independence Day <SPLIT><SPLIT> Flag of IsraelsvgFlag of IsraelsvgFlag of IsraelsvgFlag of IsraelsvgFlag of IsraelsvgFlag of IsraelsvgFlag of IsraelsvgFlag of IsraelsvgFlag of IsraelsvgFlag of IsraelsvgFlag of IsraelsvgFlag of IsraelsvgFlag of IsraelsvgFlag of IsraelsvgFlag of IsraelsvgFlag of IsraelsvgFlag of IsraelsvgFlag of IsraelsvgFlag of IsraelsvgFlag of IsraelsvgFlag of IsraelsvgFlag of Israelsvg <SPLIT><SPLIT> Who cares about Hitlers stupid birthday anyway,1
bitch  <SPLIT><SPLIT> your a bitch,1
HI I LIKE WIKIPEDIA TIS FUN,0
[[Thyself]] dont need my permission  go ahead Im sure you will do a good job I only tagged the article because I thought it was badly referenced not necessarily wrong,0
WikiProjectBannerShell 1,0
In our context expert text means a text dealing with ethnic groups just like this one The title you are citing clearly has other objectives as it wording shows,0
[[Gir]] no trouble 25 items per page it is,0
Backlog Drive  <SPLIT><SPLIT>   [[Adieu]]  Ive been trying to figure out how to participate in the backlog drive and Im stymied  I signed up on the participants page and it looks like I have the Buddy Script but as far as I know I dont Is it hidden  I created the subpage and thats pretty much as far as I got  Can you help  Thank you,0
Are you in station You have not responded to the above article which is awaiting your inputs Also please see this Saleh Mosque for further expansion to make it 5x It is a very impressive mosque in Sanaa Yemen and controversial too,0
Moho Mormon Homosexual,1
if quinidine has anticholenergic atropinelike effects why does it give 13 of patients diarrhea  I thought GI stimulation was parasympathetic,0
There is absolutely no cause to be patronizing and insulting This can happen when a recipient becomes uncomfortable holding hisher position but does not want to admit it How do you know that other users of Wikipedia would not be interested  By deleting the section from Wikipedia without even mentioning it in the location of the redirect you have effectively eliminated any possibility of finding out Are you also going to fix the error in Wiktionary to make sure that this error is not propogated  <SPLIT><SPLIT> I tried your suggested exercise replacing phenome or phenomics with phenotypes and got the following nonsequiturs <SPLIT><SPLIT> The biological coherence of human phenotypes databases <SPLIT><SPLIT> Entityqualitybased logical definitions for the human skeletal phenotypes using PATO <SPLIT><SPLIT> Systematic phenotypes analysis of Escherichia coli multipleknockout mutants reveals hidden reactions in central carbon metabolism <SPLIT><SPLIT> From the genome to the phenotypes and back <SPLIT><SPLIT> An integrative network approach to map the transcriptome to the phenotypes <SPLIT><SPLIT> Phenotypes analysis in plant species using lossoffunction and gainoffunction mutants <SPLIT><SPLIT> What new cell biology findings could bring to therapeutics is it time for a phenotypesproject in Toxoplasma gondii <SPLIT><SPLIT> Colloquium papers Numbering the hairs on our heads the shared challenge and promise of phenotypes <SPLIT><SPLIT> While a few of them might be manipulated further to work they all take away from the actual meaning that the author intended   <SPLIT><SPLIT> I see that phenomics is also now redirected to phenotype  This is an even bigger stretch I think  According to Wikipedia Synonyms are different words with identical or very similar meanings   The meanings intended by authors who use the terms phenome or phenomics are most often not the same as phenotype or phenotypes <SPLIT><SPLIT> I am at a complete loss to understand the logic of your position on this matter,0
Error  <SPLIT><SPLIT> The article section about the tragedy in 1980 states Among the 13 Arrow officers killed were two of the founders Roger Green President and Roger Green Executive VP Im quite sure that there was only one person named Roger Green there so if someone could correct this please,0
I still think those four pictures beautifully illustrate Manhattan but maybe they are too big Keep in mind that New York is a huge city that doesnt just have one little skyline and also looks very different between day and night so I dont think one panoramic daytime picture would be as visually informative Maybe we can compromise and shrink the images by about half so they are in a twobytwo arrangement Or we could opt out of a gallery of panoramic pictures and simply include normal skyline photos next to the text Either of the two is fine by me,0
Animal Abuse  <SPLIT><SPLIT>    Have you seen the commercials on animal abuse Im sure you think its not as bad as they make it out to be but its pretty bad Animals each year are brutally beaten and maybe even murdered What have they done to make these pathetic excuses of people angry Did they poop in the floor Get into to the garbage Animal Abusers arent just your neighbors theyre they very doctors you see The cosmotologist they test their lipstick on Gorillias Wrong These are innocent animals being tested for our safety Pain killers may relieve our headaches but they kill thousands of rabbitts a year Damn people cant leave peaceful creatures alone Have you noticed some of us dont want to be doctors but they make us disect frogs Maybe they want to give us a sample on how our organs are placed If I wanted to know Id go get a fucking xray <SPLIT>    Comment read learn Daily and weekly post Thanks <SPLIT> <SPLIT><SPLIT>  <SPLIT>     ravenn <SPLIT><SPLIT>  <SPLIT> img  filter AlphaOpacity100  FinishOpacity0  Style2  StartX20  StartY40  FinishX0  FinishY0 alink img  filter AlphaOpacity100  FinishOpacity0  Style2  StartX20  StartY40  FinishX0  FinishY0 ahover img  filter AlphaOpacity100  FinishOpacity0  Style2  StartX20  StartY40  FinishX0  FinishY0  <SPLIT><SPLIT> DIV  <SPLIT>  VISIBILITY visible <SPLIT>  <SPLIT> DIV  	 LE  <SPLIT>  VISIBILITY visible <SPLIT>  <SPLIT> DIV  	 LE TD  <SPLIT>  VISIBILITY hidden <SPLIT>  <SPLIT> DIV  	 LE  	 LE TD  <SPLIT>  VISIBILITY visible  <SPLIT>  <SPLIT> DIV  	 LE  	 LE  <SPLIT>  VISIBILITY visible <SPLIT>  <SPLIT> DIV  	 LE  	 LE DIV  <SPLIT>  VISIBILITY visible <SPLIT>  <SPLIT>  	 LE TD DIV DIV  <SPLIT>  VISIBILITY visible <SPLIT>  <SPLIT> DIV  	 LE  <SPLIT>  VISIBILITY visible <SPLIT>  <SPLIT><SPLIT>  <SPLIT><SPLIT> tdtext tdtext table table table tdtext tdtext table br tdtext tdtext table orangetext15 tdtext tdtext redlink tdtext tdtext spanbtext displaynone <SPLIT> tdtext tdtext table backgroundcolortransparent  <SPLIT> tdtext tdtext table td tdtext tdtext table height0padding0border0  <SPLIT> tdtext tdtext table table td padding3  <SPLIT> tdtext tdtext table table br displayinline <SPLIT><SPLIT>  <SPLIT><SPLIT> a text  <SPLIT>   <SPLIT>     fontweight bold <SPLIT>     fontfamily Arial Helvetica sansserif <SPLIT>   <SPLIT><SPLIT>  <SPLIT><SPLIT>  	 body html visibilityvisible important displayblock important <SPLIT><SPLIT>  <SPLIT><SPLIT> div table td  visibility visible  div table  visibility visible  <SPLIT><SPLIT> animal layout powered by HOTFreeLayoutscom  MyHotComments,0
who is talking in the excertto whom is he talking,0
[[congratulation]] my name is max goof i watched house of mouse cause i am max goofys son max goof,0
2010 UTC <SPLIT> The Myanmar election will do nothing to rename the country back to Burma I dont see the relevance of such an election to the naming in Wikipedia The Google test is conclusive as the English language queries are 21 in favor of Myanmar Any Englishspeaking country is more likely to use Myanmar as it is to use Burma The fact that searches within the country are overwhelmingly in favor of Myanmar should be a point in favor of using the official name and not against Why would the revival of the naming debate be immediately challenged It is clear that the naming debate is still quite active The point I am trying to make and the question I am asking is when can another VOTE be made which would correct the current misnaming of a country   0733 5 May,0
now after my edit mentioned in my initial reply above,0
Id be [[festive]] with Skinsmokes suggestion If the parish contains a handful of villages though I think they could be listed in a column,0
Youre wrong A newspaper reporting the late Brendan Hughes accusing Gerry Adams of involvement is thereby opening itself to a libel case on the grounds that its report contains a meaning that Gerry Adams was involved Certainly under English law and I believe under Irish law as well Otherwise the Reynolds defence would be meaningless Heres a Northern Ireland libel case which shows how a newspaper report of an allegation was found to be libellous,0
I removed the category because it is the sort of nonsense in my view that can only bring Wikipedia into disrepute we assert that there are paranormal places Really and because I have seen no reputable academically respectable sources which claim that the abbey a paranormal place As for gardeners tools yes I have a good fewperhaps we share a common interest There a a number whose proper use is unknown to me But I can assure you that I keep all of them well away from my computers Best wishes and happy editing,0
jimmy malone is scottish hes a fictional character and david mamet say he was from scotland in his script notes and RepublicanJacobite is clearly a troll and racist so people are scots irish,0
[[me]] never claimed you breached 3RR,0
[[me]] would like them to be 6 months old before they archive,0
Youre probably right I have to say that the whole sentence even before the edit is utter nonsense,0
I will cut off your testicles and force you to eat them  <SPLIT><SPLIT> I bet youll like it you sick bastard <SPLIT><SPLIT>  I will cut off your testicles and force you to eat them  <SPLIT><SPLIT> I bet youll like it you sick bastard,1
Please do not vandalize pages as you did with this edit to Persecution of Christians in the Roman Empire If you continue to do so you will be blocked from editing,0
Where and how can this be done on their site I searched for half an hour and came up empty,0
Please do not vandalize pages as you did with this edit to Splitbrain If you continue to do so you will be blocked from editing,0
no [[aka]] please  <SPLIT><SPLIT> per convention kings and queens do not have a surname Being a Mrs von SchleswigHolsteinSonderburgGlucksburg is subsumed totally under of being HRH crown princess of Denmark,0
I have never attempted to attribute motives to you nor read your thoughts I can read what you write and confidently state that the editorial standards you claim to be working to are very different to how you actually edit The positions I suggest you withdraw are indeed perfectly reasonable but you are simply not living up to them In fact your editing is biased and you will record conjecture and faulty theories and obliterate historical facts if they dont fit in with your point of view I note your comments about civility but after having read the whole of WikipediaCivility I cannot see which protocol I am supposed to have transgessed nor how can you be more specific On the contrary it is you that is deleting almost all of my contributions with cursory explanations What do you mean by red herrings in the Warren Commission evidence How can referring to a DAs investigation be pushing a POV  Why am I supposed to discuss contributions beforehand but no one else is  Ive  previously asked  Are you suggesting that in order to maintain a neutral point of view we have to suppress evidence supporting Garrisons Point of View  but never got an answer,0
Moodys is a shit  <SPLIT><SPLIT> Moodys is a stupid ranking shit that just do shit,1
on a contemporary human polymorphism,0
and go and bring one socalled original ref and send it to Gates for his professional whitened opinion How the [[fucking]] is gates that man is hated across the African academic world he is an authority on making Africa look like a joke him an Appiah,0
Mwahahaha  The fools  Our dastardly plan worked  Now you can make my army of socks admins and together we can take over the oh wait  It isnt closed yet  Nevermind congrats a few minutes early,1
How to deflect attention from yourself 101  Report your own sockpuppet  Well let a Checkuser sort this one out,0
lol you are stil doing it  <SPLIT><SPLIT>  <SPLIT> deny me have them delete it becuase that will make me stop again i could care less im still going to mes your page up so keep deleting idc buddy does not do anayrhing execpt waste other peoles time <SPLIT><SPLIT> deny deny lol im not looking for anything to brag about im not showing it to anyone your only deleting it for yourself to give u peace of mind to think ur denying me buti its not doing anything delete away,0
WikiProject Law Enforcementclassstart <SPLIT><SPLIT>  <SPLIT> [[Age]] AfD multi,0
List of Coalition aircraft losses in Iraq  <SPLIT> Hi I reverted your edits in the article about List of Coalition aircraft losses in Iraq The reason is that I think the The Harring Report was written in July 2007 and reports the Official Casualty Lists The links you gave and I used in the past too are from newspapers usually in the day of the incident I find it quite normal some people who reported injured at the day of the [[accidents]] that finally died from their injuries in the hospital within the next hoursdays <SPLIT><SPLIT> Please if you have any reasons to believe that the Harring report is not accurate or that your sources are more reliable reply to me before editing again Friendly,0
I agree I suggest that Homestarmy do what I did examine the other side before you rush to judgement Judge not lest ye be judged and all that The section does not question my Christian faith because I know that its a summary of Judiac beliefs If homestarmy wished to evangelize he can take it up with the operators of the website I mentioned above,0
I doubt a nonJewish antisemite can be worse than him,0
[[Yeah]] youve never watched Star Wars YOU dont even know what Imperial March means,0
That is one very general link which does not preclude the fact that the U of C also refers to their faculty members as professors which they in fact do Other links have been provided which demonstrate that fact including Obama specifically did you read those Please drop thisyou have convinced literally no one,0
Avian Dinosaurs  <SPLIT> WTF Why does avian dinosaur redirect here  If I wanted to learn about birds I would have saved myself some keystrokes and typed bird instead of avian dinosaur,0
[[Gi]] thinking the same as Thryduulf,0
Telesma <SPLIT> [[Adore]] Joe <SPLIT> An article I created was nominated for deletion just over a week ago The votes have been overwhelmingly to Keep even the editor nominating it changed his mind I was wondering if you could close the nomination You will find it at  Thank you very much,0
EssjayTest  <SPLIT><SPLIT> Ah well these terrible trigger happy admins will block anything which moves,0
Again Hersfold I was fed wrong information  [[Admire]] at what trouble Abudctive is doing to get others in trouble,0
We received the email on OTRS I responded to  ticket2013012810012346 but it looks like you guys have already discussed this and come to a consensus here so the email doesnt really matter anymore That is great,0
DYK for [[Amaretto]] Creek Archeological District <SPLIT>   The DYK project nominate  <SPLIT><SPLIT>  Sanddunes Sunrise  <SPLIT><SPLIT>  <SPLIT> <SPLIT>    <SPLIT>     <SPLIT>    <SPLIT>    <SPLIT>     <SPLIT> ps Every day we lose what the wrongly blocked would have given that day And a little bit of our souls <SPLIT>     <SPLIT>    <SPLIT> <SPLIT><SPLIT> nb  <SPLIT>     <SPLIT>      <SPLIT>     <SPLIT>     <SPLIT>    <SPLIT>       <SPLIT>    <SPLIT>  But I think you need to start laying the ground work now   <SPLIT>  Really enjoyed working with you hope to continue sometime in the near future      <SPLIT>     <SPLIT>    <SPLIT><SPLIT> Thats exceptionally nice Thank you very much everyone    <SPLIT>  Youre most welcome    <SPLIT>  Im glad you like,0
Still in the process with many of these edits but thanks for the input  I look forward to working with you on whatever parts you find problematic,0
LOL uncle Dick needs no harassment because hes  got a name that reminds of the male reproductive organ,1
Fair use rationale for ImageGinBlossomsNewMiserableExperiencejpg <SPLIT> Thanks for uploading or contributing to ImageGinBlossomsNewMiserableExperiencejpg I notice the image page specifies that the image is being used under fair use but there is not a suitable explanation or rationale as to why each specific use in Wikipedia constitutes fair use Please go to the image description page and edit it to include a fair use rationale <SPLIT><SPLIT> If you have uploaded other fair use media consider [[ascertain]] that you have specified the fair use rationale on those pages too You can find a list of image pages you have edited by clicking on the  link it is located at the very top of any Wikipedia page when you are logged in and then selecting Image from the dropdown box Note that any nonfree media lacking such an explanation will be deleted one week after they have been uploaded as described on criteria for speedy deletion If you have any questions please ask them at the Media copyright questions page Thank you,0
it is extinct you moron,1
Loopy Simply loopy As for you being unable to be ordered well see about that,0
These statements are opinions NOT facts <SPLIT><SPLIT> this is a fact u should keep in mind tamil is as old as a sanskrit,0
[[Macha]] Joe T Delizo <SPLIT><SPLIT> mabait sya,0
Caught planting false meatpuppets in a desperate bid to not look stupider  <SPLIT><SPLIT> Keep because recognizable web site   <SPLIT> Comment  RockMFR  This comment wouldnt be from you would it This IP Address is from Ohio State University OIT Enterprise Networking 320 West 8th Avenue Columbus Ohio 43201 where you are attending Ohio State How petty of you to stoop to adding false meatpuppets Busted,0
You must be insane Im against the infobox So where is the consensus You think your opinion  consensus Go shitting elsewhere,1
I see no issue with excluding them They are all used exactly once so their absence is not detrimental to anything My edit summary however referred to the fact that naming a jutsu is of little use if an effect or a link to the effect does not accompany it,0
[[Neither]] a warm welcome from me too,0
I dont [[acknowledge]] this at all Laodah You put invisible markup in text thinking that this will prevent someone from changing it Guess what Bbb just did No there is no policy I think that says you cant do exactly what you were doing but we do have policies against disruption We also have a guideline on editors with a conflict of interestyour use of the first person plural suggests that you do,0
who iz tha author ov diz acticle  <SPLIT><SPLIT> i juzz wont 2 kno who it iz ppl,0
[[Gi]] leaning on the picture of him in 1988 Its not full body But regardless we NEED a picture of Jackson up there So Im fine either way Since his death he needs a place in this article As we all know he broke racial barriers on MTV He is the only black musician to be placed among legends like The Beatles Frank Sinatra and Elvis Presley Whoever is authorized or is experienced enough to change this please do  <SPLIT> PS  Im searching the ends of the universe for a free photo of michael As you could see watching the This Is It press conference there were LOTS of digital cameras there SOMEBODY out there owns a picture that could be released into the public domain,0
z  httpwwwwebcitationorg5tJuxCjEp 0600,0
They [[buffaloed]] by using 10 year olds,0
Just read your email My crustiness over the content is one thing but I do try to remain civil and reasonable You have gone too far the other way and yes I do take that personally You can take my post above as further comment on that  Cheers,0
[[Either]] even with its small size the Britannica article manages to be more objective and less devotional than the Wikipedia article in its current nonneutral revision,0
What would an unstandardised IQ test even look like IQ is a standardisation of a raw score on a test  do you mean that Langan might be conflating a raw score with an IQ score,0
NPOV  <SPLIT><SPLIT> Can we remove the box at the top of the page stating that theres a NPOV issue While the dispute is ongoing and I favour an option pictures of the two main candidates only other than the current one the article as it stands does not have a neutrality issue there is no inherent bias one way or other in what is presented to the ordinary reader in having no pictures I think it is more informative to include pictures but not biased not to With a page as frequently viewed as often as I imagine this is we should avoid questioning its veracity if we can    <SPLIT><SPLIT> Yes Remove it It is a nonsense to label the whole article as an NPOV issue,0
Good source about Bretons in England,0
Moreover that restriction wont automatically lift in a [[mio]],0
Can we [[amplification]] to nonsteels  <SPLIT><SPLIT> Eg Lead HB 5 Aluminium HB 15 Gold HB 25 Copper HB 35,0
No I didnt consider that Any editor who tells another to [[fucking]] off not once but twice deserves to be blocked This has nothing to do with their contributions but everything to do with how they handled the situation This behavior could never be justified Now Im going to go back to Iris wonderful still frame from the allfeline version of Deliverance,0
Request reinstallment of My God help me to survive this deadly love and all associated images <SPLIT> The article looked well referenced Id like the chance to fix any problems I was unaware of the fact they even had a copyright problems page and that the default was to delete if no one said anything,0
UTC <SPLIT><SPLIT> Really it was an easy fix The [[initial]] author clearly conflated the asteroid base with a misremembered occupation of Masada In fact no such invasion took place  Grayson had no desire to occupy Masada and just wanted the Naval superiority to be left alone with their task of making their own homeworld livable <SPLIT><SPLIT> I snipped the Masada occupation piece after checking that the important section on the POW atrocities inflicted by the Masadans at Blackbird base were included in the correct place of the plot synopsis They were   0724 19 July 2011,0
Gongrats <SPLIT> [[Aloha]] Giano II congratulations on being unblocked I had asked weeks ago as to who you were  what all the fuss was about,0
Im not sure I would say ludicrously long but the article does currently seem to have a natural break with about half of it describing the constitutional office of Queen and half describing debate on this office,0
mothafucker KFC is Tha best NIGGA,1
Please do not continue to violate Wikipedias neutral point of view policy as you did with this edit to SpanishAmerican War If you continue to do so you will be blocked from editing,0
LOL I really didnt realize all the subtext with these naming conventions I cant believe how I missed Flow for now what seems like an apparent euphemism The nomenclatures do seem to be getting worse We should totally have a page about this on Meta,0
Youre completely missing the point Again I do not care if his religion is mentioned in the article and notability does not apply to this content Its about whether its encylopedic And religion is most certainly typical content when adding biographical content And for the record I was among the editors to say that Ive seen no reliable sourcing of his religion anyway which is why I said its a moot point at this time The other issue is consistency Editors are saying his religion is not relevant yet cannot explain why other similarly irrelevant content remains in the article Understand that a thread thats been open for a few hours is like a newborn baby Involved editors trying to hide it or close it is very bad form and totally inappropriate Whats the problem with allowing other editors some time to weigh in on the discussion But the bottom line is that if its going to be closed it must be by someone who has not commented in the thread,0
[[Artwork]]  <SPLIT><SPLIT>  of Pates as a bishop Two deacons hold the Book of the Gospels above his head during the prayer of consecration <SPLIT> Not quite sure why but there is an error when I try to add this image to the article body Anyway here it is,0
They [[assassinate]] millions of civilians in the west as well as the east  Boodles you are you worst enemy You admit you dont have any idea about WWII in Europe,0
I have to take you to task for that Dont you know that this talk page is only for the use of paid editors who are working for one POV or another,0
1 No page numbers makes the source useless and the formatting is poor here as I have [[actually]] indicated so I will replace it in the morning with something more appropriate <SPLIT> 2 Sortability is useful and although some people dont like it others do If you do not like it you do not have to use it and it does not affect how you use the table if it is there Some featured discogs have it some dont so there is no hard and fast rule on its use As the community consensus on this page through the FLC was to keep it it can stay until a consensus overturns it <SPLIT> 3 Your edit warring to remove the slash in the break was one of the most pointless things Ive seen both forms are valid so there was no need for you to remove it but our software converts all varieties of versions of the break tag to  in any case As there is no difference in how it appears on the page there is no basis to removing what the software needs to put back there anyway,0
Treasure Hunt Arc Kekkei Genkai  <SPLIT> The ability of copying faces that is labeled as a Kekkei Genkai in the Treasure Hunt Arc should be added to the list although it is not considered Canon,0
[[Call]] assume good faith,0
FUCK THE GO0VERMENT BE ANARCHISTFUCK THE GO0VERMENT BE ANARCHISTFUCK THE GO0VERMENT BE ANARCHISTFUCK THE GO0VERMENT BE ANARCHISTFUCK THE GO0VERMENT BE ANARCHISTFUCK THE GO0VERMENT BE ANARCH  <SPLIT><SPLIT> FUCK THE GO0VERMENT BE ANARCHISTFUCK THE GO0VERMENT BE ANARCHISTFUCK THE GO0VERMENT BE ANARCHISTFUCK THE GO0VERMENT BE ANARCHISTFUCK THE GO0VERMENT BE ANARCHISTFUCK THE GO0VERMENT BE ANARCHISTFUCK THE GO0VERMENT BE ANARCHISTFUCK THE GO0VERMENT BE ANARCHISTFUCK THE GO0VERMENT BE ANARCHISTFUCK THE GO0VERMENT BE ANARCHISTFUCK THE GO0VERMENT BE ANARCHISTFUCK THE GO0VERMENT BE ANARCHISTFUCK THE GO0VERMENT BE ANARCHISTFUCK THE GO0VERMENT BE ANARCHISTFUCK THE GO0VERMENT BE ANARCHISTFUCK THE GO0VERMENT BE ANARCHISTFUCK THE GO0VERMENT BE ANARCHISTFUCK THE GO0VERMENT BE ANARCHISTFUCK THE GO0VERMENT BE ANARCHISTFUCK THE GO0VERMENT BE ANARCHISTFUCK THE GO0VERMENT BE ANARCHISTFUCK THE GO0VERMENT BE ANARCHISTFUCK THE GO0VERMENT BE ANARCHISTFUCK THE GO0VERMENT BE ANARCHISTFUCK THE GO0VERMENT BE ANARCHISTFUCK THE GO0VERMENT BE ANARCHISTFUCK THE GO0VERMENT BE ANARCHISTFUCK THE GO0VERMENT BE ANARCHISTFUCK THE GO0VERMENT BE ANARCHISTFUCK THE GO0VERMENT BE ANARCHISTFUCK THE GO0VERMENT BE ANARCHISTFUCK THE GO0VERMENT BE ANARCHISTFUCK THE GO0VERMENT BE ANARCHISTFUCK THE GO0VERMENT BE ANARCHISTFUCK THE GO0VERMENT BE ANARCHISTFUCK THE GO0VERMENT BE ANARCHISTFUCK THE GO0VERMENT BE ANARCHISTFUCK THE GO0VERMENT BE ANARCHISTFUCK THE GO0VERMENT BE ANARCHISTFUCK THE GO0VERMENT BE ANARCHISTFUCK THE GO0VERMENT BE ANARCHISTFUCK THE GO0VERMENT BE ANARCHISTFUCK THE GO0VERMENT BE ANARCHISTFUCK THE GO0VERMENT BE ANARCHISTFUCK THE GO0VERMENT BE ANARCHISTFUCK THE GO0VERMENT BE ANARCHISTFUCK THE GO0VERMENT BE ANARCHISTFUCK THE GO0VERMENT BE ANARCHISTFUCK THE GO0VERMENT BE ANARCHISTFUCK THE GO0VERMENT BE ANARCHISTFUCK THE GO0VERMENT BE ANARCHISTFUCK THE GO0VERMENT BE ANARCHISTFUCK THE GO0VERMENT BE ANARCHISTFUCK THE GO0VERMENT BE ANARCHISTFUCK THE GO0VERMENT BE ANARCHISTFUCK THE GO0VERMENT BE ANARCHISTFUCK THE GO0VERMENT BE ANARCHISTFUCK THE GO0VERMENT BE ANARCHISTFUCK THE GO0VERMENT BE ANARCHISTFUCK THE GO0VERMENT BE ANARCHISTFUCK THE GO0VERMENT BE ANARCHISTFUCK THE GO0VERMENT BE ANARCHISTFUCK THE GO0VERMENT BE ANARCHISTFUCK THE GO0VERMENT BE ANARCHISTFUCK THE GO0VERMENT BE ANARCHISTFUCK THE GO0VERMENT BE ANARCHISTFUCK THE GO0VERMENT BE ANARCHISTFUCK THE GO0VERMENT BE ANARCHISTFUCK THE GO0VERMENT BE ANARCHISTFUCK THE GO0VERMENT BE ANARCHISTFUCK THE GO0VERMENT BE ANARCHISTFUCK THE GO0VERMENT BE ANARCHISTFUCK THE GO0VERMENT BE ANARCHISTFUCK THE GO0VERMENT BE ANARCHISTFUCK THE GO0VERMENT BE ANARCHISTFUCK THE GO0VERMENT BE ANARCHISTFUCK THE GO0VERMENT BE ANARCHISTFUCK THE GO0VERMENT BE ANARCHISTFUCK THE GO0VERMENT BE ANARCHISTFUCK THE GO0VERMENT BE ANARCHISTFUCK THE GO0VERMENT BE ANARCHISTFUCK THE GO0VERMENT BE ANARCHISTFUCK THE GO0VERMENT BE ANARCHISTFUCK THE GO0VERMENT BE ANARCHISTFUCK THE GO0VERMENT BE ANARCHISTFUCK THE GO0VERMENT BE ANARCHISTFUCK THE GO0VERMENT BE ANARCHISTFUCK THE GO0VERMENT BE ANARCHISTFUCK THE GO0VERMENT BE ANARCHISTFUCK THE GO0VERMENT BE ANARCHISTFUCK THE GO0VERMENT BE ANARCHISTFUCK THE GO0VERMENT BE ANARCHISTFUCK THE GO0VERMENT BE ANARCHISTFUCK THE GO0VERMENT BE ANARCHISTFUCK THE GO0VERMENT BE ANARCHISTFUCK THE GO0VERMENT BE ANARCHISTFUCK THE GO0VERMENT BE ANARCHISTFUCK THE GO0VERMENT BE ANARCHISTFUCK THE GO0VERMENT BE ANARCHISTFUCK THE GO0VERMENT BE ANARCHISTFUCK THE GO0VERMENT BE ANARCHISTFUCK THE GO0VERMENT BE ANARCHISTFUCK THE GO0VERMENT BE ANARCHISTFUCK THE GO0VERMENT BE ANARCHISTFUCK THE GO0VERMENT BE ANARCHISTFUCK THE GO0VERMENT BE ANARCHISTFUCK THE GO0VERMENT BE ANARCHISTFUCK THE GO0VERMENT BE ANARCHISTFUCK THE GO0VERMENT BE ANARCHISTFUCK THE GO0VERMENT BE ANARCHISTFUCK THE GO0VERMENT BE ANARCHISTFUCK THE GO0VERMENT BE ANARCHISTFUCK THE GO0VERMENT BE ANARCHISTFUCK THE GO0VERMENT BE ANARCHISTFUCK THE GO0VERMENT BE ANARCHISTFUCK THE GO0VERMENT BE ANARCHISTFUCK THE GO0VERMENT BE ANARCHISTFUCK THE GO0VERMENT BE ANARCHISTFUCK THE GO0VERMENT BE ANARCHISTFUCK THE GO0VERMENT BE ANARCHISTFUCK THE GO0VERMENT BE ANARCHISTFUCK THE GO0VERMENT BE ANARCHISTFUCK THE GO0VERMENT BE ANARCHISTFUCK THE GO0VERMENT BE ANARCHISTFUCK THE GO0VERMENT BE ANARCHISTFUCK THE GO0VERMENT BE ANARCHISTFUCK THE GO0VERMENT BE ANARCHISTFUCK THE GO0VERMENT BE ANARCHISTFUCK THE GO0VERMENT BE ANARCHISTFUCK THE GO0VERMENT BE ANARCHISTFUCK THE GO0VERMENT BE ANARCHISTFUCK THE GO0VERMENT BE ANARCHISTFUCK THE GO0VERMENT BE ANARCHISTFUCK THE GO0VERMENT BE ANARCHISTFUCK THE GO0VERMENT BE ANARCHISTFUCK THE GO0VERMENT BE ANARCHISTFUCK THE GO0VERMENT BE ANARCHISTFUCK THE GO0VERMENT BE ANARCHISTFUCK THE GO0VERMENT BE ANARCHISTFUCK THE GO0VERMENT BE ANARCHISTFUCK T,1
Saying hes Irish American is [[idiotic]] everyone knows hes an AustralianAmerican,0
i believe her page is pretty informative with everything being well sourced and neutral point of view i tried my best in staying neutral as i have been editing her page a lot This editor seems to want to take out all the  negative news relating to the singer Thanks drk,0
OK TYVM Gross tho   Always happy to see you here Namaste,0
Dont think its possible to add tracking category based on criteria you need page created after Xtemplate added after X Will try to get you such list,0
and [[dramatically]] hails a penis with legs who seemingly lets his barbaric instinct drive him,1
This message is [[adhering]] the page Project Apollo Please stop removing content from Wikipedia It is considered vandalism If you want to experiment please use the sandbox Thank you,0
[[That]] was Jerry himself  He hates any of his stuff being available on the Net and always asks sites or blogs to remove it,0
Drakes mother is not a white Jew she is a Jew a Semitic Ashkenazi not a white convert to Judaism  Please fix this I can back up my statement with Encyclopedic references as well as DNA tests e1b1b1 m35 and J1,0
TO all My Pakistani Brothers you can not judge all nation just by a leaders statement every body knoes that leaders and politicians dont care about any thing they just care about their own benefits and everybody has a right to do what ever he wants to you dont have to care about what other politicians say they are all bastards and dont care about one unit and our nation,1
[[This]] is a fringe journal written by the trade Med Acupunct 2013 Jun253164172 is not an independent source on the subject matter See WPFRINGE Cheers,0
Note also that Nikola Toljas selfpublished book doesnt necessarily qualify as a reliable source I previously saw it referenced in a Slobodna Dalmacija article and then referenced that article The reliability of the book itself remains moot so its best not to appear to promote it,0
A page you started Disaster Recovery Institute International has been reviewed  <SPLIT><SPLIT> Thanks for creating Disaster Recovery Institute International Veggies 2  <SPLIT><SPLIT> Wikipedia editor  just reviewed your page and wrote this note for you <SPLIT><SPLIT> It is properly written well referenced and contains links to other Wiki articles <SPLIT><SPLIT> To reply leave a comment on Judae1s   <SPLIT><SPLIT> Learn more about page curation,0
Pussy Deluxe  <SPLIT><SPLIT> The current image for trousers has a sign that says Pussy Deluxe on the mirror Im not sure what the intended context is but this seems to imply that the pants are sold as wrappers for a womans sexual organs Im not sure that message is appropriate,0
[[Didnt]] people please sign their comments  Actual Genghis Khan did wage at least one war of genocide against the Tanguts The Secret History says of this The Conqueror of the world had for his funeral rites the massacre of an entire people See for example Grousset Rene Conqueror of the World translated from French by M McKellar and D Sinor Orion Press New York 1966 and R J Rummels site  6 July 2005 0321 UTC,0
Duty of this discussion  <SPLIT><SPLIT> Having initiated a discussion on this subject it is now incumbent upon the readers to document truthfully and honestly the full facts of the case It is also important not to make statements that are not properly researched such as the above claim that Fr Maciel was suspended in 1956 amid claims of sexual misconduct with boys History clearly demonstrates that is not the case  <SPLIT><SPLIT> I would add a number of observations that I have seen in recent months Mr Jose De Jesus Barba Martin one of the accusers despite being instructed not to discuss the case with the media while the current investigation was underway spoke on Mexican television where he denied any contact with 4 witnesses who had previously testified that they had been approached and asked to make false allegations of abuse against fr Maciel This statement is demonstrably false because in 1997 when this story was first published the accusers state that they had indeed spoken with these men but that they denied any abuse and made no further contact with them The men Juan Manuel Correa Jorge Limon Valente Velazgues and Armando Arias all state that they were repeatedly approached and asked to make false allegations This supported the claim by Miguel Diaz who retracted his statement and admitted that he was repeatedly urged to make false allegations  <SPLIT><SPLIT> Barbas statement on television is a clear and irrefutable lie,0
Fair enough  Was just a thought in reaction to another editor wanting to link to 25 different sections of the same article in a navbox,0
The article contains two different dates and is internally contradictory Please just pick one for the time being and lets not have ourselves look like complete idiots,1
with reservations  <SPLIT><SPLIT> The very least this table needs is an explanation of what with reservations actually means If it means what I think it means the UK entry is wrong anyway as the UK and the crown dependencies all operate a derogation from Article 5,0
Awesome Thank you so much,0
Here is another link  [[me]] think you guys are talking about the same incident I was surprised that this is not mentioned in many places covering the topic What I see is someone poking some object into someones ass through his trousers and I see blood around the hole in the trousers I understand though that due to the low quality of the images not everybody agrees on what is actually seen Nevertheless in my view the footage necessitates this article to at least mention that some footage seem or something like this to show that gadaffi was subjected to some kind of torture by his capturers,0
This article completely misses the point so I am rewriting it,0
[[ch]] R Freud  <SPLIT><SPLIT> I think the C R Freud named in the table of winning contestants is Clement Freud the raconteur critic and former Liberal MP His Wikipedia entry doesnt refer to participation in the air race however Can anyone confirm,0
[[ancestry]] arranged by David Carroll,0
Y6R888888888888888888888888888888888888888888888888888888888888888888888888888888888888888888888888888888888888888888888888888888888888888888888888888888888888999999999999999999999999999999999999999999988888888887777777777777777777777777777777777777777777777777777777777777777777777777777777777777777777777777777777777777777777777777777777777777777777777777777777777777777777777777777777777777777777777777777777777777HHYFHGHFHFDHGFHGUFHGHUFHGUFHGUHUGHUFHGUFHUGU                     [[BOOGERS]] IUNJC,0
My advice to you would be to take your criticisms to an admin in which case show them what you wrote show them whats been written here and let them decide But please refrain from editing the article yourself as it appears you and your friends clearly have an axe to grind,0
Not sourced at all eh  also <SPLIT><SPLIT>  <SPLIT><SPLIT> How do you deal with receiving death threats <SPLIT><SPLIT> I never let it weigh me down I have a job to do Overwhelmingly the people of Ireland support the peace process There are unionists who have tried to bring it down there are people associated with small unrepresentative armed groups on the republican side who are also trying to destroy it Im going to do everything in my power to ensure that they dont succeed <SPLIT><SPLIT> As for twisted I reported the facts that McGuiness is now targeted by the IRA reality,0
They clutter the article perhaps the reference to them should be deleted too Ill look into it As for the order of the flags I would have thought it obvious  <SPLIT> Firstly the Irish State has been robbed of the use of its official name IRELAND by certain Wiki editors then there are repeated attempts to have the Union Jack appear as the toplargestfirst flag to appear in the article titled IRELAND <SPLIT> Enough is enough as they say he last time I edited the flags I had SonyYouth remove my edits and refer to them as vandalism Though they were factually correct So spam is mild,0
Who named it [[Borscht]]  <SPLIT><SPLIT> The worm appears to call itself or its author killerguate Why then is it called gruel Why not killerguate,0
Wikipedia talkArticles for creationAscents of James  <SPLIT><SPLIT> With respect those sources are fine  I checked them myself Would you please go ahead and do whatever is needed to create this article  Ive unsalted it Thanks,0
I started a discussion at Wikipedia talkWikiProject FilmsStyle guidelinesHow many actors in Cast section  Is that what youre talking about  Im with you on keeping fake stars out of the infobox but it would be good to have some decent guidelines,0
27 September 2006  <SPLIT><SPLIT> The edit you made to August 18 this revision constitutes vandalism and has been reverted If you are interested in making useful contributions see the welcome page and the introduction to editing However please do not continue to vandalise pages such edits will be reverted and you will be blocked from further editing,0
Added my comment,0
A [[crest]] inertial circles  <SPLIT><SPLIT>  I dont know if this helps but I drew a picture of various inertial circles The program to draw it in IDL is at httpwwwantarcticaacukmetwmccorpro Disclaimer done is a hurry uses crude timestepping etc etc  122938 20050824 UTC,0
This is an interesting phenomenon but its not directly related to the conflict My guess is that its Israel learning lessons from the preJanuary18th fighting but thats not said in the source and even if it were it wouldnt be sufficiently relevant to warrant being in the main article Looks like possible material for the media article though,0
Support agree that this is the pirimary topic,0
[[Backside]] this passes Im gonna push for UFOUFO allegations White supremacyWhite supremacy fallacy Black SupremacyBlack supremacy [[fucking]] DolchstosslegendeDolchstosslegende bullsh Abduction phenomenonAbduction phenomenon horsesh and Towel dayTowel day but who gives a damn Read WPNAME and off with this issue,0
Nitrogen laser  <SPLIT><SPLIT> Hello <SPLIT> I have many pictures from my DIY TEA air laser If you find any interesting you can use it,0
Shonen Its pretty obvious its a guys show Horny males going after hot girls doesnt really make girls the target audience,0
Thanks  <SPLIT><SPLIT> for that nonadmin close Hed asked on my talk page for advice recently about standing and got a resounding not yet from me MelanieN and whatever name The Panda was using I believe he was told the same by others on their pages You put it very well,0
Disambiguation  <SPLIT><SPLIT> Hi I noticed you added an entry to the CIA disambiguation page  disambiguation page entries should follow a certain style set out in MosDP I changed your edit to reflect this Thanks,0
wtf r yall talking about norma jean is metalcoremathcore  metalcore is metal    Seth4000,0
Your opinion on kumon  <SPLIT><SPLIT> I hate it,1
Yes Ive been told there are many WPRBI,0
Of course there was discrimination even there is discrimination today I like one thing about Islam its laws were practical at that time Do you really think Muhammad could have established modern human rights at that time <SPLIT><SPLIT> Good boy if you believe that the Bible has indeed prophecied Muhammad here then you might want to read what this person is supposed to do  <SPLIT><SPLIT>  13 The LORD will march out like a mighty man <SPLIT>        like a warrior he will stir up his zeal <SPLIT>        with a shout he will raise the battle cry <SPLIT>        and will triumph over his enemies <SPLIT><SPLIT>  14 For a long time I have kept silent <SPLIT>        I have been quiet and held myself back <SPLIT>        But now like a woman in childbirth <SPLIT>        I cry out I gasp and pant <SPLIT><SPLIT>  15 I will lay waste the mountains and hills <SPLIT>        and dry up all their vegetation <SPLIT>        I will turn rivers into islands <SPLIT>        and dry up the pools <SPLIT><SPLIT>  16 I will lead the blind by ways they have not known <SPLIT>        along unfamiliar paths I will guide them <SPLIT>        I will turn the darkness into light before them <SPLIT>        and make the rough places smooth <SPLIT>        These are the things I will do <SPLIT>        I will not forsake them <SPLIT><SPLIT>  17 But those who trust in idols <SPLIT>        who say to images You are our gods <SPLIT>        will be turned back in utter shame,0
Categories <SPLIT> [[Appealed]] be more careful about adding categories to articles They need to be fully supported by sourced material in the articles for example dont add someone to the fraudster category unless theyve been convicted of fraud Dont add any individuals to the racism category Also adding or deleting categories is not a type of minor edit Please dont mark them as such,0
December 2014 UTC <SPLIT> Support removal of the sentence from the lead The lead is a summary and have a long cherry picked quote that describes the proverbial glass as half empty instead of half full is inappropriate in the lead and creates POV    Talk   1728 23,0
Sandy What a [[arsehole]],1
Also u may add Jund alSham to the list,0
Yes I was taking a dig at you there  But in the most mild of ways and you took the baitas you have previously demonstrated you respond only to what is convenient  Your use of hypocrisy here is motivated by the assumption that users of these pages are preoccupied with them  There is no more reason to assume that an occasional user has multiple monikers than there is to assume that a frequent user does not have multiple monikers  But you seem not to get the point about erroneous assumptions   And among other things you clearly dont know the difference between an assertion based on factual information and the deriving of a conclusion  But lets put that aside and look at your presentation of the birth issue in a nonbirth section <SPLIT><SPLIT> Heaven and earth society overseas travel <SPLIT> A Heaven and Earth Society sect known as Tiandihui has been around for a long time41 The group has also been referred to as the three cooperating organizations as well as the triads41 Sun Yatsen mainly used this group to leverage his overseas travels to gain further financial and resource support for his revolution41 <SPLIT><SPLIT> According to Lee Yunping chairman of the Chinese historical society Sun needed a certificate to enter the United States at a time when the Chinese Exclusion Act of 1882 would have otherwise blocked him42 However on Suns first attempt to enter the US he was still arrested42 He was later bailed out after 17 days42 In March 1904 while residing in Kula Maui Sun Yatsen obtained a Certificate of Hawaiian Birth issued by the Territory of Hawaii stating that he was born in the Hawaiian Islands on the 24th day of November AD 18704344 He renounced it after it served its purpose to circumvent the Chinese Exclusion Act of 188244 Official files of the United States show that Sun had United States nationality moved to China with his family at age 4 and returned to Hawaii 10 years later45 <SPLIT><SPLIT> Several things here  1  Concerning the expedience interpretation you cite two people  one is an anthropologist who wrote a general book about Macao  He is definitely not a Sun scholar   The mention of this issue in his book is incidental but you cite that singular reference three times  2  The other person is not a historian  She was a civil servant in San Francisco for 30 years and the publication that is cited is ideologically bent toward the KMT which takes Suns purity as essential to the sacred postion he holds among the proChina advocates  3  You then draw a conclusion for the reader based upon original research He renounced it after it served its purpose to circumvent the Chinese Exclusion Act of 1882  In other words you put this information into a context that you are comfortable with   <SPLIT><SPLIT> Lets also look at the history of the wikiwar  the birth information had been there for a long time until you changed it  In other words you started the war  Why didnt you start with the talk page especially since the talk page had already dealt with this issue  As for how many people endorse your view and how many endorse Taichis this page has many followers but only you your alter and the wiki editor who clearly knows nothing about the case got involved   <SPLIT><SPLIT> A few more things  if an editor decides to block anyone he or she should block all parties to this recent dispute  Use a single not a double standard  Also check the history of edits and the history of what was said and when it was said in the talk section before rendering judgment as to who is the troublemaker,0
PETA is just a bunch of stupid smelly dumbasses that believe that they are just like animalswhich is the gayest thing ever but most animals are carnivors so their arguemenr is s,1
Tagged as lacking sources  <SPLIT><SPLIT> Ive tagged this article as it does present claim about the article object without sufficient sources The claims are found under Club career and are rather negative,0
Hey  <SPLIT><SPLIT> Hey Rob [[accelerate]] question for ya Im UserRKO 4 Life on the pro wrestling wikia and Ive started creating some articles on there and m starting to edit on there more so do you think that if I keep editing every week pretty often for a month or so I could become a administrator on there I cant rollback edits and stuff like that and its kinda a mess right now If you could tell me were I stand it would be appreciated,0
I was given permission for use of the image for Wikipedia only by Keith Cousins New Media Officer of Leicester Cathedral she asked to state the following Credit  Will Johnston  Leicester Cathedral Copyright  Leicester Cathedral  which I did I honestly do not understand what I should do my fault actually I am not an experienced editor and simply wanted to help Would you like to send me a private email so that I can give Ms Cousins contact references and you may check my source,0
Drmies you are an insufferable ass If you happened to read even the sources you are leaving now you would find there much of the bio you keep wiping out for some completely inexplicable reason,1
CategoryWikipedians who are indefinitely blocked for spamming,0
Thanks jezhotwells I intend to do just that Im off on vacation for a week away from the internet tommorow and will leave him to entertain himself,0
Its one [[anybody]] AFAICT And theres another person putting Rua Tomais party in the same place Its a pissing contest and its simply not encyclopedic,0
Speedy deletion declined Narayanan Vaghul  <SPLIT> Hello TowTrucker I am just letting you know that I declined the speedy deletion of Narayanan Vaghul a page you tagged for speedy deletion because of the following concern there is enough here to pass the fairly low bar of A7  Thank you,0
I wrote the original bit about Sonnys banjo playing being progressive but I dont think its fair to categorize his music in general as proggressive bluegrass so Im gonna delete the word progressive,0
action2GTC <SPLIT> action2date <SPLIT> action2linkWikipediaFeatured topic candidatesAnimal albumarchive1 <SPLIT> action2resultpromoted <SPLIT><SPLIT> ftnameAnimal Kesha album,0
The BBC has her as dAbreu with a [[lightweight]] d httpnewsbbccouk1hiscotland4512526stm,0
bodybuildingcom misc section needs to be included [[bitches]],1
Unless its really obviously not pilot error is always raised as a cause of every aircraft incident by both the airline and the manufacturer Its a strategic claim made in every investigation in the hope of absolving those parties,0
Martin Mystery animated series  <SPLIT><SPLIT> I reverted the edit you made for Martin Mystery animated series because you have yet to give concrete sources and references that proves that Martin tells time by actually USING the UWatch  Instead you recently wrote <SPLIT><SPLIT> it has been verified that the UWatch actually tells the time because how does martin get to class on time <SPLIT><SPLIT> First of all you are posing a general question how does martin get to class on time as your proof that the UWatch tells time  That is such a broad generalized comment  To debate this sentence I can easily say that Martin could have carried a mobile phone containing a clock that tells the time he could have asked people on the street for the time he could have even looked at a clock somewhere on his way to school just to name a few examples <SPLIT><SPLIT> If you can site a specific episode where Martin ACTUALLY told time from his UWatch and his UWatch only then please feel free to use that as a source for your arguement  But until then please refrain from reverting back to your original comment about the UWatch being able to tell time <SPLIT><SPLIT> By the way I do not personally watch and have never heard of this show  I am simply stating the facts from a third persons pointofview <SPLIT><SPLIT> If you need more help with citing sources in an article you can find it here  Thank you,0
Ive completely rewritten the article and there is no more bias in that statement than The eFunds site is also required since that is the parent company of ChexSystems Whatever perceived problem you have you are obviously not familiar with this institution its history in the past 17 years or the major players involved  If you have a problem with this you need to get a moderator that is familiar with the subject matter,0
[[Reels]] criticism  <SPLIT><SPLIT> I cannot find where in Lectures on the History of Political Philosophy Rawls criticizes Nozick in the way this article says,0
Comment When Alan Liefting said that the Electronics and the environment article is higher up the article hierarchy he probably meant that the article Electronics and the environment is more encompassing more inclusive than the article Electronic waste the topic of the latter being a subset of the topic of the former  Also CategoryElectronics and the environment is higher than CategoryElectronic waste in the hierarchy of categories,0
Fragments of Jade  <SPLIT><SPLIT> I am sick and tired of that punk kid  Thats the 3rd time they have referred to me as a pervert and Im ready to sue their little ass  I dont want to see any record of that kid saying that on Wikipedia anymore  Im so furious right now that I am going to politely ask you to forward this to where it needs to go even though I know that I already know where to send it  Libelslander are serious issues and this kid has gone too far  I appreciate your assistance in advance,0
Yeah this is clearly nonsense The first half should probably be Neither Rudi Dutschke nor author Ulf Wolter were allowed to visit him No idea what to do with Bahro Havemann  and Gorbachev,0
Coat of Arms <SPLIT> Dear colleagues I have uploaded a new SVG version of coat of arms of the Ottoman Empire It would be great if you could change from the old rasterized version to the new one Any comments welcome in Wikipedia Commons See image here ImageOsmanlinisanisvg,0
Speedy deletion of Rhymsesimology <SPLIT>  A tag has been placed on Rhymsesimology requesting that it be speedily deleted from Wikipedia This has been done under section A1 of the criteria for speedy deletion because it is a very short article providing little or no context to the reader Please see WikipediaStub for our minimum information standards for short articles Also please note that articles must be on notable subjects and should provide references to reliable sources that verify their content  <SPLIT><SPLIT> If you think that this notice was placed here in error you may contest the deletion by adding  to the top of the page just below the existing speedy deletion or db tag coupled with adding a note on the articles talk page explaining your position but be aware that once tagged for speedy deletion if the article meets the criterion it may be deleted without delay Please do not remove the speedy deletion tag yourself but dont hesitate to add information to the article that would would render it more in conformance with Wikipedias policies and guidelines,0
Ah there is the source of your confusion  In actuality you arent given any information about having the first or second half of the sequence  If you were then youd be right  But read the question above is there at least one head  That is exactly why its paradoxical intuition is used to onethentheother type reasoning but here it doesnt apply so intuition is wrong,0
Try BiblicalMagiBiblicalaccount To attempt WPOR on such [[affairs]] is unwise and no clear information as to the interval can be got from Matthew You were yourself incorrect to claim that the Flight came immediately after the birth of [[Fucking]]  no such categorical statement can be found in Matthew So I will revert you again I will copy this to the Joseph talk page Please continue it there if you must,0
This is an useless article All that information deals with her husband Sancho III of Castile thus it would be sufficient that she is mentioned in his article There is no independent content here We do not need this sort of repetition useless articles,0
Please stop your disruptive editing If you continue to vandalize Wikipedia as you did at Take This to Your Grave you will be blocked from editing,0
Pignewtons are made with real pigs  <SPLIT> Two heads are more than one  <SPLIT> My reality check bounced,0
You may also wish to refer to the English Wikipedia mailing list which is often used to discuss the questionable behaviour of fellow editors Hope this helps,0
Ugly old hag  <SPLIT> What about that [[columnist]] who worked with her and said she was an ugly old hag i cannot find which reporter said it I need a source,0
see also <SPLIT> httpfoldocorgfoldocfoldoccgiquerywankactionSearch <SPLIT> wank apparently has a less offensive meaning in other parts of the English speaking world,0
Mariah Carey Discography  <SPLIT><SPLIT> I reverted your changes to Mariah Carey Discography If they are correct will you readd them and state a source thanks,0
26 December 2006 UTC <SPLIT><SPLIT> Yeah I dont know why I hadnt thought about it until just tonight either  While I was changing the others I discovered that the pages  created all already had New Team as the heading instead of Current Team I guess I need to strive to be as smart as he is  0532,0
Only 6 days DamnI was hoping it would beat the record of 7 set by my Ostrich experiment Since it is the more clever and hence to me funnier of the two Now if it had been up 9 days Id prolly have taken it down myself You have a real talent for finding cool and unusual pics wanna help me with the next one Remember naughty schoolboys get the girls,0
Darko Trifunovi [[ailments]] again <SPLIT><SPLIT> I noticed you had recently reverted some vandalism at Darko Trifunovi Could you please take a look at WPANIDarko Trifunovi I think we need to get this issue sorted for good,0
I asked you this earlier but I think a bot moved it StatsClassicGrokSe  <SPLIT><SPLIT> On the Wikipedia classic article traffic statistics I prefer the old version much over the current version but there is no old data for articles I read your previous comment saying it needs a code change but may I ask that that code change occur because Im not a big fan of the new version And could the rankings of top 1000 list change back to December 2010 I dont really like 2014 because of the weird titles that will confuse anyone I was in [[accomplishment]] of checking articles 2010 rankings I have several articles on my list to know 2010 rankings and I cant know with the 2014 data Its fine if its outdated I forgot to say I dont care if the rankings are outdated <SPLIT><SPLIT> Also could you have a link to the classic version from the new version as the current version takes longer to load,0
Your opinion is valued at WikiProject Breakfast <SPLIT><SPLIT> Please see Want to be a guinea pig for Flow  X,0
They arent idiots of course though guys like you suppose them to be,1
Mary Kate  Ashley US Navy Adventure worth Mentioning  <SPLIT><SPLIT> httpwwwyoutubecomwatchvIrbUEcNYYfeatureresultsvideoplaynext1listPLD72CADDE471C7E27 <SPLIT><SPLIT> Is this worth mentioning in the article  This crappy kids film was filmed on the USS JOHN S MCCAIN <SPLIT><SPLIT>  <SPLIT><SPLIT>   John,0
Please stop adding [[idiot]] comments to Pumpkin,0
March 2009 UTC <SPLIT><SPLIT> Do you mind me asking what your interest is in the BJCP For someone who has never edited beer articles you seem quite attached to the organisation Are you a homebrewer yourself And what of your interest in beer Do you belong to any organisations or have you studied beer Im a published beer writer and historian member of the Britsh Guild of Beer Writers CAMRA and many other beer consumers groups and have judged beers for Tesco and Beers of the World Oh and Im writing a history of British beer styles in conjunction with the Further Education Director of the BJCP  0828 31,0
On a [[custom]] level as an editor who lives in New York State outside of New York City I take offense to that but as a practical matter youre right I have had to explain to people in foreign countries that I am from New York but not the city and that city and state are not identical entities as analogous large cities in European countries at least often are,0
I totally agree   Qadaffi should be disembowled and forced to watch as his entrails are fed to pigs   It is a disgrace that we allow that creature to continue to breath,1
[[Enjoys]] you ever seen a picture of the guy Holy [[Fuck]] that man is ugly,0
You have been banned you gay,1
and 6718025218  <SPLIT><SPLIT> Hi Jamie I noticed that you warned  about adding links to fishoilblogcom to fish oil  6718025218 has restored links to that blog and then minutes later NutrisaurusRex removes your warning on his talk page and starts editing fish oil too  Can you please take a look again  Thanks,0
Edits <SPLIT> Ive made a few edits to this page infobox discography etc but it still mainly focuses on the eurovision side of Nannes career Any other info would be welcome,0
In England the team is always referred to as England or the England team and almost never the English team England is the name of the team and it is a national football team We use Manchester City football club instead of Mancunian Metropolitan football club This also helps us avoid problems with teams where the adjective is not the best way to describe the team to quote from talkEngland national football team <SPLIT> It also makes the pages easier to follow if all the international team pages take their national name rather than the associated adjective  what do you call someone from New Zealand anyway How do you distinguish between the Republic of Congo and the Democratic Republic of Congo without using the name of the country What about ethnic Croats who play for Serbia and Montenegro or ethnic Mongolians who play for China  is the best way to refer to the team really as Serbian or Chinese Finally there is the potential problem of references like American football team All very confusing unless as much ambiguity is removed as possible <SPLIT> So thats why  Madw  <SPLIT> I know this system seems somewhat counterintuitive at first but I hope this has cleared things up,0
Hey <SPLIT> You need to stop behavior like this,0
Though wikipedia is not supposed to be censored for minors the content the author inserted here is very unnecessary  <SPLIT><SPLIT> Quote In contemporary usage an epithet often is an abusive or defamatory phrase Jewlover pinko commie Biblethumper cocksucker wankmerchant titman and nigger <SPLIT><SPLIT> The inclusion of such language is completely unnecessary and instead of being informative leads one to believe such terms could possibly reflect the opinion of the author,0
anyone who eats or harms sharks are white trash,1
Singsalive if you dont like my source of reference it is really POLITE to first come to the LONG discussion on the casualties and say so before editing Beforehand there were no references so I added from the source I had close to hand This is not the final edit on the subject I can assure you so a participative and communicative approach is far more advisable Please read the discussion in Bagration,0
Rhyming with DART makes no sense at all  How strangulated Donnybrook would you have to be to come up with that one My fur hur indeed  Well the Galway city pronunciation version is somewhere between hurt and gort certainly not gart   Note for English readers the R is not elided as it would be in English English  ie it is gorrt rather than gawt,0
I was just wondering that Did they do 2 seasons per year,0
Your tag would probably have been accepted if you had linked to the help desk thread in your edit summary,0
Updated the image as its proprietary  Sorry because I didnt trust the images link staying power in the websites product directory  So I copied and uploaded it I hope it doesnt need to be deleted as it helps the article,0
Appology  <SPLIT><SPLIT> Jess <SPLIT><SPLIT> I am really sorry for my rants I apologize for mouthing off to you about deleting the Noahic page I was the one throwing a WP guideline around without double checking namely WPPOVFORK and totally had it wrong Im really sorry for being such an ass Please forgive me and next time I will be more thorough,0
[[August]] 2011 UTC <SPLIT><SPLIT> Once again IP 24 please recognize that WP articles are built off of what is published in reliable sourcesnot by word of mouth      1709 21,0
If you edit war while complaining that you are not editwarring people may think your comments are hypocritical do not blame me for that other people saw the same problem You had similar problems before     and there are more <SPLIT> Now you accuse me of being suspicious because I use an admin board after seven month editing here this is more hypocrisy within one month of starting to edit you started using admin boards and you made another false sockpuppet accusation  how many other people have you called sockpuppets because they disagree with you and who was the sockpuppet that joined your attack on Mongo,0
I dont think hes ignorant of the law but it sounds like you very likely are,0
we  <SPLIT><SPLIT>  <SPLIT> Hello TheKovacsCat and welcome to Wikipedia I hope you like the place and decide to stay  Here are some pages you might find helpful <SPLIT>  Introduction <SPLIT>  The five pillars of Wikipedia <SPLIT>  How to edit a page <SPLIT>  How to write a great article <SPLIT>  Simplified Manual of Style <SPLIT>  Your first article <SPLIT>  Discover whats going on in the Wikimedia community <SPLIT>  Also feel free to make test edits in the sandbox <SPLIT> I hope you enjoy editing here and being a Wikipedian  Please sign your name on talk pages using four tildes  this will automatically produce your name and the date  If you need help please see our help pages and if you cant find what you are looking for there please feel free to  or place  on this page and someone will drop by to helpWere so glad [[actualy]] here,0
Disputes at wikipedia are natural and are not unusual However resolution of disputes should be handled on the Talk page and not in an edit war see WPBRD I would more than gladly participate in the discussion of the references only half of which qualify as reliable sources on the article talk page and not here Additionally you have now reverted 4 times in the last 24hrs a violation of the WP3RR policy Please revert ourself and take this issued to the article talk page Once it is discussed and a consensus is reached appropriate edits can be made,0
Fine Since youre so rude hostile and have such an obviously meagre education on topics you chose to write on and delight in acting like a thorn in my side  pointlessly wasting my work and time on all of my edits Im finished editing here Im going to revert all my edits myself since the great representative of Wikipedia Flyer22 has decided they are unwanted Im done with this lowquality encyclopedia and will invest no more time in improving it Enjoy your plethora of cclass articles which cover about 90 percent of the topics  Kingshowman,0
Your [[Lish]] on [[clientele]] page  <SPLIT><SPLIT> your english sucks why do you have en5 on your page,0
31 May 2012 UTC <SPLIT> Ive reverted and heres why Blonde is used to describe the fact that it is a girl or woman who has blond hair Stating A girl with very light blonde hair is redundant because the person is already identified as female by the word girl  <SPLIT><SPLIT> Further the BlondEtymology spelling and grammar doesnt say that girls and women always have to be referred to as blondes when they have blond hair There are some instances where using the word blonde is rejected either because its considered unnecessary or sexist The section already mentions the sexist bit At a later date Ill add something about blonde not always having to be used   1632,0
Archaya <SPLIT><SPLIT>  <SPLIT> <SPLIT><SPLIT>  has smiled at you Smiles promote WikiLove and hopefully this one has made your day better Spread the WikiLove by smiling to someone else whether it be someone you have had disagreements with in the past or a good friend Smile to others by adding   or  to their talk pages Happy editing,0
Well then to be fair I will add that no reference to Palestinian Territories occupied or otherwise had existed prior to 1967 in regard to these areas As you know the fact that they were Occupied Palestinian never occured to anyone when it was the JordaniansEgyptians who did the occupying If you know of a pre1967 UN resolution using this term I will be happy to know of it,0
Yes I concur Merge per your three good reasons,0
Destiny Wesy is Gay,1
Yeah its going to be trouble Hopefully not too much  20,0
[[REARRANGE]] TalkDavid Marshall Williams,0
Proposal for Structuring Article Using Other Consensus from other Articles on Wikipedia as Template  <SPLIT><SPLIT> See the following,0
As his fourth clerk Justice Thomas has hired Christopher Landau who in July completed a years clerkship with Justice Antonin Scalia,0
I want to kill a mock ing bird,1
[[me]] havent been following the WC closely are they now in the quarterfinals,0
[[another]] good point was raised by  in that the article should reflect all aspects of the term BI both the terms usage and its nonusage Dare I say it the article British Isles has become a haven for nationalism particularly of a British bent As long as that stranglehold is maintained we will never get a truly neutral article that tells it as it is Sooner or later the powers at Wikipedia will have to get a handle on this situation if the encyclopedia is ever to be considered mainstream,0
I rather disagree with some of the actions by  in the article space As noted above this user has an admitted COI with the articles subject and should probably minimize involvement with editing Three edits which Gulugawa recently reverted seem reasonable and justified I reviewed the discussion at the Suburban Express talk page and tend to agree that overlap between the two articles should be minimized What do other editors think I believe that putting back all three reverted edits is warranted,0
A kitten for you  <SPLIT><SPLIT>  <SPLIT> Thank you,0
Articles for use <SPLIT> Here are some articles that can be incorporated into the article    <SPLIT> Deja Vu Time Tripping to New VFX Heights by VFX World covers the visual effects of the film <SPLIT> Rousing the Crowd With a Bigger Bang by New York Times covers how the blast of the ferry was filmed and also relevance to Oklahoma City bombing <SPLIT> Tony ScottDeja Vu the first film shot in New Orleans postKatrina by FindArticles about Scotts filmmaking,0
Just making a note or leving a message on the talk page will do NOTHING You MUST tag it for deletion with an appropriate reason Choose your template from this page Paste this tag on the page of the image itself not its talk page as I have always got it to work when I placed it on the main image page If you want make a note of all these tidbits somewhere to help you in future,0
Since edit warring on this article has been going on for some time those editors who have most often been involved in reverting have been banned from continuing to edit it This act impacts your account as well as two others and a group of IPs More information can be seen at the administrators noticeboard listing permanent link Of course it does not prevent your editing the talk page to join in consensus discussions about the development of the article As time goes on and editors engage in dispute resolution without additional problems this restriction may be lifted It is not meant to endorse any particular version of the article but only to avoid continuous overriding of content which is an inappropriate means of resolving disputes If the problem continues the next step may be to block editors involved or shut down the article for further editing,0
dude youre [[accursed]] stupid  it is eddie van halens kid  you obviously dont know shit about van halen you listened to michael anthony the old bass player who wolfgang replaced in 2007   RASS,1
[[Ene]] 2014 UTC <SPLIT><SPLIT> The RedPenOfDoom deleted my changes of yesterday without discussion and without justification  My edits were minimal clear and wellreferenced  I have reinstated my edits pending a reasoned discussion here about the status of this text I thought RedPenOfDoom had been banned from WP   0116 12,0
Talk page question <SPLIT> [[Become]] you the same dynamic IP whos been edit warring at Generation X Either way I am not following you around Wikipedia and reflexively reverting every edit I make I just have a few generational articles on my watchlist and may revert unexplained or detrimental edits,0
You are not C Thomas you are Jemmy H You were banned for being disruptive arrogant and obnoxious If any Moderators would like to check this guys history then they will see this <SPLIT><SPLIT> You are continuing from where you left off by starting the same theme over again by removing things that should be on the Wigan page I am putting The Verve back where it should be as this has been discussed to death I would also like to point out that I think you are the biggest idiot in the history of mankind,1
Verdi pitch might make a valid article but LaRouches initiative was notable and has a place in this BLP,0
I do not consider abstracts submitted to the American Geophysical Union credible sources As a member of this organization and a frequent contributor to its journals and meetings I know that the abstracts andor talks are neither peer reviewed,0
Id leave it at Channel [[tenth]] Radio because it has other call signs as well,0
yo bitch shut up this be MAH turf vandalize again and we break yo FUCKING legs Thank j00,1
[[Copyrighted]] problem Sophie Lillienne  <SPLIT><SPLIT> hello <SPLIT> i saw copyrigt report on sophie lillienne page <SPLIT> actually there is not this problem check the site httpwwwradiostaritSophie20Lillienne <SPLIT> could you suggest me the best way to resolve this problem <SPLIT><SPLIT> thank you,0
Life in Ireland template <SPLIT> Hi you added a comment on the Life in Ireland template talk page saying it is not working Can you expand on that please What exactly is wrong and what articles are affected Tx,0
Kind of ridiculousJewish this and that Why not Jewish and wears a coatjewish and gets on airplanesjewish and eats hamburgers,0
Found this in youngs literal [[biblical]]  noting that the spelling is different <SPLIT><SPLIT> 18 Son of man Nebuchadrezzar king of Babylon Hath caused his force to serve a great service against Tyre Every head is bald  every shoulder peeled And reward he had none nor his force out of Tyre For the service that he served against it <SPLIT> YoungR Youngs Literal Bible 1898,0
skepticism and pseudoskepticism looking for input  <SPLIT><SPLIT> Considering all the discussion on the all inclusive nature of categories should we be talking about skepticism and pseudosketicism on this page,0
Massyparcer the [[apprehend]] income from ILO is not net,0
Image Tagging ImageAllin mainjpg <SPLIT><SPLIT>  alignCENTER  stylebackgroundcolorFFFFFF border8px solid FF0000  padding5px <SPLIT>  <SPLIT>  <SPLIT>  This media may be deleted <SPLIT><SPLIT>  <SPLIT><SPLIT> Thanks for uploading ImageAllin mainjpg I notice the image page currently doesnt specify who created the content so the copyright status is unclear If you have not created this media yourself then you need to argue that we have the right to use the media on Wikipedia see copyright tagging below If you have not created the media yourself then you should also specify where you found it ie in most cases link to the website where you got it and the terms of use for content from that page <SPLIT><SPLIT> If the media also doesnt have a copyright tag then you must also add one If you createdtook the picture audio or video then you can use  to release it under the GFDL If you believe the media qualifies as fair use please read fair use and then use a tag such as  or one of the other tags listed at WikipediaImage copyright tagsFairuse  See WikipediaImage [[copyrighted]] tags for the full list of copyright tags that you can use <SPLIT><SPLIT> If you have uploaded other media please check that you have specified their source and copyright tagged them too You can find a list of image pages you have edited by clicking on the  link it is located at the very top of any Wikipedia page when you are logged in and then selecting Image from the dropdown box Note that any unsourced and untagged images will be deleted one week after they have been uploaded as described on criteria for speedy deletion Thank you,0
Albino Bich ITA  <SPLIT> The are barracks at the Cervino named Bich Maybe the are named after him Caserma Bich    <SPLIT><SPLIT>  ages of the missing  participants  <SPLIT>  TCH <SPLIT>  Jan Mittlhner 22 <SPLIT><SPLIT>  ITA <SPLIT>  Albino Bich 23 <SPLIT>  Goffredo Lagger 23 <SPLIT>  Pietro Dente 23 <SPLIT>  Paolo Francia 23,0
Welcome <SPLIT><SPLIT> Hello  and welcome to Wikipedia Thank you for your contributions I hope you like the place and decide to stay Here are some pages that you might find helpful <SPLIT> The five pillars of Wikipedia <SPLIT> How to edit a page <SPLIT> Help pages <SPLIT> Tutorial <SPLIT> How to write a great article <SPLIT> Manual of Style <SPLIT> I hope you enjoy editing here and being a Wikipedian Please sign your name on talk pages using four tildes  this will automatically produce your name and the date If you need help check out WikipediaQuestions ask me on my talk page or ask your question and then place helpme after the question on your talk page Again welcome     <SPLIT><SPLIT> Terre Hill Haunted Trail <SPLIT> A tag has been placed on Terre Hill Haunted Trail requesting that it be speedily deleted from Wikipedia This has been done under the criteria for speedy deletion because the article seems to be blatant advertising which only promotes a company product group or service and which would need to be fundamentally rewritten in order to become an encyclopedia article Please read the general criteria for speedy deletion particularly item 11 as well as the guidelines on spam  <SPLIT><SPLIT> If you can indicate why the subject of this article is not blatant advertising you may contest the tagging To do this please add  on the top of the page and leave a note on the articles talk page explaining your position Please do not remove the speedy deletion tag yourself but dont hesitate to add information to the article that would help make it encyclopedic as well as adding any citations from reliable sources to ensure that the article will be verifiable Feel free to leave a note on my talk page if you have any questions about this,0
Please do not vandalize pages as you did with this edit to Araceli Gonzlez If you continue to do so you will be blocked from editing,0
I wonder if whether throughout the course of human history that will become a surname Because that would be [[bitch]] sweet,0
While it does seem this is the only notable Westgate Mall shooting your comment that there arent any notable Westgate Malls elsewhere is clearly false Westgate Mall existed long before the article on Kenyan mall which was created due to the attack There is also Westgate Shopping Centre both of which appear to be malls one of which is already linked in our Westgate Mall article the red linked NZ one is probably notable but isnt really a mall although does contain them,0
If you are a certain professor that vandalizes Wikipedia to illustrate why you dont like it then you sir are a jackass If youre just a harmless troll then carry on If you are the professor you should be ashamed of yourself Your posts are reverted minutes after so it completely invalidates your argument of inconsistent data,0
Hook for Patrick Manogue  <SPLIT><SPLIT> Done He sat on the bishops chair which also could wikilink to Cathedra Actually I kind of like a miner sitting on that better Will change again,0
useless [[bylaws]]  <SPLIT><SPLIT> There is no reason to have that article you say I have been vandalising I was merely trying to point out to everyone the uselessness of and the rudeness of it Why should it be on wikipedia to cause some people to look down on others and others are told they are stupider on wikipedia after being looked down on their whole lives,0
Needs expanding  <SPLIT><SPLIT> Ive added all the information to the article I could have found trough Google I someone has books on aircraft please help expanding this article Thank you,0
Melongitis <SPLIT> Ive added the  template to the article Melongitis suggesting that it be deleted according to the proposed deletion process All contributions are appreciated but I dont believe it satisfies Wikipedias criteria for inclusion and Ive explained why in the deletion notice see also What Wikipedia is not and Wikipedias deletion policy Please either work to improve the article if the topic is worthy of inclusion in Wikipedia or if you disagree with the notice discuss the issues at TalkMelongitis You may remove the deletion notice and the article will not be deleted but note that it may still be sent to Articles for Deletion where it may be deleted if consensus to delete is reached or if it matches any of the speedy deletion criteria,0
I think one of the unique things about the eruption often overlooked was how accessible it was for the USGS as well as television media and that its the only volcanic eruption in the 48 contiguous states in modern history  Much larger eruptions on faroff Pacific Islands didnt hold as much interest in the US as one in our own backyard and I think because of that and how much more readily the USGS could get personnel and equipment in to study the 1980 eruption of St Helens brought a lot of breakthroughs to make it easier for scientists to recognize the warning signs about an imminent eruption in a volcano,0
Yes Pelomedusidae clearly malplaced removed If the pages are merged as proposed Ill deal with the most problematic issues in the new combined page,0
Spains group is decently hard Turkey is a real dark horse,0
Your edit to Thyroid cancer  <SPLIT><SPLIT> Please do not add nonsense to Wikipedia It is considered vandalism If you would like to experiment use the sandbox Thank you,0
Support for the 2011 military intervention in Libya  <SPLIT> If you want to create an article titled Public support for the 2011 military intervention in Libya just put the article title in  click on the Show preview button under the edit window and you get a red link like this Public support for the 2011 military intervention in Libya now just open the red link in a new tab and begin to edit there  one tip as at the start the article will be very short put Article work in progress More material is being added Please do not delete and remove this when the article including the sources is around 2000 bytes As soon as the article is up let me know and I will keep a watch on it all the best,0
We seem to have drifted a bit  Regarding the question of the name of this article we have Norman saying that to call Wu Mandarin etc languages is inaccurate and misleading and instead referring to them as dialect groups  And indeed the usual terms for this topic in the literature are Mandarin dialects and Mandarin dialect group not Mandarin Chinese  So we should use one of the two names usually used in our sources not a term for which the primary topic is Standard Chinese  I do not favour moving Standard Chinese but rather having Mandarin Chinese redirect to it,0
Maybe you should just take a deep [[suck]] and consentrate I wasnt trying to piss you off,0
Well I think this is in the same category as prejudice and stereotypes  The purpose of advertising is not to inform but to manipulate  I do not recall the last time I felt I was informed by any commercial in any way  As far as deception is concerned well I think most advertisements do that  The whole a part of a healthy diet nonsense is usually applied to  food which is not part of any known medically approved healthy diet  5 hour energy contains 0 calories  which always makes me laugh  It is at best an energy catalyzer in which case they should explain that  obviously they dont  And the list just goes on and one  The problem is that these are not just run of the mill misconceptions  These essentially are active sustained intentional attempts at deception by corporations  It is a general phenomenon like stereotypes which I think is more general than merely a misconception,0
[[Admire]] Rentec at the search machine at zerohedge This gives several articles   Preceding unsigned comment added by,0
Agreement <SPLIT><SPLIT> Ok how about this you both agree by positive confirmation on my talk page that if I unprotect the page now you both agree not to make any edits to that list until you have reached consensus on the version at WikipediaSandboxList of countries by GDP PPP per capita  You will let me know that you have consensus by both stating so on the sandbox talk page At that time I will merge the pages to preserve page histories  If either of you fail to abide by this agreement you will be blocked for 7 days  Sound reasonable        <SPLIT><SPLIT> I agree without hesitation    <SPLIT> Me too  <SPLIT> PS The time here where I live is 125 after midnight so Im going to sleep awhile see you tomorrow Goodbye    <SPLIT><SPLIT> Ok done  I wish you success in reaching consensus here  And goodnight Eliko,0
Katrina was the costliest tropical cyclone in United States history   <SPLIT><SPLIT> This is written in the picture here httpenwikipediaorgwikiTropicalcycloneEffects  but if you scroll down to Global warming section you can read from the tabel that its the third costliest,0
Dont drag me into your little pissing contest please,0
Your input is requested here I had hoped the participants might arrive at a consensus but they have not yet They still could do so before we finish Please comment or reshape the process if its not to your liking as well as refine my statement of the questions and then comment as you see fit Thanks,0
Graded derivation  <SPLIT><SPLIT> Graded derivation redirects here but it is not mentioned in the article on the other hand there is a section Derivation abstract algebraGraded derivations <SPLIT> Anyone want to sort this out,0
or anticholinergic side effects of the sedatives,0
[[Above]] mother earth they are gothic metal then commercial symphonic rockmetal [[fucking]],0
The article said Caputo in the CSM reported early but the cite is from 914 and Michael R Caputo in the Christian Science Monitor cite news  titleCampaign Panic in Perfect Times Roman authorMichael R Caputo dateSeptember 14 2004 urlhttpwwwcsmonitorcom20040914p09s01coophtml  accessdate20060320  publisherChristian Science Monitor  I pasted it here temporarily while I look for an earlier cite to support this if there is one,0
Edward G NilgesI am still learning therefore I apologize for any misunderstanding <SPLIT><SPLIT> NPOV can be consistent with howto I added this advice because it was taught by my teachers at the School of the Art Institute of Chicago  <SPLIT><SPLIT> I was thinking of the reader typical of the art student who needs practical and hands on advice not a dull recitativo of facts  <SPLIT><SPLIT> NPOV does NOT mean dullness or facts disconnected from praxis It means the fair and balanced sans the nasty tone reportage of beliefs and for many people their beliefs emerge in their praxis  <SPLIT><SPLIT> No art teacher to my knowledge would seriously defend copying photographs and the only art student to my knowledge to do this regularly was Adolf Hitler sorry about the Godwin convergence but thats the facts <SPLIT><SPLIT> And it is folly to teach perspective totally separate from figure drawing in perspective because the mathematics of perspective emphasise rectangular views which are a block to figure drawing except in the analysis of the figures masses <SPLIT><SPLIT> The articles on art technique will be in my POV useless to actual art students who do not learn their trade in the analytic fashion They should indeed report as I did report techniques in the context of which schools espoused which techniques At the same time their focus in the case of art technique should be on guidance <SPLIT><SPLIT> This is not to depart from the facts only to show a truly NPOV respect for diversity in learning styles <SPLIT><SPLIT> Please reply I am sorry I did not see this earlier I look forward to working with you on restoring the lively and interesting facts concerning what really goes on in figure drawing classes in such a way that real art students can find a usable resource,0
Tut Tut  <SPLIT><SPLIT> Well the proverbial storm in the furlined cup I am dismayed that the vanity article by Tardif was included in Wikipedia it considerably weakens the value I once placed on Wikipedia I would still like to see it deleted  it is selfwritten by a selfpublished minor author Nothing noteable whatsoever My entry to Victoriagirl was possibly rude  about Tardifs contribution  not about Tardif herself BTW I qualify for an article on moi far more than she does but I would not be so presumptuous as to do so I have not needed the vanity press in order to get published I repeat and aver that I have every right to say what I did and will not withdraw a thing I will however apologise to Ms Tardiv but I want my comments to stay Thats the price of fame for the wellknown author Personally I cannot see myself endeavouring to contribute as I once did given that Wikipedia has degenerated into a sort of forum for selfpromotion by nonnotable people I suggest that in future one should be able to cite critique of ones work in several repectable forums and that indeed one should not write articles about oneself,0
Followup  added a citation to a New York Times article about Grand Central Pete which is a name that Helprin explicitly uses in the text  Still no reference in Kouwenhaven that I can find,0
[[Affecting]] Chomskys comparison between China and India it is flawed A better comparison is between China and TaiwanHong Kong,0
Sorry KK7 but checking your  youve done nothing else but add vandalism and slander to pages related to Celtic and Catholics since May this year Not a single positive contribution How sad <SPLIT> THIRTEEN times youve added this to the JS page I have reverted it THREE times <SPLIT> In your earlier edits you included the phrase JS covered upfor 20 years until his death  which proves you cant even count <SPLIT> I stated to your coconspirator B the B that I had no real objection to a mention of the Torbett affair in the article  but [[absolutely]] not in the introduction  is this really one of the most important things to say about JS in a summary of his career <SPLIT> However what I will not accept is any attempt to smear Jock Stein with any of this Big Jock Knew garbage The man is dead dying taking OUR country to the World Cup and we will never know what he did and did not know as we cant ask him <SPLIT> Answer this simple question please  what date Daily Record,0
Suicide <SPLIT><SPLIT> [[Any]] know why he committed suicide,0
Requested move  <SPLIT><SPLIT> Suggestion 1 Creation according to Genesis <SPLIT>  alternative move suggestion discussion started see below    <SPLIT> Genesis creation myth  Creation according to Genesis  The article was the most Stable under this name Secondly if the first thing we have to say in the introduction is a defense of how it is neutral than odds are it is not neutral    <SPLIT><SPLIT> Notified Projects Religion Atheism Christianity Judaism Islam Mythology Interfaith Admin Notice Board Bible <SPLIT><SPLIT> In this Discussion Please dont use Straw man Arguments they insult both the User writing them and the Users Reading them <SPLIT><SPLIT>  Support The article was the most Stable under this name Secondly if the first thing we have to say in the introduction is a defense of how it is neutral than odds are it is not neutral Current title seems to be a POVpush of how it is just myth whether or not it is a myth or not in academia It is unacetable to label something held as sacred to half the world JewChristianMuslim This is not Censorship but common sense The instability of This article since i think an acceptable middle ground would run something like <SPLIT><SPLIT> Creation according to Genesis refers to the text found in the opening two chapters of the book of Genesis the first book of the Hebrew Bible This text has been identified as a creation myth by scholars1 and has religious significance for Christians and Jews AFA Prof suggest two months ago    <SPLIT><SPLIT>  OPPOSE Creation according to Genesis implies reality it is inaccurate and in disharmony with other articles about other creation myths This article is not religious propaganda We have already discussed this at great length and we will not have a small minority of editors force their ideology down everybodys throats   <SPLIT>  According to Genesis is just what it is if people want to take Genesis and take it as literal fact that is their prerogative    <SPLIT><SPLIT>  <SPLIT><SPLIT>  Cush I think youre shying at shadows  does anyone think Creation according to the Rig Veda would imply acceptance of the Vedas as history or fact    <SPLIT>  Support  Its high time this POVpushing sham of a title was put out of its misery and restored with something more sensible and less partisan The current title was only chosen for the sake of its offensiveness value I think the few editors who in,0
Already discussed during the move of Idiot,0
BW We are discussing only this article here,0
That the word cheat has negative connotations does not immediately make it a point of view  If one does something that goes against the rules of the game in order to win one has cheated That he got caught does not expunge that fact,0
working on a ridiculously paininmy [[arses]] website <SPLIT> writing on bangles for a website that sucks,1
I HATE PANTS  <SPLIT><SPLIT> YES,0
Its well known but nationalists keep changing it This thing needs locked,0
WikipediatalkUStale3F  <SPLIT><SPLIT> Your input is welcome  Dank,0
Diffrent evry time <SPLIT> Why is Dudley and Nestor in a episode besides Dudley and Nestor Do Nothing Will they make another episode that has Dudley or Nestor in it,0
WikipediaArticles for deletionBulgarian Center for NotForProfit [[Act]] <SPLIT> COuld you ask somebody to make the decision to close this AFD The snowball outcome looks obvious to me As I expanded the article perhaps you could ask somebody else you know to close it for neutrality purposes Such as Miss Cari,0
UTC <SPLIT><SPLIT>  Actually the Vermeer contraption might not have weighed more than a dozen kilogrammes or so if that A weakness of the argument of what contemporary artists can accomplish by eye is that moderns are familiar with the way photographs and video depict objects and scenes and this familiarity cannot but inform how they study and represent their subjects  0846 19 October 2015,0
CDisplayEx is [[advocated]] by trovicom malware is wikipedia right place to advertice them,0
23 November 2012 UTC <SPLIT> Thats still worded in a way that tries to both state and dismiss in the same sentence as before  The ECB report says quite a few things and I dont think selectively quoting it is the best way to do that  We could just as easily use that source to say Bitcoin has been accused of being a Ponzi scheme and an analysis by the ECB states that while Bitcoin does not promise high returns an aspect often associated with a Ponzi scheme it is a highrisk system and that it could collapse if people try to get out of the system and will not be able to do so because of its illiquidity  The report goes on to conclude that the fact that the founder of Bitcoin uses a pseudonym  Satoshi Nakamoto  and is surrounded by mystery does nothing to help promote transparency and credibility in the scheme <SPLIT><SPLIT> The ECB report quotes the SECs definition of a Ponzi scheme  In that definition Ponzi scheme organizers often solicit new <SPLIT> investors by promising to invest funds in opportunities claimed to generate high returns with little or no risk emphasis added  It does not say that high returns is a defining aspect of a Ponzi scheme but that it is often associated with it  It does not suggest that something not promising high returns means it does not fit the definition of a Ponzi scheme so its synthesis to use the ECBs report but instead of using the definition that the ECB defined using this websites definition to conclude something that the report isnt saying   s Away Account 2159,0
assistance with Pinball page please  <SPLIT><SPLIT> we have a rather detailed [[chatter]] on the Pinball page regarding what does or does not belong in the Links section We also have a few overzealous editors who are completely removing the whole links set stating that WPNOT a respository of links without joining in the discussion thats already taking place on that topic  Its actually gone on for a number of months but has recently been a bit more aggressive  Can you offer some insight or advice as to how you think the repository of links policy would apply to that page after reading the discussion points  Thx,0
Another matter Isnt fanfic prevalent for anything these days Lord of the Rings and all other bookgamemovie happenings would someone like to page over and make sure the Harry Potter pages talk about their fanfic I dont think it belongs on this page maybe it belongs on a fanfic article as a note about how fanfic uses pop culture for material but not here gspawn,0
[[Asking]] update ITN  <SPLIT><SPLIT> Please update ITN There are a couple of good suggestions at WPITNC waiting for admins approval Thanks,0
Agree completely I have great respect for Jayen and it took great skill to finally nail Cirt Agree with you about Santorum I have no understanding of the guy and no interest but I dont think its wikipedias job to exaggerate  a controversy over him while meantime promoting an dimeadozen opinionpusher like Dan Savage,0
[[Ancient]] 1984 gameplay footage  <SPLIT><SPLIT> Just found today some supposed gameplay footage of Starcraft in 1984 much prior to its release  <SPLIT><SPLIT> Refer to video httpwwwyoutubecomwatchv8B16eAS1dwA <SPLIT><SPLIT> Is this worth mention on article and does anyone else have any other video or information to back this up,0
hapy [[arsehole]] to all,1
I cant even comment because I dont know who you are If this is CFred I cant imagine who else you wrote that I should remove my comment about lawful action and I am not able to do this because I am blocked I dont understand why anyone would not want an incorrect and offensive issue with this list or any page here fixed This is really appearing to be a dictatorship to anyone trying to contribute  <SPLIT><SPLIT> Today was not handled well and nothing is being done to promote any kind of fairness here,0
The present content of this page makes it impossible to believe that it was not primarily written be dishonest persons who were deliberately being stupid  Its vandalism,0
All of you Earthers are idiots The alien in Plan 9 from Outer Space just before he got indefd he was defeated by those same Earthers,1
Thats stupid The people in question have all been dead for centuries we hardly know what they believed anyway and practially the only reason we have heard of them at all is because they were considered heretics by their contemporaries Heretic is de facto a neutral historical term for people who were thrown out of mainstream Christian churches for teaching heterodox doctrines The article is not declaring them heretics its simply describing a historical fact,1
A See also section would include specific important botanists while this list includes all botanistspotentially usefully or interesting the former while the latter is not useful at all Is there a bot that updates it,0
If hes not a reliable source on the subject of Messianic Judaism then lets you and I go purge the other pages where his book Messianic Jews Are Not Jews is counted as authority on the subject,0
It does matter It does not cover biographical details within the BLPs of other people Thats what blue links are for,0
The user above had complained about the article before I had made my additions to it so he was not objecting to naming the gunman,0
Historical NYT per email  <SPLIT><SPLIT> When I email historical NYT articles to people the email contains a link but it also has the article itself attached as PDFno password needed Is it different for you I can email you a test article if you like,0
Figure 2 on PDF page 45 of the [[indigenous]] supporting source at  Again did you make any effort whatsoever to search the peer reviewed literature before you started deleting things on the basis of the up reviewed Pope Center monograph which doesnt even quantify its hypothetical point of diminishing returns or even rely on actual data to support it,0
[[Chavez]] I think the Ashlee FAC should have been given more time The vote was progressively moving closer to decisive support and I think it would have if it had been given a few more days,0
IIRC its because [[Director]] didnt want Snape to be tempted by the Dark Arts,0
forgot to sign,0
There is an article for every song on American [[Fuckhead]] so why not the Black Parade,0
Shut up and go away you ignorant twit,1
Calling somebody a fg ahole is different to giving somebody the impression that youre referring to them as a Nazi  See WikipediaRequests for arbitrationJmfangioChrisjnelsonWorkshopExtreme incivility by Chrisjnelson  Jmfangio said link 2 in this section is particularly troubling for me and Seraphimblade said Chrisjnelsons behavior during this incident was highly uncivil and unacceptable especially the Nazi reference  The issue for them isnt as much a fact that they think you called me one but rather because you decided to use that word as your word choice <SPLIT><SPLIT> And as far as being called a fg ahole Im in high school  Everybody calls everybody else stuff like that so if somebody were to call me that I wouldnt think too much of it  Its normal for high schoolers  But when you used the word [[Auschwitz]] you made me think that you were comparing my behavior to that of one  You say you didnt but you also said you were lying in that edit summary which makes me still think you were and that hurts <SPLIT><SPLIT> You are responsible for your actions and for everything you say  If you say something offensive then you should prepare to deal with the consequences  You can never say things like and not have anybody take offense to it  And let me ask you something do you think that I took offense to that comment,0
Jatt Sikh <SPLIT> Please do not yet again add the governor of South Carolina to the Jatt Sikh article without first sourcing something that verifies her as selfidentifying as someone from that ethnicity I am aware that she appears to have selfidentified as a Sikh but that is insufficient Our policy regarding biographies of living people is pretty strict and we cannot allow statements such as you have been asserting without the appropriate verification,0
Biased article  <SPLIT><SPLIT> This whole article seems very proLinux to me Lets remember Linux is so bad that theyre having trouble giving it away for free with the majority of computer uses preferring to pay money for other OSes It was written by tens of thousands of different people all having their own idea over whats best making it the ultimate designed by committee piece of software It was also written by experts who wrote most of the time for themselves making it very difficult for nonexperts to make any headway Yet look through the entire article and see what has been said that is even remotely negative about Linux Theres very little there    <SPLIT><SPLIT> Wikipedia is not about presenting points of view its about providing info from reliable source I dont see you presenting any reliable source for inclusion only an irrelevant personal opinion As for so bad that theyre having trouble giving it away for free thats a misconception First of all there are million of users so I dont see it as a big problem second not everybody needs Linux and of course because Microsoft monopoly many programs are available only for Windows most of the people are interested in programs not in operating systems  [[additionally]] this plain fact doesnt have tell anything about how bad or how good an operating system is Oh by the way if you think you found a platform in the talk page let me disappoint you not many people read it usually only editors of the page and editors usually know a bit about operating systems Oh and by the way many people who use Linux can get Windows for free they still dont use it what does tell you But since you are the one doing the complain here what specific thing in the article is presented in too positive light Im curious,0
Group or band  which one  <SPLIT> We are holding a straw poll in a very friendly way of course to decide if The Beatles should be called a group or a band You can add your user signature to one or the other by clicking this link Group or band  which one Thanks,0
People who make [[bulk]] changes should explain here  <SPLIT><SPLIT> There have been more than a dozen changes in this article so far today  I dont have a problem with them but a word of explanation on the talk page would have been nice,0
JAM magazine and careers 360 both qualify as WPRS There is no requirement that  In fact Careers 360 has links with the Outlook group No point in removing them,0
[[Accolades]] <SPLIT> I vote very rarely in RFAs but yours happened to catch my eye you would have won without my vote of course but I am happy to show my support for good editors,0
of other [[ambien]] [[fuckwit]] persons,0
t34  <SPLIT>  Please stop attacking other editors as you did on User talkBinksternet If you continue you may be blocked from editing Wikipedia <SPLIT> you know maybe you should too dont you think and i dont really give a shit to your threats enjoy your miserable administrative power,1
Neptunekh2  <SPLIT><SPLIT>   Last chance saloon,0
[[That]] is pseudointellectual You could use many of these points to denounce media coverage of Aum Shinrikyo,0
thank you very much,0
Im too lazy to write about their football team But it is currently doing very well They have a college bound QB Northwestern Stanford Purdue maybe he could be tlaked about,0
has been killing inocent people in forine countrys,0
This needs a citation from a reliable secondary source,0
Is worth mention the Time4popcorneu as another distribution source Also you can watch TV shows on that version,0
Maybe they want but they arent I have quoted a source there are many others No part of the country is in Europe albeit there are some erronous entries in enWP,0
Holy shit Thank you   not acceptable,1
Stop making snarky edit summaries that attack me This is your final warning,0
Come off it woman There are newbies and there are politicians and they can be treated differently,0
161 <SPLIT>  PCTV  <SPLIT>  PCU  <SPLIT>  PCUB  <SPLIT>  PCUBA  <SPLIT>  PCV  <SPLIT>  PCVG  <SPLIT>  PCape  <SPLIT>  PChicago  <SPLIT>  PCoffee  <SPLIT>  [[DP]]  <SPLIT>  PDOH  <SPLIT>  PDC  <SPLIT>  PDD  <SPLIT>  PDE  <SPLIT>  PDEA  <SPLIT>  PDEN  <SPLIT>  PDENMARK  <SPLIT>  PDESIGN  <SPLIT>  PDISNEY  <SPLIT>  PDK,0
Ive already cited two modern sources which consider Arrians figure reliable how can you still complain about that The article has been worse than an Iranian school book for months and you suddenly care about how many scholars choose Diodorus over Arrian I mean come on show some respect,0
Siobhan I am only taking specific issue with your editorializing my motivations as sickening and unethical  not on your disagreeing with me on what I beleive is an objective issue with a particular citation and a particular editor that I felt was not evenhanded in his approach You said While some of your edits may have been great content others were clearly just promoting your own external efforts without regard to Wikipedias core policies But ALL my edits including unchallenged and valid nonprofit technical references were removed because of a seemingly unrelated the issue with Greentealovers The hypocracy I indicate is not specific to you but to these uneven decisions Go to the green tea page on Wikipedia and you will still see citations from TEA COMPANIES that have only JUST been referenced as dubiousdiscuss because of the concerns I recently raised about evenhandedness The fact is Greentealovers was a valid contributor to the green tea pages for years and wrote the entire initial section on Japanese green tea WHEN NOTHING EXISTED ON WIKIPEDIA but information on Chinese Green Tea  How self serving was that to provide information that did not exist on an important element of green tea And yes I did appropriately cite where that information came from greentealoverscom My problem is that Wikipedias CORE policies are always a work in progress and a valid contributor one month is in violation the next You are correct that I did not remove other references on the green tea page because I felt it innapropriate and actually quite petty to remove the citations of others while my own citations existed there I considered them all as valid as mine Since the official WIKI editors didnt deem it appropriate to remove them why should I But there was one editor OhNoItsJamie the name says it all who went after my citations because I questioned his evenhandedness Youll find most of my warnings and issues stem from this back and forth between myself and him In fact the blacklisting of every [[alluding]] I have seemingly made to wikipedia is the result of my recently MOVING not adding but moving a citation that had existed for years from one part of the green tea page to another I wonder if you have even visited the greentealovers site to check for yourself the amount of referenced medical preparation and tea processing information on it  far more than other Green Tea page tea companies provide because my motivations are different I dont sell the more popular black teas only teas I feel are backed up by peerreviewed medical research to have health properties The money I make from this green tea site goes to limiting my carbon footprint and I have invested significantly in solar power and more fuel efficient boilers That is why I take exception to your editorialing about my motivations ethical I have no issue if you disagree with me about the appropriateness of a particular citation in an objective manner My lifeling record touching literally millions people in a socially responsive way stands on its own merits,0
[[Farewell]] there Welcome to Wikipedia If you want to drop us a note at WikipediaNew user log to introduce yourself <SPLIT> You can sign your name on talk pages by using    for your username and    for your username and a timestamp <SPLIT> Welcome is a good place to start WikipediaTutorial runs through all the basics WikipediaHow does one edit a page gives editing help WikipediaManual of Style gives formatting info WikipediaPolicies and guidelines tell about the principles we operate on Its important but dont try to read it all now WikipediaHelp covers a broad range of useful topics WikipediaHelp desk is a place to ask questions WikipediaShow preview explains how to doublecheck your edits before saving <SPLIT> You can also feel free to drop me a question on my  Ill answer if Im here <SPLIT> Happy editing,0
Please stop your disruptive editing If you continue to vandalize Wikipedia  you will be blocked from editing,0
Alright fine whatever dont add the section Im just sorry that so many editors are completely idiotic that they cant tell how a page can look betters Actually its quite sad and no wonder there are so many bad grammar and spelling errors on Wikipedia  642 12 December 2011,0
By the way I am happy with most of Gwens recent edits as they are indeed improvements,0
Ive reverted or edited several instances of your insertions of Islam in the See also sections of various articles Ive done this mainly because the edits seemed to be poorly thought through in one case it introduced a new see also section where one was already in place and in my view has a poor connection to the subject matter at hand For instance in the article about Anders Gravers Pedersen do you really believe that a see also section with only one entry Islam is appropriate,0
Baking powder is a mixture The mixture varies depending on the manufacturer There is not a fixed chemical formula,0
From here on down are all missing,0
Treatments  <SPLIT> I would also add a section where the benefits of exercise are discussed It was found in a peer review journal article that exercise can cause significant improvements in the overall number of sleep apneas and oxygen saturation of the lungs This article also noted an increase in the ratings of the subjective sleep index,0
Ash blonde I think Dyed hair darkerblack from 1957 Occasionally had more natural hair color army postarmy in Kissin Cousins and off screenstage eg 1967,0
You have already been warned to not remove referenced material from an article and replace it with unreferenced contradictory opinion,0
This whole issue is just stupid Why not leave well enough alone  July 6 2005 0217 UTC,0
Lol  <SPLIT><SPLIT> Wrong user [[cant]],0
I was under the assumption that [[American]] was well aware of Japans plan to bomb Pearl Harbor,0
[[Admiration]] for that background info  I really know nothing whatever about kimchi I have never never heard of it before and never eaten it  I am just asking to avoid missing the obvious  For example if we were to have a discussion here on whether humans walk on their feet or their hands it might be easier to provide sources saying that people can people walking on their hands rather than on their feet just because walking on our feet is so commonplace,0
Thats not true  I clicked on your link and it says 7 white 63 mestizo 18 amerindian  You apparently created your own categories  etc etc,0
With [[abide]] to what you said above And  I have nowhere implied or said the  Protocols are true to claim otherwise is a lie   When you  strike out antisemitic hoax   httpenwikipediaorgwindexphptitleDavidIckediffprevoldid175145716 as you did in that diff you are leaving the reader with the impression that the Protocols are not an antisemitic hoax thus implying that they are possibly true  So who is telling stories now,0
if im adding kalaignar karunanidhi image means it shows like image been deleted and You should check that files deletion history before proceeding  <SPLIT> to reupload it  pls tell me how to upload these image,0
die regina die unicorn i wil blo u up m8 u get blatd b4 u can say nooooo1 u gon be ded esploded an oonicurn guts gunna rain from the heavens1 u vandal rapscallion trenchcoat atheist apostate satan hedonist nazioccultist goat worshipper1111 <SPLIT>                                 <SPLIT>                                        <SPLIT>                                            <SPLIT>                                               <SPLIT>                                          <SPLIT>                                          <SPLIT>                                                 <SPLIT>                                            <SPLIT>                                               <SPLIT>                                            <SPLIT>                                                <SPLIT>                                             <SPLIT>                                              <SPLIT>                             <SPLIT>                            llll           <SPLIT>                                          <SPLIT>                                          <SPLIT>                                       <SPLIT>                                      <SPLIT>                                       <SPLIT>                                          <SPLIT>                                l       <SPLIT>                                    <SPLIT>  <SPLIT> your stoopid unicurn body afrer i splode u 2 bits <SPLIT> im mad cuz been in the jail i kiled guy w360 no scope i dont play,1
I presume it also includes NKo,0
If you see the website of sensei Iwasa Masaru  you can understand the deletion  Are you talking about these dvds On the other hand now the discussion about Yamada Jirkichis menkyo Have you got any information about it,0
[[Abilities]] Sabatoge <SPLIT> First Line <SPLIT> Mumps can be caught by sexual intercourse also vaginas can get infected <SPLIT><SPLIT> Needs to be removededited,0
Final word Dollface out Sex Gang Children in,1
Im changing the title tomarrow it needs to be updated and more proper links need to be made to the article   <SPLIT><SPLIT>  84000 sacrificed  <SPLIT> I removed the passage in which it is stated that Aztec writings claim 84000 people were sacrificed in the dedication of an Aztec temple in the 15th century According to the cited article the writings in question were actually 16th and 17th century postconquest Spanish Colonial accounts The article goes on to state that while human sacrifice may have been common such a figure is inaccurate by orders of magnitude This is quite an egregious example of disingenuous citation of source material  <SPLIT><SPLIT>  Debt slavery Reliable source needed  <SPLIT><SPLIT> Ive flagged the following In PreColumbian Mesoamerica the most common forms of slavery were those of prisoners of war and debtors People unable to pay back a debt could be sentenced to work as a slave to the person owed until the debt was worked off  <SPLIT><SPLIT> I suspect that this passage generalizes from patterns of Old World slavery and imposes them on preColumbian civilizations where the concept of debtor and creditor may be anachronistic Bondage certainly existed and may well have been imposed on people who were not captured in war But if so this needs to be explained more clearly and with good sourcing The cited Encyclopedia Britannica article has nothing to say about the matter   alias   <SPLIT><SPLIT> Article needs split <SPLIT> There are two entirely different bodies of subject matter here indigenous slavery by other indigenous peoples which needs a full treatment and the separate topic of enslavement by nonindigenous poeples  Also the bad USian habit of using Native American for peoples not in the United States may be in teh sources provided which are mostly USian but it is not appropriate in Wikipedia nor are USonly geographic references such as labelling the Haida and Tlingit as in Southeastern Alaska when they are also in British Columbia Ive fixed that,0
Yeah but there are a lot more Brit [[band]] out there  Also I forgot to mention The Dead Boys in my list of prepunks  I might add that section myself after I finish reading the book From the Velvets to the Voidoids a Prepunk history for a Postpunk world  Its an amazing resource and I reccommend it highly  I discovered many bands from this book and learned much about those I already listened too,0
Laurasia got its name by putting your mom and your face together,0
You are one slow and persistent [[arsehole]] can you read,1
Visit here httpwwwyoutubecomwatchvvs3buXUVa6Y <SPLIT> Visit here httpwwwyoutubecomwatchvvs3buXUVa6Y <SPLIT> Visit here httpwwwyoutubecomwatchvvs3buXUVa6Y <SPLIT> Visit here httpwwwyoutubecomwatchvvs3buXUVa6Y <SPLIT> Visit here httpwwwyoutubecomwatchvvs3buXUVa6Y <SPLIT> Visit here httpwwwyoutubecomwatchvvs3buXUVa6Y <SPLIT> Visit here httpwwwyoutubecomwatchvvs3buXUVa6Y <SPLIT> Visit here httpwwwyoutubecomwatchvvs3buXUVa6Y <SPLIT> Visit here httpwwwyoutubecomwatchvvs3buXUVa6Y <SPLIT> Visit here httpwwwyoutubecomwatchvvs3buXUVa6Y <SPLIT> Visit here httpwwwyoutubecomwatchvvs3buXUVa6Y <SPLIT> Visit here httpwwwyoutubecomwatchvvs3buXUVa6Y <SPLIT> Visit here httpwwwyoutubecomwatchvvs3buXUVa6Y <SPLIT> Visit here httpwwwyoutubecomwatchvvs3buXUVa6Y <SPLIT> Visit here httpwwwyoutubecomwatchvvs3buXUVa6Y <SPLIT> Visit here httpwwwyoutubecomwatchvvs3buXUVa6Y <SPLIT> Visit here httpwwwyoutubecomwatchvvs3buXUVa6Y <SPLIT> Visit here httpwwwyoutubecomwatchvvs3buXUVa6Y,0
There should be but he hasnt made his Nationwide Series bebut yet has he,0
That too is fine with me That should be the best place to get insightful input,0
Last line in Sena Kashiwazakis description is confusing  <SPLIT><SPLIT> Im utterly confused by the last line under Sena Kashiwazakis description In Volume 8 Sena proposes to Kodaka asking him to marry her Sena also confesses to Kodaka that she loves her This is obviously a typo Sena proposes marriage to Kodaka but is it Sena who confesses or Kodaka I have no access to the light novels so I cant confirm it Can anyone correct this,0
Nike Locations Elisha C [[Asshole]],0
Thou blind slave Weep for thy innocence for it is already dead,0
I dont think the claim is that Trent is not Tyrolean rather I think that while the region of TrentinoAlto AdigeSdtirol can properly be described as southern Tyrol with a lowercase s South Tyrol generally refers to the province created by Italy after WWI This ngram shows that while Tyrol has been around for a long time South Tyrol first appeared in numbers after WWI the same is true incidentally for Alto Adige and Sdtirol This view that South Tyrol is a modern invention is backed up here among other sources,0
Images nominated for deletion <SPLIT> I have nominated some of the images you have uploaded for deletion because of doubts about their copyright status and since they are currently unused only used in a deleted article Please have a look at images for deletion for more details and feel free to comment if you dont weant it to be deleted Regards,0
ToFeignClef as you have not [[aghast]] to support your allegation whatsoever even after a block was instated several days ago I have concluded that this was a mere trolling of yours I think your manner of trying sabotage Bbb23 was not only vicious but just plain bizarre I mean Ive not even heard of editors taking such weird tactics to individuals whove not even done anything to them You sunk to a new low here at Wikipedia one that Ive never even heard of and Drmies was right to block you indefinitely for it Ive formally apologized the admin Bbb23 Shame on you,0
WPDOB does not state that cases in which there is no reasonable expectation of privacy are exempt from the policy,0
I hate this stupid so called intellectual discussion about an evil man whose life has no meaning,1
Lets kill this fad shall we,1
John P Meier A Marginal Jew Doubleday 1991 vol 1407  <SPLIT> [[Fucking]] of Nazareth was bornmost likely in Nazareth not Bethlehemca 7 or 6 BC a few years before the death of King Herod the Great 4 BC  He was dead by the evening of Friday April 7 30 He was about thirtysix years old <SPLIT> p 406 <SPLIT> We have seen that it is likely that Jesus began his ministry in AD 28 and died on Friday April 7 20 <SPLIT> p 229 <SPLIT> During the reign of King Herod the Great and if Matthew is to be believed toward the end of his reign therefore somewhere between 74 BC a Jew named Yeshia Jesus was born perhaps in Bethlehem of Judea but more likely in Nazareth of Galileeat any rate in a small town somewhere within the confines of Herods kingdom <SPLIT> p375 <SPLIT> This helps set vague limits for Jesus lifea as a whole he was not born after 4 BC his ministry took place around the late twenties or early thirties AD and he was crucified somewhere between AD 28 and 33,0
[[me]] dont drink cofee  I drink tea  Is that okay,0
No well leave it to the people that said it was sexual assault  The people being Kris Noble the voice of Big Brother and his many minions  email,0
IIRC only primates have clavicles but Im not sure Anyone clarify  Preacherdoc,0
I will have to ask you to google it kindly Kashmiri Pandits or Kashmiri Brahmins have been considered to be descendents of the so called Aryans in the purest from The Aryan ancestry of the Kashmiri Brahmins has been stressed upon says page 1    New thread,0
[[Aides]] new name is likely to predominate if it hasnt already,0
Discussion regarding TemplateRating  <SPLIT><SPLIT> Hi I noticed from the templates talk page history that you seemed like an involved editor there who may have an opinion on a discussion going on at WPALBUMS about rendering ratings Would you care to weigh in here,0
IWTH <SPLIT> 1 As I said sabotage occurred and mentioning it is of course perfectly fine <SPLIT> 2 So let me get this straight As far as I can tell from the sources the Venezia surrendered to the Chetniks not subjugated or taken control of but defected to the Partisans The only source that explains why says this was due to Chetnik failure to bring the division securely under their control You think this is an oversimplification in your opinion but do not explain why Nor have you provided contradicting sources I also do not see how the surrender of the Italian army counts as an action by Mihailovic in the first place,0
THIS IS NOT THE REAL TREVOR MARTIN I KNOW THE REAL TREVOR MARTIN HE IS NOTHING LIKE THIS THANK YOU FLAGGED FOR INNACURACY AND CHILD PORN,0
Fair [[Accustomed]]  <SPLIT><SPLIT> From    <SPLIT><SPLIT> Jim you should have asked what Fair Use is before retagging all of my images  You repeatedly and mistakenly say not presskit so not fair use  Even on the page you linked to it clearly states that images for which there are not designated blanket categories may or may not be fair use depending on what the image is and how they are used  Please see the appropriate article Fair use to educate yourself on all the different cases where Fair Use can be asserted  In the meantime I will try to provide details on the images I care about as to why they qualify as Fair Use under United States Copyright Law  Remember when in doubt ask before you retag so many images  It is considered rude on Wikipedia to tag 30 images from the same user within an hour    <SPLIT><SPLIT> I tagged exactly 4 images as PUIdisputed Ive read the Fair Use article and I dont see an application of it to the photos I marked as PUI There are 30 days between my marking of the images any any possibility of deletion That should be ample tme to make a case for those 4 images <SPLIT> I marked other images as No source which isnt a judgement call  there were no sources <SPLIT> Marking the images as such wasnt about 30 images from the same user its about making sure Wikipedia is tidy,0
I [[actualy]] try to convert you  I will continue to be cautious about switching from info to geo Thanks for adding a map recently to Wallowa Lake State Park Do you mind if I make the switch in the fossil beds article if Im careful to retain all of the information thats in the infobox,0
Yes because that position is defacto recognised by a huge list of powerful countries who recognise the PRC but also maintain diplomatic relations with Taiwan,0
It is  unksonfkjdnfskfjo shcdopih dwvhe89pf hebnerfsedp m,0
WTF <SPLIT><SPLIT> Why in the [[cosmos]] would anyone make an article on this,0
I know this is old but does anybody else thinks this person was really stupid  anon,1
Ok then so are we going to detail how Gamefreak came up with the Pokemon names then You can not nit and pick on what details go in and what details dont go in Im afraid that consensus is well within my side The glitches section is pretty much useless information on the DP page But on the Pokemon glitches page you know the actual page dedicated to game glitches for Pokemon that would be well within grounds of being useful But here it is not,0
does her nose job really constitue a section  <SPLIT><SPLIT> who the hell cares if she got a nose job  Let her live in peace,1
Thanks  <SPLIT><SPLIT> Its a lovely little armoire for my archives  Thanks for that,0
Oppose  classic case of WPTWODABS where two subjects have interelated long term significance Leave as is Downloading a 2 dab is considerably less expensive to mobile users than the mobile groaning and churning to download the wrong article,0
Heh I completely forgot about that RFC,0
lol [[farcical]] Muslims burned their own shit,1
[[April]] 8 2008  <SPLIT><SPLIT> Uh why is it listed as being on the Billboard chart at number one for November 8th when A the date the charts came out with it on top was October 30 and B as of this writing its not even November 8th yet,0
[[admittedly]] you should erase this too while ur at it   <SPLIT><SPLIT> httpsenwikipediaorgwikiDraftSkyPhoenix,0
MexicanAmerican [[Bataille]] <SPLIT> While I can see that MexicanAmerican War was not moved this does not appear to be an appropriate closing There are probably 10000 reliable sources that say that it is spelled with a hyphen and our own style guide says that Hyphenation also occurs in bird names such as Great Blackbacked Gull and in proper names I am sorry that I missed out just kidding on the lengthy discussion last year that oddly and incorrectly argued for a bizarre new use for the endash that no one else uses Please explain,0
Non English sources  <SPLIT><SPLIT> Hi Cntras <SPLIT> I want to expand an existing article but the only reliable sources I can find are not in English What do you think about such sources Should they still be used <SPLIT> Thanks <SPLIT>   Guyother,0
which even if true still would not support your bizarre edit,0
The source you gave gives 1765 as the first mention of the name,0
If you dont see the point in it youre free to look for greener pastures Your behavior here has been highly disruptive Ive yet to see you contribute anything meaningful Feel free to look for entertainment elsewhere,0
If you deny you are SquealingPig you are a liar un mentiroso Stop using wikipedia as a platform to attack me and take responsibilty for your actions as SquealingPig who appeared minutes after you engaged me in an edit war,1
[[affirm]] like its being discussed for removal,0
LTTE statustitle <SPLIT><SPLIT> Moved from main article   The LTTE has been given the horrible title of terrorists However it is the singalese majority government that has shown bias towards their own people and do not give Srilankan Tamils rights The LTTE is a group who is trying to liberate their people from the majority singalese country hence the name Liberation Tigers The tigers are trying to fight for their peoples rights and the rest of the world is just looking at them and judging them as if they are terrorists This point of view is not only wrong but unfair to the soldiers who are fighting in what they believe in It is also not rigth because the LTTE have been at a ceasefire since 2001 The fact that the people of the world still consider the LTTE to be terrorists is unjust and actually cruel  <SPLIT><SPLIT> Hi How would you suggest we word  address these issues in an NPOV way Regards,0
Needs cleaning up  <SPLIT> SteveO has [[achieved]] some really retarded things in his career that people have flocked to and landed him millions of dollars Regardless if Steve O is a doofus and has eaten a hot pile of dog [[fucking]] off of a sidewalk he is still a celebrity He is on TV gets laid because of it and makes a ton of money at his own expense That is a celebrity in my book People ask him for autographs and I bet people ask him to eat their own crap He probalbly will do it if you give him enough  <SPLIT><SPLIT> Why is this paragraph in here  Whos opinion is this  I thought his was supposed to be an encyclopedia not someones opinion interwined with various facts,0
The only other thing I can think of would be to disable all your other scripts and gadgets then reenable them one by one to see which is causing a conflict if its also happening with easyblock then its probably not a problem with the script itself And if it doesnt work when its the only script  then Im stumped,0
The recommendation of WPINTDABLINK is that a redirect should exist at Skipsfjorden disambiguation if that title is not the disambiguation page to point to the disambiguation page So if the disambiguation page is moved twice from Skipsfjorden disambiguation to Skipsfjorden disambiguation and then to Skipsfjorden a redirect will remain at Skipsfjorden disambiguation which is the recommendation of INTDABLINK If Skipsfjorden disambiguation is moved directly to Skipsfjorden then a redirect should exist at Skipsfjorden disambiguation As the disambiguation page is currently at Skipsfjorden disambiguation a redirect to it should exist at Skipsfjorden disambiguation So the outcome of the requested move would not impact on what happens with the speedy request If Skipsfjorden disambiguation were moved to Skipsfjorden disambiguation then it could still move to Skipsfjorden as a result of the requested move but a redirect would remain as it should if the requested move failed then the disambiguation page would be properly named per WPDABNAME,0
[[Any]] multiple issues <SPLIT> I removed this issues template <SPLIT><SPLIT> I do not see any of these issues present in the article,0
Whats clear is that you have created a [[strategic]] attack page  As to notability WPBLP1E and WPNOTINHERITED apply What is becoming more clear at the moment is that your political attack page is fair game for inclusion in an upcoming arbitration case  Hopefully this and other political gaming will be dealt with adequately in that venue  Cheers,0
Speedy deletion of Darian Zam <SPLIT>  A tag has been placed on Darian Zam requesting that it be speedily deleted from Wikipedia This has been done under section G1 of the criteria for speedy deletion because the page appears to have no meaningful content or history and the text is unsalvageably incoherent If the page you created was a test please use the sandbox for any other experiments you would like to do Feel free to leave a message on my talk page if you have any questions about this  <SPLIT><SPLIT> If you think that this notice was placed here in error you may contest the deletion by adding  to the top of the page just below the existing speedy deletion or db tag coupled with adding a note on the articles talk page explaining your position but be aware that once tagged for speedy deletion if the article meets the criterion it may be deleted without delay Please do not remove the speedy deletion tag yourself but dont hesitate to add information to the article that would would render it more in conformance with Wikipedias policies and guidelines   review me,0
This needs working  <SPLIT><SPLIT> In Judaism Jerusalem has been the holiest city since according to the Hebrew Bible King David of Israel first established it as the capital of the united Kingdom of Israel in c1000 BCE  <SPLIT> Really so where in the Tanakh did Jerusalem become  the holiest city after David negotiated with the Jebusites and where in the Bible is the date c1000 BCE Precisely because everyone recognizes what the sentence is supposed to mean no one seems to notice that it is extremely clumsy Leads deserve better more accurate writing and claims require good RS backing,0
I changed the old list of examples with the WPARSFAME examples on the main page,0
I believe that may just be server lag  In general when you go to an nonexistent users page  you will see User account Syrthissexampleuserpage is not registered in the editnotice at the top of the page  That was the first thing I thought too that he just made the page of a nonexistent user  Kind of a moot point though,0
This message is regarding the page TemplateCurrent events box Thanks for experimenting with Wikipedia  Your test worked and has been removed Please use the sandbox for any other tests you want to do Take a look at the welcome page if you would like to learn more about contributing  Thanks,0
Its not ridiculous its called WPV Anything stated as fact needs a source and any opinions must be presented as such eg Critic X thought that album Y had a more disco sound than Artist Zs previous albums Ten Pound Hammer  and a cluebat,0
all u playboy girls FUCK YALL BITCHES COME TO MY HOOD SON ILL FUCK YALL ASSES UP SON DNT MAKE ME BRING DA GETTO SIDE SON WHUT DA FUCK SO IF YOU GOT SOMETIN 2 SAY SON STEP CUZ IM FROM BROOKLYN N DNT MESS WIT BLCK GHETTO GIRLS DATS FROM BK OK JUST LETTIN YALL KNOW DAT GOES 4 U OTHER HOES 2 NIGGGGGAAAAA,1
Pretty broad topic,0
Cat about Arab Winter  <SPLIT><SPLIT> I cant see how this is connected to the Arab Winter Any comments,0
Kalpiz  <SPLIT><SPLIT> Not without some more warnings Ive also unprotected your talk page user talk pages should never be semiprotected except in extreme cases and even then only for short periods,0
Wikipedia actually doesnt strive to have crossarticle consistency at least not the way you mean  In any event choice of name has only a little bit to do with who controls the islands and is instead based almost entirely on is commonly used in English  Here Dokdo and Takeshima are used about equally in English so a compromise name was chosen However theres a lively debate going on at TalkSenkaku Islands if you have any factual policy based advice about what that article should be called youre welcome to give it over there,0
Please stop removing large chunks of contents from Monopoly game if you dont have a good reason to do so Thankyou,0
An example there is an ocean current called the California Current  This name applies to a current which runs not just along the California coast but from British Columbia down past Baja California  There is no such thing as an Oregon Current or a Washington Current,0
Its actually Albanian Muslims of Austrila not just some people   Kosova2008,0
Ive now added a section Examples of magnification,0
Postscript Note that my emphasis has been one trying to provide a better answer to the VFD Types question the first priority being naturally enough on accuracy and completeness In that regard it is not enough to make unsubstantiated generalizations about new content What is needed at this stage is a la form follows function specific comments as to what exactly that one disagrees with about the VFD Types accuracy and completeness,0
The [[aggregate]] redirection from Calabrese to Calabrian is stupid  more entries listed are for articles with calabrese in their name than calabrian,0
I would attempt to fix the POV issues if people would explain what they are  Alison place this tag over issues of WPOWN  I come to this article as an independent editor concerned regarding this tags usage as advertising     email,0
Image copyright problem with ImageMap of japanese nuclear power plantspng <SPLIT> <SPLIT> Thanks for uploading ImageMap of japanese nuclear power plantspng However the image may soon be deleted unless we can determine the copyright holder and copyright status The Wikimedia Foundation is very careful about the images included in Wikipedia because of copyright law see Wikipedias Copyright policy <SPLIT><SPLIT> The copyright holder is usually the creator the creators employer or the last person who was transferred ownership rights Copyright information on images is signified using copyright templates The three basic license types on Wikipedia are open content public domain and fair use Find the appropriate template in WikipediaImage copyright tags and place it on the image page like this TemplateName <SPLIT><SPLIT> Please signify the copyright information on any other images you have uploaded or will upload Remember that images without this important information can be deleted by an administrator If you have any questions feel free to contact me Thank you,0
[[Blizzard]] jal <SPLIT> This article is seriously very ugly in looking and the information of india is too much and childishwhy dont we make a article called Effects of Cyclone Jal on India,0
Their policies are fascistic This does not need backing up It is self evident,0
Thanks That was my hunch  thats why I didnt reply,0
Definitely a wonky [[agreement]] When we look back on how much got installed this year people are going to be quite confused  <SPLIT><SPLIT> I realize the module sized wafer idea is out there I was thinking more along the lines of getting these large sheet sized wafers with a nontraditional process like that used by 1366 You bring up a lot of hurdles youd have to get over The breakage problems had occurred to me but the issue of the crystal quality gradient hadnt This brings forward a related question Wont these monticrystalline wafers lead to a lot more bins,0
REDIRECT TalkFrench submarine La Sibylle 1932,0
[[Began]] importanceMid hemoncy hemoncimp dermatologyy dermatologyimp,0
Sort of Agree with Wikidemon  Its unencyclopedic especially because not necessary BECritical,0
I was referring to me breaking 3RR first Anyhow I reverted initially since you closed the nomination without a summary explaining why you were ignoring the guidelines for a close Without such a thing it provides the impression that youre closing it prematurely,0
Nope As an encyclopedia rather than a linguistics journal Wikipedia follows whatever the most common usage is Obviously its important to explain the difference in the article where its discussed but because the phenomenon is known virtually universally in the linguistics literature as flapping we should stick to that terminology when discussing it in other articles too,0
A blood libel is not a [[affront]] or false accusation A blood libel occurs when Jews are accused of killing for ritual purposes namely to obtain blood that is then putatively used for some magicoreligious end If all false accusations against Jews concerning murder are blood libels the term loses its specific gravity,0
DAguilar   <SPLIT><SPLIT> DAguilar was a Major General too  Changed to reflect that,0
Quoting a source that says Turner is an [[boorish]] little bitch doesnt mean that the Wikipedia community is calling him an uppity little bitch  It has nothing to do with who doesnt like Hal Turner or not or whether hes an uppity little bitch or not its just a quote,0
Running  to  Aunty Ani  <SPLIT><SPLIT> If I  were one of those many  editors who who  deliberately  look  for the slightest possible hint of PA in  every post  they  read like them I  would be wasting  everyones time by  running  to  clutch  Aunty Anis apron hem  bawling with  crocodile tears That  said  My impression is that the schools project is now run largely by haters who are constantly at loggerheads with advocates and old boys of particular schools is just  going  a bit OTT even tongueincheek,0
Weapon infoboxes conversion done  <SPLIT><SPLIT> Overall time just under 1h30 AWB and Excel rule,0
May 2011  <SPLIT> Im not sure why you keep editing out of consensus in Ramot That might appear as edit warring And you are free to remove this warning,0
Please stop If you continue to violate Wikipedias neutral point of view policy by adding commentary and your personal analysis into articles  you will be blocked from editing Wikipedia,0
wat the heck  <SPLIT><SPLIT> what the hell is wrong with you <SPLIT><SPLIT> Next time you vandalize my page im going over there to Fayetteville Arkansas and beating the crap out of you,1
[[Ahh]] Im stunned and much as Id like to contradict the comments of my staplers all I should really say is Thank you TT,0
One of the problems is the general poverty of psychology articles on WP strange that So many are stubs Its hard to fit eyehand coordination into a single subcategory cognitive psychology is about as deep as youd want to go It involves sport piloting music reading machine operation copytyping and lots more,0
Sorting this page out <SPLIT> This page and many related pages are at present fucking awful No sources at all for a start And by the way you cant just create a page for every single song on an album Theyre just not notable failing WPMUSIC Hopefully most of these will get deleted over the next few days,0
Emax  SpaceCadet  <SPLIT><SPLIT> I think what these two guys are doing is abuse They are actiong like there are two of us and we will outrevert you no [[affair]] what Their refusal to have a meningful discussion is abusive,0
I [[average]] most of the links provided do not even discuss the episode at all let alone mention snakeheads  I based my original decision to delete the section in the first place on the guidelines here,0
Vandalism on Holland  <SPLIT><SPLIT> Hi Tide rolls nice job on the reverts I know the people in real life and infact they were being stupid and saying they were 2 different countries I was just too slow to revert shall I yell at them in school tommorow P,0
Dante  <SPLIT><SPLIT> Added and rewrote some on Dante Alighieri I agree the article needed a lift in quality and critical level and that Boccaccio is a crappy foundation when it comes to Dantes life and works Will add some source notes soon,0
Urat Middle Banner <SPLIT> Could you add some context For example in this article it should start Urat Middle Banner is a division of Inner Mongolia  or something  as it is now the reader has no idea what the article is about,0
September 2008 UTC <SPLIT><SPLIT>  Not really a winner  <SPLIT><SPLIT> Looking at it in parts <SPLIT><SPLIT> The agreement was designed to be terminatable grumbling It appears to have been done   and  But Im very annoyed that JHunterJ failed to notify me of the discussion or the result  not sure if he mentioned it to you Collectonian Co really shouldve signed that agreement but refused to do so and all I can do is sigh at the moment because I do see part of the complaint above misrepresented and Abtract Ab is partially off the hook <SPLIT><SPLIT> This revert by Co wasnt helpful  if it was just correcting the date a partial revert was all that was needed The full revert of the history with will fix rest up in a minute isnt going to fly and appears as a WPOWN problem and of course it will escalate the situation Predictably Ab reverted here  his get away woman comment in the edit summary would surely escalate this further I wont be surprised if hes going to say that he intended it to mean dont revert in full then  I spent my time contributing Thats the part hes off the hook <SPLIT><SPLIT> Ab filed a 3RR report on Co where he was not involved in the dispute The reverts on the 3RR report did show editwarring  both Michael and Co were involved and Stifle protected the page see  But as Co points out civil discussion was already under way on the issue at Cos talk page prior to the 3RR being filed Its one thing to genuinely file a report as an uninvolved editor in a dispute but its another when youve been repeatedly told to stay away from each other Why file the 3RR report despite being in the latter category The harassment claims are not meritless here As there was clearly editwarring I dont think an indef block will be supported but its time for sanctions  <SPLIT><SPLIT> There were so many drama invitations in this case primarily though brought on by Collectonians refusal to sign the agreement Collectonian wants nothing less than Abtract to stop It goes both ways Whether Abtract created the article because it was on Collectonians todo list or because he wanted to remains to be seen I suggest the following remedies to be enacted <SPLIT><SPLIT>  Should in the opinion of any administrator Abtract make any edit which constitutes harassment of Collectonian he may be briefly blocked for up to 3 months in the event of repeat offenses Note  this remedy may be expanded in scope to include harassment of any other user if it is later deemed necessary in the opinion of 3 administrators  <SPLIT>  If Collectonian has made an edit in any article Abtract is prohibited from reverting it in full or part Note if the edit was reverted in part by editor X and it was reinserted in part by an editor other than Collectonian Abtract may revert that part <SPLIT>  If Abtract has made an edit in an article Collectonian is prohibited from reverting it in full or part Note if the edit was reverted in part by editor X and it was reinserted in part by an editor other than Abtract Collectonian may revert that part  <SPLIT>  Should a user violate these 2 restrictions they may be blocked for up to 1 week in the event of repeated violations <SPLIT>  Both users are already aware of the Bold Revert Discuss cycle and are reminded that editwarring has a disruptive and detrimental effect on Wikipedia Should either user editwar in the future they may be subject to further sanctions including wider revert limitations blocks and bans  <SPLIT><SPLIT> The alternative to the above set of remedies is this one <SPLIT>  Abtract and Collectonian are banned from interacting with or directly or indirectly commenting on each other on any page in Wikipedia Should either user violate their bans they may be blocked for up to one week After the fifth such violation the maximum block length shall be increased to one month Note  this remedy may be expanded in scope to include interaction of any other user if it is later deemed necessary in the opinion of 3 administrators to prevent harassment <SPLIT>  Both users are already aware of the Bold Revert Discuss cycle and are reminded that editwarring has a disruptive and detrimental effect on Wikipedia Should either user editwar in the future they may be subject to further sanctions including wider revert limitations blocks and bans  <SPLIT><SPLIT> I think thats about it   1,0
very good article u faggot,0
The Middle East  <SPLIT><SPLIT> I came to this page hoping it would help me straighten out what a common breakfast in The Middle East would consist of  Turkey is represented which helps some but the greater MidEast and North Africa are unrepresented  Can anyone help fill this section in,0
What The user above is clearly a bonehead She was asking for permission to post thats not spamming Have you got a job by the way Most pitbull owners are swarthy fellows so I do wonder,1
WPNPA his release form DOES make him look like a stripper I see nothing wrong with pointing this out And [[fucking]] youre saying I sound stupid You act like name of their release means anything The point you have failed to address is this The entirety of their importance is summed up in the sentence they are named in Barragans paragraph  Copied word for word from my last post I suggest you read up on Wikipedia policies find out what makes a character notable for inclusion and give me a reason why we should devote an entire paragraph to three characters that dont have two sentences worth of importance Who cares about their release states when we dont know what they do And Po doesnt even have a release state his section is literally two paragraphs Call me immature all you like it still doesnt change the fact that your pitiful attempts at providing notability will never succeed You didnt understand what this meant with Grimmjows article and it looks like you havent improved since then A real shame if you ask me,0
Happy First Edit Day  <SPLIT>  classmessagebox standardtalk <SPLIT>  <SPLIT>  rowspan3 valigntop  <SPLIT>  alignleft  HAPPY FIRST EDIT DAY <SPLIT>  alignright  from the BIRTHDAYCOMMITTEE <SPLIT>  <SPLIT>  colspan2 valigntop alignleft stylebackground99CC00 padding5px margin 5px border 1px dotted black   <SPLIT><SPLIT>  <SPLIT><SPLIT> Wishing  a very Happy First Edit Day <SPLIT><SPLIT> Have a fantastic day <SPLIT><SPLIT> From the Wikipedia Birthday Committee,0
Appearances may be deceptive I did continue to make some edits on the page but they were not reverts of anything the other editor did They were edits in good faith For instance I removed an OR section which I myself wrote This is how I know it is OR So that removal was not a revert Cheers,0
This one too I have NEVER avoided a block and have so stated this on several occassions Hilarious,0
Another false deduction The number of perpetrators does not reflect the number of victims The doctrine of Common purpose could mean that just one person was killed,0
Anjana Angel was Born  <SPLIT><SPLIT> Wikipediaan encyclopedia where we can find everything which is related to this world but when i searched this for a name called ANJANA i cant find anyThus i decided to add a page on this massive data bank so that the world would know a great human who is my friendguidemotivation and allAnd here it goes <SPLIT>         <SPLIT>  ANJANA story never ends  <SPLIT><SPLIT>  This part of story is called Journey called LIFE  <SPLIT><SPLIT> Once there was a big space in which there are many galaxies and on one planet god was busy in creating people as that was his routine work and a hectic job But that day was March 1st 1988when god was vexed up with the creation of humans as that was a regular thing for him Thus he decided to create a human who was 100 percent perfect Usually when god creates people he doesnt provide all features to them because if he does so they may forget him thus he will keep some exception to each whom he created But he for the first time i like its not the first time but he may had created many but each person had there specialty such as GandhiSwami Vivekanandai think this human being is also a queen in her own worldbecause these persons were monarchs in there professionsimilarly this human is monarch in her THOUGHTSThus God started to create a beautifuladmirableadorable alluring angelic appealing beauteous bewitching charming classy comely cute dazzling delicate delightful divine elegant enticing excellent exquisite fair fascinating fine foxy goodlooking gorgeous graceful grand handsome ideal lovely magnificent marvelous nice pleasing pretty pulchritudinous radiant ravishing refined resplendent shapely sightly splendid statuesque stunning sublime superb symmetricalwellformed wonderful girl who just resembled like an angel with long curly hair and adorable smileSo he created and he was very much satisfied and pleased by just looking at his creation as she started laughing by looking at himwhen the god was admiring her he changed his mind and thought of keeping her up there only as she is very pretty to himso he changed his mind and kept her by his side and was again busy in his job Then the unexpected happened when she was kept aside at his place she was simply playing with the things up there and suddenly with out any notice she had fallen from that postion which is millions and billions in height in to a massive free spaceGod noticed this and got angry as she left him thus he immeadietley seached his massive data computer such as a super computer and found a pair in Indiaand guided her to that place As he got angry on her he thought that she doesnt deserve 100 percent perfectness thus he edited that 100 percent to 99 percent and gave a negative to her called ANGER Thus a caption was born called no man is perfectNow that his first stage of job is donenow the second stage of his is to send her to a right place to the right world which he decided before that is to IndiaThus he send her from millions of light years and to a galaxy called milky way in that a sun solar system which had many planets and to a beautiful planet called earth in which there was a world and [[assorted]] continents she crossed all the continents and came to a continent called Asia and in that to a country called India and in that a state called Andhra Pradesh and in that a district called Visakapatnam and in that a place called anakapalli and THUS HER JOURNEY ENDED IN THE HANDS OF A BEAUTIFUL PARENTSshe is a gods gift as that gift belongs to god <SPLIT><SPLIT>  This part of story is called molding  <SPLIT> After she was born her parents named her after a goddess named anjanadevi and thus they named her as ANJANAher childhood was very enjoyable as she had fans and heartthrobs where ever she goes but still she had some feeling in her mind that she lacks some thing  she got admirer at the class of 4th itself as its the power of herbut she never changed her rulesshe had her own world and own thinking but with some anger she managed her studies she is intelligent with intellectual thinking and wide view regarding the society and the people around hershe learned a lot in her school days it self Thus she was just like water pure and fragile why i say fragile is that apart from being kind she was also sensitivejust whoever talks with her must handle her with care if not she may broke up and for sure its gonna cut ur life <SPLIT><SPLIT>  This part of story is called Features  <SPLIT> After her child hood and all the world changed and after 23 yrs i met herI met her as a EXAM FEVER and a IDIOT and a strangerit was like a big project for me but as time passed by i started to know how valuaboe she is to me She motivated me a lot in just short time i came to see A to Z in her  <SPLIT> a for attractive <SPLIT> b for beauty <SPLIT> c for carings <SPLIT> d,0
EA can be stupid at times but probably not THAT stupid I hope,1
homopaths [[handjob]] dick and ike it in yhe ass,1
Not necessarily the same point but someone keeps switching Jovany Baretto and Kendra Chantelle in the table and after racking my brains I really cant of a reason why Both were eliminated at the same time and as such it becomes alphabetical BarettoChantelle Its not rocket science D,0
January 2010 <SPLIT> Hi The information that you are adding to MetsPhillies rivalry is formatted incorrectly and doesnt match the provided reference Just a friendly note from    Phils,0
TennCare  <SPLIT><SPLIT> Im puzzled as to why you felt it necessary to restore the information about the programs establishment to the short lead section of TennCare The information is repeated at the beginning of the following section which is entitled History  <SPLIT><SPLIT> Note that the subject article was much longer until a few days ago when most of the content was deleted  for being unsourced and because some of it appeared to be colored by strong POV regarding the current program The fact that earlier today I restored some deleted content about the programs early history does not mean that the early history of the program is the whole story to be covered by the article,0
Is there any reason that the snow article does not link to the snowflake article,0
leave this part alone             <SPLIT>            The page is cleared regularly             <SPLIT>      Feel free to try your editing skills below,0
Reminds me of Nazis,0
Info needed <SPLIT> In some [[communes]] or town pages people are updating private school names that list is around 4050 in number Do we really need that Also temples names they are updating even a small street temple Can you give suggestion,0
[[Accepts]] based on the previous form of the article especially the picture in the section below I would support the move So I dont know where that leaves me With the current scope Id stand by my position but if it becomes more generally about prawnflavored crackers I can support Changing the name without changing the scope seems like dumbing down,0
Jaundice  <SPLIT><SPLIT> As well as looking for jaundice Bilirubin is routinely measured in blood from a heelprick  The risk of jaundice is kernicterus and the treatment for it is photolysis with white light,0
it apparently sounds like a promotional company,0
aligncenter stylewidth600px backgroundcolorf0fff0 border1px [[audio]] black  padding10px <SPLIT> I like to keep my discussion together so please start on my talk page <SPLIT>  If I start a discussion with you on your Talk Page please respond to it there because <SPLIT>  Your talk page will be on my watchlist for a while maybe forever  <SPLIT>  It is just easier to keep track of and respond <SPLIT>  If you start a discussion here I will only respond here so you might want to watch this page <SPLIT>  I am fed up jumping back and forth <SPLIT> Thanks,0
Mario Herrera  <SPLIT><SPLIT> Mario Herrera is a current student at CHS Cartersville High School he was born in Mexico on April 31991 and he is  also on steroids He  claims that he has been workin out since 7th grade but no one belives his steroids taking ass He is currently dating Stephanie she is a freshman at Cass High Mario hangs out with his crew with includes BjOj Kush 3000JuaninoBHilland KMB aka Kandy Man Booty Mario also jacksoff in his spare time to tha huge poster of his naked math teacher in his bathroom He also claims he plays soccer but since he got injured he has retired,0
DYK  <SPLIT><SPLIT>  classmessagebox standardtalk <SPLIT>  <SPLIT>  <SPLIT> Did you [[behold]] was updated On 22 December 2006 a fact from the article Blauhhle which you recently nominated has been featured in that section on the Main Page If you know of another interesting fact from a recently created article then please suggest it on the Did you know talk page,0
The Women who Programmed ENIAC  <SPLIT><SPLIT> Two women operating ENIAC is all we have to say about the women who programmed ENIAC <SPLIT> The source site for the image httpftparlmilftphistoriccomputers captions it as follows <SPLIT><SPLIT> Two women operating the ENIACs main control panel while the machine was still located at the Moore School US Army Photo from the archives of the ARL Technical Library Left Betty Jennings Mrs Bryant Right Frances Bilas Mrs Spence <SPLIT><SPLIT>  <SPLIT> We should at least mention the two bestknown ENIAC programmers Betty Snyder Holberton and Jean Jennings Bartik <SPLIT><SPLIT> Betty Holberton <SPLIT> httpwwwlivewirecomcomcolumns9705html <SPLIT><SPLIT> Jean Bartik <SPLIT> httpinventorsaboutcomlibraryinventorsblbartikhtm <SPLIT><SPLIT> The front lines History of software begins with the work of some brainy women <SPLIT> Petzinger Thomas Jr The Wall Street Journal Nov 15 1996 B1 <SPLIT> httpwwwhavenorgdkapwritingsHistoryofcomputers <SPLIT> wsjcom confirms that an article with this title and author was published <SPLIT> but they dont post archive fulltext [[cyberspace]],0
Thank you so much for the cupcake Youre too kind Maryana I was just trying to keep  somewhat fresh Not sure how useful this is to do so but Im doing it anyway Sorry about the delayed response I was offline Happy editing Cheers,0
[[This]] would be great as for abbreviations you decide but Ill note that the article does not have any space issues yet and I doubt it will So the entire non PSC Politburo are Deputy State Leader rank Who is ranked Deputy Minister Bureau Director Deputy Bureau Director Division Head Deputy Division Head Section Head or Deputy Section Head you dont need to answer all of them just one is suffice and are these ranks party ranks or state ranks,0
The Contribution Team cordially invites you to Imperial College London,0
If it has no staying power get rid of it  Do we want to keep some of the Palin material or trash that too,0
Conservation will be the key contributer Big Box stores will convert to neighborhood shops again Employers will be motivated by cost to integrate housing into their campus plans Cities will build worklive sectors More food will be prepared professionally in local cafes Energy costs will increase but the cost of living will not It could in fact go down as cars become unnecessary and irrelevent Trains become the dominant mode of transportation and the value of a property goes up rather than down with proximity to a train track Local business which have a travel advantage will do better than regional companies with a employeeefficiency advantage  thuse jobs will increase Walking to work school shop and restaraunt will be the healthy and pleasant norm small shops will benefit from foot traffic neighbors will see each other more often and develop deeper relationships mental health costs will go down as will obesity diabetes etc,0
[[Ago]] again I have posted responses to your recent comments,0
I [[actualy]] think there are any formal requirements for putting your essay in Wikipedia space If the essay is Wikipediarelated and potentially useful to other editors in the context of editing Wikipedia you can just put it in Wikipedia space and tag it with  But if its not really directly relevant to Wikipedia it should stay in your userspace,0
[[Actualy]] made most of these changes For 1 it might be visually clearer as R but R has partial positive charge compared to a vinyl group and reactants are usually written with the more positive part on the left In the products the way its drawn there makes it clear that R was an electrophile and R was a nucleophile that underwent substitution at the vinyl group For 2 neither of those degrees really are in something The major biographical detail is the doctoral advisor I added Saul Winstein to the infobox For 3 and 4 I made those additions,0
No you are quite right in the field of stats that is correctly called bias,0
WARNING  This page has protected from f bots and admins,0
[[Could]] now cited is this good <SPLIT><SPLIT> Ultimatedanm,0
Please do not refer to my comment as moronic and retarded  that is a personal attack,1
[[Akita]] Muncher  based on the habit of eating dog meat  also used for Koreans,0
Hmm I honestly dont know whether the bot will follow redirects or not If the report is to be renamed its probably best that I move it and then update the script accordingly Ill reply further at Wikipedia talkDatabase reportsArticles containing bullshit template parameters,0
8d  But in terms of improving the article which is the purpose of these Talk pages it might be a good idea if somebody checked even if that somebody isnt necessarily me,0
You are [[chatted]] nonsense Irish republicans and most nationalists support Irish being the official first language of the Republic of Ireland regardless of how few actually speak it The English First movement some of which I support myself is mainly certainly re King to do with the United States,0
15 December 2010 UTC <SPLIT> Yeah  there are patches in western Virginia that look as if theyve been barely touched by progress  All uptodate of course  everyones on the internet  But sometimes you expect Floyd Allen to pop out from behind the neareast tree  2126,0
actually not speaking Farsi or any other languages from the region I wasnt aware of the mistranslation issue Would you happen to have any citable proof of the claim of a history of mistranslations Also because of the language barrier it would be nigh impossible for us to indicate where the zionist angle would have been addressed in the Iranian news media Sorry The statement meets the criteria of berifiability We report on the claims made by the KKK and neonazis without having to judge the truth or falsehood of their statements we only have to verify their attributability WPATT If you can provide citable evidence that MEMRII has a history of mistranslation we can revisit this subject,0
Implying people are stupid is not nice and Id have to say Kudzu would not be the most obvious contender for that here,1
What prompted this is that Tern Lake Junction has never been considered a community per se  However speaking of Tern Lake Junction looking at Google Maps has brought up another question  We can tell from the signage as well as other available sources that Alaska Route 1 southbound runs along the southbound exit ramp to the westbound Sterling Highway  So technically the Seward Highway and Alaska Route 1 run concurrently only northbound within the stretch between where the two intersect with the Seward Highway  However it is [[arduous]] to tell from the signage whether Alaska Route 9 actually begins at the exit ramp intersection or at the Sterling Highway intersection  I havent paid a visit to that area in a while now  I havent seen anything that I can recall which would constitute an answer from a RS either  Any hints feel free to let us know,0
Like I was saying I have absolutely no idea why this articles many flaws havent been fixed in the past,0
You will need WPRS sources that directly relate the OT and NT issues before it can be used The web link is neither RS nor relevant,0
A Wikipedia Vandal <SPLIT><SPLIT> Hi  <SPLIT><SPLIT> I noticed you banned a vandal for 31 hours for vandalism Have a look at this other person  <SPLIT><SPLIT> httpenwikipediaorgwikiSpecialContributions99227291 <SPLIT><SPLIT> Hes definitely a vandal <SPLIT><SPLIT>  <SPLIT> Cheers,0
no matter how long,0
How can [[allen]] call white pride racist when you have the blacks screaming black power and the natives yelling native pride Are whites the only ones that can be racist How come blacks can call me a HONKEY and not be racist but i cant call him a Nr,0
READ  <SPLIT><SPLIT> FROM TRUSILVERS TALK PAGE ALL EMPHASIS IN BOLD IS MINE <SPLIT><SPLIT> Your comments <SPLIT> addressed to Trusilver  I have been sitting out the RfA and dont see any need to participate in that until and unless it becomes an active nomination But two recent comments by you there89 are grossly inappropriate for anyone in any forum much less an administrator opining about nonadministrators who choose to participate in Wikipedia process You have made very clear that you support CoM which is fine Please confine yourself to that and tone down the insults and accusations against other editors I cannot see any good coming of that You should seriously consider removing or refactoring the comments you have already left Thanks Wikidemon talk  <SPLIT><SPLIT> AND TRUSILVER REPLIES <SPLIT><SPLIT> Thanks for the advice WD I do actually appreciate it Ive had a good time here on Wikipedia Its been an amazing few years I think that the wisest person I have ever met to sum up Wikipedia is my daughter thats not just parental bias its the actual truth She edited with me for a couple months an amazing thing I thought for a girl who was thirteen at the time Then abruptly she stopped editing I asked her if she wanted to work on an article with me she said no When I asked why she said Because almost everyone there is a bunch of fakes who like Wikipedia because they have power over others It took me a long time to see that she was right My Wikicareer is down to its last few gasps Im no longer afraid to say it like it is But thank you WD and may you keep fighting the good fight and keep telilng people what you think too Trusilver  <SPLIT><SPLIT> ARE YOU PEOPLE PAYING ATTENTION TO THAT TEARJERKING BIT OF THEATER TRUSILVERS DAUGHTER IS SMARTER THAN AGGIEBEAN  H E R E S Y   HES GOING GOING GONE BY NOW MAYBE OR MAYBE JUST PRETENDING BUT YOU SHOULD PAY CLOSE ATTENTION TO THIS STUFFITS REALLY QUITE GOOD IF ITS TRUE AND NOT SOME FAKERY BY YOUR FAKE IMBALANCED MARTINETADMINISTRATOR,0
OK great  [[Actualy]] had another wiki editor remove some content with valid explanation  I will continue to update the page with relevant content within the next week or so  Thank you,0
Bowmanville [[CU]]  <SPLIT><SPLIT> Why not Bowmanville Ontario Canada What does UC stand for,0
httpscholargooglecomscholarhlenqallintitle3AantifoamingfoodbtnGSearchassdt2000asyloasvis0 <SPLIT><SPLIT>  httpscholargooglecomscholarhlenqallintitle3AantifoamingfoodbtnGSearchassdt2000asyloasvis0,0
and readded to [[Daisy]] Tyzack,0
Rating <SPLIT> Hey thanks for the rating of the article Ilaiyaraaja Any comments for its improvement Cheers   <SPLIT><SPLIT> Youre welcome I left some notes in Comments below the rating in the talk page of the article I see you already requested a peerreview You can also request another in the Biography Wikiproject   <SPLIT><SPLIT> Nat91 had a look at the Comments page Appreciate the feedback that youve given Ill throw in a request for a Biography peerreview   <SPLIT><SPLIT>  Thanks  <SPLIT><SPLIT> Hey thanks for the review on the R Madhavan article Please leave ur comments on the talk page <SPLIT> <SPLIT> Youre welcome Im going to leave some comments below the rating in the talk page of the article Remember that assessments are only to rate the article on quality If you desire a review please use the peer review process   <SPLIT><SPLIT>  My RFA  <SPLIT><SPLIT>  stylepadding5px border2px solid black valigncenter backgroundcolor FFCC00  <SPLIT>                  <SPLIT> Nat91 thank you so much for your support for my RfA I passed with a vote tally of 6101 I am honored that the consensus was to allow me the added privilege of the admin mop I appreciate your support on my RFA   <SPLIT>  stylevaligncenter  <SPLIT>   <SPLIT>  <SPLIT><SPLIT> Would like to hear from the front lines <SPLIT> Hi Nat  At peer review discussion I posted a query about modifying the peer review request   Since you are on the front lines of those doing the peer reviews and would benefit most from the request I posted I think it important to have your opinion regarding this suggestion  If know any of the others doing the peer review please ask them to give their opinion as well  Thanks     <SPLIT><SPLIT>  <SPLIT> Fair use rationale for ImageMacaulayculkin2jpg <SPLIT><SPLIT>  aligncenter stylebackgroundcolor white border8px solid red padding5px textalign center fontsize larger <SPLIT>  <SPLIT> This file may be deleted <SPLIT>  <SPLIT> Thanks for uploading ImageMacaulayculkin2jpg I notice the image page specifies that the image is being used under fair use but there is no explanation or rationale as to why its use in Wikipedia articles constitutes fair use When you use a generic fair use tag such as fair use or fair use inarticle name you must also write out on the image description page a specific explanation or rationale for why using this image in each article is consistent with fair use <SPLIT><SPLIT> Please go to the image description page and edit it to include a fair use rationale <SPLIT><SPLIT> If you have uploaded other fair use media consider checking that you have specified the fair use rationale on those pages too You can find a list of image pages you have edited by clicking on the  link it is located at the very top of any Wikipedia page when you are logged in and then selecting Image from the dropdown box Note that any fair use images lacking such an explanation will be deleted one week after they have been uploaded as described on criteria for speedy deletion If you have any questions please ask them at the Media copyright questions page Thank you   <SPLIT><SPLIT> A fair use rationale was provided to the image I apologise for the inconvinience   <SPLIT><SPLIT>  ImageMacaulayculkin2jpg  <SPLIT> Thanks for uploading ImageMacaulayculkin2jpg I notice the image page specifies that the image is being used under fair use but its use in Wikipedia articles fails our first fair use criterion in that it illustrates a subject for which a freely licensed image could reasonably be found or created If you believe this image is not replaceable please <SPLIT>  Go to ImageMacaulayculkin2jpgthe image description,0
you [[bosch]] [[assholes]] get a grip on your life,0
It shouldnt have to be pointed out that when somebody is being criticised on the net and the Wikipedia article about them refers to this criticism then this does not mean that the issue is disputed Of course nobody likes being criticised But a controversy is when other people disagree about the criticism,0
uncited additions  <SPLIT><SPLIT>  <SPLIT> dear editors <SPLIT><SPLIT> Arguments advancing the notion of racial similarities between a Nubian and a Dravidian both classified as Negroid Afrocentrists contend are far more credible than those of beween say a Swede and a modernday Turk both classified as Caucasian Traditional racial classifications after all are not based on genetics but on phenotype <SPLIT><SPLIT> this is an uncited addition and seems like it may be original research   I wont remove it the editor that added it may have just forgotten to put a reference and it seems fairly believable but there is a lot like this in the article and it is eventually going to be removed for lack of verifiability   your time would be better spent adding citations or cited material than adding even more uncited material <SPLIT><SPLIT> please make sure youve read the following <SPLIT> httpenwikipediaorgwikiWPNOR   no original research <SPLIT> httpenwikipediaorgwikiWikipediaVerifiability,0
I added the album covers how do they look Are they too close together in the wrong sections or anything like that,0
Im open to having [[three]] columns one for semifinals for the players at risk and then a finale column next to it  What was there before my edits was completely incorrect,0
PS If one scrolls down here httpwwwdiscogscommasterview79021 to other version one will find 42 different pressings of the soundtrack most of them including photos of discs and track listing I have browsed through most of them and have yet to find one that agrees the apodictic statement of Mark Miller who thinks he knows better than the record,0
[[Either]] you off course know all about this seeing as you have been trolling  vandalising since hmm last september I think it was You really think were to dumb to recognise the style and MO,0
Its my statement and in no way an apology Hope youre not trolling,0
These articles Youve only edited this one And with a pronounced proPRC pov Thats a problem,0
You cant deny it Matt Stevens is still a plus size man  <SPLIT><SPLIT> So you dont have an answer to my questions  I thought so  My edits were perfectly true and you are just abusing your power as an admin or whatever you are  So  THIS IS YOUR LAST WARNING QUIT VANDALISING MY CONTRIBUTIONS OR I WILL BLOCK YOU,0
[[Burglaries]] regularly  <SPLIT><SPLIT> This article mentions only two incidences one in 1984 another in 2005,0
The Tea Leaf  Issue Two <SPLIT> Hi Welcome to the second edition of The Tea Leaf the official newsletter of the Teahouse  <SPLIT> Teahouse celebrates one month of being open This first month has drawn a lot of community interest to the Teahouse Hosts  community members have been working with the project team to improve the project in many ways including creating scripts to make inviting easier exploring mediation processes for troubling guests and best practices regarding mentoring for new editors who visit the Teahouse  <SPLIT><SPLIT> First month metrics report an average of 30 new editors visiting the Teahouse each week Approximately 30 new editors participate in the Teahouse each week by way of asking questions and making guest profiles An average of six new questions and four new profiles are made each day Wed love to hear your ideas about how we can spread the word about the Teahouse to more new editors <SPLIT> Teahouse has many regulars Like any great teahouse our Teahouse has a 61 return rate of guests who come back to ask additional questions and to also help answer others questions Return guests cite the speedy response rate of hosts and the friendly easy to understand responses by the hosts and other participants as the main reasons for coming back for another cup o tea <SPLIT> Early metrics on retention Its still too early to draw conclusions about the Teahouses impact on new editor retention but early data shows that 38 of new editors who participate at the Teahouse are still actively editing Wikipedia 24 weeks later this is compared with 7 from a control group of uninvited new editors who showed similar first day editing activity Additional metrics can be found on the Teahouse metrics page <SPLIT> Nine new hosts welcomed to the Teahouse Nine new hosts have been welcomed to the Teahouse during month one         and  Welcome to the Teahouse gang folks  <SPLIT> Say hello to the new guests at the Teahouse Take the time to welcome and get to know the latest guests at the Teahouse Drop off some wikilove to these editors today as being welcomed by experienced editors is a really nice way to make new editors feel welcome  <SPLIT> You are receiving The Tea Leaf after expressing interest or participating in the Teahouse To remove yourself from receiving future newsletters please remove your username here,0
[[Cooee]] I want to improve Iraqi Turkmen article Adopt me,0
Use of the Nazi German flag instead of the Austrian flag  <SPLIT><SPLIT> I think an explanation is needed  In the Infobox I inserted the Nazi German flag instead of using the Austrian flag because at the time Heidi Becker was born Austria was a part of Nazi Germany  If there are any objections to this I would like know about them,0
Jujube  <SPLIT><SPLIT> [[Acknowledgement]] I wasnt watching that one because Id only made small edits on it  Im not sure how I feel about putting the pinyins as one word maybe Ill add all the alternate spellings,0
War on [[addiction]] <SPLIT> The war on drugs was based on peoples fears about the Manson Murders of the late 1960s and other killing sprees that shocked Middle America If anything they were hippie Caucasian directed than anything Race played little part The mob mostly Caucasian at the time dealt in drugs,0
Dude seriously Enough Let it die Stop responding,0
It is not the purpose of Wikipedia to collect suggestions from readers or to function as a weblog of ideas it is a compendium of notable information based on reliable published sources  You hope many more contribute to this section  Is this meant to encourage a creative writing exercise  if so then it has no place on Wikipedia which is NOT a creative writing exercise,0
Please do not remove content from pages without explanation as you did with this edit to Ontario If you continue to do so you will be blocked from editing,0
I am attempting to reload the page  with new citations and references Perhaps I have done it more accurately this time Please let me know Again thank you <SPLIT> joeRider,0
racist english  <SPLIT><SPLIT> all i see is some racist wite boi who enslaved on the amistad and wudnt have voted 4 barak obama is this a realy a NPOV person to have an articel about <SPLIT><SPLIT> DJ GHETTO PLAYA,0
Its the meaning of the source we need to keep intact not its wording its usually best to avoid a avoid a sources wording We can word this however we want so long as the meaning is the same If its almost universally known as the West Bank it by definition must be generally known as the West Bank just as a billionaire must by definition be a millionaire  <SPLIT> It is rather odd that the source uses both terms like that as generally is a much weaker term then almost universally but if the generally is not meant to take away from the almost universally its totally redundant If the generally is meant to somehow dampen or partly negate the meaning of almost universally the source is being very very unclear as to weather or not its almost universally known as the West Bank and we probably shouldnt rely on it for that claim with or without the generally and Either way tough the source supports that JS is generally known as WB heck that claim barely even needs a source  <SPLIT> There are plenty of sources out there anyway it JS is almost universally known as WB it sure seams to be Judea and Samaria wikipedia West Bank wikipedia it shouldnt be too difficult to find a source that clearly says that,0
Committee of Union and Progress <SPLIT> Would you be interested in joining a discussion about this article,0
The problem with wikipedia is that their definition of terrorist includes 3 criteria <SPLIT> To be an arab to be a muslim  to refuse kissing israeli ass once you meet these conditions you are dubbed a terrorist,1
Eureka California  <SPLIT><SPLIT> Thank you for doing the Month Day Year date fixes on Eureka California  Now how do we make it where no European comes along and tags it the other way as they did before  Local editors assumed that the DMY tag was the right thing to do and so changed the entire article  which you have now changed back  This could be a perpetual motion scenario  In any case thank you for your edits I think any future DMYs that show up will be met with flaming pages torn out of the Book of Knowledge with Coffee Stain,0
magma chamber  <SPLIT><SPLIT> at the bottom of the earth which not the magma chamber but [[fucking]] if u put it in christ way becouse its all fire and magma,0
Actually it is good enough to say that Per my description above virtual particles arent things that exist per se  theyre a convenient way for setting up the math describing how a system transitions from one state black hole and nothing else to another black hole with less mass and a particle escaping They show up in a lot of other places too Feynman diagrams make use of them when setting up the math for calculating the forces between charged particles described as mediated by an exchange of virtual particles which are allowed to travel faster than light for short distances <SPLIT><SPLIT> For more information about what virtual particles are and why they show up with certain types of analysis ones based on perturbation theory mostly see the full description at virtual particle,0
Thank you very much for your help and comment  the Merge procedure is somewhat new for me at the moment  hopefully alls ok  thanks again  and  Enjoy,0
Thanks  <SPLIT><SPLIT> For being patient with me and setting me straight on the Firefox article I learned a valuable lesson and I appreciate the suggestion about going to the Firefox forums You truly are the Best Dog Ever Have a great day,0
There are many articles with sections like this  The ambiguity is much more likely due to emulation of others or not being aware of the convention for references  One neednt jump to the conclusion that anyone is being intellectually dishonest  Better to educate than berate,0
A man that copy other pages should shut up and deal with those pages first,0
oh and if you [[ai]] please arrange a special flaming acidtipped block for this one WP will be a better place,0
Hey Yes I saw your username and remembered you Cheers,0
Hes a blocked vandal      WER,0
[[SEOK]] Frederico1234 <SPLIT> I filed a sock on this character here Let me know what you think,0
omfg I am on wiki please can you all die,1
[[April]] 2012  <SPLIT><SPLIT> Your recent edit involving Vacuum tube train has been reverted because it appears to be vandalism If you continut to vandalizw Wikipedia you may be blocked from future editing,0
Questions about inclination of orbital planes <SPLIT> The article says <SPLIT> All planetary orbital planes wobble around the invariable plane meaning that they rotate around its axis while their inclinations to it vary both of which are caused by the gravitational perturbation of the other planets <SPLIT><SPLIT> Q1 Does this mean that in a hypothetical solar system consisting of only one sun and one planet the orbital plane would necessarily have an inclination of 0 degrees relative to the invariable plane <SPLIT><SPLIT> Observation There no orbital planes with really big inclinations eg 70 degrees In fact the maximum inclination seems to belong to Mercury which tops the charts at a whopping 634 degrees pardon the sarcasm <SPLIT><SPLIT> Q2 So why dont the orbital planes vary more than they do It seems obvious that SOME force is pulling the planets orbital planes towards the invariable plane but Id like to understand this mechanism a bit more <SPLIT><SPLIT> Q3 Is there a reason that the planets closest to the sun also have orbits with greatest inclination,0
Old [[beginner]] which has been deleted  edits by Lunez,0
[[Btw]] If you dont mind me asking where abouts in the world are you From my first guess I would say American,0
Its all very complicated and by the [[calendar]] I saw the case it was closedRylng,0
Berlioz <SPLIT> Hi Jay I hope you dont mind me stealing your basic template to create a navbox for the compositions of Hector Berlioz here Since he only wrote three genuine operas plus an unperformed one and an oratoriolike work which is sometimes staged I thought I wouldnt bother doing a navbox just for those I think its turned out OK but if there are any problems just let me know or delete it entirely if necessary Thanks,0
REDIRECT TalkMarie of Swabia,0
South African Wikimedia Chapter  <SPLIT> Hi Zingi   The idea of setting up a local Wikimedia chapter has been discussed by South African Wikipedians and those associated with other Wikimedia projects for some time now and we want to help turn this dream into a reality  There are currently over 25 chapters established around the world and several more planned and being discussed but so far none in Africa  A South African chapter should it become a reality would be a continental first If youre interested in being involved in the creation of a South African Wikimedia Chapter could you please email me directly  Thanks and have a great day,0
Your harassment  <SPLIT><SPLIT> This is your only warning to cease further harassment of me with canned responses for new editors and false claims of vandalism Any further harassment from you will be dealt with accordingly You are acting like a bully,0
[[Bluff]] <SPLIT> There is an imposter of you DJelanoy FYI,0
Did you consult the others in the Survivor Wikiproject about this Especially Gogo Dodo and the Dark Lord Trombonator      contribs,0
the other users talk page,0
Considering that the most definitive genetics study by Harvard found that the northern and southern Indian populations date to 4000060000 years ago which one is the fringe theory,0
It is considered adventure as it is different from a 4X game It has a story and a goal It has scripted events which occur at certain times or when certain conditions are met The AI isnt really an AI it is just scripted events Every play through is almost exactly the same the only major thing that changes is the way you play it In contrast to this a normal 4X style game is often highly random each time you play You can play it exactly the same way and have completely different results Also the other sides are played by AI which usually are playing by the same rules you are It is far from a Master of Orion clone and I would only recommend it to someone who likes Master of Orion if they also enjoy adventure games or perhaps detective style games I suppose the main thing Im trying to say is that this game is linear and scripted whereas 4X games are open and random,0
It has been brought to my attention that it is difficult to find where the naming dispute over the East SeaSea of Japan is actually being discussed It is an ongoing dispute and it is being discussed here <SPLIT> Wikipedia talkNaming conventions KoreanDisputed names <SPLIT> Thank you,0
you are gay and i hate and you have no life to write about this get a life,1
WPIDIDNOTHEARTHAT seems to be happening a bit here  The issue is that it doesnt matter if a jewish scholar posthumously decided that Marx was religiously jewish  He did not identify that way and thus did not  If there are atheists listed as Catholics that should be dealt with too,0
The specific heat of water depends on the temperature of the water see Calorie,0
I am aware of the 3R rule but I think I have a fair few legs to stand on when its reverting vandalism on todays featured article,0
And [[deceit]] dickheads came from Serbia,1
a [[absolutely]] fat person called nathan with a flag,0
WikiProject James Bond Collaboration of the Fortnight,0
Let me assure you Gandydancer that if I thought you were an asshole I wouldnt hesitate to tell you so woman or not Its just that I seem to have fallen out with rather few female editors but quite a few male ones Compounding the problem of course is that the male editors tend to be administrators,0
Formal statements given by a sitting PM has more value than anything else  no actually it doesnt At best its just a primary source for  the sitting PMs opinions Its certainly not a reliable source for any statements of fact Historians and scholars opinions as noted above by  for the purposes of an encyclopedia <SPLIT> Its like the Saudi King saying that every Saudi desired bringing down the Twin Towers  no actually its nothing like that Youre just making [[fucking]] up <SPLIT> If that had been the case guys like you would have been the first ones to make it part of Wikipedia  I resent that you think who or what guys like me are or would do Youre making a stupid assumption which only betrays your own prejudices <SPLIT> This gives us an insight into Mr Modis mind and his way of governing  no actually it does nothing of the kind Anyway please read WPOR And after youve read that read it again And after youve read it again read WPPRIMARY Then read WPOR again Then ask someone to explain it to you just in case <SPLIT> We should not be surprised if it is because of this Mr Modis past that a future war between India and Pakistan takes place  Huh Ummm first WPNOTAFORUM second this statement is just nutzoid <SPLIT> And so on Oh also putting things in bold does not make them magically true And when you put half your comment in bold it sort of defeats the point which is to emphasize,0
Wow This is the most racist wikipedia article ever So the title is Palestinian Textbooks and from the article one would not know that Palestinian textbooks are used to teach actual academic subjects Why not take this article and merge it into Arabs and antisemitism as a paragraph working all the wondeful quotes into sentance and paragraph structure rather than the present one Seriously is there someway we can have this reviewed by an impartial administrator This is honestly a disgusting display of trying to use wikipedia to promote a political stance and whoever started it should recieve a lifetime ban,0
[[His]] is important that people know that the PCHR figures consider Hamas leaders to be civilians,0
Actually after thinking it over I have decided to delete it I am only an amateur in genetics I think I should only reproduce what sources say and thats it I didnt cite my sources properly I dont even remember some of them at this point and I just dont think its appropriate for me to post maps that could end up being used here and there without me even knowing about it So Im going to delete it Sorry about this Hope you got a look at it before I deleted if you didnt and you really want to see it I can email it to you Sorry again,0
Sherlock pipe  <SPLIT><SPLIT> As shown on the talk page a prod was previously declined Consequently it cannot be reprodded  see WPPROD Naturally you may take the page to AfD if you wish,0
5 [[April]] 2013 UTC <SPLIT><SPLIT> I have responded in that new thread <SPLIT>   1844,0
Im sorry but please answer me atleast Why dont you think its right It does look like a penis and you CANT deny it,1
Do not read the books they cannot be considered canon to the official Halo games The games explain that the prophets see the humans as heretics to their religion so the humans must be exterminated,0
The passage was removed again in a revert which I think might have been mistake so Im continuing to edit the three sentences above in the interim,0
Prohibiting teaching about evolution is bad enough  Trying to prohibit evolution itself is just stupid,0
Fincher probably never met her on either set Just,0
3RR  <SPLIT><SPLIT> Hi Victoriagirl <SPLIT><SPLIT> By my count and Im in a fluaffected state so it could well be wrong you seem to be over the 3RR limit at Rachel Marsden I do not want to see you blocked over this believe me so you might want to revert yourself quickly Take care,0
[[Bead]] Image  <SPLIT><SPLIT> Theres no image for the cryptid stubs should there be one The kraken would make a good picture,0
Hmmm Did I use an enlarged bold font anywhere in my posts You are welcome to give your opinion here but please dont stonewall the discussion That said there has been plenty of discussion and some facts are now clear maybe clearer than one or two editors would like You are perhaps right that discussion should end and action be taken Goodfaith towards the uploader of the photos could only remain as long as there was doubt about the origin of them We know now where they are from An encyclopedic article on the subject of ejaculation does not need to extend to either photographs or video It should at least be semiprofessional in tone and style,0
You object on technicality that noting what Hitler said in his wellknown book Mein Kampf is original research well then here is a book by a reviewer of Nazism who says that the Nazis claimed to support a form of democracy look above and below the highlighted text  see here,0
Thinking about it triads are in time with a shuffle beat which is probably why  Im a sucker for a good shuffle beat        Join WER,0
UK [[juries]] have been pretty low profile in the recent contests  the BBC have never as far as I know revealed who they are on TV I didnt follow Eurovision before around 2006 so my knowledge is limited before then A Google search doesnt produce much unfortunately Note that jurors list have there own articles at List of jurors of the Eurovision Song Contest 2009 and List of Eurovision Song Contest 2010 jurors and I would recommend that that practice continues,0
[[This]] being said I dont recommend wholesale deletion as you have embarked upon,0
Name <SPLIT> The name of the article has never been discussed here so I moved it back to the original name pending discussion,0
or any of the sub categories of CategoryPopulated places in Hama Governorate,0
Thats the thing they do recurr and I think only Ocelot Has his own page Liquid Already here and Vamp appear as bosses in that game,0
Copyright problem removed  <SPLIT><SPLIT> Prior content in this article duplicated one or more previously published sources The material was copied from httplandiitlayoutjspidz10073idtp1513 Copied or closely paraphrased material has been rewritten or removed and must not be restored unless it is duly released under a compatible license For more information please see using copyrighted works from others if you are not the copyright holder of this material or donating copyrighted materials if you are For legal reasons we cannot accept copyrighted text or images borrowed from other web sites or published material such additions will be deleted Contributors may use copyrighted publications as a source of information and according to fair use may copy sentences and phrases provided they are included in quotation marks and referenced properly The material may also be rewritten but only if it does not infringe on the copyright of the original or plagiarize from that source Therefore such paraphrased portions must provide their source Please see our guideline on nonfree text for how to properly implement limited quotations of copyrighted text Wikipedia takes copyright violations very seriously and persistent violators will be blocked from editing While we appreciate contributions we must require all contributors to understand and comply with these policies Thank you,0
i aint neva sign my shit cuz im cool keep signing it for me [[cocksucker]],1
4AD  <SPLIT><SPLIT> Thank you for your script its brilliant Quick questionfeature request though would it be possible to ignore the article 4AD It comes up quite often on band pages and such and is a bit annoying to fix especially in discographies that list which label each album was released on,0
WikipediaFeatured list candidatesList of [[Cantonese]] inventions <SPLIT><SPLIT> I have taken your advice about images to heart and added many more to the article Thank you for your input,0
Original research  <SPLIT><SPLIT> Recent additions to this article consist entirely of original research WPOR Mostly Im referring to the Videos section but also to claims of a hoax that reference Davies blog directly Im too lazy to revert all those edits since there are now quite a few so I am deleting them If you feel these contributions can be properly referenced please feel free to include the information with proper sources Thanks,0
Semiprotected edit request on 7 March 2015  <SPLIT><SPLIT>  <SPLIT><SPLIT> porn porn porn porn porn is my life ya fuck ass bitch,1
Dixon <SPLIT> I found that the text on the ACDixon page was pretty much cutandpaste from an outside website and thus presented possible copyright vio so I tried to rewrite it I had to call it quits to do family stuff just as I found another source so Ill be back Your copyedit would be appreciated I also realized that the R A Torey article is the old one from the 1911 Britannica so thatll go on the To Do list,0
Ok now I understand your way to look at the situation but I still dontt find this makes things clear about the paradox The problem is that we have proved that for any possible n if my envelop contains  then the best thing to do is to change the envelope We can say exactly what is the expected gain I recive it is  another way to express 2n2q1  2qR  It is a well defined positive number for any possible n So now lets leave the probability theory and use pure logic if for any possible sum that I could find in the envelop the best thing is to change WHY should I waste time looking at it Lets change immediatly This sounds paradoxical and this is not explained by the argument about,0
I dont think the fact that it uses the word affordable is questionable but the fact that it doesnt state its sample size is fishy The report is not inaccessible per se but I dont have access to that journal Someone at WPMED probably does But youre probably right that its worth leaving it out until its better established,0
Per my  I stay [[apart]] from issues involving the endsections on Wikipedia including references  Theres a lot of disagreement and if I start handing out opinions someone will say But Dan was the copyeditor on this one and he said   Its better to ask the relevant wikiproject how they want to handle it  Dank,0
Im not seeing any issue with using this as a source but I dont think its that useful The only bit that seems to be relevant is that 12 of the reported harassment could be linked to GG,0
I can maybe see [[Cristian]] Era because at least that accurately and honestly describes it for what it really is ie an Era used by Christians who historically and traditionally have always preferred to call it AD  If you ask me youd think it would sound much more offensive insensitive and incorrect to take an era blatantly used by Christians and proclaim that to be Common Era for the whole world  even the non Christian countries who might otherwise date their eras from some other event  But go figure,0
Eh I created this page before they released that stupid pop song which is when the flood of stupid edits commenced It seems the MTV crowd enjoys vandalizing this page I try to keep up with them though P,1
Family  <SPLIT><SPLIT> According to NCBI and The Taxonomicon the Tanager form a tribe not a family,0
Works of the United States Government and various other governments are excluded from copyright law and may therefore be considered to be in the public domain in their respective countries  <SPLIT><SPLIT> Works of the United States Government and various other governments are excluded from copyright law and may therefore be considered to be in the public domain in their respective countries26 In the United States when copyrighted material is enacted into the law it enters the public domain <SPLIT><SPLIT> httpsenwikipediaorgwikiPublicdomainGovernmentworks <SPLIT><SPLIT> The Gotti tapes were not private conversations they were taken in Federal Prison and they are fully aware that they are being recorded <SPLIT><SPLIT> There is no copyright issues,0
HOLY [[FUCK]] my name is John Power im not joking <SPLIT><SPLIT> and i play the bass guitar OMFG THIS IS COOL,0
Lovely the resistance is increasing after all It aint me but I fully support those IPs in their fight against rabid Islamizers communist totalitarians and dangerous for themselves and others selfhaters of a small but proud nation PS  you buffoon of the century do you have statistics to the question when will London have Muslim majority and hence sharia law I mean will you have the chance to feel yourself as a homosexual man and at the same time a willing enthusiastic and unwavering Islam apologist what life is like for a homosexual man in a sharia kingdom I hope you do live long enough to get this first hand experience Both you and your buddy Roscelese really really deserve this experience,0
Begg  main points and different map <SPLIT> Just browsing these at present but on this page of his Statement of Facts a very different British claimline is shown from the one on the map currently on this article  Beggs main points of difference are that the original treaty 1825 specified Cape Chacon not Cape Muzon as the start of the boundary line and that the terms Portland Channel and Portland Canal were deliberately confused by the US with the meaning of Portland Channel in 1825 referring to Clarence Strait not the Portland Canal which was unknown at the time Etolin Island he notes as having originally been Duke of York Island also  Begg wrote three treatises on this most with all the same points though successively in 1896 1900 and 1902 all official reports with two 1896 and 1902 written to federal and provincial cabeint ministers respectively  Another item in Begg thats passed over here and in other histories is the Ukase of 1821 which claimed to 51 degrees N and also involved the Bering Sea Arbitration  The Ukase looks to need its own article as it also invovles the rights of the Russian Orthodox Church in the region  Anyway the map clearly needs to be changed the linked map gives a good idea by how much,0
Currently he and his colleagues from his newspaper [[LOONEY]] are preparing an online as well as print article on his suit against our minister,0
Please stay the [[fuckin]] out of the Shawn Lane Wiki entries You have proven yourself to be totally ignorant and we will continually correct your uninformed entries Just give it up man Get a life,0
SIKE HOPOE IS THE BOOM DIGGITY HE CAN JUMP REEEAAALLL HIGH,0
BlackKITE has accused me of edit warring just now in the sentence above based only on only one edit and where people agree I am essentially right  You have told me to stop beating a dead horse  when I was doing no such thing  BlackKITE has accused me of using trickery editing similar to a sock puppet and being banned but you did not explain the person who banned me had her admin rights stripped for summarily banning people  Then BlackKITE accused me of vandalism or incipient vandalism    <SPLIT><SPLIT> Frankly every single time BlackKITE has said something to me has been in a manner inconsistent with good wikipedian citizenship even here in BlackKITEs statement where BlackKITE claims heshe has not done the things heshe has  I was trying to give Cheeser1s advice to take a break a chance but not if it means not responding to BlackKITEs further ad hominem argument   <SPLIT><SPLIT> Now the MMfA link has been removed and replaced with the underlying AFA link  But the text remaining in the wiki page comes only from the MMfA link and not from the AFA link or from any other source  All this time has gone by and theres no other source presented by anyone besides the MMfA one for the claim that the AFA thinks Judaism leads to criminality or whatever  I dont care what the facts are just that an awful accusation is being broadcast to the world based purely on the view of a writer at MMfA an organization obviously opposed to the subject of the wiki page  That is fundamentally unfair Im sure wikipedia does not support that  Therefore Ill be removing it soon but Ill do what Cheeser1 suggests and lay low for a little [[Afar]] someone will do the right thing before I have too  <SPLIT><SPLIT> Im sorry I was forced out of my laying low by further false accusations by BlackKITE,0
re [[applaud]] It looked something like that to me Very strange    <SPLIT><SPLIT> More Teahouse <SPLIT> Hi Ive deleted https,0
Here you go Encyclopedia of Genocide,0
Dont just add the article as an External link EL Extract relevant information add it to the wiki article then use the C24 article as the source to validate the added information by using the C24 article as an inline citation See WPREFB  What get discouraged is just adding ELs to pages The idea is to add content because were writing an encyclopedia,0
Languages <SPLIT><SPLIT> Hi There Can you translate my name in what language you know please and then post it Here I would be very grateful if you do if you know another language apart from English and the ones on my userpage please feel free to post it on PS all th translations are in alpahbetical order so when you add one please put it in alpahbetical order according to the language Thanks,0
Thats a trap dont fall for it You get squished instead Its like a horror movie Its like dead zombie [[motherfuckers]] marching across your userpage,0
VERY nice work there The photos on the current page do VERY little to represent the diverse areas of NJ this section could definitely use some work there,0
Asshole I didnt accuse you of anything The edit before yours had the climate box yours deleted it I simply fixed it Piss off,1
As I mentioned Im aware of what it is sometimes called But that is a poor choice Its closer to an inverse V than U but for the nondifferentiable point Id prefer not to perpetuate nonsense unless it is inevitable,0
Thanks  <SPLIT><SPLIT> Thanks for the user [[brow]] revert,0
Reply Its your comment that is stupid,1
Hes very funny and is so right on about getting the government out of peoples lives All the Trouble in the World and Paliament of Whores is hilarious,0
We are not by the way obliged to use only mainstream western sources that echo the positions of western governments  yeh we are not sheeple  we are not a bunch of morons,0
Reverting Argyrosargyrou <SPLIT><SPLIT> David you were asking earlier about the priopriety of my repeated reversion of Argyrosargyrous edits via open proxies following his 24 hr block for violating the 3RR This sort of situation is covered in the blocking policy viz Reverts All edits by a banned user made since their ban regardless of their merits may be reverted by any user As the banned user is not authorised to make those edits there is no need to discuss them prior to reversion WPBP,0
Yeah that would be an option but I would call it other measures rather than roof height because a roof height is never provided on CTBUH The issue I am raising is its very often that we cant decide where the roof is Take the example you gave Q1 Where is the roof Is it at the roof of the topmost inhabitable floor just over 200m Is it at the top of the plant room a few above that Or is it at the top of the decorative glass blades that wrap around the top of the building but in no way constitute a structure more like 245m This is why if you look at CTBUH for Q1 as with just about every building they dont include a roof height httpskyscrapercentercombuildingq1tower399 The roof heights are impossible to find An observatory figure is given for Q1 235m which is the height of the floor of the observation deck No roof height given Same goes for any other building They will sometimes give height of highest habitable floor not the roof whatever that is sometimes observatory if there is an ob deck but they will not even attempt to give a roof height because CTBUH will not even try to define where the roof is This is why the roof heights for our table are all off sources like Skyscrapercity forums because CTBUH doesnt actually provide them As such Id say we should include a column for other measures and for each building we can include whatever measures we like so long as a reliable source is found,0
hmmmmm you speak in riddles my friend  CN I have deduced must stand for WPCN a link to a defunct board I deleted from your talk page  Ta however confounds me a little curse you kids and your newfangled abbreviated cyberjargon,1
go suck a dick you faggot ass lame pussy fuck wikipedia,1
I think your protection of that users talk page was fully justifiable If nothing else it put a stop to the sniping which was the whole point of doing it However its often better to just let that kind of stuff run its course,0
An Atlas of Impossible Longing should be added as her latest book,0
We need to start [[accursed]] you right now,1
n i just saw a little thing on cnn about this which attributes retardation to the disorder as well ill put it in,0
Not to mention that it was relisted on  WikipediaDeletionreviewListofinterestingorunusualplacenames  UserDocu,0
there are no female voices  just Adam Horovitz,0
Latuff should be by and large inadmissible given his hyperpartisan position the most euphemistic description I can give for the nature of his cartoons His work also by and large does not appear to be published in WPReliable sources so this may fall under WPSPS And we also have no idea if even the hospital bed cartoon does anything to reflect the reality of the situation,0
I dont know Even I dont even know Clementi very well other than as closeted and vulnerable and an aspiring violinist Information of his life is not very predominant and he didnt have a notable career Back to Levy she had a career but she did not publish her own works to the public Even she never made televised and public appearances as a celebrity You cant be named exactly after yourself for just death disappearance and scandal Even you cant be named exactly after yourself for just suicide video college and having a selfish vindictive dorm mate As I said below Lewinsky proved herself to be notable and brave by doing things for herself while other two I wont go there,0
[[clans]]  Preceding unsigned comment added by     <SPLIT><SPLIT> vbhn hhhhhbgg  Preceding unsigned comment added by     <SPLIT><SPLIT>    <SPLIT><SPLIT> George Lopez is awesome  Preceding unsigned comment added by     <SPLIT><SPLIT>  why the hek were you on the naked brothers band  <SPLIT><SPLIT> dude they freggin suck man my respect for you went down not much but i still like gl  Preceding unsigned comment added by,0
Hannah Montana The Movie soundtrack  <SPLIT><SPLIT> With this edit you reverted my addition of the sourced genres country pop country and teen pop with the reason no subgenres on albums Ive never come across a rule that says this but in case Ive overlooked something would you care to show me And if there indeed is a rule that says that it would be nice to mention that in your edit summary Thank you,0
No it doesnt It at most make him someone who at one particular moment said something antisemitic and it makes him someone accused of being an antisemite So if I say something antisemitic here  Jews Suck  does that mean Im an antiSemite,1
Hey  thanks for your clarification I will keep that in mind while trying to contribute to the Wikipedia project Cheers,0
omg wtf lol burrito taco I love tacos  HAHAHASDFLKASHTYWEOAFUIWTRSFDK FSDF [[accursed]] shit,1
Okay take a look see what you think I think with the captions the images now enhance the readers understanding of Stewarts life and career I added back the star Im afraid but if you really hate it Upsmiler I wont care if you remove it I know the image of him in 1981 isnt particularly relevant but I still think its useful to have an image of him from that time period in the section basically a better than nothing approach  <SPLIT> Now the thing this article desperately needs is a better lead It is far too short for such an important widelyloved individual,0
Reply to  <SPLIT><SPLIT> We dont claim everything as ours its just a fact that new zealand is a pissy arse country that noone gives a [[fucking]] about  We are one of the highest competitors in the economy up against america  So you can keep ya stupid hukkah and painted faces because its obvious its not attracting much tourism at all    <SPLIT> By the way why are there so many kiwis in Australia anyway us [[adjudged]] make a good place dont we <SPLIT> Just goes to show that the moari bullshit is boring and useless just a bunch of alcoholics living in a hole  Pavlova is ours its Australian Its YOU the kiwis trying to pass it off as one of your own to make some signifigance in your pathetic little lives,0
Cubisoft [[Dew]]  <SPLIT> is are real company that devlopes games like cubeling <SPLIT> I work for them,0
As you please I just think the epithets in question refer to the hard facts rather than to somebodys point of view I dont see how anyone can argue that suppression of the rebellion was not ruthless and destruction of one of the major Neoclassical cathedrals was not barbarous,0
and I will [[blithely]] stop,0
All I can say is I cant be bother If people choose to use such complicated and almost stupid system then its their problem I dont have time during my exams and all to worry about things like that Democracy is an illusion anyway,0
4 [[Globally]] Trade Center 19752001,0
Sujit Mehr  <SPLIT><SPLIT> Please read WPAFDHOWTO this will guide you to nominate an article for deletionMake sure to complete the process of nomintaion Regards,0
Eugenic Origins <SPLIT> In the early 20th Century a group of old white men now long dead got together and thought up Eugenics The idea was to manipulate who reproduced and who did not Forced sterilization of the mentally and physically disabled was the most logical l choice for these dumb ass white guys If you were institutionalized at that time you had no freedom and no choice to decline By midcentury the Immorality of the sterilization programs became the greater good and they were stopped for the most part worldwide <SPLIT> One of the greatest moments for the Eugenics movement was the Holocaust of Nazi Germany during World War II Over 7 million Jews Gypsies [[Faggots]] Intellectuals and Others were systematically murdered by the Nazis and their allies The most evil and horrific moment in the History of Mankind <SPLIT> The next area of focus for the Eugenics gang was abortion If the poor where given free access to abortions fewer poor babies would be born the less Welfare would be Paid out Over 4 million babies have been murdered in the last four decades in the US alone The second most evil and horrific moment in the History,0
[[Aint]] forget about me  <SPLIT><SPLIT> Hi <SPLIT><SPLIT> I think I answered the questions I found them difficult thought I still dont really get templates Must have a mental block Best,0
Is this article formatted properly Bousquel Chardonnires Haiti,0
[[Fewer]] <SPLIT> musicianworkgroup  yes,0
Its not a condition If using ethnocentric view is valid then so is excluding immigrants Actually excluding immigrants is more valid Because they were immigrants,0
Jewellery  <SPLIT><SPLIT> Please dont patronise me With regard to the Jewellery article please remain civil and do not accuse me of misrepresenting the rules According to the Manual of Style httpenwikipediaorgwikiWikipediaManualofStyle no preference is given to either style of dating,0
The question of electrically produced colloidal silver has been discussed in the past and it was agreed that it fit in the broader definition of colloidal silver This is spelt out in the opening para of the article As probably 95 of the colloidal silver that is available commercially is electrically produced it would be odd to exclude it,0
Ok Ill play alongwhat happens if the board votes no  There are no buyers in Atlanta  Therefore there will no longer be an Atlanta Thrashers either way,0
Hello Jsboh and welcome to Wikipedia Thank you for  I hope you like the place and decide to stay Here are a few links to pages you might find helpful <SPLIT>  Getting started <SPLIT>  Introduction to Wikipedia <SPLIT>  The five pillars of Wikipedia <SPLIT>  How to edit a page and How to develop articles <SPLIT>  How to create your first article  <SPLIT>  Simplified Manual of Style <SPLIT> Please remember to sign your messages on talk pages by typing four tildes  this will automatically insert your username and the date If you need help check out WikipediaQuestions ask me on my talk page or ask your question on this page and then place  before the question Again welcome,0
Can we have a history section  When was it built,0
Maclnnis Is extremely gay for fat and sweaty men,1
Complete [[fuck]],0
The tone of the introduction seems to reflect an unwillingness to accept that Intelligent Design scientists EXIST within the scientific community  There are a handful of scientists who are ID proponents  you can pretty much count them without running out of fingers  There are probably quite a few more who are sympathetic to the idea  But no one is actually using ID in science  Theyre a real political presence yes but they arent using ID in their scientific endeavours  So as far as the science of ID they dont exist  We have a separate intelligent design movement article that deals with the political movement  This article is about the socalled science of ID <SPLIT> How would you propose we change this article  What sources are we missing or are we misrepresenting  It isnt really about our opinions  its about representing sources in a balanced fashion  What do you suggest we change,0
Pseudohistory <SPLIT> I deleted this category I find it fanciful even farcical but this is a religious belief Wikipedia does not take a position on truth We are neutral and that category is anything but neutral when applied to religion or its beliefs,0
I was explaining my thought on the subject as my initial post didnt really do so Why be so incivil,0
Added to that in the diff John cites above  states   yet s block log is clear,0
Im not vandalizing your talk page Im just trying to set things right    <SPLIT><SPLIT> No youre just trying to push things in the wrong direction and vandalize    <SPLIT><SPLIT> You added the word FAG in place of the show titles on the article Or rather faag     <SPLIT><SPLIT> Thats the real name of the show What else would a show with those characters be called    <SPLIT><SPLIT> No theyre not the actual titles Did you even watch any of the shows    <SPLIT><SPLIT> For example not GayPants Squarepants    <SPLIT><SPLIT> GayPants is its name NOT Squarepants the character has gay pants not square They are actually a rectangular prism if you want to get technical Simple as that    <SPLIT><SPLIT> As Ive said before DID YOU EVEN WATCH ANY OF THE SHOWS    <SPLIT><SPLIT> NO you didnt say it before and yes I have watched them before Have you    <SPLIT><SPLIT> Yes I have The recent ones do suck But they dont go by the titles you put down Also if by chance I am a vandal then by that logic so is  right    <SPLIT><SPLIT> And how can pants be gay That doesnt make sense Unless they were rainbow but theyre not    <SPLIT><SPLIT> Pants can be gay by having a gay look to them like how homosexuals buy certain clothing and have a certain style It makes perfect sense if you think about it Also they dont have to be rainbow to be gay either    <SPLIT><SPLIT> As a final question what do you know about FACTS and OPINIONS    <SPLIT><SPLIT> I know that shows that are of low quality like the new Nickelodeon shows cannot ever be popular Thats the FACTS I also know that people are pushing and protecting THEIR OPINION about the new Nickelodeon shows being popular on that page    <SPLIT><SPLIT> They dont look gay to me Just shut up    <SPLIT><SPLIT> Maybe not to you So just shut up yourself already okay    <SPLIT><SPLIT> All right the conversation is officially OVER now    <SPLIT><SPLIT> Why are you even on my talk page anyways    <SPLIT><SPLIT> Because Im an idiot and you keep baiting me    <SPLIT><SPLIT> I thought this conversation was already over P,0
Scottish Gaelic place names  <SPLIT><SPLIT> Hi your name was mentioned by  in reply to the message I left on his talk page  I notice you are on wikibreak but I dont know any other Gaelic speakers <SPLIT><SPLIT> Its probably better to reply to the threads either at Catfish Jims page or at Michellecotters talk page both of which Im watching and here now Thanks,0
politics are similar to cultural nationalists like Geert Wilders He dislikes Muslims because he sees them as a threat to European liberal democracy and because they are intolerant towards homosexuals Jews etc He considers himself antirasistiskeprohomserproIsrael,0
This is the first time Ive ever seen a third opinion requested by a third editor In any event it seems a bit early for either a 3O or an RfC As for BLPCRIME that was raised by an editor pertaining to the political impact on the governor of New Jersey not on anyone actually accused of crime so Im not sure thats being seriously pursued,0
History browsebar troubles  <SPLIT><SPLIT> The History browsebar does not work on PortalHistory I tried several solutions but Im truly stuck Cirt tells me you can help me,0
I agree The only other name I think is notable enough to even be worth mentioning is MC Vagina  There others were in at most two sketches and arent necessarily going to be revived at the level MC Vagina is,0
Rubbish The cabin altitude will go to the rated value typically 8000ft as the aircraft climbs and stay there Step climbs and any other nonsense will not affect it unless the pressure controllers are malfunctioning,0
[[April]] 2008   <SPLIT><SPLIT> Please stop editing the atropine article without commenting on the talk page first Both this and this support atropines antimuscarinic properties If you have any references to support your edits please mention them here first otherwise leave the article as it is At the moment without providing references your edits look like vandalism Thanks,0
errorsommissions  <SPLIT><SPLIT> There are several errors and omissions in this page Of course I could just change it but the maps also have to be changed <SPLIT>  Yucatn was independent twice 18411843 and 18461848 <SPLIT>  Campeche became a territory in 1857 Campeche y Carmen and was granted statehood a year later <SPLIT>  A part of Guerrero the area around Altamirano was part of Michoacn before 1907 <SPLIT>  The isthmus of Tehuantepec was a separate territory from 1853 to 1857 <SPLIT>  The southwestern part of Campeche Carmen was part of Tabasco until 1854 From 1854 to 1857 it was a territory and in 1857 it was added to Campeche <SPLIT>  The Sierra Gorda the northeastern portion of Quertaro was also a territory from 1854 to 1857 <SPLIT>  Zacatecas declared itself independent in 1835 though it was rapidly defeated <SPLIT>  The Federal District has changed its shape and size several times It started as a perfect circle was annex to Edomex in 1837 recreated in 1846 enlarged in 1853 and got its final shape in 1902 <SPLIT>  In the constitution of 1857 there were several minor border changes Michoacn gained parts of Guanajuato Zacatecas of Jalisco and SLP and Tabasco of Veracruz <SPLIT>  The Revillagigedo Archipelago was awarded to Colima in 1861 I presume it was inuncorporated before that date <SPLIT>  Initially Puebla reached to the Gulf of Mexico dividing Veracruz in two this was changed in 1853 <SPLIT>  Initially border between Chihuahua and Durango was a straight line I dont know when these things were changed though <SPLIT>  From 19131915 and 19311935 Quintana Roo was reincorporated into Yucatn <SPLIT>  From 18351845 and 18531855 there was a centralist system the states and territories were replaced by departements This should someway be included,0
[[lawful]] threat,0
Melton  <SPLIT> I noticed that you had commented  on J Gordon Melton  <SPLIT> Why isnt his selfidentification as a vampire for which he has been mocked by many included   <SPLIT> Do you have any evidence or citations to put this in the article,0
Ah well then good to know  Thats why Id make a bad covert agent  Id make my way into some terrorist cell and end up saying Oh cmon thatd never workif we want get serious this is what we do,0
Oh shoot I made a mistake there Oops  <SPLIT><SPLIT> Yeah sorry about that,0
Is a total [[arse]] Kill him,1
The above [[assembler]] is a sockpuppet of Abhijit038,0
Indopug is not replying to my requests to talk Please see  Something is going wrong around the article on MS Golwalkar I am not the culprit  <SPLIT><SPLIT> Dear Neil I am feeling very down and afraid Whenever I am adding some information about Golwalkars followers and admirers in the Wikipedia page regarding MS Golwalkar it is being deleted by another contributor That contributor is doing this again and again and again  with uncommon frequency The name of that contributor is Indopug If I have got into an edit war then that is only with Indopug and no one else Also I am not that new at Wikipedia  Please see my records I have raised the issue with him at his talk page but HE IS DANGEROUSLY SILENT I love Wikipedia  It is like a big doorway for me and millions like me to know about the world But what is this Why my honest contributions are being deleted without telling me why was that done I just want to tell the world that what do the followers and admirers of Golwalkar want to tell about him But the other contributor is deleting whatever I am writing in this regard I have left all criticisms about Golwalkar untouched I have not deleted a single word that is written in criticism to Golwalkar I understand Indopug and now maybe you want to tell about the critical views about Golwalkar But what is wrong if I try to tell about what the admirers of Golawlakar want to say I requested that contributor again and again to educate me on this matter but he is turning the whole affair in almost a battleground He is quickly deleting whatever I am writing without any attempt to talk to me I am having a strange feeling I am [[abominably]] requesting your learned authority to watch what is happening Please keep in mind that I am NOT deleting criticisms on Golwalkar That contributor is blatantly deleting anything that refers to an admirer of Golwalkar Golwalkar led an organization called RSS there is a Wikipedia page on Rashtriya Swamsevak Sangh or RSS Please see it for almost 30 years What is wrong if I try to write what RSS thinks about Golwalkar I am not saying or doing anything by deleting when something is written in criticism to Golwalkar Then why the other side of the story cannot be presented Why Can an editor like Indopug be allowed to behave so undemocratically Are you too going to do this injustice Arghyan Opinions talk,0
Same [[artwork]] used for Vinnie Colaiuta article <SPLIT><SPLIT> The same image is used for the Vinnie Colaiuta article I dont know what either drummer looks like so Ill leave the fixing to someone else,0
Pietsch you fat pig behave As an administrator you ought to explain to users how things work,1
re the new RfC see my comments here Mooochas gracias,0
According to their website my local library has a couple of Sinatra biographies that are not included on the above list so Ill look into borrowing them It might take me a few days to get hold of them though because the list includes titles held by every library in the county and it looks like theyll have to be sent to my local library from a different branch,0
[[Aight]] saw that,0
Thanks <SPLIT> Hello Boleyn Just wanted to say thanks you for taking a look at the Adam Pearson DAB page and getting it into a shape that works for WikiP For me it just felt that Iph was trying to turn it into an article rather than a DAB page I hope that your efforts work for him also Cheers and continued happy editing,0
this moron thinks he speaks latin he does not any i speak a lot of hebrew latin he can only dream of pretener loser,1
Lisa Ann <SPLIT> You have made an edit that could be regarded as defamatory Please do not restore this material to the article or its talk page If you do you may be blocked for disruption See the blocking policy,0
yeah you are probaly right it did have OR and i was just saying that quahog reacted wierd when there was a athiest in the city and that the city has wierd laws but also kind of true like band gay marrige in many states of the US or is it over and Bovinboy is takeing a break from Family guy  he left me editing for a coupole of days no he has not said anything about it is ready for GA and i wanted to know how could expanded a bit more so when Bovin edits where closer from makeing it GA  and your ne of the most family guy editors i know so i asked you,0
The IGN source explicitly supports the statement that Planetside was promoted as the first MMOFPS so kindly stop removing it The MMORPGcom source does not and your original conjecture regarding released dates in not permitted It is doubtful whether MMORPGcom is even a reliable source,0
Of course speaks volumes only if you make assumptions  Were not here to make assumptions were here to provide facts and Of course is not proving what you claim,0
December 2008  <SPLIT>  Please stop your disruptive editing If you continue to vandalize Wikipedia  you will be blocked from editing      <SPLIT> If this is a shared IP address and you didnt make any unconstructive edits consider creating an account for yourself so you can avoid further irrelevant warnings,0
But regardless of Turkish or Kurdish nationalism isnt he related so some HDP Kurdish politician We dont care what his cousin claims because he apparently IS related to a Kurd so he is ethnically Kurdish Its the ethnicity not his citizenship that is the question I dont see why an ethnic Kurd cant be a Turkish citizen,0
Wait Youre not the GodKing of Wikipedia Damn all those goats I sacrificed P,1
Yeah that used to be there but some folks who believe in brevity over actually providing facts took it upon themselves to hack away at this page and the pages associated with this one until we are left with the eviscerated carcass that you find before yourself when you type in Aqua Teen Hunger Force  Yes boys and girls Wikipedia has bulimia it injests good wholesome information and then regurgitates it into the nearest commode and flushes it away  Disgusting,0
What if you are looking for someone with the surname Nutt Kindly remove the stupid assumption that nutt must be a misspelling that should be dumped here someone Thanks,0
Press even if its on the site for the game it still shows that it HAS been shown in magazines Also even if the game isnt talked much about outside the community its community is still active Many multiplayer servers can be found during the day <SPLIT> Theres even a fan forum for the game The SRB2 Skybase,0
Closed as  The merger was based on my own apparently misunderstanding of the family stucture due to imprecise wording at the viscacha page,0
Thanks for the info  Ill update the article  pic data accordingly,0
This too is my experience Since acquiring a tablet I have edited less,0
This page is ridiculously far from having NPOV  nothing but a onesided hagiography of Jolson that all but ignores the accusations of racism that ought to have been properly looked at on this page,0
go away  <SPLIT><SPLIT> Im sorry to say that you have upset me deeply and that I would like you to never cross my path again by changing my edits <SPLIT><SPLIT> from your enemy <SPLIT> Beedum,0
I had hoped that you [[ai]] incorporate the missing facts into your fine prose I have no inclination to sully it with my clunky attempts at improvement Does this stratagem save me the trouble of doing it meself while encouraging others to make use of our library,0
What the fck is your problem Get a life You dont own any pages,0
Thank you for experimenting with Wikipedia Your test worked and the page that you created has been or soon will be deleted Please use the sandbox for any other tests you want to do Take a look at the welcome page if you would like to learn more about contributing to our encyclopedia  See WikipediaVerifiability,0
[[atrocities]] and animal neglect,0
Subtitle  <SPLIT><SPLIT> Why does the title of this page have a tagline written as a subtitle,0
Hey Cluebot Put your shoes on your knees and [[commencement]] wide you poo pusher [[bitch]],0
I understand that but I was concerned because most of these were not even mentioned in the talk section and some [[budge]] back to the first semifinal and even before that  The Aram Mp3 issue for example was several days ago  I might as well add another to the list which I overlooked earlier  During one of the semifinals I think the second there was a bit of a delay in the vote tallying  The hostess then said that wed take a look at the Eurovision Book of Records meanwhile but then after a slight paused she announced wed see another recap of all of that nights songs  Obviously something went amiss there Good night,0
I took out the Economic part of this because its a wordforword copyvio from AFP Lets not readd it verbatim PS Hi Aude,0
Posting that picture for one would be clearly illegal And that picture would be a misrepresentation of child pornography A better argument is that the pictures that have appeared here and in other articles primary purpose seems to be to titillate not educate But as I said above at this point it we are trying to close the barn door after the horses have left   FHU,0
Please take a look at repeated reverts on Ray Nagin  <SPLIT><SPLIT> I have reported the abuse but it continues  <SPLIT><SPLIT> The IP address is a sockpuppet for a user  who was meant to be banned for 24 hours for vandalizing another page Instead he reverted the Nagin article 15 times in the past 24 hours or so The report gives the 8 reverts to one particular version he uses [[Both]] user has ignored all discussion on the talk page and has a history of sneaky edits such as turning First responder into a piece attacking the response to Katrina He has also been abusive calling other editors liars and National socialists The site is behind a NAT so he has several aliases,0
Lmao I only act against those who involve themselves where they do not belong  Your God,0
Anubis The Demon god idol of ISIL  <SPLIT><SPLIT> Anubis is the Demon god and idol secretly worshipped and required to be served by ISIL leaders who are secretly called High Priests of Anubis,0
5 September 2014 UTC <SPLIT><SPLIT> unblockMore trolling  Wonderful  Im glad its obvious to you that I am the same user as that IP but how exactly does that mean that I should have been blocked for complaining that someone was destroying a considerable amount of my work for no reason  Perhaps you can take this a little bit seriously and give an actual sensible comprehensive answer instead of just spouting irrelevant nonsense  0258,0
Hey Erik  One of my old blogs used to be 2 for Alterego Never could beat that manilasites guy My vacation is going really well I will get a tour by a local citizen of Sofia tomorrow and then I will make my long trip home sofia  rome  frankfurt  london  denver It was great to finally meet you too Hopefully we can work together on some great projects in the future or just [[barter]] ideas No worries about the museum We decided to walk back since one of us had a GPS device just for fun I thought everyone heard me shout it Ill drop you a note after I get back to Boulder and am settled into school again Cheers,0
[[Advisable]] call Eric Checked the middle names theyre correct Diepenbrock was not a great composer in my view but an excellent marketeer with good relations eg Mahler Mengelberg,0
Using a trout [[attentively]]  <SPLIT><SPLIT> When wielding a trout against another editor as you did here it is helpful to explain your point of view It is very little help being hit by a fish if it does not come with an explanation of why it was deserved Even without a trout involved it is helpful to explain your point of view at a MfD and not simply say Keep Perhaps you could enlighten us at that debate to the reasoning behind your position and fish swinging,0
Removal of template <SPLIT> Hi In this edit a long term protection template was removed It should not have The page had been protected for long as semiprotect then was fully protected for 48 hours to avoid an extra edit war among established editors When that 48 hour period ended teh bot made teh page fully unprotected Please fix it and make the page semiprotected again Thanks,0
join soccer project <SPLIT> Hi Im seeing you are on top editing nasl page You should join soccer football project If u interest just go to my page theres are the Links,0
If a consensus develops to revert the anon changes Ill volunteer to revert them or more likely to go through and weed them out because theres likely to be keepable edits from other users in the meantime If someone from another traditions removes it it may start a thats POV war I dont think anyone can suggest that Im antiCatholic,0
The Barrow Gang reinvented  <SPLIT><SPLIT>  <SPLIT><SPLIT> A London art collective thought to include conceptual artist James Fox Hans Ulritch and even possibly graffitti artist Banksy are rumored to be going under the moniker of The Barrow Gang  <SPLIT><SPLIT> Inspired by Bonnie and Clydes do it yourself philosophy they are taking London by storm with their cut and paste style of photos and music <SPLIT><SPLIT> James Fox was previously the founder member of London band The Moths who came to notice of the music industry in 2007 They signed a publishing deal for a six figure sum and James Fox left soon afterwards blaming fatigue <SPLIT> However since then there have been numerous rumors about Fox and his motives for the band One of the most outstanding and one that is not going away is that it was all part of an elaborate con Fox isnt saying that it was all that he says is that it was part of an art project and if you listen to the lyrics of the songs which he wrote the story is all there in black and white <SPLIT><SPLIT> It is thought that he is now in talks with publishers about writing a book on his [[businesses]],0
Re Copying the username  <SPLIT><SPLIT> I thought it sounded nice,0
then tell me why is it not a proper reference unless intel itself come up claim its false info you have no right to call vandalism,0
Didnt know Howay was a lawyer or much else of him until I came across his article and had not heard of Reid  Interesting thanks,0
What is [[abandon]] to be the criteria to move it to the mainspace,0
I did a RDNS and TR How did you find out that its a school I hit a firewall around the 10th hop or so,0
[[Cant]] I didnt realise that there was a consensus made should have checked that earlier sorry man Thanks for pointing that out P Yours faithfully,0
[[Amplification]] the article,0
Translation Okay so its not perfect but its the best I can do with my software <SPLIT> One definitely finds Completion on Wikipedia not just of certain things but of everything While reading the page of David Bowie I thus fell on List of bisexual people That is to say the kind of file which one can really wonder what it is truthfully useful In addition to Bowie one finds in this list several hundreds of names of celebrities of yesterday and today Actors singers writers sportsmen Men and women whose bisexuality either is posted at the great day or only supposed That goes from Marlne Dietrich to Lady Gaga Ben yes c is too tendency d to be Bi while not passing Simone de Beauvoir Janis Joplin Fergie of Black Eyed Peas Drew Barrymore and Angelina Jolie ah good At the indexed men let us quote Brett Anderson Billie Joe Armstrong of Green Day James Dean and Marlon Brando But oddly neither [[Ramones]] Pop neither Lou Reed nor Mick Jagger however of the conquests allotted to Bowie It is known that the secret services collect information on the sexual preferences and manners of the personalities of the political world the businesses and the showbiz but does Wikipedia have to also play that Which is the appreciation or the relevance of the trick One can put the question PS Made checking there also exists on Wikipedia List off gay and lesbian people One also finds lists of Jews and HIV positives,0
Trivia was added because the simple list of episodes was a copyvio  The official german name of the episode 18 DVD is named from the film too,0
Welcome <SPLIT><SPLIT> Welcome to Wikipedia   My name is Ryan aka  I noticed that you were new and havent received any messages yet I just wanted to see how you were doing Wikipedia can be a little intimidating at first since it uses different formatting than other sites that use HTML and CSS In the long run though youll find that the WikiSyntax is a lot easier and faster than those other ways Here are a few links to get you started <SPLIT><SPLIT> How to edit a page <SPLIT> Editing policy conduct and structure tutorial <SPLIT> Picture tutorial <SPLIT> How to write a great article <SPLIT><SPLIT> There are a lot of policies and guides to read but I highly recommend reading over those first If you have any questions feel free to leave me a message on my  Please be sure to sign your name on Talk using four tildes  to produce your name and the current date along with a link to your user page This way others know when you left a message and how to find you Its easier than having to type out your name right  <SPLIT><SPLIT> I hope you enjoy contributing to Wikipedia We can use all the help we can get Have a nice day <SPLIT> [[Acutely]],0
if Im not clear enough please ask and Ill elaborate although Id rather discuss some actual changes rather than the problem  solution which we both clearly understand well enough already the conditional probability zc in Chun can indeed be 12 in some cases 23 of them overall if the host prefers a certain goat door aka Monty Crawl in Rosenthal But  in this situation the player cannot gain or lose by switching Chun 1999 p 47 So it obviously doesnt change the players strategy because in the remaining cases of Crawl which happen 13 of the time overall switching wins with probability zc1 In more mechanistic terms if the host has a preference for a goat door theres a redistribution of the unconditoinal probability of winning z between two groups of cases that will have different zc but this redistribution is subject to the constraint that the sum is always 23 and the conditional probability in either group cannot be less than 12 This is indeed fairly messy to explain in plain English and its also not something that is assumed to be standard MHP by plenty of authors Rosenthal   I can surely find more but surely others think this is what Savant meant for some reason Theres also the question of whether the player knows what the hosts strategy is Ive not seen Savant state that Since none of this actually affects the players strategy for didactic reasons assuming the Wikipedia audience is a general audience Id prefer we leave the more complex discussion Monty CrawlMonty Small as a variant rather than making it the standard problem Perhaps we should mention in the lead that not assuming that Monty must randomly choose which door to open if both hide goats assumption changes the conditional probabilities for cases some go up some down but ultimately does not alter the players optimal strategy because the conditional probabilities never drop below 12 for switching I deleted part of the aid to explanation section that actually solved the Monty Small problem to use Rosenthals terms Using that as aid to understanding what the lead sets up as a simpler problem is a case of let me explain to you Galois theory so you better understand how to solve the quadratic equation Yes Im exaggerating a bit but I hope you get the point,0
player numbers <SPLIT> stop adding player numbers to infoboxes  they change frequently which is why there is no field for them,0
They [[betting]] in state cups such as Copa Paulista de Futebol or Copa Santa Catarina Most states have state cups,0
Will Cuppy puts it only slightly exaggerating his textbooks Carthage was ruled by its rich men and was therefore a plutocracy Rome was also ruled by its rich men and was therefore a republic,0
The history of religious movements in a city is irrelevant  <SPLIT><SPLIT> I dont think so,0
Regarding edits made during November 13 2006 UTC to  <SPLIT> Thank you for experimenting with  Wikipedia Your test worked and it has been reverted or removed Please use the sandbox for any other tests you may want to do Take a look at the welcome page to learn more about contributing to our encyclopedia If this is an IP address and it is shared by multiple users ignore this warning if you did not make any unconstructive edits,0
Support however we currently dont have any policy on who gets reviewer how that would suit the unmodifed FR That would require addressing before it goes live otherwise well be essentially stuck with changes nobody but admins can approve,0
[[Congratulation]] stonestone2 Nice information <SPLIT><SPLIT> Thx,0
Semiprotected edit request on 30 November 2015  <SPLIT><SPLIT>  <SPLIT><SPLIT> For all of you NatGeo aviation fanatics you may of heard of Air Crash Investigations Id like to confirm these are the new episodes out of 10 episodes of series 15 if you didnt know <SPLIT> 1United Express 5925 Beechcraft 1900C <SPLIT> 2Asiana 214 Boeing 777200ER <SPLIT> 3UPS 006 Boeing 747400F <SPLIT> 4ElAl 1862 Boeing 747200F <SPLIT> 51961 Ndola DC6 Crash Douglas DC6 <SPLIT> 6Atlantic 670 BAe 146 <SPLIT> 7Garuda 200 Boeing 737400 <SPLIT> 8Spanair 5022 McDonnell Douglas MD82 <SPLIT> 9Atlantic Southeast 2311 Embraer 120 <SPLIT> 10TAM 402 Fokker 100,0
Please do not add nonsense to Wikipedia It is considered vandalism If you would like to experiment use the sandbox Thank you,0
I suppose you could simply state that an alternate formulation with salicylic acid is available in the UK  it isnt necessarily the only formulation in the UK and we cant definitively conclude that its distribution is limited to the UK only On a related note were you able to find reliable sources confirming the ingredients in Proactiv <SPLIT><SPLIT> As for your proposed text I find no COI issue with it so I have inserted it into the article Please check to make sure that I pasted the content correctly I will now proceed with my review of this section <SPLIT> You note that the active ingredient  benzoyl peroxide  is a common compound used for acne treatment but you could go into more detail by discussing its chemical role For example Jessica Wus source Feed Your Face mentions that it kills bacteria and is antiinflammatory Currently the article text focuses too much on the side effects  <SPLIT> There is also an Extra Strength version with a 7 percent concentration  Is this referring to 7 benzoyl peroxide or salicylic acid I ask only because even though the paragraph initially focused on benzoyl peroxide salicylic acid is mentioned at the end of the sentence <SPLIT> I couldnt find a for teens version sold on this source Is it in there Regardless I dont think its necessary to mention the Deluxe Kit and other combinations of the same products since the sources have not considered them noteworthy  <SPLIT> There are also variations in the formulation and different active ingredients in other products I recommend changing this to something like Other products in the Proactiv line have different formulations and active ingredients <SPLIT> Overall your new content looks good and is a huge improvement compared to the previous version,0
I [[assumptions]] sources consider MuadDib religion in context of Politics and religion so should Wikipedia,0
DYK for Bjrn Floberg  <SPLIT><SPLIT>  <SPLIT>  classmessagebox talk <SPLIT>  <SPLIT>  <SPLIT> On April 11 2009 Did you know was updated with  from the article Bjrn Floberg which you created or substantially expanded If you know of another interesting fact from a recently created article then please suggest it on the Did you know talk page,0
but he cant tell a PAC to reject contributions from anyone,0
53 29 July 2013 UTC <SPLIT><SPLIT>  Protected in error  <SPLIT><SPLIT> You recently protected History of the metric system because of persistent sockpuppetry This was either a mistake or was tendentious Either way can you now unprotect it please   10,0
That [[associated]] to Ian Ridpaths page is most useful Now if we can only find out his references,0
True Its eerily similar type of editing the bulk content removal over many many edits Cant say Im surprised it often happens Very frustrating,0
Oppose inclusion as the article is about the meme not the person The persons name is trivial and unnecessary to discuss or present the meme The person is not notable only the meme is notable,0
I feel that the no consensus outcomes of the AFDs were mischaracterised,0
Contesting the deletion of Resysta you wrote <SPLIT>  This page is not unambiguously promotional because this material is not listed on Wikipedia It is a revolutionary product sustainable recyclable and people should know about it It is like when people first time find steel or iron it is the same with Resysta    <SPLIT>  I might agree that this new product does merit a Wikipedia page if evidence of significant coverage in reliable sources can be shown  But it merits a better article than the one that was deleted which was nothing but a blatant ad for the product,0
Froth is this any better Im afraid ones age shows after a point and must plead ignorance on this    <SPLIT><SPLIT> Yeah you fixed what I was talking about I wouldnt say better or worse I was just being a little pedantic   <SPLIT><SPLIT> Link Removal <SPLIT> I added the link on the Furniture article to the Dmozorg directory on Furniture You deleted the external link and I would like to know why I am not sure if you are not aware of what Dmoz is what Dmoz is not a commercial webiste at all it is the first manmade durectory of web links There are over 1400 articles on Wikipedia that link to the Dmoz Directory Please see Open Directory Project for more information about Dmoz and the Open Directory Project Please make sure that know what you are deleting before making such hasteful edits on Wikipedia   <SPLIT><SPLIT> You added a link to a list of commercial links  I fail to see how that is different than adding commercial links   <SPLIT> Fun Facts <SPLIT>  There are Dmoz links on over 1400 Wikipedia articles <SPLIT>  Dmoz is a sister site to Wikipedia <SPLIT>  Dmoz is a noncommercial website See Open Directory Project <SPLIT> <SPLIT><SPLIT> Did you even look at the DMOZ page you linked to  It is inappropriate  Every link on that page is commercial  Its a list of furniture stores I have nothing more to say about it   <SPLIT><SPLIT> I readded dmoz link to the consumer information furniture cat not the shopping cat Two sidenotes First we are guided to use DMoz links see WPELImportantpointstoremember In this case I agree that the shopping category was not the best possible Dmoz link but in future consider doing search at dmozorg and seeing if you can find better cat instead of just deleting it   as you did on Case management but  <SPLIT><SPLIT> Second I came to your talk page because you altered a DMoz link that I placed on the Case management page  You narrowed the scope of the DMoz link to case management associations only as opposed to the entire industry of case management  Why do you feel this was necessary   <SPLIT><SPLIT> Oh third   I see that you started the Case management article here  Cool  If you feel knowledgable in the field think about becoming an editor of the CaseManagement category at DMoz  Im the named editor there now but not because Im very knowledgeable about it  I edit a lot of insurance categories one of which is ManagedCare  That led me to the preexisting CaseManagement category which needed some work  I cleaned it up some but nothing beats having an expert focusing on it   <SPLIT><SPLIT>  Warning  <SPLIT><SPLIT> Regarding this post I dont much appreciate your personal attacks  But more than that I dont appreciate your behavior  The next time you waste everyones time by playing the you cant prove that was a joke about X argument when the implication of the joke was obvious Ill block you  It looks more and more to me like you enjoy arguing and seeing what you can get away with for the hell of it the remaining time for which this will be tolerated is growing short    <SPLIT><SPLIT> Go fuck yourself  Youre being ignorant and putting words in my mouth to have an excuse to block me  You obviously didnt read what I wrote  Now block me for telling the truth and telling you to go fuck yourself for your nasty threats   <SPLIT><SPLIT> Youre blocked 24 hours for personal attacks  If you continue trolling I suspect the times of your blocks will increase rapidly     <SPLIT><SPLIT>  User talkTHB,0
To follow up what Beagel says above after the incorrect details were removed some changes were made to the existing Caspian Sea section that have introduced some new wording I would like to ask for other editors to review this wording and adjust it as they feel necessary since I believe it introduces POV into the section  <SPLIT><SPLIT> The section originally stated <SPLIT><SPLIT> According to US Embassy cables BP had been exceptionally circumspect in disseminating information and revealed that BP thought the cause for the blowout was a bad cement job <SPLIT><SPLIT> It now reads <SPLIT><SPLIT> According to US Embassy cables BP had been exceptionally circumspect in disseminating information In January 2009 BP blamed a bad cement job as the cause for the incident The Guardian noted a striking resemblance with the later oil spill disaster in the Gulf of Mexico  <SPLIT><SPLIT> The Guardian note is completely new and essentially anachronistic since there could be no comparison with Deepwater Horizon at the time This wording also makes the comparison between the events [[albeit]] explaining why the two were thought by the Guardian to be similar events and seems to imply that the Caspian Sea event had a greater impact than it actually did  <SPLIT><SPLIT> Secondly the wording about the potential reason for the leak now does not seem neutral To say BP blamed sounds as though an excuse was being made rather than that BP had been looking into the cause and stated they believed it to be the cement Please can other editors here look at these two changes in wording and adjust or remove them Thanks,0
niggas ass bitch fucked me hard,1
Id have no concerns about moving that article into main space nice work  If you get a chance check out WPWBM for help in formatting references to an archive youll find it useful in your rescue work Please let me know if you need any assistance from me and know that your efforts are appreciated,0
Adam and Nikkul  <SPLIT> Judging by the nonsense on Poverty in India in January 2009 I think this dispute is probably caused by animosity caused by people taking things like Monkeygate and Matthew Haydens comment on India being a thirdworld country too seriously     <SPLIT> Look at how they crossed paths on PiI in Jan 09 Each time these things happen all these chatrooms get filled up with people saying nonsense that India is more developed than Australia or some Indians have less education than Australians and other nonsense from both sides Apart from that Adam doesnt appear to ever edit Indian pages,0
This is nonsense  <SPLIT><SPLIT> It shouldnt matter if some of the editors are serbian nationalists or not this title argument is ridiculous the current title can not be sourced correctly If I knew the header tag for this title is [[fuck]] retarded Id use it And no Im not serbian Im not a sockpuppet or single purposeIve never edited anything at all to do with Serbia that I recallIm neutral  this title is fiction,1
Pinbusters on NGage  <SPLIT><SPLIT> Since 16 June 2009 Refer httpwwwngagecomngingagewebmyenshowroomgamedetail609GameDetailhtml,0
No It is much strongly worded Something like dont use quotes when it is POV since paraphrasing would be better It would basically be she is a disgusting racist who sucks NO critics said she was racist instead Ill try to find it,1
The if [[absolutely]] desperate is in a quote so it is as used by the sources  I happen to disagree with them it should really read if sufficiently secret because the Saddams threshold would not be as high as desperate  Instead of being repetitive can you give a wikipedia reason for opposing this relevant sourced and fairly presented passage,0
I propose the following wording  drove around in a red pickup truck which was characterized as rentedcitecite but was recently reported to still be owned by Thompsoncitecite,0
Hey all you Snickerdoodle fans  <SPLIT><SPLIT> Yall should just shut shuttin up whilst talkin bout the infamous Snicky McDoodle McCookie,0
Ok so IMDb is not reliable Then nothing is and you cant say that any of the information on any site is Also if it is not reliable then it should not be listed as an external link,0
No  [[Alone]] the opinion that something is useless are irrelevant  I think all the articles on Pokmon characters are useless but some people find them useful so they stay  You for ideological reasons that one can guess want to suppress certain information but the rest of us find it useful so it stays <SPLIT> It must take considerable mental effort to convince oneself that the PIPA data doesnt make Fox look like a bunch of liespreading scum  I dont know how certain people do it  At the end of the day it doesnt matter  The PIPA report is staying in no matter what you do,0
Show me where the statement is then,0
inadequately explained if at all,0
Patna as a Dutch Trading center  <SPLIT><SPLIT> There is something missing that Patna was a Dutch trading center during Mughal Period before the arrival of British in Patna,0
[[January]] 2010 UTC <SPLIT>  Answered on my talk page   1159 2,0
celebratory fire  <SPLIT><SPLIT> Im going to clean up the little part about celebratory gunfire  It seems a little selfcontradictory to first say that citizens greeted the deaths of the Hussein sons with celebratory gunfire and then ponder whether it actually was celebratory  Ill reword it to reflect the uncertainty,0
Causalities of the Indians in this battle  <SPLIT><SPLIT> I thought the Indian causalities were 1500,0
There is a full account available of the inquest into the death of Sir Edmund Berry Godfreyin 1678 and references ro plague victims from 1665 which seem to indicate a systematic examination which considerably antedate MorgagniI cannot find a copy of Farber on the Internet,0
Account has not been [[activating]] man talebs Kailangan pa ma activate,0
chris chaney is the sweetiest [[barkeep]] on EARTH,0
[[About]] that time you might also draft a longer unblock proposal that attempts to fully address everything that has gone on in the past and perhaps also incorporates and accepts some of the voluntary restrictions that were mentioned in that AN thread Feel free to email me if you need anything or had any questions at xenowiki at gmail dot com,0
Rating  <SPLIT><SPLIT> Smyslov was never rated 2800 by the FIDE Perhaps it is some chessmetrics type rating that tries to rank all players past and present fairly <SPLIT><SPLIT> As is well known Bobby Fischer held the alltime FIDE high rating of 2785 until Garri Kasparov broke it in the 1990s,0
Ive seen claims that the differing directions of shadows in the commonly circulated pictures show that they were doctored and that Iran is trying to promote the idea of Syrian nongov forces being Israelibacked No idea how true,0
Probably not,0
No Im encouraging you to move it to a policy talk page where it would be relevant,0
Im back whoo baby  <SPLIT><SPLIT> Hello Dennis its me MegaCyanide666 and yes Im using a sock this time After you blocked me Ive laid low for a month a but came back on the request of one of my teammates who created a fake account by the name of Mr Sylvester Cross As you might have heard from Mr Sylvester Cross that me and our group hates you The account Merchant of Pein was actually not my sock but just a distraction so while youre busy doing something else by blocking it you wont be able to block us and in the meantime we can attack you We dont really like you You think yourself way too much SO were making a deal you and other admins should publicly apologise at the pages of all the users you have blocked and give up your administrator rights I cant believe it you just accused someone of being a sock cause they had the same edits as me The Pariah One is a member of our group and he is really a British If you dont agree to the deal we gonna start attacking everybody on Wikipedia and trust me this time its gonna be the world You may be able to stop just one but how are you going to stop the army of freedom Surrender or pay This time its a warning next time its a war OH and please take your stupid photo of your profile page you really look stupid LOVE YOU BABE Dont forget to block me,0
Quit it  <SPLIT><SPLIT> Stop Stalking me you creepy womanmanthing you,0
All Blacks  <SPLIT><SPLIT> Im the fool behind the database that feeds All Black content into the wwwrugbymuseumconz and also into allblackscom websites <SPLIT><SPLIT> Wanna know something  ask away,0
Stop creating nonsense articles about some game you and some other kids made up  This is an encyclopedia  See WPWWIN,0
[[Banner]] text  <SPLIT> George ward is a funny boy he is silly,0
PS just found that Solzhenitsin become notorious not only in Central Asia and Cacasus according russian racism native inhbitants of Caucasus are not considered as whites but also in Ukrain due to his neglection of Holodomor httpwwwrosbaltru20080804510090html,0
Ofc  It is strongest muslim power and it have second largest army in western world,0
Jul 27 2011 UTC <SPLIT><SPLIT> Added this,0
Interview with a peppersprayed [[GOU]] Davis student  <SPLIT> httpboingboingnet20111120ucdeyetwitnesshtml,0
It has both Circumcision and [[Fucking]] two of the least controversial topics we cover,0
[[Allright]] call an employee of the Montana Historical Society incompetent  Not my circus  I pinged the people who are supposed to care  If they dont want to deal with a more thorough analysis you are right no sense staying where the slop is deep  Might get stuck there,0
You cant remove the alternative name even if it is a misspelling unless you prove the RSs used a misspelling Or did you come to think the previous version is better,0
[[Formers]] help  <SPLIT><SPLIT> I am creating a collaboration of the month template for WikiProject Lutheranism and I could use a little help  I have based it    on the Article improvement drive template which I see in the history you have done some work on  My problem is that when I switch out  with tl the article height greatly increases  I would like to keep the banner slim like the  but Im not experienced enought with templates to fix this little glitch  Any help would be greatly appreciated  Thanks in advance,0
Thanks for your support <SPLIT><SPLIT> Thank you very much for your support on my nomination for adminship Now that I have been made an admin I will do my best to live up to the truest you and the community have placed in me If you ever see my doing something you think is incorrect or questionable or does not live up to the standards that should be expected of an admin please let me know,0
[[Frances]] Comfort Tiffany <SPLIT> Just FYI your reversion of the edit made by the IP editor to this article was good but you then reverted yourself restoring the IPs vandalism  Try to make it a habit to look at the article once youve finished editing it as its easy to get confused about where you are in the process  I know its happened to me Best,0
[[Allen]] notices the casualty part Screwy numbers and [[bitches]],0
RfACoaching  <SPLIT><SPLIT> Hi Aervanath <SPLIT> Usually I respond where the conversation begins but when I do a coachingrfa preview I respond on the users talk page   <SPLIT><SPLIT> Ive just spent about 2 hour reviewing your edits  You have few options at this point  First I think that you would have a decent chance of passing an RfA at this point  Your talk page shows a person who has excellent communication skills and temperament  One issue that MIGHT hurt you is that some people dont believe that nonadmins should ever close AfDs unless it is a clear keepyour closing no consensus AfDs might be seen as overstepping your bounds but I noticed youve recently been approached about that concern  Another issue that might hurt you is your lack of article building see this RfA for how your lack of article building can hurt you  That being said I think your scenario is significantly different  First you are active in several areas where you are actively discussing policies and what is best for the project  Your edits around the project show a person who has a certain amount of clue  Second and this is big your edits are manual  You might not be an article builder but I can easily see how you think and how you respond to people  You do communicate with others which is very important  Third you act like an admin  People come to you seeking your helpguidance  IMHO this is the single biggest attribute that I see in candidates <SPLIT><SPLIT> With all of the above being said I have to ask why you think you need coaching  My initial response is that coaching would not be a wise choice for you  Coaching is for the person who needs helpguidance  Am I missing something Is there an area where you feel you need help in  Are there any skeletons in the closet that I missed <SPLIT><SPLIT> IMHO you have two real choices  First you bite the bullet and you go for it now  Id be willing to nom you assuming that there isnt something Im missing  With your article building history there is a chance that the RfA will fail but I think we can point to other areas to overcome this weakness  There are no guarantees  If you fail then you can work on the article building and run again in a 3 months  Second the area I see the most need is the one area that cant be coached and that is article building  Many myself included like to see article building in potential admins  By building the project you learn to gain an understanding of what others feelssense and you take pride in the project  If you choose this option it would probably take you 23 months to build that edit history <SPLIT><SPLIT> Personally I think you should go for it  Again I cant guarantee that your RfA would pass but I do think we can overcome the objection of weak article building based upon your edits and talk page,0
The Church Popes  ecumenical councils authorized the execution of heretics by burning at the stake  the torture of people to get them to confess  its procedures presumed people guilty until proven innocent I can give you citations from the New Catholic Encyclopedia for all this if you wnt,0
I understand  However the modified definition should not be interpreted that way  Its not saying that every device for increasing the amplitude of a signal is an amplifier just that an amplifier is a device for increasing the amplitude of a signal  Sometimes the power level is quite irrelevant in amplifiers used to process signals and a power increase may not exist at every amplifier circuit even if the circuit is capable of providing an output signal of more power than the input signal,0
Most of it looks like an unencyclopdic text dump that can be deleteda list of phone numbers doesnt make an encyclopdia entry  I suggest deleting the list and then the remaining two paragraphs dont need to be split,0
Wikipedia is founded on the principle of respecting peoples edits  You have an opinion that this template is superfluous despite its popularity  If reverting an edit that has completely accurate information and solely for enforcing your opinion is not taking reverting lightly I dont know what is Maybe you could give an example of what you think taking reverting lightly is and how it differs from what you did And I quote from the wikipedia page Do not simply revert changes that are made as part of a dispute Be respectful to other editors their contributions and their points of view,0
Wikiproject [[Cameraman]] Game Newsletter interview  <SPLIT><SPLIT> Hi there Khanassassin I am here to ask if you would like to be interviewed for the Video Game Newsletter We are bringing it back up and since youre an up and coming editor for the project you seem to be a great choice,0
I think the MOTD is a waste of time,0
current image sucks  <SPLIT><SPLIT> [[contemporary]] image used is httpuploadwikimediaorgwikipediacommonsdd9Anneliesevanderpolasbelleinbeautyandthebeastjpg <SPLIT><SPLIT> she looks like 5060 years old there O cant we find a better pic,0
If it is an historical narrative then please point to someone who has written this narrative  Wikipedia is not the place for you to write your own historical narrative  No way btw of knowing what is not related to CT because I have no idea what it is and by your own admission you have no idea either but want to talk about it nonetheless,0
[[Appallingly]] you did not take numerous editors warnings to heart You are to consider yourself editwarring if you instead of waiting for a discussion to complete continue to revert an edit You now have five editors telling you that you are wrong in this particular instance Forgive me but wouldnt it be prudent to discuss the matter before taking unilateral action You have violated 3RR and are editwarring These are bad signs when trying to have people consider you to be reasonable,0
Linky  <SPLIT><SPLIT> If you havent read your email yet youve been pressganged into helping me with  This is what happens when you ask me for help,0
[[REALIGN]] TalkHeaven Jay Z song,0
[[ACCURSED]] YOU AND YOUR BLOCKI WILL TAKE DOWN THE ENTIRE WIKIPUSSY SITEYOU ADMINISTRATORS ARE GAY HOMOS,1
and [[demonstrate]] a level of intelligence beyond your years,0
32 26 [[August]] 2012 UTCMayasutra <SPLIT> Thank you for the constructive request  and for assuming good faith The article is currently being expanded and more reliable sources will be added Others are welcome to contribute however in future I would appreciate if users did not remove all of the text without reason or discussion    <SPLIT><SPLIT>  Sitush until Lifebonzza provides reliable sources for his claims what do we do with the article I suggest reverting it to its older state until he provides references btw Lifebonzza deleted referenced material and inserted his unreferenced claims   15,0
Fanmade music videos  <SPLIT><SPLIT> [[Among]] music videos there are many videos not even from Linkin Park themselves For example H VLTG3 has a music video link to some YouTube user called NTRMssion1s fanmade video for the song,0
What the [[bollocks]] do you think your at deleting my user page i mean who the fuck do you think you are id love to strangle you no good waste of space watch your back,1
they ahve sex with dogs,1
You are still not getting my point it may well pass those policies if you look at it in a certain point of view quite subjective not one newspaper in the world is neutral but that doesnt matter The point Im trying to get across is that it isnt relevant if I published a book about the modern history of St Marks I would say that inclusion is acceptable as Im writing a detailed picture However in this case where writing more than a few paragraphs is generally not acceptable it simply doesnt fit,0
Rubbish  <SPLIT><SPLIT> Roy Hodgson is rubbish and the Wikipedia article on him should reflect this,1
Hkelkar Sock Fantasies  <SPLIT><SPLIT> Why do you still make those long rants about sock fantasies even though you ended up embarassed as usual during the arbcom case,0
Betacommand <SPLIT> You may want to fix this but according to this  Betacommand has opposed himself Just wanted to share that,0
Medcab  <SPLIT><SPLIT> Your first article has been deleted If you want it retrieved you can probably  ask an admin to give you a copy to put into user space Im going to close the medcab case but will keep an eye on that article in particular <SPLIT><SPLIT> Here are a few things to check out <SPLIT><SPLIT> The Five Pillars of Wikipedia <SPLIT> The Manual of Style for Wikipedia <SPLIT> How to cite things <SPLIT> What qualifies as a good citation <SPLIT> The EverPresent What Wikipedia is Not Rule <SPLIT><SPLIT> Sorry I couldnt be of much help Dont give up though,0
I [[acceptance]] with changing my username however Id appreciate to make it ayoubm09,0
testicles Cleaning clams testicles Cleaning clams testicles Cleaning clams testicles Cleaning clams testicles Cleaning clams testicles Cleaning clams testicles Cleaning clams testicles Cleaning clams testicles Cleaning clams testicles Cleaning clams testicles Cleaning clams testicles Cleaning clams testicles Cleaning clams testicles Cleaning clams testicles Cleaning clams testicles Cleaning clams testicles Cleaning clams testicles Cleaning clams testicles Cleaning clams testicles Cleaning clams testicles Ha you can silence me that easy when I come back I will continue to dod this because I have a lot of worthy things to go on wikipedia but you keep deleting them so I will annoye you HAHAHAHAHAHAHAHAHA Testicles,1
Changed the formatting of the numbered list to wikipedia standard replaced a bolded term with a wiki link removed unsourced tag since there are external references listed at the bottom  Also marked it as in need of expert attention,0
From where I sit it summarizes the career of Jarrett to which his dead wife is NOT relavant Why did the personal life section not exist before Mrs Jarretts passing which I might add was so heavily reported by the dirtsheets everyone seems to hate and why does it even now list NOTHING else It doesnt help the article in the least <SPLIT><SPLIT> But since Im just banging my head against a fucking wall I think I better just walk away and let the older kid win,0
[[Gi]] opposing this move please see TalkGrand Theft Auto Trilogy for rationale,0
listas  Crazy World of Arthur Brown band,0
Copyright problems with ImageGeorgette2jpg  <SPLIT>   An image that you uploaded ImageGeorgette2jpg has been listed at WikipediaCopyright problems because it is a suspected copyright violation Please look there if you know that the image is legally usable on Wikipedia you may have to search for the title of the image to find its entry and then provide the necessary information there and on its page if you are interested in it not being deleted Thank you,0
Thanks for your contribution but we are trying to write an encyclopedia here so please keep your edits factual and neutral Some readers looking for a serious article might not find them amusing Remember millions of people read Wikipedia so we have to take what we do a bit seriously here If youd like to experiment with editing use the Sandbox to get started I hope you can help us out,0
Godzilla 2012 film   <SPLIT><SPLIT> Please follow the WPRM process for a requested move The page has been through two AfDs,0
Here is the only wikipedia image I see of a male lion facing the other way ImageLion sexjpg,0
I agree with Arnoutf here if anything it is relevant to Europe not EU The inclusion of sport here seems more like an attempt to give it more the trappings of nation articles than is realistic,0
List of snack foods  <SPLIT><SPLIT> Ive been working on the List of snack foods article and Im preparing to convert it to table format in the near future Ive pruned it a little bit omitting specific brands of snack foods to prevent the list from becoming too long and indiscriminate in which all brands of snack foods on the planet could theoretically be included on it Ive initiated a discussion on the articles talk page about this Rather Ive changed the format of the article to reflect categoricallevel types of listings Feel free to pitchin if you have the time interest etc Cheers,0
Johns Hopkins nope I was wrong The University of Chicago most definitelytwice as many grad students a higher gradundergrad ratio than MIT Rockefeller University has no undergraduates at all an infinite gradundergrad ratio  <SPLIT><SPLIT> Hey Columbia has over twice as many grads as undergrads Hey hey  Harvard has almost twice as many Yale 5316 undergrads 6074 grads and University of [[Akron]] have more grads than undergrads <SPLIT><SPLIT> I bet the truth is closer to Like most major research universities MIT enrolls more grads than undergrads <SPLIT><SPLIT> Thats just one point but I have the feeling that theres its not the only breezy shootfromthehip unchecked fact in the article,0
You stepped up and jumped in when it looked like there wouldnt be enough choices for the community to have a real choice and had the guts to stick it out once everyone else jumped in  I think those are admirable traits and worth noting  I do think you will be happier on this side of the iron gates  I cant imagine you with the shackles of Arbitration having to limit your participation in the real work for fear of recusal or involvement  Like a caged bird  Besides there are too many worthwhile projects on this side of the fence that benefit from your attention to detail       Join WER,0
Where does common sense tell you that original research is being involved when if there is a category for something such as an [[allocate]] that has been given out over time and someone has vreated such an article of section for that award yet no where except by going into the article is there any indication of what years span there is covered by that article or section That is not original research That is X article or section has X information What point is there to making two moves when one will do When I am searching out information the last thing I want to have to do is look at EVERYTHING to find out just where I need to look when all it takes is a competent compiler to indicate just what is in the articlesection You do not create an article on Mental capability leaving it to the reader to have to go to EVERY articlesection on MENTAL CAPABILITY when if there is a yours article a his article or a mine article It does not matter when an award was started or when it was discontinued All that matters is a centralized source of information or routing through that article,0
I create a large number of categories frequently to reduce the size of larger categories or to expand existing series  Hence the Russian one <SPLIT> For me machine building is what it say the building of machines  If you want to expand that back to the beginning of the process then it would include the actual designing  At that point mechanical engineering and electrical engineering would be two of many disciplines that would be involved  Others could include designers to advise on the appearance of the machines <SPLIT> Any kind of company that provides engineering services  This could include any of the disciplines  So you run from airplane design to power plant design to bridges to bio medical devices So it is broad and covers a very wide area   <SPLIT> A manufacturing company is one that makes anything from a car to a screw  Slabs of granite for your kitchen counter to the pepper grinder that you put on top of the counter  Packing plans those that put oranges in cases for shipping including the prep are not manufacturing plants <SPLIT> Engineering companies are not manufacturing companies  Though a company can employ both types of skill and do both things <SPLIT> Now Im not a Russian expert but I think that they have had a tendency to label and do things differently then many other nations  So what they call something may not jive with the definition used in the rest of the world  In that case you have a problem  Subcategories need to roll up correctly and simply saying something is X may be OK for local usage but that does not mean it rolls up in to CategoryX if that is used to collect different items <SPLIT> I see you may well need to decide where to change the name of the category and what is included in it  This will not be trivial and will likely generate some discussion  Without doing any digging to see what you have been working on Id suggest that you bring a trial rename for something in this area to a full CfD  Explain the problem and offer a suggested rename  Then see what the others say,0
[[Er]] announcements  take your pick,0
I changed it to lore Good call,0
[[Both]] id that it already has Picris echioides looks plausible,0
are you a [[bisexuals]]   <SPLIT><SPLIT> are you gay with ritesh,1
I just did some ARs edits on MusicBrainz for the System 7 artist entry there On the vinyls I own the credits are always written as The Orb example for A cool dry place track 2 of the 777 album Produced by Steve Hillage  The Orb  Mixed by The Orb,0
NAMO is a great leader to INDIAonly the bad thing is NAMO like only bramin community and no othersso his ambition to fuck Bramin community and deliver lot of bramins in INDIA in order ro rule INDIAN Gov as HINDU Bramin Country is called INDIAso we are waiting to lead let us how he is going to FUCK the Bramin Community,1
Push out your chest and suck in your stomach,0
Additional by KaptainKaos <SPLIT> I also have had my suggestions deleted by some useless Wikipedia vandal I take issue with the statement above by this Paladinwannabe2 He says he deleted the suggestion VoraciousCorporeal because its not the definition Lewis Carrol gave us LEWIS CARROLL DIDNT GIVE A DEFINITION FOR VORPAL YOU FUCKING RETARD And his name was Carroll with two Ls not Carroll you fucking ignoramus VoraciousCorporeal is nearly as good a suggestion as some of mine and is certainly better than the garbage from Taylor that has been allowed to remain on this page Does using alternate letters from verbal and gospel fit the style of Carrolls other portmanteaus FUCK OFF If you fucksticks want to call yourselves editors then fucking EDIT Dont just delete shit you were too thick to think of yourselves,1
The so called creator of slender man is a fake Slender man was around way before 2009 I originally heard the story of slender man in 1991 by a best friend Told me the story of a very tall 7 foot plus slender man  with very long arms and legs dressed in all black suit with president Lincoln  type top hat He could move with and thru the shadows and would come at night and take children and even babies from their cribs I have many witnesses and even have older Hispanic relatives who speak of the tale of the slender man dating back even further to the 60s But this so called 2009 creator put a patent on the idea thats bull As I stated I first heard the story almost 20 years before this guy thought of it I think maybe he has been influenced by slender man but not created him Do the research the truth is out there,0
[[This]] are snakes trained in assassination,0
The country the league is obviously the one of Ireland And youll see that it is relevant to this because in all similar cases since Fifa 05 two flags have been in use,0
When you only ask editors on one side yes explicitly so,0
Reassessed <SPLIT><SPLIT> I have reassessed this article from B class to GA class and from no importance to low,0
military incompetent and,0
But did Peiser as a social anthropologist know what he was looking at when reviewing literature in the physical sciences  His  list of articles that supposedly refuted the consensus was an embarassment  many of those articles had nothing at all to do with global warming much less refuting the consensus,0
[[This]] was because of that second  tag I forgot to remove I see So you added this as a precaution I understand Thank you,0
Tips on creating articles  <SPLIT><SPLIT> Hey there Thanks for the message that you left on my talk page last week  That was very sweet <SPLIT> <SPLIT> Im happy to be Wikifriends with you and its great to see that youve already created your first article Let me share a few things that youll want to keep in mind as you edit All information thats added to Wikipedia requires referencing  without this additions are likely to be removed You might want to take another brief look at the page Wikipedia is not an indiscriminate collection of information but even more helpful to you right now are going to be the pages WPNotability and WPIdentifying reliable sources As I touched on earlier just because something is true doesnt necessarily mean that its notable enough for inclusion on Wikipedia The way that we determine the notability of a topic is by seeing whether any reliable sources have written about it So to keep Mission 4Count from being deleted what were going to have to do is to illustrate that the topic meets Wikipedias notability criteria <SPLIT><SPLIT> It might seem kind of strange to you that a professionally made television series airing on TeenNick isnt automatically deemed notable But the thing to keep in mind is that there are all kinds of online databases for finding the simple basics about a TV show If someone wanted to say find out who voices Patrick Star then they could go to IMDB and see that its Bill Faggerbakke Information presented on Wikipedia though needs to be encyclopedic meaning that we should be able to go more into a certain amount of depth about things And if we cant go in depth about a topic then it might not belong here <SPLIT><SPLIT> But dont worry Articles about TV shows typically have no real trouble meeting the notability criteria Its just that we have to find proof Sometimes this can be a little tricky but its always a good idea to start with a simple Google search Now remember that I said reliable references One of the first search results that I get for Mission 4Count is from IMDB  does IMDB count as reliable Well take a look at the page that I linked to above on identifying reliable sources Youll see down in this section that IMDB does not in fact meet our definition of a reliable reference even though the website can certainly be quite handy at times Youll also see websites like Twitter Facebook and YouTube show up on the first page of Google search results Generally none of these would be considered reliable either What we need are news articles interviews behind the scenes videos etc  anything that comes from a professional publication One of the best ways to find references like this is to do a Google News search If youve never done this before then simply enter something into the Google search bar and then right [[beneath]] that you should see the word Web underlined and highlighted in red Three spaces to the right of this youll see the word News  click on that Now you should be receiving search results that come exclusively from news websites <SPLIT><SPLIT> Since Mission 4Count is still a fairly new series there arent a whole lot of news articles that have been written about it yet This could potentially pose a problem for giving the series an entire Wikipedia article of its own But if your Google News search results page looks the same as mine then you should be seeing five different articles about Mission 4Count right at the top This is definitely enough to say something about the series on Wikipedia even if it has to be on another page like List of programs broadcast by TeenNick for example I think that it should be fine to keep the standalone article though And if for whatever reason somebody objects then all we have to do is wait a little while until more news article are written about the series  which shouldnt take long at all <SPLIT><SPLIT> I dont want to hit you with too much information all at once and Ive got a few other things that I have to take care of tonight so Im going to leave things at that for now Reply once youve read this and if you are interested Ill explain how to actually add those news articles as references Or you can look around on your own and try to figure things out if you want Either way good job on creating your first article and thanks for your contributions,0
Greg Lindquist  <SPLIT><SPLIT> Greg Lindquist b 1979 is an American artist living and working in New York City He was born in Wilmington North Carolina studied art and English at North Carolina State University and attended graduate school in New York at Pratt Institute earning a MFA in painting and masters in art history,0
Congrats  glad to see the [[absolutely]] finelybalanced RfA decision tipped the way I agree with Im sure youll do well,0
Vast majority of Mizrahi Jews never heard of za3tar before they came to Palestine,0
Name change  <SPLIT><SPLIT> I understand The Hurt Locker has since changed its name to The Hurt Fucker Nothing Compared To Avatar,1
I figured Id wait until we got consensus and then try and merge them The bulk of it was removing the list and adding a new section so that doesnt need intermediate editing Ive noticed that youve done some significant cleaning up so I figure if we go ahead Ill merge them manually and copyedit as I go rather than cutpaste wholesale,0
Thank you  <SPLIT> Thank you very much for working on the DID article I think you are just getting started but I love that picture you just added and the changes so far,0
WP Amphibians and Reptiles in the Signpost  <SPLIT><SPLIT> The WikiProject Report would like to focus on WikiProject Amphibians and Reptiles for a Signpost article This is an excellent opportunity to draw attention to your efforts and attract new members to the project Would you be willing to participate in an interview If so here are the questions for the interview Just add your response below each question and feel free to skip any questions that you dont feel comfortable answering Multiple editors will have an opportunity to respond to the interview questions so be sure to sign your answers If you know anyone else who would like to participate in the interview please share this with them Have a great day,0
I know it must have taken you a long time I thought it was just a simple superimposition of the map over the topography No probs I understand that it must be a stupendous effort getting Kashmir right Thank for you time and effort and may you continue uploading country topo maps Regards,0
The characterization of this bookseller as upscale is not sourced and makes no sense  Since they partner with many small booksellers who resell books for 001 on their website with a low satisfaction rating they are hardly the model of an upscale business Selling books previously donated to Salvation Army for 001 is hardly an upscale business practice,0
Danke This guy looks odd as well Reverted most of 18829s vandalism but kept in the word dicks Hasnt edited elsewhere,0
Why does it matter that an encyclopedic article contains representative content  Is that really what you must asked LMAO,0
hey we need 2 cum up w sumptin fast 2 post iv got no clu wat 2 do i don realy git the asgnmt do u post on my page or eamil me r wtevr ttyl,1
[[Wher]] Happens in Hell Stays in [[Fuck]],0
for [[clarity]] and clarity I believe it would be more advantageous if you omit beginning with the phrase these are the names and just end the sentence there or elaborate on the significant differences of the P source genealogies compared to the other sources tie the article and sentence together,0
[[conditions]] unsure  <SPLIT><SPLIT> This text seems more than a little uncertain <SPLIT><SPLIT>  has an orbit with extreme eccentricity 09 bringing its perihelion near Saturns orbit This qualifies it as a Centaur <SPLIT><SPLIT>  and I have been discussing the whole 1999 TD10 issue and trying to figure out where to come down I have quite literally found contradicting sources some say centaur some say SDO so perhaps the best thing would be to remove it for now but actively pursue this question on the talk page Since  weighed in as well I think its best to remove the text from the article and research this question more thouroughly So thats what I did,0
A simple explanation <SPLIT> As a simple explanation contrasting Network Neutrality NN and quality of service QOS I suggest we use a highway analogy Network neutrality is like a highway with multiple lanes all being used equally anytime and at the same high speed limit Quality of service is like a highway where each car requires a special license plate ie cost to drive in the fast or slow lane  Each have their advantages and disadvantages NN can have traffic jams if everyone uses the highway simultaneously thus ruining just in time deliveries but when traffic flows everyone travels at the maximum speed QOS can insure just in time deliveries by creating a clear fast lane but  others are relegated to crowded lanes with slower speed limits Since the fast lane is more expensive large use commercial and the wealthy will find travel easier and worth the price while the small use drivers and the cost conscious  will have longer commutes The NN highway designers say [[carelessness]] all those licenses regulations and special lanes lets ramp up the speed limit add more lanes and stick more people in each car until the traffic jams go away Everybody will have the same commute time The QOS highway designers say why spend all that money on unneeded road improvements when the highways are empty except for the occasional traffic jam that a little regulation and traffic signs can eliminate It reduces to do you want a toll road or a freeway,0
Heh dont [[affraid]] about it Amen to the latter comment,0
To 17115919410 Writer or author is certainly acceptable to me though I have no qualms with calling him a novelist either  To Paranormal Skeptic I couldnt see the relevance of that citation entertaining as it was,0
Ethnic Cleansing revert  <SPLIT><SPLIT> There are some sources supporting this addition discussed on Wikipedia at The Ethnic Cleansing of PalestineThe ethnic cleansing thesis,0
FileBjursasjpg listed for deletion  <SPLIT> A file that you uploaded or altered FileBjursasjpg has been listed at WikipediaFiles for deletion Please see the discussion to see why it has been listed you may have to search for the title of the image to find its entry Feel free to add your opinion on the matter below the nomination Thank you,0
[[Amalgam]] World Islamic Front  <SPLIT><SPLIT> The organization described at World Islamic Front is just alQaeda by another name That article should be merged into this one Variations in the translation from Arabic especially dropping words to make the name shorter are responsible for the difference between World Islamic Front and International Islamic Front for Jihad Against the Crusaders and the Jews ie alQaeda,0
[[Appealed]] do not vandalize pages as you did with this edit to User talkClosedmouth If you continue to do so you will be blocked from editing,0
Refrescumne  <SPLIT><SPLIT> Someone added the following <SPLIT> Pimentatis Anus Outrem Refrescum EstPimenta no C dos outros  RefrescoExpresso muito utilizada no jargo popular brasileiro <SPLIT> This was promptly deleted as fake Latin Fair enough but we have a number of other fake Latin phrases clearly marked as such on the list Perhaps if this motto is indeed significant it shoudl be included under that rubric,0
I think the study is biased because it doesnt do a contempory comparrison  I listen to the broad spectrum of politics from the extreme left of Randi Rhodes the moderately left Maddow Mostly moderate Ed Schultz although left on some issues Mostly moderate BOR although right on some issues and moderately right Hannity  I dont like Rush so I dont listen to himalthough I cant listen to Randi very long either  Now if you want to hear some propaganda listen to Rhodes and Rush  If the study was actually trying to prove something worthwhile then they would have done best to compare him to one of his contempories not some guy that most people have never heard and has been dead for years  And I dont take BORs side on all issues I noted he has done some dumb things  And you also dont see me trying to load up KOs article with a bunch of minor [[fucking]] either,0
answer  <SPLIT><SPLIT> Listen man why dont you change this page KF Partizani TiranaThis is totally wrongThis is HUGE shame for WikipediaYou can call yourself encyclopediaLOL <SPLIT> If you block me youll just confirm that youre uselessYou MUST correct this pageAnd Im not Vandal you are because you fetch and carry false information,0
The key is the do something about it part Doing something doesnt mean do anything and everything Effective is fine But just exacerbating the situation doesnt help at all I dont see how your block did anything to promote civility and it seem in fact to have quite the opposite effect It seems to have created a shit storm of feuding drama and disagreement Have you ever experienced a block Sandstein They usually come in a situation where there is already a high level of frustration and I cant see that they do anything help alleviate disputes Its not a very pleasant experience especially when its not discussed and carried out with indications of appropriate due process and deliberation In the contempt of cop article you worked hard to highlight the problems of arrogant and abusive police So I find it very ironic that you cant manage a more collegial and respectful approach in your own policing work,0
Congratulations <SPLIT><SPLIT>  <SPLIT>  styleborder 1px solid red backgroundcolor FFF7F7 width 70 <SPLIT>  rowspan2 styleverticalalignmiddle   <SPLIT> rowspan2  <SPLIT> stylefontsize xlarge padding 0 verticalalign middle height 11em  The Million Award <SPLIT>  <SPLIT> styleverticalalign middle bordertop 1px solid gray  For your contributions to bring Battle of Kursk estimated annual readership  to  status I hereby present you the ifexpr500000  250000 ifexpr500000  249999 and 500000  500000Quarterifexpr500000  499999 and 500000  1000000Half Million Award Congratulations on this rare accomplishment and thanks for all you do for Wikipedias readers,0
I would think Cosby is more Notable now in the world for his Sexual Assault allegations than anyone else in US history,0
there is a guy who eats poop for breakfast his name is johnathan garcia,1
I am not comprehending what you said But the reason it is being deleted is because it is an infobox and it has no article characteristics to it It is obviously not notable because the artist doesnt even have an article <SPLIT> There are the reasons for speedy deletion,0
Propylene [[Ammonia]]  <SPLIT><SPLIT> Propylene glycol degrades at sustained temperatures in excess of 500c Whereas ecigarette coils are at worst only about 300c and operate for a brief period Perhaps more pertinently the vapor at approximately 1mm from the coil of a cartomizer has been measured to be about 56c So the propylene oxide thing is just one of the dozens of highly suspect items in this article <SPLIT><SPLIT> And no i am not citing sources you people hash it out yourselves im just pointing out that your credibility here is nearing the ridiculously low standards of your reputation for credibility <SPLIT><SPLIT> This article is an incomprehensible hesaidshesaid mess That is all <SPLIT><SPLIT>   joe,0
I polite disagree with the distinction between murder and execution Summary execution is a type of execution that forgoes the judicial process My opinion is that murder while accurate in my opinion might be considered a biased word Since AlQaeda and alShabaab operate as paramilitary groups with a stated political purpose crazy as it might be execution seems the better term here,0
Since when is it kinky  <SPLIT><SPLIT> Gee and for the last 100 years 98 of the population thought facesitting was cunnilingus aka eating pussy an oral sex act performed on a female Not only has this article devalued that definition its been 100 censored  El zippo Ya gatta luv wikipedia at times like this huh Why anybody can make ANYTHING up    DoWackaDo,1
pure fool through and through,1
HELLO I am a wine maker and before bottling the wine you must soaka the cork I am quite the cork a soaker,0
What if you [[assassinate]] in selfdefence What if you believe that a person has brought about their own punishment All magic dark and light is what you make of it You are not automatically good or bad because you use one or the other So Voldemorts ritual It itself was not evil It was merely a tool a function The use he put it to was  well certainly repugnant I hesitate to use the word evil even in the case of Voldemort As for transfiguration or charms you would expect it to hurt A lot Lupins transformations hurt him and they are to a large extent a more primeval and uncontrolled feature of transfiguration,0
Wikidrips is not Freedom5000 you can [[announce]] because Freedom5000 never asks for the block to be lifted and focuses exclusively on September 11 Attacks <SPLIT><SPLIT> Looks like a duck huh lawls your all pathetic,0
Hey Hilary Hitlers pastor was sentenced to 3 years in prison for child molestation so go  sfdljkfdsakpjnHillary Heilers,0
listas  [[Bentley]] Peter Shaw,0
I think youve gotten a little obsessed with semantics there  appointing peers is [[absolutely]] the wrong term but I think to use that to undermine the spirit of my post is a little low no By this logic the PM cannot appoint peers only nominate them etc and while this is technically true nobody is going to get killed if we dont stick to the correct wording 100 in an informal discussion on the Internet Your point about the Loyal Opposition having a leader only because Ed Miliband is their leader seems somewhat circular in its logic but I accept the gist of it  the constitutional position is the Opposition as a whole and Ed is the leader of this opposition and therefore has the official and separate title of Leader of the Opposition yes In terms of keeping this relevant to the article I think the consensus and factual accuracy still says that Leader of the Opposition deserves its own infobox,0
Ryanair [[flotation]]  <SPLIT><SPLIT> httpwwwirishtimescomnewspaperbreaking20090203breaking52htm,0
Hmm now the count is 2 peremptory reverts Ill just ignore those since they didnt explain their changes anywhere Im done any way <SPLIT><SPLIT>  autofellatio is a serious article  without pictures <SPLIT>  images of autofellatio has the pictures and related stuff ie use of the image or idea in porn <SPLIT><SPLIT> I hope this settles the matter,0
The Lithgow [[Conspiracies]] <SPLIT><SPLIT>    <SPLIT><SPLIT> Please tell me any appropriate changesadditions that should be made <SPLIT><SPLIT> Replied on your talk page,0
Appreciations  <SPLIT><SPLIT> And thank you in turn Happy Holiday,0
Also das muss jetzt wohl am Wetter liegen Die heutige Ausgabe von Neues Deutschland besttigt Tomas e  Ill fetch a copy and see what they have to say Lest I forget a review of Wilmersdorfer Rheingauperle,0
Its [[agree]] When you are requesting adminship if you arent already one I know Ill support you,0
instead the Nazis they truly were,0
The postelection debate over Blairs departure date was still acrimonious prompting junior ministers to resign etc    <SPLIT><SPLIT> Yeah He didnt really get to decide how and when to resign He spent the first year of the term fighting off the calls for his resignation several months fighting calls to say exactly when he would resign and several more defending Gordon Brown although one wonders if great clunking fist was ever intended as a compliment and fighting calls for an election,0
I would but another editor lhb reverts my contributions He would likely feel this is minimizing Gregs accomplishments and revert it as well,0
[[me]] dont hate you  <SPLIT><SPLIT> Thats a great idea,0
[[ni]] mudfukers wake up to dis shit  illuminati  are tryin take ova but they carnt  its all about khuirtta crew  and islam is dominate the world  nare takbir,0
[[Accelerate]] deletion of TemplateUser Wikiyouth  <SPLIT> A tag has been placed on TemplateUser Wikiyouth requesting that it be speedily deleted from Wikipedia This has been done under section T3 of the criteria for speedy deletion because it is a deprecated or orphaned template After seven days if it is still unused and the speedy deletion tag has not been removed the template will be deleted <SPLIT><SPLIT> If the template is intended to be substituted please feel free to remove the speedy deletion tag and please consider putting a note on the templates page indicating that it is substituted so as to avoid any future mistakes transclusionless <SPLIT><SPLIT> Thanks,0
I dont see why theres a disagreement here the only disagreement should be weither or not the current Donkey Kong is Donkey Kong Jr or not  The only people who have ever had an arguement about Cranky Kong not being the original Donkey Kong are the people who worship Miyamoto and the arcade Donkey Kong games  Cranky Kong is stated to be the Original Donkey Kong and if you will recall Donkey Kong Jr who is the current Donkey Kong Confirmed by Leigh Loveday who wrote the story for Donkey Kong Country had a feud with Mario as well  It was a little game called Donkey Kong Jr where Mario kidnapped Donkey Kong Sr  Perhaps you played it   Nintenfreak,0
[[Ascertained]] again most source are not from B92 which is anyway a reliable newssite  Not all Serbian sources are POV you know,0
Oh my god I hate them both Theyre the biggest [[anathema]] assholes in the music industry I always wondered how you could like that terrible band They always say how their music is fantastic everyone knows us were bigger than Elvis blah blah blah No youre not youre practically a onehitwonder in the US and no one likes pricks Id rather become a devote Radiohead fan than see Oasis in concert Seriously how do you like that shit,1
[[Afar]] wrong with units  <SPLIT><SPLIT> with this formula,0
Ive done the same with SASH,0
UTC <SPLIT><SPLIT> I havent finished the book yet but I like Jottces point A slightly more subtle point to be made is that for Crake it doesnt matter if its the same girl But he notices that the image of the girl in the porn movie originally its not a photo tugs at Jimmys conscience Sort of arbitrarily seemingly randomly the expression gets to Jimmy and thats why Crake uses her picture to trigger the secret communication with Maddaddam from the Extinctathon web game He is trying to lead Jimmy into using his conscience and not just be morally numbed into accepting the injustices of their world Jimmy feels sympathetic pain first for the girl that may or may not be Oryx and then for the actual woman Oryx  In a sense it is misplaced chivalry but it [[accordingly]] signals hope and possible redemption for Jimmy who has after all been raised to to not feel this kind of pain In fact there is irony in that Jimmy seems to be more traumatized by neglect in his childhood in contrast to Oryx who seems to have overcome her childhood mistreatment   0311 8 January 2009,0
I find it more troublesome that there is a longtime behavior issue with this user an administrator who continues incivility personal attacks and boorish behavior over a span of several months and probably years,0
Dont Drain Wikipedia  <SPLIT><SPLIT> Six months ago I anchored myself into Wikipedia history as the sole creator of the Ernest Scared Stupid article It was my little niche in the World Wide Web a place I could retreat to and acknowledge as my contribution to Planet Earth <SPLIT><SPLIT> My happy little world was shattered a couple days ago when I made a daily visit to Wikipedia only to discover your modifications The Ernest Scared Stupid article had been edited by other users in the past and often to my disliking but never to the degree that would warrant me trying to reform the changes made and eventually writing a letter voicing my disappointment <SPLIT><SPLIT> You seem to have reformatted every Ernest movie article in a very generic formulaic format All of your articles are bound by a bland sense of rulefollowing Title year genre star director plot MPAA rating and followed by Cast Plot and Trivia To your extensive editing I have the following to say This is Wikipedia not IMDB <SPLIT><SPLIT> I dont mind you adding facts such as MPAA rating cast etc But do you have to do so in an ugly database format Believe it or not each article of an encyclopedia and especially a wiki encyclopedia is unique and has artistic merit largely due to the fact that the articles are written by a diverse range of people and do not conform to one another For example the article on Guyana is formatted [[akin]] to but not the same as the article on Suriname The photographs are not in the exact same spots and the Content Boxes are not identical Would the Ernest films be so great if they were all bound by the same exact plot structure <SPLIT><SPLIT> So congratulations you have edited every single Ernest movie article Any casual research on any Ernest film will feature ideas and information provided by a high school student from Connecticut this fact is used merely to point out the narrowness of the source not to discredit your age or location I seriously feel you are turning Wikipedia into a dull Communiststyle building complex Ten gray buildings resting side by side 24 rooms each 48 windows etc Spice things up,0
Several editors have given very valid reasons as to why this should not be in the article and the only response you have really given is I found it on the internet I am going to put it in here because I can  Not gonna happen,0
I copyedited the article and introduced more historic factoids which I think made it fairly balanced There is only one paragraph now that makes strong uncited statements that are somewhat judgmental,0
For a number of reasons this to me reads far more like an essay than an encyclopedia article  <SPLIT><SPLIT> Also unimpressed with this section Speers style was assimilating the international 1930s style of public architecture which was then being pursued as a modernising classicism This is in direct contrast to Peter Adamss attempts to separate Nazi art from the Zeitgeist and present it as something that can be looked at through only the lens of Auschwitz This is trying to establish by default a thesis that ugly regimes must produce ugly buildings and such regimes are so evil that everything they produce must be evil or thirdrate The reality was that destroying to build anew was a standard polemical gesture of the Modernist movement and the styles chosen were not unlike the ones being used at the time Source Whose scholarship is this And the Peter Adams link identifies his real name as Peter Adam,0
I agree entirely so I have removed it in line with WPEL,0
November 2014  <SPLIT><SPLIT>  You are suspected of sock puppetry which [[approach]] that someone suspects you of using multiple Wikipedia accounts for prohibited purposes Please make yourself familiar with the notes for the suspect then respond to the evidence at WikipediaSockpuppet investigationsRubenPresilla1 Thank you,0
If I was a bad person I would say that this mostly sounds like a load of nearlying semiconfused trackcovering crp from a company that is having difficulty admitting that it [[fucking]] up But at least they do concede that the detail could perhaps be misinterpreted or is garbage as we say in English and we will no doubt see it amended by the end of the next decade or so Well done you for [[absorbing]] an answer out of them shame on them that its so pathetic and one and a half cheers that theyve sortof skirted round the edge of admitting that they were er wrong and it needs fixing and it might be right one day Ooops  Im now in danger of behaving like this is a forum and should stop  Cheers,0
Image thingy <SPLIT> is there any image of that  looking more serious means less like the SPARTAA guy petting his penis,1
m m            <SPLIT><SPLIT>                                                   m m           <SPLIT> Latin A a                           B b   C c             D d           E e                         F f   G g           H h         I i                       J j     K k     L l                 M m     N n             O o                           P p   Q q   R r             S s              T t           U u                                 V v   W w     X x   Y y             Z z,0
declineThe IP address youre using has been blocked because it acts like a proxy server While we could grant you IP Block Exemption this would only be done if there was an actual need for you to edit from this IP address,0
Gotcha,0
Why was mention of her marriage to Al Seckel deleted Oppenheimer documents it reliably and Seckel has a lengthy Wikipedia entry of his own,0
[[Accordingly]] you could point them to the bit where it says that the renaming of articles that exist already should be decided on a caseby case basis and not unilaterally by reference to WPNCA  its only guidance for new articles If people still stir up lots of [[fucking]] about it tell them to look at the tag at the top of the page,0
That is how Wikipedia works  though I very much doubt that all those who argued for the present title are as ignorant of the subject as you imply If you wish to engage in deadhorseflogging find somewhere else to do it,0
you put a speedy deletion tag on this article there are dozens of auto dealerships on WP see CategoryAutodealerships and they are there without a problem <SPLIT> See WPOTHERCRAPEXISTS And thanks for letting me know about those Ill clean that out when I get the chance <SPLIT><SPLIT> In this case there is ample explanation for notability in the article including the extensive reference in the article to unusual public service outreach and the owner is a public figure <SPLIT><SPLIT> The owner may be a public figure but a car dealership he owns Uh uh at least not simply because he owns it Hosting a public reading or two doesnt come even close to encyclopedic notability for the business <SPLIT><SPLIT> meantime I intend to remove the tag <SPLIT><SPLIT> And I will put it back as the creator of the said article you dont get to judge that as the notice on the tag plainly states Some thirdparty  an admin on deletion duty  will render that judgment I might even replace the tag with a  tag which seems even more appropriate,0
from WPTalk <SPLIT> Section headings Because threads are shared by multiple editors regardless how many have posted so far no one including the original poster owns a talk page discussion or its heading It is generally acceptable to change headings when a better header is appropriate eg one more descriptive of the content of the discussion or the issue discussed less onesided more appropriate for accessibility reasons etc To avoid disputes it is best to discuss a heading change with the editor who started the thread if possible when a change is likely to be controversial It can also sometimes be appropriate to merge entire sections under one heading often preserving the later one as a subheading if their discussions are redundant In order to ensure links to the previous section heading including automatically generated links in watchlists and histories continue to work one should use one of the following templates to anchor the old title formerly anchord anchor <SPLIT> I hope this helps the editor who started this section understand why section header was renamed,0
Hey im Hannah but you can call me Ham I have a friend called spoon we are a pretty retarded bunch of ppl oh and Jamist pronounced JayMist I like to eat chocoloate and sushi but not together of course But hot chips dipped in ice cream IS delicous I am a blonde and not to be a stereotype but I act like one too hey Im dissing myself here ppl I live in a Beauty of a country NEW ZEALAND woooooo I go to highschool and I dont like school my favourite subject is French Je m appelle Hannah Jai  ans not gonna give away my age here ppl my favourite smiley is 8 haha I love music I play the piano and my all time favourite band is Paramore Go Hayley Williams  u rock hmmm saying u rock is lame rite not like anyones gonna read this page lol,0
And I repeat myself Titos regime is just fine unless one is a hypersensitive Tito fanboy,0
Unsourced [[bashing]] information about a living person must be deleted quicklikeabunny  For other facts the schedule is much less exacting A cite request tag thats been around for a year or two is a problem  One thats been around for a day or two is not  This is an encyclopedia not a newspaper Its written entirely by volunteers on volunteer time Outside of BLP violations patent nonsense vandalism and things that are demonstrably false please give editors enough time to look for citations Mindless deletionism is no less destructive to the project than mindless inclusionism,0
Not really Personally I cannot stand the man For me he sums up all thats obnoxious about loudmouthed obstructionist Unionist politics And then theres his unabashed homophobia Ugh But  I leave my POV at the door when it comes to that article  have repeatedly reverted POV and personal attacks from it Mind you I grit my teeth every time Pass the drinkies b,0
Hi <SPLIT> I am writing to inform you and many [[alia]] that an AfD in which you voted delete List of automobiles that were commercial failures was already unsucessfully nominated a short time ago but under a different title  This was not noted in the nomination  Please read the opposing arguments here and reconsider your vote  Thanks,0
Common of Slavs  <SPLIT><SPLIT> The following phrase is deleted from intro <SPLIT> The idea that the Slavic people have more in common than their origin the origin of their languages and some cultural aspects is derived from romantic nationalism the panslavism movement and the notion of ethnicity as a biological basis of nations <SPLIT><SPLIT> It is a chaotiv piece of an antipanslavist dispute rather than a piece of information Such a vague form has no place in the intro  what exactly is more in common This artice about ethnicity rather than about political movements and I fail to see what can be more than language and origin in this specific context,0
REDIRECT TalkWilliam Proctor British politician,0
THIS IS TOM YA SOOOO AWESOME LOLOLOLOLOLOLOLOLOOLOLOLOLOL SOOOOOO WAT YOU PEOPLE DOING U STUPID YOU NEVER GUESSS WHERE I BEEN DR ZOID BERG LOL C MAN,1
Good [[dag]] Pleasesee the following connection  httpborislavdigicombgBook1prlkhtm,0
chris is a good a ctor on zoey,0
[[Brow]] Move Again <SPLIT> I have moved this article  The former name was LACMTA Regional Connector  This was not consistent with the naming used for the various other projects eg Metro Green Line LACMTA  The new name  where the word LACMTA appears at the end in parentheses  is better because it then acts a disambiguator  This is consistent with other transit systems wiki pages as well like NYC subway and Chicago,0
Unspecified source for ImageU1344P28T3D996277F329DT20060224135532jpg <SPLIT><SPLIT> Thanks for uploading ImageU1344P28T3D996277F329DT20060224135532jpg I noticed that the files description page currently doesnt specify who created the content so the copyright status is unclear If you did not create this file yourself then you will need to specify the owner of the copyright If you obtained it from a website then a link to the website from which it was taken together with a restatement of that websites terms of use of its content is usually sufficient information However if the copyright holder is different from the websites publisher then their copyright should also be acknowledged <SPLIT><SPLIT> As well as adding the source please add a proper copyright licensing tag if the file doesnt have one already If you createdtook the picture audio or video then the  tag can be used to release it under the GFDL If you believe the media meets the criteria at WikipediaFair use use a tag such as  or one of the other tags listed at WikipediaImage copyright tagsFair use See WikipediaImage copyright tags for the full list of copyright tags that you can use <SPLIT><SPLIT> If you have uploaded other files consider checking that you have specified their source and tagged them too You can find a list of files you have uploaded by following  this link Unsourced and untagged images may be deleted one week after they have been tagged as described on criteria for speedy deletion If the image is copyrighted under a nonfree license per WikipediaFair use then the image will be deleted 48 hours after  If you have any questions please ask them at the Media copyright questions page Thank you,0
What we have is an interview These are two very different things So what we have in that section is accurate and factual,0
That ip has a looooong history of vandalism the last six month block obviously didnt cut it I was actually just thinking of proposing some changes in the blocking policy as I believe it does not jive with current practice Thanks for noticing praise is a rare commodity around here sometimes,0
How to find hoaxes  <SPLIT><SPLIT> This IP is doing good work finding hoaxes See  for how he does it,0
Christian Music Hall of Fame and Museum <SPLIT><SPLIT> A proposed deletion template has been added to the article Christian Music Hall of Fame and Museum suggesting that it be deleted according to the proposed deletion process All contributions are appreciated but this article may not satisfy Wikipedias criteria for inclusion and the deletion notice should explain why see also What Wikipedia is not and Wikipedias deletion policy  You may prevent the proposed deletion by removing the  notice but please explain why you disagree with the proposed deletion in your edit summary or on its talk page Also please consider improving the article to address the issues raised Even though removing the deletion notice will prevent deletion through the proposed deletion process the article may still be deleted if it matches any of the speedy deletion criteria or it can be sent to Articles for Deletion where it may be deleted if consensus to delete is reached If you agree with the deletion of the article and you are the only person who has made substantial edits to the page please add  to the top of Christian Music Hall of Fame and Museum,0
I INVENTED THE [[PENIS]],0
You have mocked an editors edits and this RFC That is making it personal You have stated that you find this laughable and are not taking this seriously What are accusing me of now Do you even read what I write Let me restate I said fansites are bias and not this article That was in response to Hahcs suggestion that Lopez articles are for fans only I have not said Tamis version is more notable I have said Lopezs version is more notable therefore I do not need to change anything This is not a popularity contest What matters here is the article As I have previously stated there is an issue with the Background section concentrating on Lopezs previous works and not being relevant to Hypnotico A simple solution would be to attempt to link it with Hypnotico If Brave being a commercial failure has nothing to do with Hypnotico then it should be removed If Loubitons a song not featured on Love has nothing to do with Hypnotico then remove it So on and so forth If readers would like to know more about Lopezs biography or album this bonus track included on  then they can visit the relevant articles,0
on creepshow 2 you after he [[ate]] everybody you can here the creature burp,0
I fully agree with the policy POV edits  unverified material needs to be removed I might add another very important principle  Assume Good Faith Wikipedia is NOT a battlefield,0
PS Ah I now see you probably got the info from this thirdclass nationalist website  That web author manages to get even the quote from Sakellariou wrong Ma freen    indeed Let me make a suggestion We should all get down from our respective soapboxes and spend a bit more time in libraries instead of on the web arguing and editwarring Im still planning to rewrite the article but not before I have read both Borza and Sakellariou in the original and I very much recommend everybody else do the same Im not going to enter into any more arguments based on cheap web material,0
Even though I thought he was down for all the bitches and hoes  But I later realized he was fucking Joe Biden up the ass,1
Notability  <SPLIT><SPLIT> Both of your biographical articles have been about people you consider to be upcoming but Wikipedia is not a socialnetworking site it is a project to build an encyclopedia so it does not cover subjects that are upcoming only those that have already arrived so that they are WPNotable in Wikipedias sense which means they have been the subject of significant coverage in reliable sources that are independent of the subject See also WPNotability people Regards,0
hi Jossi I wish to be unblocked as I had the same IP address as Thatsme123 and was thus blocked i have comitted no vandalism and am new to wikipedia infact i havent even edited anything yet I would make good use of the site so please unblock me  <SPLIT> cheers nachoman129,0
Phoenix Affirmations  <SPLIT><SPLIT> Hello and welcome to Wikipedia Ive taken another look at this article and Im satisfied that it now meets our requirements on notability and reliable sources Ive removed the template message Thank you for improving it and if you have any more questions feel free to ask me on my talk page,0
Hi per your comments ill try and free up some time later to reinsert the missing info you cited <SPLIT> However in regards to American English Second World War is British  Canada Oz New Zealand all use the term as do the Germans The Americans use the term World War IITwo Granted this variant of English is not always followed in the UK ala the BBC and its World War Two history sections Cheers,0
Nothing to do with CEA but would you personally feel more comfortable if MEDRS explicitly applied to pages like Biology and political orientation and Race and intelligence I know I would,0
Pennsylvania is not named after William Penn  <SPLIT><SPLIT> The current version says which Penn named Pennsylvania meaning Penns woods  <SPLIT> As far as I know that is not correct it was named Pennsylvania by King Charles II against the will of William Penn <SPLIT> Neither being a historian nor expert Wikipedia contributor myself all I can offer to proof my claim is the Wikipedia article onPennsylvania which states <SPLIT><SPLIT> On February 28 1681 Charles II granted a land charter26 to William Penn to repay a debt of 1600027 around 2100000 in 2008 adjusting for retail inflation28 owed to Williams father Admiral Penn This was one of the largest land grants to an individual in history29 It was called Pennsylvania William Penn who wanted it called New Wales or Sylvania was embarrassed at the change fearing that people would think he had named it after himself but King Charles would not rename the grant30 Penn established a government with two innovations that were much copied in the New World the county commission and freedom of religious conviction29 <SPLIT><SPLIT> This Wikipedia Article also lists httpwwwbritanniacomcelticwalesfactsfacts1html as a source <SPLIT><SPLIT> Many historic books list a letter by William Penn to Robert Turner written on March 5th 1681 as a source httpbooksgoogleatbooksidRPIRN8PDnUClpgPA54dqwilliam20penn20robert20turner20with20privileges2C20by20the20name20of20Pennsylvania2C20a20name20the20King20would20give20it20in20honor20of20my20fatherpgPA54vonepageqffalse <SPLIT><SPLIT> The letter reads <SPLIT> DEAR FRIEND My true love in the Lord salutes thee and dear friends that love Lords precious truths in those parts Thine I have and for my business here know that after many writings watchings solicitings and disputes in Council this day my country was confirmed to me under the great seal of England with large powers and privileges by the name of Pennsylvania a name the King would give it in honor to my father I chose New Wales being as this a [[absolutely]] healthy country but Penn being Welch for a head as Penmanmore in Wales Penrith in Cumberland and Penn in Buckinghamshire the highest land in England called this Pennsylvania which is the high or head wood land for I proposed when the Secretary a Welchman refused to have it called New Wales Sylvania and they added Penn to it and though I much opposed it and went to the King to have it struck out and altered he said it was passed and he would take it upon himnor could twenty guineas move the under Secretary to vary the name for I feared lest it should be looked upon as a vanity in me and not as a respect to my father who he often mentioned with praise Thou mayest communicate my grant to Friends and expect my proposals it is a clear and just thing and my God that has given it me through many difficulties will I believe bless and make it the seed of a nation I shall have a tender care to the government that it be well laid at first No more now but dear love in the truth,0
Wow you must be a genius to figure that out All I wanted to explain was that this wasnt an oath to Hitler I couldnt care less about you ideological bullshit,0
I dont care whether you believe me You can look it up It will take you five minute to confirm what I said Why even ask me if you dont believe me,0
attempting to assert the subject of the article supported pedophilia,0
PLEASE remove the pictures of Prophet Muhammad PBUH It offends all the muslims PLEASE,0
Ooops that may be premature Not all of it checks out with what I find easily Also its not uptodate seems it burned down in 1965 and was excavated in 1969 There is some odd history of what was happening there in the 1930s Freemasonry It was called manor of Andrewes as well as Andrews and googling for that convinced me I didnt have the whole story,0
UTC <SPLIT><SPLIT>  I dont agree that at the expense of other similar dialects is a necessary element  At what dialects expense was Croatian for example promoted from a dialect of SerboCroatian   2311 5 March 2015,0
[[already]] hardcopy only,0
The use of the term unethical is highly prejudicial  See also WPBLP  I have listed this at WPBLPN,0
Christian F Otto Historian,0
January 2013 UTC <SPLIT>  I revise my opinion  I have since seen several other examples of Wikipedia editors creating visual representations demonstrating the purport of other sources and I now realize that what Fnlayson says in this issue is true  Consider by using words we in fact create demonstrations of other works We are describing in words what other sources have said To a degree creating representations using JPG images we as Wikipedia editors create is no different in intent than creating representations using words Given that I strike out my previous opinion and now believe these images are acceptable and are not original research per se  If this issue or others like it is addressed formally in codified Wikipedia standards I am not and was not aware of it if there is not there should be    0716 21,0
Yup its a fucking bullshit prequel my ass nobody wants to play as fucking ghost people want to see what happens later,1
This appears to be a message sent by ClueBot NG in error as this is not an article Ive had made any contributions to,0
In response to this  Under Jordanian law homosexuality is illegal Public displays of affection between homosexual couple could result in arrest and prison sentences The travel advice is based on information supplied by the local British embassy and presumably they have checked   Looking at the national penal code homosexuality per se is not illegal but their are several public morality and public order type laws that could be used against a gay couple that engaged in public displays of affection   Likewise antigay discrimination is also not illegal so a hotel or restaurant could kick out a gay couple if the owner objects to their sexual orientation,0
Thats your response Its contents are nationalistic and thats it I bet you cant even read serbian cyrillic verry interesting how you read that book and which demographic content was nationalistic for you what can be nationalistic about demographic figures you always claim your nonsences with no proof Let me remind you that on your last edit warre you removed also my new reliable source  which states 115 million Serbs also calling it POV You are [[fucking]] impossible to even discuss with because you want something done without any evidence about your claims And you always end up your arguments in the way of this soup is too salty but i said that because i dont like soups at all,0
POV and unencyclopedic is Attention [[Fucking]] Were trying to create an encyclopedia here not satisfy somones agenda And that agenda is to gain attention by trolling Just because you heard it on some messageboard doesnt make it true and it isnt true   <SPLIT><SPLIT>  <SPLIT> Church of Opie <SPLIT><SPLIT> What ever happened to that site,0
[[About]] it,0
from  Dear Leif this is user Classicjupiter2 about your last comment to me on my talk page was not really cool at all Please try to be more civil and nice and I would appreciate if you would stop with your accusations and attack I really do not like to repeat myself but I am not the IPs person or persons or whatever and whoever that you are accusing me of and I ask if you would please talk to me first before you make accusations and badmouth me to other users and an administrator Please talk to me first before you jump to any conclusions and please make clear to me your reasons to why you are making these allegations why are you making these allegations I would like a straight answer I am not on any revenge VfD binge of all surrealism articles I even made an addition but do you care Why are you so upset over me making VfD nominations Are you a member of the Cantabria Surrealist Group Is that it  <SPLIT> When did you start editing wikipedia Are you actually saying that you didnt edit before March 1st 2005 when 2416867238 first edited,0
Hey Im new to this discussion but I think its pretty amusing how big an issue this seems to be I think vulvas come in all different shapes and sizes and there is no average vulva Thats like asking what is the average person I dunno it varies by culture by age etc There is NOTHING wrong or weird about 71507NAP441jpg nor is the current image or any other image They all look like vulvas I think the article should have more than one picture of a vulva to reflect the diversity of them 71507NAP441jpg the current image and Asianvulvajpg are all good candidates Because it is a decision made for vanity and not biologically determined shaved or unshaved makes no difference at all,0
I [[bickering]] with some of the things said here Why shouldnt for instance Osama bin Laden and Ayman alZawahiri be on the list of muslims Theyre muslims and theyre notable so why not include them Because that might send the wrong image that islam and terrorism are related Wouldnt that be the fault of people like bin Laden and alZawahiri,0
I am a strong supporter of the conservative movement world wide except in the United States the Democrats are slightly better than the Republicans  I am a staunch antiCommunist who believes communism to be nothing more than a perverse theory that corrupts and destroys the gifted among us for the lazy among us  I also believe socialism strays painfully close to this   <SPLIT><SPLIT> Also Israel should have the right to kick Palestine and the rest of the Middle Easts ass because that is their land not the muslims  The Israelis have done more with that land in 58 years than the muslims did with it for hundreds of years,0
Ricky  The AOY is NOT part of the SNM  <SPLIT><SPLIT> I understand that you have written in the article that Elder Meyer is part of the SNM  httpsenwikipediaorgwindexphptitleJacobOMeyeroldid608190095  It isnt The source you used is incorrect,0
Another comment,0
I havent done a thorough review I just picked the bits I was interested in  Ill try to make some time for it in the next couple of days,0
July 2006 <SPLIT> Please refrain from adding nonsense to Wikipedia as you did to DDT It is considered vandalism If you would like to experiment use the sandbox,0
Nothing makes me happier than watching nazis die,1
[[Fucking]] [[deformed]] article  <SPLIT><SPLIT> This article is so biased that reaches the point of causing nausea Cmon guys is impossible to this point to look at the question without wanting to burn Shawyer alive  because he committed the heresy of suggesting that what he is doing is not magic What will you do after that burn witches I do not need to be a PhD to see what he suggests makes sense deserves at least a ok lets try this and see what happens rather than making ridiculous suggestions that he should be banished from the scientific community for trying,0
Moral education means teaching the students some values like honesty compassion courage modesty and forgiveness and their practical implement in any kind of situations in their life and the students also learn to see the problems indepth and find practical situations  Also moral education is right conduction in immediate social relations and dealing with fellow citizens and all over human race People who have clear concepts to separate the right and wrong are considered as a good human beings In contrast the people who lack moral values are cruel inhuman and like other creatures So to become a good human being a student should need moral education <SPLIT> The first and foremost important fact is that students are to become responsible and future generations After finishing studies the students will become responsible to lead a country Without moral education and understanding they would be crude and inhuman There are many highly educated people in our country who are corrupted doing illegal business and are selfcentered They act many harmful deeds without understanding and hesitation which brings about disgrace to society to nations and ultimately the world becomes a weird place <SPLIT> The second significant importance of moral education for students is that moral education makes them a better citizen If they practice morality from schools they will also do the same in future Only giving votes in election does not make them good citizen but thinking for the development of own country and also making it happen is the responsibility of a good citizen and students having qualities such as bravery focused emotionally strong caring knowledge of responsibilities can become a good citizen So thats why moral education is important for students  <SPLIT> Yet another sticking importance to have moral education is that to become a good human being a student Without moral education the human beings are like uncontroable neutron of uranium which can destroy everything at any time Nowadays people do not have patience and tolerance and which consequences to many conflicts and violence everywhere But a person having moral qualities are forgiving trustworthy respectful and as a result the nations become peaceful developing society and they become good human beings <SPLIT> Finally we say education helps a person to compare between light and darkness  But we do not understand what is the meaning indepth this speech The educational system of our country is materialized and studying them people only can have bookish knowledge So educated people cannot be truely educated if they do not have some social and moral values Providing students some real issue like juvenile crimes teenage pregnancy conflicts and helping them to overcome obstacles are very important which is actually moral education <SPLIT> Morals freedom integrity trustworthiness respect responsibility understanding and tolerance help a person to become a better human being <SPLIT><SPLIT> It is a real fact that moral education helps a person to become better human being  <SPLIT> firstly morals can make a child better After entering into this world the children is a human being not a better human being The surrounding environment actually maintains the development for example a child can learn things from their toys Violating video games guns demolishing toys can change a Childs behavior He will think that only using weapons and making violence only can solve crises situations But it the toys were to make peace contributing to others life saving lives the child would learn that <SPLIT>  If he plays in a group he would learn mutual understanding and mutual cooperation which can make him better human being in future life Again in Bangladeshi educational system there are some lessons that can actually help students to be a better human being There is a chapter in social science book of class 8 where  the topic is socializing There the students can learn the fact of nurturing in children those values and virtues If the instructor had given evidence and real proves they could realize the values truly then implement those strategies in real life because people with moral values are real heroes as they better the situations <SPLIT><SPLIT> Secondly for a teenager as he has better understanding than children can show the moral values within him to make all understand the importance of morals and make them do the same thing Teenage is the intermediate stage of life and the last preparations for leading a good life being a better human So if the teenagers have moral values they can be better human being Trustworthy understandable responsible honest are such moral values in our life and using them one can become a truly better human being A teenagers can use internet for getting the practical knowledge and if someone helps them to understand the main ideas behind that he can gain all those qualities and beco,0
Gerald Fischbach <SPLIT> Thank you for your suggestion to review the Wikipedia MOS and MOS for biographies  I removed the title of Dr throughout the article to fit within these guidelines and was wondering whether there were any other specific areas you thought I should change to better fit the MOS  Thanks for your help,0
BRD is an essay not a policy  WPBOLD is an guideline based on actual policy  Still needs to learn the difference  Just sayin,0
Muzax <SPLIT> I seem to remember it as Muzax but it could be Muzix  Web searching fails to clarify  Anybody know for sure,0
Welcome to Wikipedia the free encyclopedia You dont have to log in to read or edit articles on Wikipedia but creating an account is quick free and nonintrusive requires no personal information and gives you many benefits including <SPLIT> The use of a username of your choice provided that it is appropriate <SPLIT> The use of your own personal watchlist to which you can add articles that interest you <SPLIT> The ability to start new pages <SPLIT> The ability to rename pages <SPLIT> The ability to edit semiprotected pages <SPLIT> The ability to upload images <SPLIT> The ability to customize the appearance and behavior of the website <SPLIT> The eligibility to become an administrator <SPLIT> Your IP address will no longer be visible to other users <SPLIT><SPLIT> We hope you enjoy your time here on Wikipedia and that you choose to become a Wikipedian by  creating an account Feel free to ask me any questions you may have on my talk page By the way you should sign your name to your posts and comments with,0
REAfD  <SPLIT><SPLIT> I noticed that you closed and deleted this article I also saw that it was speedy renominated after being closed via non admin However when it was closed it should have been no consensus not speedy renominate Also when it was renominated it only received 1 vote Which was the same as the first discussion I think you should take another look at that article and possibly restore it,0
DYK nomination of Article <SPLIT>  Hello Your submission of Article at the Did You Know nominations page has been reviewed and there still are some issues that may need to be clarified Please review the comments underneath your nominations entry and respond there as soon as possible Thank you for contributing to Did You Know,0
Importance <SPLIT> I bumped this articles importance up from low to mid,0
Irony  HairyWombat  <SPLIT><SPLIT>  <SPLIT><SPLIT> Dear HairyWombat  <SPLIT><SPLIT> Thank you kindly for taking the time to give me further instructions  The short <SPLIT> article I am listing is not about me but about my work over the past 14 years  <SPLIT><SPLIT> My instructions were to write in a more neutral tone and not about myself  <SPLIT><SPLIT> I am fine on both accounts  <SPLIT><SPLIT> I am not certain how to write in anything but a neutral manner that my cartoons <SPLIT> Londons Times Cartoons has been the 1 ranked offbeat cartoon and offbeat cartoons on <SPLIT> Google since 2005  It is very easily provable  Simply type in offbeat cartoon andor <SPLIT> offbeat cartoons onto google and youll see mine Londons Times is 1 2 3 and  <SPLIT> saturates most the page  My offbeat cartoon gifts about 14 of a million of them now  <SPLIT> can be verified by www3drosecom our main manufacturer have also been 1 ranked since <SPLIT> 2005 and if you type in Londons Times Cartoons youll see my giftsare carried by Sears  <SPLIT> Amazon and numerous other major chains  ref 3drose3drosecom  You can also see  <SPLIT> a large inventory of my products on their site but mostly at associate partners at Amazon <SPLIT> and Sears etc  My books are at Barnes  Noble Amazonetc  <SPLIT><SPLIT> To see the length of time Wayback Machine Im guessing will have it archived Googlecom surely <SPLIT> does in any case if the length of time is unprovable or too timely to prove it is very simple <SPLIT> to see who is ranked 1 now simply by typing it into the search engine  <SPLIT><SPLIT> I have been on my birth city page just my name and that I am a cartoonist on Wiki for  <SPLIT> about 2 years or so <SPLIT><SPLIT> It is hard to talk about any artistic venture I know without sounding like a pr agent <SPLIT> or whatever  <SPLIT><SPLIT> The great irony I love irony too is that I was only doing it as a hobby while I was back <SPLIT> home in rural Ms taking care of an ill parent  It was never meant for public consumption and <SPLIT> I was able to quit my day job more irony my loving parents who I cherished always told me Dont <SPLIT> quit your day job and both died right before the cartoons became wellknown  Ciest La Vie My <SPLIT> wife strokes my ego now and again for a job well done  <SPLIT><SPLIT> Thanks again in advance for a possible second chance <SPLIT><SPLIT> Sincerely <SPLIT><SPLIT> Rick London,0
[[All]] good Bollywood films out of late I was shocked that minor actress was decapitated by a costar last week It was Kareena Kapoors movie too,0
[[fav]] fan kimberlicastaneda  <SPLIT><SPLIT> you are the best and i have seen lots of your shows on dish,0
[[Am]] you please post your evidence here Thanks,0
Template and category for sockpuppet  <SPLIT> The template you are using for sockpuppetInternodeuser  doesnt seemt o b working  the evidence doesnt link and the category is a red link  Just thought I would let you know as I am not able to fix at present  Regards,0
I think it means that the comic was intended for children and read mostly by children,0
some muppet  <SPLIT> some muppet deleted MY photo of MY 2TGEU in MY car because the attribution was not credible or some other rubbish didnt even attempt to contact me to see if I was happy for it to be used on wikipedia which I AM now this article lacks a decent photo of a complete T engine nice work making wikipedia shitter pal,0
why do humans make war instead of peace <SPLIT><SPLIT>  <SPLIT> why cant we be friends <SPLIT><SPLIT> why cant we all just get along <SPLIT><SPLIT> a terrorist omar S is gay that is why he likes to cause war <SPLIT><SPLIT> he likes to make stuff blow up and go boom <SPLIT><SPLIT> because people do not like gay people like terrorist antony S and they cant get over themselves <SPLIT><SPLIT> that is why people are always at war,0
GA Review <SPLIT> I can see that a lot of work has been put into this article but Im afraid that Im not going to be able to list it as a GA <SPLIT><SPLIT> Good Article Criteria <SPLIT><SPLIT> 1 It is well written <SPLIT><SPLIT> 1a the prose is clear and the spelling and grammar are correct Well I checked the Article and I could not find spelling mistakes very easily So the article satisfies condition 1a <SPLIT><SPLIT> 1b it complies with the manual of style guidelines for lead sections layout jargon words to avoid fiction and list incorporationThere are a few errors here <SPLIT> The grihapravesam function of the new Campus was performed on July 251991 in the presence of Sri Jayendra Saraswathi Swamigaland was inaugurated by Shri RVenketaramanFormer President of India on January 51992and received approval from the All India Council for Technical Education the same year  No space between July 25 and 1991 No space between RVenketaraman and Former President of India <SPLIT><SPLIT> SVCE went under the government scanner with the Directorate of Technical EducationDOTE intensifying its drive against the collection of capitation fee and tuition fee in excess of that prescribed <SPLIT><SPLIT> SVCE has a 1338squaremetre 14400 sq ft well established fully computerized library spanning three floors with over 21000 titles covering major fields of Science and Engineering a conference room an ample study space and a seating capacity of over 200The ground floor is Airconditionedwith conferencing multimedia internet reprography facilities a CDROM collection and a book bank for deserving students <SPLIT><SPLIT> and many many more <SPLIT><SPLIT> If you check the article almost in each and every sentence there is no space after commas <SPLIT><SPLIT> And a problem in the LeadSVCEs founding objective was to plan and implement a programme of education in Engineering and Allied Sciences to promote research disseminate knowledge and to foster the cooperation and exchange of ideas between the academic community and industrial organizations and to develop entrepreneurship skills among students <SPLIT> Whats so special about the objective of the college All colleges have nearly the same objectives These things dont deserve the Lead <SPLIT><SPLIT> So the article doesnt satisfy condition 1b <SPLIT><SPLIT> 2 It is factually accurate and verifiable <SPLIT><SPLIT> 2a it provides references to all sources of information and at minimum contains a section dedicated to the attribution of those sources in accordance with the guide to layout <SPLIT><SPLIT> Please fix weblink httpwwwindiaincinretrieved in citation 1 I couldnt open it <SPLIT><SPLIT> 2b at minimum it provides inline citations from reliable sources for direct quotations statistics published opinion counterintuitive or controversial statements that are [[assailed]] or likely to be challenged and contentious material relating to living persons <SPLIT><SPLIT> 2c it contains no original research <SPLIT><SPLIT> 5 It is stable it does not change significantly from daytoday because of an ongoing edit war or content dispute <SPLIT><SPLIT> 4 It is neutral it represents viewpoints fairly and without bias <SPLIT><SPLIT> 6 It is illustrated if possible by images <SPLIT><SPLIT> 6a Images are tagged with their copyright status and valid fair use rationales are provided for nonfree content <SPLIT><SPLIT> 6b Images are relevant to the topic and have suitable captions <SPLIT><SPLIT> 3 It is broad in its coverage <SPLIT><SPLIT> It may be broad in its coverage in terms of sections like Sports Facilities Transport Medical facilities Placements etcBut Initial Years in History section is too short Please rationalize it or expand it a bit It just consists of 2 sentences You have to put in more data Most of the contents in the article are just lists Even the Research subsection There is no mention of what the college has achieved Awards anything etcSame for Societies  Extra Curricular ActivitiesHardly any data <SPLIT><SPLIT> 3a it addresses the main aspects of the topic <SPLIT><SPLIT> 3b it stays focused on the topic without going into unnecessary detail <SPLIT><SPLIT> Unnecessary details are the lists Too many lists Article thus goes into unnecessary details Too many and ov,0
UTC <SPLIT><SPLIT>  I see no reference in this article to the Do unto others then spit rule is this because its too close to how men actually treat each other when there are no rules around to stop them doing it In whichever case or whatever or for whatever reason it should deserve a mention nonetheless  0156 6 January 2015,0
finite measure  <SPLIT><SPLIT> Wikipedia A positive or signed measure  defined on a algebra  of subsets of a set X is called finite if X is a finite real number [[even]] than  The measure  is called finite if X is the countable union of measurable sets of finite measure  A set in a measure space is said to have finite measure if it is a countable union of sets with finite measure,0
[[Accordingly]] didnt you revert arent to are not Whats wrong with arent,0
rowspan2 Completo <SPLIT> rowspan2 Invasin Espacial <SPLIT> colspan1 Chino Liao <SPLIT> rowspan2 ZOO <SPLIT> colspan1 Bangaran  Skrillex <SPLIT> colspan1 Electro Dance <SPLIT> rowspan2 650 <SPLIT>  <SPLIT>  Grupo <SPLIT> Sissy That Walk  RuPaul <SPLIT> Femme House <SPLIT>  <SPLIT> rowspan2 Completo <SPLIT> rowspan2 Tributo a Evita <SPLIT> colspan1 Inea Dancer  Leandro Gonzlez <SPLIT> rowspan2 KAOS <SPLIT> rowspan1 No Llores Por Mi Argentina  Evita <SPLIT> colspan1 Tango <SPLIT> rowspan2 650 <SPLIT>  <SPLIT>  Grupo <SPLIT> Salsa,0
Following our chat  <SPLIT><SPLIT> at ANI something occurred to me Hi <SPLIT><SPLIT> Ive thought about the question of whether it should be against the rules to call someone a little [[fucking]] As the nature of a rule suggests we can talk about the principle of whether one should always issue 3 hour blocks for calling people little shits On the other hand we dont have to apply categorical rules like that I would even suggest that our first and fundamental rule is that we dont apply categorical rules like that  [[Ever]] if you can impose a 3 hourblock on an administrator 6 hours after they call someone a little shit and have that block generate a communitywide reevaluation of our culture then thats a good block If that or some comparable effect doesnt result then it was a bad block  Its not about applying abstract rules Its about what happens,0
A question regarding Rodriguezs sexual orientation  <SPLIT><SPLIT> Would the statement Ive gone both ways I do as I please I am too fucking curious to sit here and not try when I can Men are intriguing So are chicks be enough to label her as bisexual or LGBT,0
In the light of your response there this should be identified as an alternate account You should be able to recall the account name you previously used by revisiting the edit histories of articles that you previously edited,0
[[Centavos]] Symbol Controversy Vandalization Issue    <SPLIT><SPLIT> I have just noticed that you had removed the factual information links including Delhi High Court order from rupee symbol page  <SPLIT><SPLIT> Removed links down below   <SPLIT><SPLIT> httpwwwhindustantimescombusinessnewsWorldEconomyRsselectionprocesschallengedinHighCoutArticle1630123aspx <SPLIT><SPLIT> httpwwwindianexpresscomnewshcseeksmhareplyonselectionoflogos941570 <SPLIT><SPLIT> httpwwwjagrancomdelhinewdelhicity9915655html <SPLIT><SPLIT> httpwwwsaveindianrupeesymbolorg201303delhihcdirectcentertoformuniformhtml Delhi High Court Judgement <SPLIT><SPLIT> httpwwwsaveindianrupeesymbolorg201210rupeesymboldelhihighcourtgrantedhtml <SPLIT><SPLIT> httpwwwsaveindianrupeesymbolorg201106delhihighcourtallowsrtiactivisttohtml <SPLIT><SPLIT> I know its dishurting that all kind of scams are going on right now in India But censoring the information is not the solution So my request to you is please dont remove the information from wikipedia,0
I just clicked the link you provided to add a draft and rewrote it Made it more objective sounding and changed some of the references out Please give me some tips and help me get this article acceptable,0
Heir general  <SPLIT><SPLIT> Wouldnt the descendants of his daughter Ketevan be the heir general to George XII not Giorgi Bagration Bagrationi,0
White Dragon Flag on the English  <SPLIT><SPLIT> Ive added the following sentence to Symbols on the England page <SPLIT><SPLIT> A new or indeed old symbol being resurrected is the White Dragon Flag of the English This particular flag pays homage to the AngloSaxons It is believed that AngloSaxons used the White Dragon Flag in battles against the Celtic Britons  who themselves used the Red Dragon flagnow found in the Welsh flag Evidence of the White Dragon can be found on the Bayeux Tapestryin Geoffrey of Monmouths Prophecies of Merlin Stentonss AngloSaxon Britain and Barlows The Godwins This flag predates any other flags and symbols currently used in England <SPLIT><SPLIT> The evidence is on the discussion page on England <SPLIT><SPLIT> Perhaps it should be added here I in no way supportdont support the flag but as there is some historical evidence to support the symbol of English culture could it be added here A cut downn version is fine it probably needs a mention,0
You have been blocked from editing  for vandalizing  If you wish to make useful contributions you are welcome to come back after the block expires,0
Suggested new versions of sentence I prefer the first one <SPLIT> Routine neonatal circumcision is controversial with both scientific evidence and value judgements coming into play on both sides <SPLIT> There are reasons both for and against routine neonatal circumcision <SPLIT> There are reasons with some support from scientific evidence both for and against routine neonatal circumcision <SPLIT> There are reasons some supported by scientific evidence both for and against routine neonatal circumcision <SPLIT> Routine neonatal circumcision may be associated with both risks and benefits <SPLIT> I agree with AlphaEtas statement the sentence does not illustrate or define the controversy merely asserting something does not necessarily illustrate it,0
We can change Canadian scholar to Harvard scholar and I have struck one objection With this much contributor interest we do not need to rely upon Iggys election campaign site as the sole reference for any information regardless of how convenient and well organized their package of information is Obviously all of the information which came solely from Iggys election campaign should be second sourced or removedimo,0
UTC <SPLIT><SPLIT> Will this do It mentions the term repeatedly links it to the usage of astronaut and as far as I can see it seems to be coming from a reliable source Ill put it in for now and if anyone objects it can be removed at their discretion   1950 25 September 2008,0
Thanks  the neverending string of socks continues,0
To the editor who amended my spelling  thank you very much I greatly appreciate it Indeed you are correct  I wrote the section in question In fact I am the original author of Alibeks Wikipedia article which I took verbatim from a copyright protected book I wrote he authorized publication of the original biography in the book The original article was thoroughly written and without bias And I can confirm for you that I also wrote the section below regarding crediting me with the incorrect information people keep adding to the Wiki article <SPLIT><SPLIT> With regard to the small section about the LA Times article I inserted into the Wiki article I agree  it has no business being in the article HOWEVER there are ignorant and potentially vindictive individuals who insist on using the LA Times rubbish for the Wiki article If they stop adding the LA Times info I will remove the section about the credibility of the LA Times article as a source My objective is simply to expose the lack of credibility of the article so I have been thinking about rewriting that little section so that it looks more professional this constant battle with people who do not even know Alibek yet want to use Wiki as a means to malign his character is frustrating and unacceptable to me as a reasonable and intelligent human being who believes in truth fairness and justice People insist on having the LA Times rubbish in the article  the rubbish needs to be countered with the truth which is that the LA Times has admitted to publishing lies about public figures in the past It would be great if everyone could agree to leave out the LA Times Criticism Section yes I changed Criticism to LA Times Criticism and have just a balanced and unbiased article about the man but some people have selfesteem issues or ego issues and feel the need to try to empower themselves by writing untrue and damaging things about Alibek I value the truth too much to tolerate this about Alibek or anyone else I know And since he is considered a public figure which I think the whole idea of public figures is stupid people talk about him and almost everything I hear is untrue according to my presence during the events in question Its like a contest between people to see who knows him better and all they do is embarrass themselves in front of me someone who does know him very well someone who knows his strengths AND his weaknesses and therefore is not star struck but instead is someone able to recognize both his roses and his thistle we are all a combination of roses and thistle I cannot describe to you how many people have approached me with an air of authority and tried to pretend like they know the man trying to impress me with a connection to him telling me things which they clearly have no first hand knowledge of and merely took from the LA Times article like it was a bible If you think my response in writing on the Wiki page is angry you should hear my verbal response when I inform the person that I know for sure he does not know Alibek and that the speaker has just lost all credibility in my eyes because clearly he is such a weak thinker that he believes such a poorly researched and obviously biased article about Alibek NO ONE is spared from this response not even the very very few people in the highest levels of government who dare to try and influence my opinion by feeding me rubbish the people who know Alibek know the article is rubbish and dont dignify it with a response The reason why I dignify it with a response is because I am a cop through and through and what people try to do in front of me is absolutely criminal my cop nature doesnt permit me to ignore the attack any more than it allows me to ignore any other crime I see happening in front of me Alibek is a very well respected man among the intelligent people who know him I have already thoroughly described his character other places online and do not need to do it again hereif you do not know this remarkable man then that is unfortunate for you <SPLIT><SPLIT> With regard to the comment on inserting genes into smallpox virus I have seen several articles describing a variety of successful processes using vaccinia virus I also know the gentleman who the LA Times article said made the comment he is a very well respected scientist I have had the pleasure of working with a little I wasnt present for his interview with Willman so I do not know what he actually said or how it might have been distorted by Willman so I cannot make any judgment as to what message he meant to convey I wish I could tell you that some of the people involved in that article have contacted Alibek privately to tell him how sorry they were that their statements were taken out of context but that would be violating a confidence if it were true I can tell you that I showed the LA Times article to Bill Patrick summer of 2007 and he was absolutely furious Bill Pat,0
Enoch08  <SPLIT><SPLIT> Have you read his contribs Ill grant that the autoblock hit someone it shouldnt have but stuff like VANDALISM IS FUN and JIMBO YOU AND WIKIPEDIA ARE FUCKERS would seem to be user hates Wikipedia yes <SPLIT><SPLIT> Overdue for block  thats what I use for people did severe vandalism several months ago and havent contributed since,1
Dragon Quest FAC  <SPLIT><SPLIT>  <SPLIT><SPLIT> As you reviewed the last Dragon Quest FAC your input is wanted for the current version if possible Thanks,0
No I just consider Marxs material more relevant than any random antiMarxist reference that someone without any knowledge of the subject found after a few seconds of browsing the internet From now on Ill just use references from Marx himself and if you want to argue that Marx knows less about his ideas than other people do then thats your choice That my edits end up being reverted doesnt necessarily have anything to do with me For example you reverted my edit because you apparently though the idea of a nonpolitical society was unrealistic despite the fact that it is a key part of Marxs theory of the state and its dissolution no matter how realistic you may consider it,0
zee german  <SPLIT><SPLIT> [[bunghole]] traitor he changed for money bastard pig,1
What is inappropriate about motherfucking snakes or motherfucking plane Thats exactly how its used in the film,1
First offI called your comment cocky  You do know what that means right  It means your statements sound arrogant  And seriously  You were offended  Then its time for you to get off the internet  You didnt answer my questions at all  How is the stations website not a reliable source  You removed it because you said it didnt have a reliable source  How is that not a source  You arent answering because you were wrong,0
4 August 2009 UTC <SPLIT> Its not just on visual basic and its a reliably published book on programming and game design It doesnt need to be a gaming source although in any case it is a gaming source otherwise one could not cite for example gaming reviews by The Times It is a print source on programming and game design by a reliable publisher and thus passes WPRS If you follow the Google Books link you will see it comes from a section on video game genres though the link to the particular page has rotted It explicitly states that Tomb Raider is responsible for the popularity of the third person shooter genre The citation was added by a third editor in good standing here and verified by me The History of Tomb Raider article comments on how the game was seen in relation to Doom and the importance of its control scheme adventuring theme etc again in contrast to Doom this is worthy of note as its discussing the game in context of shooters Finally with regards to Syphon Filter the source states What we had originally implemented was a targetlock system inspired by Syphon Filter the most popular thirdperson shooter on the PlayStation and DMC at the time the most popular thirdperson shooter on the PlayStation 2 If you want to trying playing the 3RR card here be my guest The policy forbids edit warring more so than an arbitrary number and since you are removing reliably sourced content with a reasonably long standing consensus and offering only spurious WPIDONTLIKEIT arguments based on original research you are not going to make yourself look good   0606,0
What I think is a waste of time is asking for things that makes no sense First what you said was this Youd need to show that reliable independent sources habitually refer to Ms Furtado as a Portuguese Canadian <SPLIT> Correct me if I am wrong  You were given 24 reliable secondary independent sources with the term portuguese canadian and now you change your mind <SPLIT> What other people said was this  <SPLIT><SPLIT> User Morenooso She would have needed a dual birth certificate Just being recognized or automatically being given dual citizenship is not good enough <SPLIT> User KWW  Show that Canada has recognized a claim made by Nelly Furtado to Portuguese citizenzhip and it goes in Canada made a claim and KWW changed  his mind <SPLIT><SPLIT> Now what you are saying is we go by what reliable independent secondary sources say <SPLIT> What about what WIKIPEDIA saysWikipediaNo original research <SPLIT><SPLIT>  <SPLIT>  All interpretive claims analyses or synthetic claims about primary sources must be referenced to a secondary source rather than original analysis of the primarysource material by Wikipedia editors <SPLIT>  and should be discussed on article talk pages <SPLIT><SPLIT> Historical documents such as diaries are primary sourcesFurther examples include archeological artifacts census results video or transcripts of surveillance public hearings trials or  <SPLIT><SPLIT>  The University of California Berkeley library offers this definition Primary sources enable the researcher to get as close as possible to what actually happened during an historical event or time period Primary sources were either created during the time period being studied or were created at a later date by a participant in the events being studied as in the case of memoirs and they reflect the individual viewpoint of a participant or observer <SPLIT><SPLIT>  Primary sources that have been reliably published may be used in Wikipedia but only with care because it is easy to misuse them <SPLIT><SPLIT>  Secondary sources are secondhand accounts at least one step removed from an event They rely for their material on primary [[ancestry]] often making analytic or evaluative claims about them <SPLIT><SPLIT>  Wikipedia articles fontcolorredusually rely on material from secondary sources Articles may include analytic or evaluative claims only if these have been published by a reliable secondary source <SPLIT><SPLIT>  <SPLIT><SPLIT> According to the above wikipedia policy <SPLIT><SPLIT> Well I just got my Portugese passport so maybe Ill go back there but it would be fun to emigrate somewhere chilledout like the CaribbeanMy Life in Travel Nelly Furtado The Independent   and so is this one Nelly Kim Furtado born December 2 1978 is a Canadian singer songwriter record producer and instrumentalist who also holds Portuguese citizenshipNelly Furtado site is now at nellykimfurtadocom     Vibe Jul 2001 pg46 <SPLIT><SPLIT>      etc etc and etc all the other souces I posted <SPLIT><SPLIT> This discussion comes back from 2007 3 years now when the user Opinoso a,0
26 December 2010 UTC <SPLIT> Yes therefore each of the most popular exists spiritual existence physical existence past existence etc must be discussed I am not asking for the creation of a new section not an entire article There is an entire article on the existence of God which can also be classified as a hopeless debate due to all the different ideologies   2331,0
Ref conv  <SPLIT><SPLIT> Sorry for the downtime   is now back up and running  About a week ago the hard drive in my server crashed  Luckily it stayed together long enough to allow me to pull all the data off onto a new hard drive but I still had to go through the process of installing Linux on the new hard drive installing all the necessary programs and loading in all of the old data from the server  I got all of my essential services up within two days CVS Apache Wiki but I kind of forgot about web scripts which I finally got around to fixing today  Everything should be fully functional again  If you see any bugs just send me a   You are receiving this message because you are on the   If you no longer wish to receive these messages simply remove your name,0
[[Cheer]] me lad  You deserve to be treated to a day of pinthetailonthedonkey and maybe even a magician show,0
hi sorry to interrupt but I couldnt help but overhear this conversation about sockpuppetry Cordless if I may be so bold as to call you that am I correct in assuming that a sock puppeteer is someone with multiple accounts pretending to be more than one person obvs I am confounded how I was pulled in to the sock discussion on another page so if you would be kind enough to translate It makes no sense to register so all the deranged monkeys can throw shit at another foolish editor who joined the community of nutters like UserLightbreather who has long used her backup sock UserDarknipples obvious as [[fucking]] by all the gun ban propaganda she promotes and coming on the scene first when LB thought she could be [[banning]] and was temporarily and now has a new backup sock UserAsdiprizio which will in time edit gun articles but LB knows her recent permanent ban is to fresh to start promoting her antigun agenda through another sock PS Do not edit others talk page duechebag Addendum Sorry to the lunatics who edit here and who are able to support themselves  what does this mean and what is being accused and who and am I target and does this help explain why my user page from wiki commons was deleted after I submitted on wiki commons my drawing of you and others cordless larry drawing with a creative commons license <SPLIT> sorry for being a bother I dont mean to be needy and thank you again friend,0
You know while the gay rumours are pretty silly arguing that he isnt gay is just as silly really I mean where in canon does Tails sexual orientation even get mentioned Sure in Sonic X he likes a girl that doesnt preclude him from liking both so really until Sega officially says Tails is HeteroHomoBiAsexual it simply hasnt been dealt with And in a series mostly aimed at kids Serious relationship issues dont seem quite the appropriate thing anyway As for Sega wouldnt be silly enough to include GAYNESS11 arguments society is slowly viewing homosexuality more and more as just as normal as heterosexuality so homosexual pairings that are as nonexplicit as heterosexual pairings in media for children probably will end up being more common eventually,0
[[Appealed]] do not vandalize pages as you did with this edit to Deep Run High School If you continue to do so you will be blocked from editing,0
So that is a reliable source Does not look like one,0
We can verify every mentioned thesis of Homeric studies in every article  does not have to Could the user indicate which sources support the material,0
Cuba <SPLIT><SPLIT> The Cubans are showing off now,0
Errr  <SPLIT><SPLIT> Who the fuck died and put you in charge on Wikipedia its been sourced its reliable I dont see your name on the page unless are you really Rihanna I dont think so,1
Regarding Hari Singh Deora in Notable Chauhan <SPLIT> Hi Situch I have added one column regarding hari Singh Deora in Chauhan Talk Page please have a discussion,0
[[me]] think he was a bigtime combination of attentionseeker full of guilt  embarrassment over his feelings of cowardice he didnt become a soldier  a white supremist,0
Re Chicago Film Producers Alliance  <SPLIT><SPLIT>  <SPLIT> I am E [[Deborah]] Moore the owner of the page you are planning to remove I am a member of this organization and have the responsibility of creating a page in your website  As you can see the document has some pieces that are similar but the document clearly is not the same as the original  I have added significant third party resources to address your concerns  Please advise <SPLIT><SPLIT> Thanks,0
As the [[birgit]] admits above the contradiction is on the subject of etiology Please improve if you have the knowledge Thanks,0
Could you point me to the policy page that requires us to report scientific positions roughly as they are represented in the literature Ive been away far too long and I am not up to date on the changes made to NPOV since I was active Back in 20012002 the idea was that Wikipedia would not take any stand when there were opposing views  on anything How has that policy changed,0
blah [[blowing]] from the nipples of success,1
What a waste of time Generation Y and Z please dont make the same mistake that I did,0
Car indents  <SPLIT><SPLIT> Ive uploaded a few photos needing idents on Flickr,0
[[Absolutely]] thats about all I can come up with too I tried coming up with a nifty inuniverse explanation for it but T3 really is just a piece of [[fucking]] If I had a dollar for every continuity error it introduced I could singlehandedly support the Wikimedia Foundation for a few years,0
I think we all get that Spartaz What Im trying to do is to help Mr T establish a path back That path imo starts with a clear statement to you and Bwilkins acknowledging the inappropriateness of his email and acknowledging the volunteer nature of this venture along the lines of what Bwilkins says above I doubt if BASC will restore talk page access without some such acknowledgement Whether that will work or not is a different question but a helping hand never hurts,0
i want the ifomation on akhetaten can you people do that for me,0
I agree The [[affirmation]] 3050 million cases per year isnt supported by any evidence I can find on the World Health Organization web site The best I can do is 152535 reported cases and 294000 deaths source here Also the uncited statement that Most deaths occur in young toddlers doesnt mesh with my understanding of pertussis,0
Please do not use an entire section POV tag for the introduction Use inline tagging for the specific claims people have concerns about the vast majority of the facts and information in the introduction is accurate so people should not be confused about how accurate any of it is Undermines the entire article,0
Again the Rejection of belief is a notable and referenced definition which is not addressed at all by your rewrite The rejection definition is commonly used as an expansion of the first definition  The first definition of the current lede is sometimes given emphasis within the second definition   For instance disbelief and denial are used separately in definitions but are occasionally together as in Disbelief or denial in the existence of a supreme being or beings  Disbelief as I alluded to earlier can have different connotations meaning either to believe something is false to doubt something is true or to reject belief for any number of reasons without necessarily believing the experts jargon to be false   As JimWae pointed out sometime ago disbelief rarely if ever means the absence of belief of an innocent Thus both the first and second definitions are notable and are usually separate from the absence definition I also dont see that there is a particular need to bloat the less common broadest definition with these particulars when it should be clear that all atheists have an absence of belief in deities,0
I had responded to that has you were editing it  Yes I realized when you pointed it out that the snow keep bit was an hypothetical thats why I apologized for having misconstrued your position  I obviously had not properly understood it as such when I wrote my original response to itGood night to you then,0
February 2009 UTC <SPLIT> Parslad I agree that the article needs some rewriting Unfortunately Im short on time but its on my mind   1013 23,0
Death <SPLIT><SPLIT> Dick Winters has passed away <SPLIT><SPLIT> httpwwwmajordickwinterscomphpBB3viewtopicphpf3t4612,0
Please [[assumes]] note of editing restrictions on List of Israeli assassinations  <SPLIT><SPLIT> You can read about them on the talk page of the article  Be especially cognizant of the WP1RR  More details can be found here,0
[[Appraisals]] template  <SPLIT><SPLIT> Hi Hope youre FA nomination is going well Im making a request to remove the subjective label aspect from the album ratings template page favorablemixed etc with a support or against kind of vote If youre interested in this you can weigh in at the template talk page,0
No one cares about Guy Fawkes Day in the US Guy Fawkes Whats a Guy Fawkes Some stupid Euro holiday,1
Welcome <SPLIT><SPLIT> Hello Adolfiiuxx and [[applauded]] to Wikipedia Thank you for  I hope you like the place and decide to stay Here are some pages that you might find helpful <SPLIT> The five pillars of Wikipedia <SPLIT> Tutorial <SPLIT> How to edit a page and How to develop articles <SPLIT> How to create your first article using the Article Wizard if you wish <SPLIT> Manual of Style <SPLIT> I hope you enjoy editing here and being a Wikipedian Please sign your messages on discussion pages using four tildes  this will automatically insert your username and the date If you need help check out WikipediaQuestions ask me on my talk page or ask your question on this page and then place help me before the question Again welcome  Email,0
You misunderstand me That some bogus material exists in an article is no excuse for not removing other bogus Nothing is allowed to stay by some magic force Wikipedia is continuously involving and we have to proceed in steps I remove bogus material when I see it ie mainly nonsourced speculation It does not rule out that there are bogus I overlook andor have not the time to delete or edit Also just because something wrong has been along for a long time does not make it a precedent for other crap to be left alone Clearly it is then a matter of judgement whether one removes stuff or tags it The latter is typically done when you as editor know that a source can be dug up but the tag is left there as a reminder for youselfother editors and as a cautionary warning for readers Keep up the good work I hope not that I have deleted without discussion anything you have sourced,0
I am not working for Plazi but [[acknowledge]] Gsautter in person He asked me to confirm that he is a real person editing in his own interest of improving biodiversity knowledge This reason is shared by several people at Plazi nonprofit organisation Looking at his edits I do not think he has ever shared the account details with any other person Thus the blocking reason is not valid and I would like to second his request to be unblocked,0
I changed the statement a bit The previous claim was indeed a bit misleading For crypto one should indeed choose the groups carefully to avoid the special purpose algorithms listed further down on the article,0
PS Any reason the list of supporters would include a deceased person,0
I agree its not obviously relevant until we start tripping over the issue of falsifiability as we have several times recently with various editors rewriting some of that second paragraph  It is a bit of a stumbler  If however a consensus can be reached about how to phrase it as introductory material in a meaningful way whatever language is chosen can be maintained with an occasional checkup on the language by the participating editors  In my figuring of it the way it was written before was a bit clumsy and largely indefensible on the basis that wed already said it effectively because we hadnt quite said it effectively in that paragraph  I imagine there is some way of reasonably saying this in the article as yet undetermined that will ring true to those regular editors who understand the basic problem and still explain reasonably well to the previously uninitiated reader of the material Right now the first sentence of the paragraph is quite reasonable in my opinion Popper proposed the additional criterion of falsifiability which factors in those theories that are dependent on coherence rather than outright falsifiability I trust with some further discussion and a bit of experimenting that itll get done for the rest of that paragraph  <SPLIT> Incidentally I genuinely appreciate seeing all this highly thoughtful discussion about the issues,0
Thanks all for the clarification  tips While I am clearly not a disinterested party I work for the Water Trust I do appreciate the need for objective points of view I think Wikis COI makes sense conflicts of interest and will use that as a guideline as we develop this article <SPLIT> Not sure who else I might get to look over the content here but meantime you guys are doing a good job Thanks again for your efforts  for lending your experience to Wiki,0
Its more than that Youre violating Wikipedias civility policy I understand that it gets frustrating sometimes but if an editor makes an edit you dont agree with then speak with that editor on his or her discussion page about their edits If theyre not appropriate youve tried discussing it with them and they still continue to add them then its time to take it to administration Calling other editors mother fuckers is only going to get you into trouble Also the section dealing with concert videos is accurate Thug Angel  Life of an Outlaw is a legitimate video certified by the RIAA The link provided in the references section will take you to every video certification he has,0
Block reset due to using a sock to continue the edit war,0
[[ADIEU]] TEAM IS ALWAYS RIGHT AND GO FAR,0
As a compromise let us at least apply your principal consistently  The linked source also does not state that Rachel Maddow selfidentifies as an American citizen or that she is an American citizen  Therefore based on your principles Wikipedia cannot call her an American on that ref,0
Why did you revert my comment  <SPLIT><SPLIT> I merely quoted your comment on 172s talk page which I take as a compliment This is the comment you deleted  <SPLIT><SPLIT> I was just trying to be friendly Gazpacho  No need to call it nonsense,0
Nonalliance <SPLIT><SPLIT> Sorry but I dont align with any group whether it be Singaporeans or others I prefer nonalliance to anything,0
Please stop making test edits to Wikipedia as you did to Assassination of Abraham Lincoln It is considered vandalism which under Wikipedia policy can lead to a loss of editing privileges If you would like to experiment again please use the sandbox,0
I wouldnt think it would be a good fair use candidate but you dont need to since you can just link it anyway You can also use free maps to modify if you want to just geolocate it  Im a big fan of photos but these type should be PD  You might check around and see if NASA has any shots of the region  I was peaking at Area 51 and noticed that is where that image came from making it Public Domain       Join WER,0
Pubmed has been working well for me Deberri is a good tool Works for the ISBNs of books aswell      email if I write on your page reply on mine,0
Number in Airlines  Destinations table  <SPLIT><SPLIT> What is the purpose of Number eg 1 2 3 or 17 18 19 within the rows of the airlines  destinations table in this article and a few others It made alpabetizing a row difficult Is it some artifact of VisualEditor or was it meant to facilitate something,0
In all this Knucmo2 you have failed to explain the [[adjournment]] with Wagner and you seem to very quickly dismiss the issues with his sister You generalise  Nietzsches falling out with his sister was not on purely philosophical grounds the irony of the accusation of generalisationSee Kaufmann for a good treatment of the topic And if you debate his account then look at the letters yourself and put forward a better interpretation <SPLIT><SPLIT> Digging up quotes and calling them evidence shows that you dont understand how to read Nietzsche He wrote hyperbolically and exagerated everything in an attempt to overcome his decedence For example The Genealogy of Morals is written in the form of a scholarly treatise but it uses completely outrageous language Its an attempt to point out that even dispassionate argument stems from the writers own prejudices Its a brililiant piece of irony It makes his presence as an author unforgettable Alexander Nehamas goes into detail quite well on this <SPLIT><SPLIT> All you have done is put forward another misunderstood objection that displays as Nietzsche might call it the hight of decedance The Nazis did the same thing Nietzsche was too clever to be a serious antisemite Kaufmanns book Ch 10 offers an excellent discussion of it which goes far beyond the presentation of a few aphorism and an assertion that the case is obviously closed I can present just as many quotes ones like atnisemitism being the lowest level of European culture its morass It would be just as easy as what you have done here But that to be missing the point <SPLIT><SPLIT> Russels chapter on him in the History is one of his worst pieces of work Its a disgrace that such a renound philosopher can get the details wrong on what preSocratics Nietzsche liked not to mention a pointless labouring on his opinions on women and a very twisted uninformed interpretation and use of the will to power <SPLIT><SPLIT> Find something better to do than critising Nietzsche How about reading him,0
Test Section,0
I agree with that assessment of the history  The field is in big need of new terminology that is clean of the old anthropocentric bias  Unfortunately I feel taking this approach throws the baby out with the bathwater especially when you look at primate neurology  At the very least tool use should be listed under Behavior,0
18 May 2006 UTC <SPLIT><SPLIT> What you wrote is essentially bollocks put a 1 week old noob up against a 2 year old bet with a BS and tell me Its ALL down to player skill not skillpoints <SPLIT> Yeah right dont insult others when youre point is so ludicrous  2055,0
December 2011 UTC <SPLIT> Tell me the difference pointwise   2327 22,0
I have not edited this [[front]] although I edited the Obama presidential campaign article I do think mediation would be a good idea <SPLIT> I do think that people are divided between those who are sympathetic to Obama and those who hate him and it does seem to me that the people who want to include negative information about him do hate him,0
I dont believe the statement is idiotic Again for those who believe in displacement currents their brains cannot concieve of a time varying magnetic field without them can they,0
you blocked me for violating the 3RR rule  <SPLIT> You mention that I should take the issue up in the discussions page which I did before being blocked by you so I dont understand why you blocked me Please explain,0
this [[adjustments]] area Do not include the tlx code  However you should read the guide to appealing blocks first,0
Whether Im an Israeli Jew or Palestinian is irrelevant to my mind  Suffice it to say that Im perfectly willing to make or hear jokes about my ethnic groups  I am partially Scottish and presently have a joke on the Ref Desk about me being thrifty since this is a supposed characteristic of the Scots  I could refrain from making such jokes and accuse anyone who does of being a racist who propagates ethnic stereotypes or could only do that if those who make the jokes arent partially Scottish themselves  But how would that help to increase understanding between groups   The world would still think we Scots were cheap and then would think we were humorless too,0
[[After]] I hear no objection here I will remove the sentence in question tomorrow,0
If you cant judge it is lie or not than there is ample possibility that it can be lie How one can categorically declare that Mufaddal is self declared new leader of the Dawoodi Bohras for a living person and thats why Wiki has made a precondition of properly weighted to ensure that Wiki do not involve in the matter directly or indirectly Hence inclusion of this blatant statement of any [[fucking]] big personsource is not acceptable in Wiki,0
Actually the Woodford paper in its very title indicates that the Somali Sign Language is a new sign language It also states that the Somali man who developed SSL not three people was himself schooled in the Kenyan Sign Language and that SSL still shows its KSL roots when demonstrated Thats speaks to influence not singularity Woodford also indicates that SSL is culturally distinct from KSL see above This is obvious considering the fact that KSL appears to be based on the Swahili language and culture not the Somali language and culture SSL is also tied to ethnic Somali nationalism a fact which you also appear to be challenging  Lastly by citing Somaliland separately from Somalia you are already insinuating that it is a separate country when the Woodford paper itself make its clear that it is internationally recognized as a region in Somalia Borama is also disputed between Somaliland and Awdalland the actual natives of Borama which is another reason why we indeed cannot take sides on the issue,0
Can you deal with this user  who made death threats to 2 users,0
Just stop and think before editing There are better ways to deal with people that you find  diificult than call them idiots in front of the whole world,0
iuthemwl  <SPLIT> Sir We didnt get a direct answer from you about adding to our definition Muslim World League which contains lies about us <SPLIT> We are not asking to remove anything we just need to add our point of view so the free minded people will know the truth and they will know who is lying <SPLIT> We appreciate your kind assistance in this <SPLIT> We write what we need to add in the Talk page of Muslim World League <SPLIT> Best Regards,0
[[Added]] Hamas and Hezbollah to first paragraph  <SPLIT><SPLIT> As they engage in non stop terrorism add them to the front,0
REDIRECT TalkList of animated feature films of the 2000s,0
Curtis please do not call an article from Encyclopedia Britannica a dictionary article And no I dont approve of removing reference to the Hojos Taira ancestry from this sentence as that would likely lead to our readers drawing the same inaccurate conclusion you did that the Taira clan had been exterminated The fact that it is also mentioned later is immaterial Also it would appear that the Hojo were in fact descended from the Ise branch specifically so the issue is even muddier than I thought and my wording extinguished is also potentially problematic,0
Parkwells  Again as I just explained above I am not arguing for my own or any specific interpretation Again if the topic is a controversy then the reader should be made clear as to why that is The facts section serves this end very well and thank you again btw As an editor you are allowed to refer to historians in an overall or tertiary capacity mentioning that eg they all concur on this some concur on that or none concur on this or mention that It is perfectly acceptable to mention that few if any of the historians referred to offer any evidence for things like appearances whereabouts etc of the other candidates,0
[[Atheist]] Theism and Deism  <SPLIT><SPLIT> Some of the English language equivalent terms are agnostic theism and deism  <SPLIT><SPLIT> Pretty sure thats untrue since agnostic theism still is theism and ietsism excludes theism those having ietsistic beliefs are counted as believers without religion according to the article,0
It appears to be this journal Whos Who UK,0
I think 184 BC would be a silly article to get banned over   e,0
Please stop If you continue to vandalize Wikipedia as you did to Song you will be blocked from editing     <SPLIT> If this is a shared IP address and you didnt make the edit consider creating an account for yourself so you can avoid further irrelevant notices,0
I dont see the health studies and public response to them as subject of split Shootbamboo most of the response has been from governmentsindutry but one can rename it to Public response if will,0
These arent implausible typos,0
I dont think anything is being implied The CRU has stated explicitly that it cant release the data because it doesnt own all of it This is reflected in the article,0
gogo dodo takes it in the ass  <SPLIT><SPLIT> [[accursed]] you noob,1
[[ANY]] ONE ELSE CAN FEEL IT FOR YOU <SPLIT> ONLY YOU CAN LET IT IN  <SPLIT> NO ONE ELSE NO ONE ELSE CAN SPEAK THE WORDS ON YOUR LIPS <SPLIT> TREAT YOURSELF WITH WORDS UNSPOKEN <SPLIT> LIVE YOUR LIFE WITH ARMS WIDE OPEN <SPLIT> TODAY IS WHERE YOUR BOOK BEGINS <SPLIT> THE REST IS STILL UNWRITTEN,0
UTC <SPLIT><SPLIT> I have recently stumbled on one episode and was also slightly troubled by the large FACT tag they show on ridiculous stories  However when learning about the source of the stories I infered that what they really mean was that the story was inspired from an existing story as ludicrous as that original story may also be which can itself definitely be considered misinterpretation or legend at best  Indeed noone could prove that any such paranormal event really took place  If we can find a source criticizing this aspect of the show we could add a mention about this   1201 25 February 2014,0
Energy requirements for sequestration  <SPLIT><SPLIT> No mention is made of the energy requirements for sequestration <SPLIT><SPLIT> An example is here <SPLIT> httpsbioenergykdfnetsitesdefaultfileszpdfzholderzNRELDataThe20Net20Energy20and20Global20Warming20Potential20of20Biomass20Power20Compared20to20CoalFired20Electricity20with20CO220Sequestration2020A20Life20Cycle20Approachpdf <SPLIT><SPLIT> For a power plant with an output capacity of 600 megawatts <SPLIT> After adding CO2 capture and compression the capacity of the coalfired power plant is reduced to 457 MW <SPLIT><SPLIT> In other words 25 of the plants output capacity would need to be diverted to the carbon sequestration processes,0
Appeal the Arbitration Committee decision  <SPLIT><SPLIT> Please help where  can I appeal against Arbitration Committee in ruwiki decision,0
Mhammedan vrmin  <SPLIT><SPLIT> Filthy lying censor piese of chit,1
Im sure the phrase medically unexplained symptoms goes back a lot farther than the 70sits an easy enough series of words to put together in a medical setting  But we cant build an article about a random phrase so the question becomes  When was it used to indicate a specific category of illnesses  I have no idea if Slavney was the first to do so or not but I think that were confounding the phrase with an actual category  A common phrase is probably not notable by Wikipedia standards a medical category might be if its in wide use  So I think we need to identify when this phrase was first coined to refer to a category of illnesses and prove that its actually noteworthy  Without an entry in DSMIV or a similar medical reference the notability of the concept really needs to be shown  Also as someone else said somewhere if it is considered a medical category somewhere we need to identify if its primarily a psychiatricpsychological concept or a broader one  Similarly I think were also confounding the category with related terms like somatoform disorder and functional somatic symptoms  Unless the source itself says that in that particular text theyre intended to mean the same thing any assumption that another text is making the same assumption would be synthesis,0
The Decline of the Roman Empire  <SPLIT><SPLIT> Thousands of books have been written about the decline of one of the most developed cultures <SPLIT> of human kind Of course we have no right to neglect to study this topic Leaving out the <SPLIT> time span of more than thousand years of Roman thought and reality would cut out the <SPLIT> childhood of modern civilization <SPLIT><SPLIT> We have to go back to these centuries long ago to understand why we are who we are today <SPLIT> Read the Wikipedia article to make yourself familiar with the subject Go to Spengler and <SPLIT> Toynbee and research which information the Internet provides for both names and the topic <SPLIT> Third Century Crisis Make yourself familiar with the various search engines online Do <SPLIT> the above mentioned historians help you understand the final decline of the RE Roman Empire <SPLIT><SPLIT> Why were historians of the Victorian Era Great Britain so interested in the research of the <SPLIT> way that ancient empires declined and disappeared <SPLIT><SPLIT> Collect material online and write an essay with some answers to the above questions  <SPLIT><SPLIT>  Oswald Spengler An Introduction to his Life and Ideas Keith Stimely <SPLIT>  Arnold Toynbee Study of History <SPLIT>  The Crisis of the Third Century Saylor <SPLIT>  Crisis of the Third Century Chrystalinks,0
Wayne Hardman  You could not be more incorrect  The name of the driver is indeed dumpwmimmcsys  I invite you or anyone else to view the driver which I have prevented GameMon from deleting for yourself <SPLIT> driver httpdumprufile4450408,0
About criticism <SPLIT> The Super Scope received many complaints from many gamers indicating that the hardware was heavy and unbalanced making it difficult to use as compared to the simple lightweight NES Zapper high physical risks of severe headaches eye strain and arm pain and the hardware had a very poor battery life <SPLIT><SPLIT> [[Anathema]] pussies I used a real rocket launcher in the army for all the time,1
Please do not vandalize pages as you did with this edit to Solar power If you continue to do so you will be blocked from editing,0
Im not starting again you are   Mentioning that Thrace was the main theater is more than sufficient our readers arent as stupid as you seem to think  You are clearly trying to push the POV that Teh Bulgarians did all the fightintg1 as many times as possible in the article  Well it wont work  Once is enough three times is rididculous  This is tendentious,0
[[Accordingly]] every reason I have given now didnt happen because you dont want to admit it,0
Arab <SPLIT> To all Kurdish nationalists please read the whole name of alAthir As you may see there stands also Shaybani This means he is from the arab tribe of Banu Shayban,0
Got it  Thanks for the heads up,0
You guys are harsh as for Meaningless waffle  well both of you misunderstand  <SPLIT><SPLIT> Indeed Sukuk are the nearest thing to an islamic bond but that give no understanding as why does Islam need an alternative Sukuk The key point is that within islamic finance they cannot invest in conventional fixed income securities  and hence have created a kind of subsititute Why cant the use conventional bonds well for the key reasons mentioned in the definition As such understanding why they cannot invest in typical bonds gives a better undertstanding of what are the key structural features in Sukuk  <SPLIT><SPLIT> Wikipediatrix is right is that in is a massively summarised version of an 8000 word paper I wrote on the subject cited by FT Bloomberg Reuters Gulf news et al I also provide commentary to BusinessWeek I saw a blank space under the defn never saw the old one you mention and thought the topic was to important to leave empty  its odd that you are confident enought to rubbish my effort while offering no contribution of your own Anyhow free countryweb etc  <SPLIT> kho,0
Thanks for the hard work for everyone on this and kind comments  I think Ill work something up and put in on lpcom so it can be referenced  most of the actual process content is detailed and documented in my 2013 book Get the Life you Love NOW although tailored to non health issues  shrinking down the few hundred pages to a few lines will be an interesting challenge  but I think it would benefit from my original description rather than one created by someone else,0
Which browser and OS are you using,0
authorlinkMartin van Creveld lastCreveld firstM van titleSupplying War Logistics from Wallenstein to Patton locationCambridge publisherCambridge University Press year1977 isbn0521297931 <SPLIT>   <SPLIT>  cite book,0
Thanks I am a bit stunned that an article about this  focusing on Genesis I mean  didnt already exist Was that the case,0
wasnt the official theme song of the 1990 Asian Games which was actually  Its infinitely popular than the latter though,0
LOL You [[fuckheads]] are soo funny <SPLIT> Its me the 12 year old girl again AND THIS WORK ISNT HELPING,0
See also Wikipedia is not here to tell the world about your noble cause The links in the Welcome message at the top of this page will tell you more about Wikipedia,0
Hi Thanks for the reply I contacted a checkuser on a secure channel who said he cant tell a lot of things but goose test Am I right has failed by a very huge margin and apparently it is a good thing Frankly I am just being frightened more and more but I think the logical thing is that when three people all of whom are at least sysops tell me everything is all right I must trust them and bear in mind that as long as I myself do not commit any puppetwork if you may Ill be alright <SPLIT><SPLIT> Thanks for everything You are marvelous Mr Stradivarius <SPLIT><SPLIT> Best regards,0
List of epiosdesis too long <SPLIT> yeah about that why is the tokustu episode list so long Is there any way to deal with this,0
Or this not based on Wikipedia information <SPLIT> httpringtonesmsnemotionsorgArtists211PinkFloydhtml,0
[[Aight]] found it myself in Job and added the citation Cheers,0
Closing the season  <SPLIT><SPLIT> Would it be appropriate to replace the infobox and called this season over,0
Q but no U words <SPLIT> It would be good to cite particular dictionaries that the words can be found in to convince the endless skeptics saying they arent true English words I used Collins for the original list but its been expanded since then Any references you can provide would be excellent,0
REDIRECT TalkFairytales Desire SparreEnger album,0
Yep this page is pointless On the Lam is American English only and the definition here is overwrought and looks entirely fictitious,0
Most [[amply]] spoken nonIndoEuropean language in Europe   <SPLIT><SPLIT> How do you come up with this statement Almost 11 million of Turkish people lives in the European part of Turkey and plus there are up to 9 million Turkish speakers in various European countries which makes the Turkish speakers in Europe almost 20 million The numbers may vary but Turkish a nonIndoEuropean language is definitely more spoken in Europe than Hungarian,0
Thank God Im an atheist,0
Thats a great idea Unfortunately adding lots of zohar ideals to a page that appears to be talking about evidencebased issues is merely muddying sorry the issues here I look forward to reading whatever people can find in the way of cited research about these issues,0
Carantania and the Eastern March Austria  <SPLIT><SPLIT> by Dr Joko avli September 5 2010 <SPLIT><SPLIT> Under Emperor Diocletian after ca 300 AD Noricum was divided into Noricum mediterraneum and Noricum ripense It is beyond doubt that the onetime Roman province of Noricum mediterraneum Inner Noricum was the predecessor of Carantania  It is less known that Noricum ripense the other ancient province of the Roman Empire was the predecessor of Bavaria with the chief town of Lauriacum Lorch Upper Austria In the middle of the 8th century AD Bavaria was threatened by the Avars and the Bavarians transferred their capital to Regensburg in Vindelicia the presentday Bavaria Carantania included the modern Carinthia and Styria whereas Carniola which was part of the Roman province of Pannonia in Roman times became a province in the lower part of the Principality of Carantania <SPLIT><SPLIT> Was Carantania a Slavic or Slovenian duchy Historically Slovenians and Carantanians are an ethnic group Slavs are only a linguistic group and certainly not an ethnic one However in sense of the 19th century conception they were considered to be descendants of the Ancient Slavs who at onetime should have lived in the Ancient homeland of Slavs behind the Carpathian Mountains This was purely an academic construction which was elaborated for the purpose of the panSlav ideology It was more or less an answer to the panGerman construction which refers to Scandinavia as the ancestral homeland of the Germanic people Today it is well known that both ideologies were used for imperialistic purposes  <SPLIT><SPLIT> The naive conception of ancient Slavs or Germans crowned by the well financed and ideologicallydriven academic institutions chose as comparison the Spanish speaking world which today includes all Latin American countries Does that mean all Latin American Spanishspeaking inhabitants descended from the Ancient homeland of the Spaniards which would have been from the Iberian Peninsula Or would people from USA and Canada be descendants of the Ancient English who lived in the Ancient homeland of the British Isles Only because they speak English <SPLIT><SPLIT> Thus regardless of all statements made by the well funded academic world if we are honest with ourselves we must admit that Carantanians are a nation of Slovenians But in which way did they become Austrians during the centuries Because from the historical point of view Austria is identical with Carantania Its name derives from the Eastern March a part of todays Lower Austria on the Danube On all maps the Eastern March is shown as a Bavarian March But this is a deliberately misleading statement committed by German and presentday Austrian historiography  <SPLIT><SPLIT> I was aware of this fact when I read the citations of B Grafenauer the wellknown Slovenian historian He copied from German material the following statement  In 876 AD Prince Carloman son of Louis the German  inherited Bavaria and Carantania He ceded Carantania to his son Arnulf except the Eastern March which he annexed to Bavaria where he reigned himself  <SPLIT><SPLIT> This was surely a false interpretation Around 856 King Louis the German deposed of Margrave Ratbod because of his connections with the hostile duke of Great Moravia Ratbod was the military commander of the Eastern March which included Carantania and Pannonia Already in 883 because of the Eastern March a war broke out between Carantania and Great Moravia How could that be possible if the Eastern March would not be a Carantanian province After a while I solved the puzzle with the help of heraldry On the seals of the Eastern March which later became known as Austria appears the Royal Eagle and the Carantanian Panther but no Bavarian emblem This means that the Eastern March was a military province of the Kingdom of the Eastern Franks later called Germania But its civil administration pertained to Carantania  <SPLIT><SPLIT> In 976 Leopold was appointed Margrave of the Eastern March At that time Leopold did not use the family name Babenberg It is well known that the very family of Babenberg originated from Franconia and that already in 906 their last member fell in battle The name Babenberg was given to the descendants of Margrave Leopold I about 70 years later by Bishop Otto of Freising 1114  1158 Vajda42 and passed as such into the historical records In origin the Margrave was a member of the line of the Luitpoldings a Carantanian family The founder of the Luitpolding line was Luitpold Leopold cousin of King and Emperor Arnulf of Carinthia Margrave Leopold although not mentioned in the records was the son of Duke Berthold of Carantania,0
That is a red herring If a person is notable and there are secondary sources that refer to aspects of this person by all means add it to an article But this is not the case here Actually will be be dabbing on original research if we try to connect dots and bring material into this article that refers to a family member when there are no secondary sources that make that connection On public figures it is almost the case that secondary sources made that connection and thus we have no problems in adding the material Capisce,0
What a piss take that really is The final shame of ITNC Losing the argument Dont want to play anymore Then take your ball home and archive the discussion Claim that it is unproductive even though other people were still discussing right up to that point and even though if no admin with any sense ever turned up it would have been moot in 12 hours anyway Jesus Christ This [[accursed]] site Unfuckingbelievable,1
Were not deleting the article based on some random website that doesnt even have its own hosting  present some reliable sources which back up your assertion and maybe youll have something to go on here,0
Ill ignore your [[idiotic]] ad hominem and prompt you to rethink this,0
Guess what I found An actual Larry Williams 7 with Dizzy Miss Lizzie printed on it A friend of mine came by to give away some of his albums and that was included <SPLIT> Oh and if you think that The Beatles Bible is unreliable I guess youll need to go through every single Beatles article that uses it as a source Good luck,0
JOHN HEALY IS A GAY [[ARSEHOLE]],1
cultural reference  <SPLIT><SPLIT> Theres no cultural reference section to this article but it could be noted that the Doctors text message of Geronimo as he takes off in the Pandorica is in the tradition of people shouting that when jumping from airplanes and such Started in WWII  <SPLIT><SPLIT> Ill leave this here but if anyone does decide to add such a section this should be included,0
It should also be noted that  has made numerous edits to the article Fossilfuel power station which removed cited text tried to downplay the pollution generated by fossil fuel power plants and violated the WPNPOV and WPORIGINAL guidelines  is exhibiting the same behavior here,0
Hehehehehe im sitting right beside you in ckassstaring at you SO HA take that other stalker IMMMM the ultimate stalker 3 3 3,0
I think it should be merged because they are after all the same company  different subsidiary,0
See Wikipedia No Original Research <SPLIT> See what exactly the entire article Your suggestion is that it is forbidden to include relevant text from a reliable and notable source because the reader might infer that the information contradicts some other source That is not original research <SPLIT> Suggesting that these statements are taken seriously as evidence against the notes is original research because you fail to cite anyone who agrees with that idea <SPLIT> I did cite someone and you know it DD Guttenplan  <SPLIT> Furthermore read Spies <SPLIT> The second allegation The coauthors said Lubasov were wrong when they put the name of Alger Hiss in the places where they tell about somebody who cooperated with Soviet special services yes So we are quite right in saying that we the Russian intelligence service have no documents proving that Alger Hiss cooperated with our service somewhere or anywhere So there you go a reliable source taking the Soviet statements seriously <SPLIT> it is irresponsible original research <SPLIT> This says to the readers we are going to talk about Alger Hiss and the Soviet Archives but statements on the subject from the Archivists themselves are forbidden to you to learn This is nonsense Youre just trying to exclude relevant information you dont like,0
Hmm I  understand BLP  policy  only  too  well   I  helped craft  some of it Thats why  I  was surprised at  this adamant bindingly obvious comment made  with  the aspertion  that  the GA may have been incorrectly awarded There is also  an admin  who  seems to  support those strange policy  claims  too I  dont  think there is any  danger of me or you  for that  matter being  larfed out  of the building,0
Done  please let me know if there gets to be a vandalism problem with the article,0
Another priceless gem from yourself demonstrating your general cluelessness The fuse rating and therefore the plug rating in the case of a nonrewireable plug is determined by the cable attached not the appliance it will be used with Where on earth did you dig that nonsense up from There are plenty of good examples around but medium to large switch mode power supplies are often supplied with nominally 3 Amp cable in a moulded on plug many with an IEC 60320 C7 type plug rated by that standard at 25 Amps According to you the plug should therefore be fitted with a 3 Amp fuse determined by the cable If you did so you would never get any but the smallest power supplies running You have to fit a 5 Amp fuse because the very large 40 Amp momentary inrush current lasts long enough that it will blow a 3 Amp fuse The cable and plug can retain their original ratings because the inrush current will not harm them The rating of the fuse is determined by much much more than the cable size alone Indeed the type of power supply that is built into a plug usually has no fuse at all   1717,0
I can [[admire]] how youd see that having dealt with  I just saw this and have been a party to the same dispute  It is my opinion that FCYTravis misuses his administrative powers and spits in the face of consensus  Travis consistently forms his own opinions and then dictates them  including protecting blocking and lying about consensus to enforce his personal desires  Fortunately the rest of the site isnt such a joke except for the fact that there is nobody who gives a crap enough to stop behavior like that of Travis,0
Put down your spear <SPLIT> I thought you might find this interesting  To avoid the usual controversies I will make no amusing comments,0
[[Definitive]] Night  <SPLIT><SPLIT> Good to meet you last night,0
Semiprotected edit request on 27 March 2015,0
April 2008  <SPLIT><SPLIT> Please do not add nonsense to Wikipedia It is considered vandalism If you would like to experiment use the sandbox Thank you,0
Radical Motorsport SR3  <SPLIT><SPLIT> Im not sure about the inclusion of the Radical Motorsport SR3 as the highest specific horsepower entry  I did some cruising around their web site and the SR3 can only be made street legal through the Single Vehicle Approval process the process by which a kit car imported car etc can be brought in by the owner and individually inspected to be declared street legal  This doesnt really seem to count as a production car,0
In fact I am thinking use of AIHA may have already opened the door,0
Can you please explain this presented as science but not normal science Since when is there anything other then normal science You are not going to try and pull a  Ken Ham right,0
Heres all the [[analysis]] Rolling Stone has  Two is better than nothing especially when one is a contemporary review for Number of the Beast Speaking of which have you checked out the Classic Albums series of DVDs It surprisingly focuses on a large number of hard rock and metal albums,0
You are even more sonofabitch than the nasty general than shwe your father [[suckers]] you hard in the ass with his tiny cock every night and then rapes your mom and eyaculates all over his face boobs and vagina,1
Hate to be excessively unwelcoming but what gives you the idea that rediscovering something which has been known to mathematicians for many decades and to visual artists for thousands of years see httpwwwlivacuk7Espmr02ringsmathshtml  give you any right to name it  And why did you upload commonsFileMarilyns Crossgif in the first place considering that both PNG and SVG versions of this image but without the large distracting margins were already on Commons  Furthermore why is it allegedly a cross at all  I programmed on the PostScript vector source code given at FileBrunnian3notBorromeanpng without having the slightest idea that it was supposedly a cross,0
Using microcredit in Christian ministry,0
But as [[Chan]] said we mention it in the subsequent section Having them in the infobox makes it seem like they only get supplies from thos countries Furthermore they hardly get any weapons from outside countries Most weapons come from defectorsbought on the black market,0
szia  <SPLIT><SPLIT> Wow I just looked at that link to the Magyarization talk page you sent me I dont even want to think what its like to try and make some positive contributions to a hotbutton article like that  Again all I can figure out is our best weapon against various nationalist brickheads from all countries is just to be as wellinformed reasoned and usually calm as possiblethen the brickheads are the ones that look like idiots  LOL <SPLIT> As for that 56 flag userbox I guess we I think half the Magyars here put it on their pages should be taking them down now as it is postNov 10  I think Istvan was the one who started the trend and hes taken his down now but I cant [[assume]] myself to delete mine I want that flag to fly forever  <SPLIT> Cheers,0
I know  [[Bedridden]] support a ban and block him myself but only after all the necessary procedures have been followed   is currently working his way through the list of official warnings which Sidam is ignoring  After that I think well have to do a survey of users for and against a ban  I doubt that anyone will be against but you never know,0
[[Appealed]] <SPLIT><SPLIT> Hola amigo I want to know if you can do something  I just included an image of Antonio Valero Bernabe in this section military history of Puerto RicoRevolt against Spain of the Military history of Puerto Rico  I would like a caption under the imgae that states his name  Do you know how to do this  Thanks,0
I dont know that the referenced sources are that specific  I looked at the 2003 IBM study and the 2005 Guardian study  Neither mentions images at all  However I think it may be reading too much into them to say that they looked only at textual information  If the sources are vague I think that the Wikipedia article should also be vague on this issue  To do otherwise may well be original research,0
A genocide requires government plans and with the German government countermanding that order very quickly it seems that genocide might be the wrong word despite the Whitaker Report UN Reports are not biblical injunctions remember the old Zionism is Racism thingy not withdrawn Anyway I appreciate the hard work of editors in trying to maintain a scholarly angle but feel that here as in so many Wikipedia articles the foamatthemouth zealots have won and wikipedia starts becoming increasingly like the Great Soviet Encyclopedia with a lot of useful data but since you never know where it is and whats PC bullshit its best to avoid citing it in your college [[evidence]] There should be a rule that no matter what the issue at least TWO interpretations should be presented so readers can form their own opinion,0
I can do that but dont expect anything for a little while as I am rather busy at the moment with other things,0
[[Thyself]] are plainly an irritating troll to make people discuss views you dont hold Oppose me on every suggestion move and edit I make go ahead,0
Thesevenseas    326 28 15 NET  <SPLIT><SPLIT> Talkback <SPLIT><SPLIT> talkback,0
I agree A [[freshly]] article called Contemparary Yogis would allow room for the infinite growth of the latest new yoga teachers,0
It would appear that the text is original to here as it was in place in Dec 2008 while the external page is marked copyright 2009,0
What you [[accorded]] is an outlook in January As BoM still calls them extropical cyclones now they should be treated as still active as they are de facto tropical lows with names,0
Possible [[boorish]] readings of his lyrics This sounds like speculation and probably doesnt belong in the wiki,0
Anonimu added the name in the other names category I think that makes sense and I also added the Ukrainain name The city ahs a 19 Russian minority and a 23 Ukrainian minority so I think its logical to have the two names as well,0
JJBs citation of the newsletter content dispute at the Ron Paul biography is very relevant here since the exclusionists on that page used many of the same talking points we see recited here But in the end substantial newsletter related material was spread throughout that biography Simply and briefly listing the charges for which Rezko was convicted just five words bribery fraud and money laundering should be sufficient All are equally serious charges so its difficult to pick one to mention These could send Rezko to prison for the rest of his life,0
TalkAdams motor comments <SPLIT> Timharwoodx I gather that you and  have some disagreements about the content of the Adams motor article  Thats fine and a little debate is very healthy  Iand I imagine other editorswould appreciate it if you could tone down the remarks that might be construed as personal attacks though  Cheers,0
I read German and could translate something if I need to but I have a few other things I want to spend my wikitime on,0
Here is a message that someone sent me before I got an account <SPLIT><SPLIT> St George West Bristol <SPLIT> Looks good to me One thing I would suggest is creating an account so you can better track your contributions to Wikipedia Best of luck and feel free to let me know if you need anything further,0
[[me]] would agree per my mention further up on Boeing customer codes and the Airbus engine codes,0
I am aware of the operational difference between a ramjet and a scramjet my point was that I had understood that the term ram accelerator covered cannons that operated both in subsonic and supersonic combustion regimes among other things this is what that Discover article you mention described I had never heard the term scram [[accelerate]] and the description on the combustion modes page you link doesnt mention it either which makes me leery of considering it a technical term Google turns up a handful of hits for papers that used it but ram accelerator is far more common Please dont take this as an attack it just strikes me as a term that is not in common use among academics discussing this type of device,0
Not promoted from MBE separate divisions  <SPLIT><SPLIT> Its DBE MBE Mil  Not just DBE DBE promoted from MBE is even worse  The reason is that they are two separate division of the Order of the British Empire  You can as Holmes has be appointed to both divisions  She was originally appointed in the Military division because she was a soldier  I realise that this is one of the more obscure vagaries of the British honours system but its the sort of thing that people should leave alone,0
[[REARRANGE]] TalkCharles Kraus [[fuckhead]],0
1966 in television  <SPLIT> The article was tagged as it is biassed excessively towards the USA  There re languages other than English   please dont remove the tag until the bias is removed  A passing mention of the Phillipines is insufficient correction of the bias in my view,0
Also should we rename the [[articles]] to List of The Simpsons DVDs and Bluray sets or something,0
Amateur radio in popular culture  <SPLIT><SPLIT> All the discussion about movies etc has been moved to TalkAmateur radio in popular culture,0
Stupid votes is it So why then is Sarah777 advocating the copying of British editing stupidity,1
A tag has been placed on Bill jamison requesting that it be speedily deleted from Wikipedia This has been done because the article seems to be about a person group of people band club company or web content but it does not indicate how or why the subject is notable see the guidelines for notability here If you can indicate why the subject of this article is notable you may contest the tagging To do this please write  on the top of the page and leave a note on the articles talk page explaining your position Please do not remove the speedy deletion tag yourself <SPLIT><SPLIT> Please read the criteria for speedy deletion specifically articles 7 and our general biography criteria Feel free to leave a note on my talk page if you have any questions about this,0
Heres my comments on the article lead <SPLIT> Reichenbach links to a disambiguation page right now have it link to the right area <SPLIT> The lead seems to jump right into the battle the first sentence doesnt really need to be more than noting where and when the battle was fought along with who fought it The second sentence can then start with It was fought on the extreme southern flank <SPLIT> The battle took place during Konevs have Ivan Konevs full name here and linked since its the first mention in the [[art]] <SPLIT> Bautzen  Niesky shouldnt this have the same dash and spacing as SprembergTorgau I could be wrong about that though should probably say BautzenNiesky line rather than as is <SPLIT><SPLIT> Ill review the rest later tonight,0
yeah really he admitted to doing it why does it matter what passport he has he went to their land and broke their rules now he must pay their price The guy is a piece of shit and I dont want him back here either Fuck ron smith,1
Call me ignorant if you like but what POV statements are there in the section the results them self are hardly POV Also I dislike you reasoning of straw man because a considerable section has been removed Finally how do you propose the incorporation of he election results as per the talk page question one more thing why do you sign with agent it makes you come across arrogant and stuck up giving off an impression that you consider you are in the right while auot assuming the other is wrong and beneath you,0
Eaten thats a bit harsh,0
Agreed about the Atlantic archipelago term Im still concerned about the wording Britain and Ireland in that paragraph too I still think it needs to be more clear it is a completely separate term and not an alternative name for the exact area of the British Isles,0
Alright I see the imagebut what exactly is its source Is it known,0
I have located additional paid advertisements taken out by the subject that reference his Wikipedia bio If this is going to be the crux of the argument Ill be happy to scan and link to them they are no longer online Do not unilaterally remove the notability tag I have restored it An additional removal without consensusbuilding discussion will result in a complaint being filed against you at the Administrators Noticeboard,0
[[EY]] HISTORY ASSHOLES CHECK RAY KING CHECK GARY LAVELLE YOU KNOW ILL CREATE A NEW IP AND BE BACK,0
[[me]] can confirm this live in Sweden travel around a lot during the past Christmas time never hear or seen it anywhere but in North America,0
WPPERMC  <SPLIT><SPLIT> You know that in this request the uses didnt ask to edit semiprotected pages but to create WikipediaBooks,0
[[began]] by carefully reading this and internalising what NYB is saying,0
just [[constant]] your wrongasfuck tracklist get it together dudes peace,0
Cailil  I know thats why I wont alter the article based on either original research or first party sources but if youd look at the other side of the coin and see pages like Femicide that are based almost entirely on first party sources I wonder if the neutrality of these articles are upheld <SPLIT> Sincerely,0
Statistics  <SPLIT> Hi I noticed your input on Editing [[digit]] that is why I risk to nag you for some help Namely have you ever worked with the Wiki pagecount files  I see these as a useful source for timeseries analysis but have trouble getting the data out Will be glad to have any suggestions or hints Best regards,0
Please remain calm  I was never talking about peoples motives for wanting things added or omitted from the article Im merely discussing what I believe should be included in the article  So I dont know why you were  But no matter  I cant confirm that the graffiti was placed by antiNWO activists  However we do have sources confirming that they are antiNWO sentiments  I fail to see how this is trivial and I believe the act should be covered in both articles,0
I am not an admin and did not have access to the prior AfD It was only after I PRODed the article that the old AfD came to light I have seen other admins leave this type PROD in effect and deletion took place seven days later,0
Be bold A 9 cent Zener diode soldered into a Wal Mart color TV is just as much a voltage reference as a laboratory grade solidstate voltage standard traceable to NBS It would be nice if we segregated the types by performance level after first describing with references what sort of thing we mean by performance in the first place,0
Actually Shuki the douchebags are the ones who dont contribute anything other than noticeboard and enforcement requests So I wont be joining them And I dont loathe them I am only amused by them,0
Well you just proved you are indeed thewolfstar with that comparison despite denying it at anarchism the same day for someone who constantly calls people liars you sure do lie alot,0
I [[arguments]] everyone I know still hates Neil for those interceptions,0
Yes I had run into a similar problem with  tags Let me know if I can help,0
Oh for [[Almighty]] sake put a sock in it,0
The wish that ones own people survive and flourish is not about hate Sticking to the truth is not about hate too Sun Tzu made some striking remarks so why not recite one And if the Mongoloid race is the most intelligent then it should be said so  no matter which race oneself belongs to You are totally on the wrong track if you think Metapedia or white nationalism is about hate,0
The article Findies has been speedily deleted from Wikipedia This was done because the article [[arisen]] to be about a person group of people band club company or web content but it did not indicate how or why the subject is notable that is why an article about that subject should be included in Wikipedia Under the criteria for speedy deletion articles that do not assert notability may be deleted at any time If you can indicate why the subject is really notable you are free to recreate the article making sure to cite any verifiable sources <SPLIT><SPLIT> Please see the guidelines for what is generally accepted as notable and for specific types of articles you may want to check out our criteria for biographies for web sites for musicians or for companies Feel free to leave a note on my talk page if you have any questions about this,0
Its very cool Where did you [[achieving]] it It looks rather more like a salamander to me than a lizard Is it from California or somewhere else And which habitat did you find it in Was it under a log in a forest Best,0
2007 UTC <SPLIT><SPLIT> agree Lotrtkdchic 1612 17 April,0
Assignment Now you have two versions of the same function One that accepts an int array one that expects floats Make an array of floats and an array of ints in main then call each arrays respective function,0
and then even after he protests keep me out of it he cant resist replying again  Id like to hear you explain why  that guy is the most flagrant Last Word Freak ive ever seen i guess he thinks hes being constructive im sure no one else there cares As ive already said elsewhere it was probably a mistake to mention him there and link to his ridiculous trolling at SPLC but the timing was too much to ignore at the time ive since considered removing it but based on the last sidetrack discussion at Fox News i doubt he would respond in kind  remove his comments,0
But to be more precise who gives a fuck,0
and rocksmore like cocks,0
Unspecified source for ImageJSchrekjpg <SPLIT><SPLIT> Thanks for uploading ImageJSchrekjpg I noticed that the files description page currently doesnt specify who created the content so the copyright status is unclear If you did not create this file yourself then you will need to specify the owner of the copyright If you obtained it from a website then a link to the website from which it was taken together with a restatement of that websites terms of use of its content is usually sufficient information However if the copyright holder is different from the websites publisher then their copyright should also be acknowledged <SPLIT><SPLIT> As well as adding the source please add a proper copyright licensing tag if the file doesnt have one already If you createdtook the picture audio or video then the  tag can be used to release it under the GFDL If you believe the media meets the criteria at WikipediaFair use use a tag such as  or one of the other tags listed at WikipediaImage copyright tagsFair use See WikipediaImage copyright tags for the full list of copyright tags that you can use <SPLIT><SPLIT> If you have uploaded other files consider checking that you have specified their source and tagged them too You can find a list of files you have uploaded by following  this link Unsourced and untagged images may be deleted one week after they have been tagged as described on criteria for speedy deletion If the image is copyrighted under a nonfree license per WikipediaFair use then the image will be deleted 48 hours after  If you have any questions please ask them at the Media copyright questions page Thank you anion,0
As with the similarly confusing Lovers Walk the DVD menus do alternate on this one apparently noone proofreads those things but yes youre right the actual script does not include the question mark,0
Alexikuoa note that you also have made 6 reverts within 24 hours  <SPLIT>  1st revert  <SPLIT>  2nd revert  <SPLIT>  3rd revert  <SPLIT>  4th revert  <SPLIT>  5th revert  <SPLIT>  6th revert  <SPLIT> I will file an ANI for you both if you dont behave and continue on editwarring on this page  Sulmues,0
Bhadani you are a foolBold text,0
Your request at the dispute resolution noticeboard  <SPLIT><SPLIT> Hi In regards to your request here Prolife feminism I have closed the case as this is a much more appropriate venue to bring to Arbitration enforcement Regards    contribs  DR goes to Wikimania,0
You suck Because of you and the sissification of Zatch Bell with them not wanting to fightnot even for sport im no loger a fan of Zatch Bell I hpoe youre satified with yourself You wont even allow episode summaries a plot summary page and a complete list of Zatch Bell video games and merchandise,1
Of course But whats that PSTS is all about  Do not make analytic synthetic interpretive or evaluative claims about material found in a primary source  For instance in the article on Dacians Strabo who describes them as distinct though cognate tribes states that they spoke the same language Pliny the Elder confirms they spoke the same language   is original research if you cannot find a modern scholar suggesting this interpretation using Strabo and Pliny,0
unblockbut i [[aint]] do anythingsob sob sob,0
This is an excellent idea for an article But it needs references,0
Please [[afl]] WPWATERMARK,0
I cant see how any of these would be meaningful here  I object to all of them <SPLIT> The First Reference <SPLIT> 1  Actually its been shown that people fear what they arent familiar with PCs are great Nuclear is feared in most places  I cant see how t would be useful anyway <SPLIT> 2  PreTMI that was true  PostTMI is a different culture <SPLIT> 3  Odd I used nuclear fuel software named PANACEA Seriously safety isnt simple or easy  The electricity is the same and capacity factors are now above 90 so it is reliable <SPLIT> 4  The nuclear industry has an information network whereby incidents at any plant are broadcast to every other plant with the intent that the same problem not occur twice <SPLIT> 5  Each American has the option to vote for strongly antinuclear candidates   <SPLIT> 6  True but choicebased is available now <SPLIT>  <SPLIT> Second Reference <SPLIT> We already say likely would be less <SPLIT>  <SPLIT> Third Reference <SPLIT> The sarcophageus only covers the ruined Unit4  The other units remain without containment buildings <SPLIT> Containment never sealed off at TMI <SPLIT>  <SPLIT> Fourth Reference <SPLIT> This reflects the current state of training and operations  Tech specs carry the force of federal law  And the Station Shift Supervisor can throw anyone offsite <SPLIT>  3 July 2005 1858 UTC,0
Nice to see that he likes to cock around with peoples messages too  I have nothing against people on JSA I was on it myself for 4 months this year Good troll isnt he  Richard White 20th September 2005,0
While it isnt a core belief it is clearly taught in Scripture and recognized by the Wisconsin Synod as being true Take a look at  However if you are going to mention it you obligate yourself to mention every other portion of the faith,0
[[Acknowledge]] I wasnt sure if I should remove the templates or not even though I did a nonadmin close I didnt really think of it too deeply I must admit,0
Widespread unjustified claims which chiropractors routinely make have become a concern even for some chiropractors96 <SPLIT><SPLIT> The author thought it was important to mention some chiropractors disagree with the unsubstiatiated claims To have a neutral point of view we can include this which will satisfy NPOV,0
Did this [[Articles]] come from her website  <SPLIT> I only ask because it reads like a fluff piece,0
February 2008 UTC <SPLIT><SPLIT> Im doing a bit better Too bad I cant pick leaves from your garden     0659 22,0
Photos  <SPLIT><SPLIT> Does anyone have any proper BETTER photos for the NA and NB  The two we have now are [[fucking]]  the NA is a flatout low quality photo of a modified car hardly representative of the NAI vote for either a bonestock Classic Red or a bonestock 95 MEdition as the photo for the NA  The NB is a better photo but its a car on snow wheels with a front plateeven a Mazdaspeed would be more fitting though a LS would probably be the best representative,0
Missing certification  <SPLIT><SPLIT> as of August 18 Bitch Better Have My Money is officially GOLD in Denmark,0
or an Internetan that Dominiks parents own,0
[[Across]] the longest time America was and continues to be synonymous with the United States of America  When Europeans said they were moving to America it was understood they were going to the USA There is much literature and many phrases and songs that use America in reference to the USA egGod bless America  America the Beautiful  American Heritage   etc etc No other countrys name contains the word America South America refers to a continent a land mass,0
ImageAcapulcojpg <SPLIT><SPLIT>  aligncenter border0 cellpadding4 cellspacing4 styleborder 2px solid FF5500 backgroundcolor F1F1DE <SPLIT>   <SPLIT>  Image deletion warning <SPLIT>  The image ImageAcapulcojpg has been listed at WikipediaPossibly unfree images If the images copyright status cannot be verified it may be deleted If you have any information on the source or licensing of this image please go to its page to provide the necessary information,0
classmessagebox stylewidth auto <SPLIT>   <SPLIT>   <SPLIT><SPLIT> Account information  block log  current autoblocks     logs,0
PS Just want to say that I am not a scientist so I have no idea whether what is written in the CV article is accurate The text in question however did attribute the information to the authors of the article therefore in a sense it is not reporting on the accuracy of chemistry used in the series per se rather just that the fact the plausibility of the chemistry used in the series was discussed by Salthammer and Hanish in the CV article,0
Thank you very much and please think about the BPL portal,0
You know it would really help a WHOLE LOT if you actually BOTHERED replying to my messages instead of treating me like a worthless piece of shit with no credibility I gave you my sources got no reply And then you blame me for using Google WHICH WAS NOT MY ONLY OR PRIMARY SOURCE Sheesh Maybe if you even BOTHERED replying to me and discussing this I wouldnt be trying to prove my case so aggressively Ever consider that Block me I dont care Do whatever you want if you dont bother looking at my sources or even replying ot my comments And FYI I KNOW THERE IS NOT SAN LUIS COUNTY IN CALIFORNIA  E,1
[[me]] know you still love the project come back <SPLIT> You are an asset     <SPLIT> Much appreciated sir  But when its time its time  All the [[fucking]] aside Im taking a rather significant step up in my career into a management position at a new radio station and I dont think Im going to have much in the way of time to devote to Wikipedia particularly over the next 6090 days or so,0
I have blocked you for a month To appeal use,0
Somaliland  <SPLIT><SPLIT> While the issue is under [[chatting]] it is inappropriate to monkey around with articles,0
NCFC  <SPLIT><SPLIT> Thanks Im going to contact my mate about photos Ive never uploaded one and dont know how to do it About time I learned Is there an idiots guide somewhere   <SPLIT><SPLIT>  Managers  <SPLIT><SPLIT> I noticed on the ITFC article weve not been reffing Manager stats Ive started doing this for NCFC but it is a pain Did we not do this for ITFC for a good reason Please say yes   <SPLIT> Ive added a reference because there was a really easy one for me at the Pride of Anglia website  Perhaps on of the more decent NCFC sites will have something similar    <SPLIT><SPLIT>  NCFC  <SPLIT><SPLIT> A satisfying start I think Tons to do The ITFC page was in better condition methinks Btw I have  a candidate for our next project though the photo issue may bite   <SPLIT> Tell me    <SPLIT> A cricket bio thats rather different in nature to Shep and Church Ted Alletson A cracking story Literally   <SPLIT> Yeah photo will be difficult but we may find something under the creator died over 100 years ago licence    <SPLIT><SPLIT>  Thank you for your support on my Request for Administration  <SPLIT><SPLIT> Im happy to say that thanks in part to your support my RfA passed with a unanimous score of 4000 I solemnly swear to use these shiny new tools with honour and insanity integrity   <SPLIT><SPLIT>  Stuff  <SPLIT><SPLIT> See recent chat at ALoans talk page I suggest you nom ITFC as soon as weve covered all the peer review stuff What do you think about doing an alltime great   <SPLIT> Funnily enough Id just read that about a minute ago  I tend to agree with ALoan I would thinking getting Bradman or Grace or Goochie ie a legend to FA would be better  But Im not really fussed    <SPLIT> Odd I wonder why you didnt suggest Mark Benson lol   <SPLIT> Hmm now let me think   <SPLIT> Seen how the conversation at ALoans talk page ended Also seen the pix I uploaded for the Canaries article   <SPLIT><SPLIT>  ImageITFCAttendancespng  <SPLIT><SPLIT> Outstanding   <SPLIT> Ive removed it  I couldnt find a home for it  An elegant one that is  Perhaps you can play with it and put it somewhere in the article    <SPLIT> Roger wilco While Im at it you can tick the last PR comment and nom it for FA if you like    <SPLIT> A lame stab at it done Graph should be larger IMHO The graphs data  cited btw the user cited as creator of it at  whoozat   <SPLIT> Cited in the description over at Commons   <SPLIT> Also see comments at article talk page I could replicate that table if you like In fact Ill do it   <SPLIT> Cool Do the table Bigmike has made some comments on the peer review just after I completed the FAC nom typical    <SPLIT> Oh well Im finishing the table Btw see The Transhumanists talk page and his comments on mine Seems your modesty is misplaced   <SPLIT><SPLIT>  Tara  <SPLIT><SPLIT> Sleep well and have a good trip   <SPLIT><SPLIT>  Barnstar  <SPLIT><SPLIT>  styleborder 1px solid gray backgroundcolor fdffe7 <SPLIT> rowspan2 valignmiddle   <SPLIT> rowspan2  <SPLIT> stylefontsize xlarge padding 0 verticalalign middle height 11em  The Tireless Contributor Barnstar <SPLIT>  <SPLIT> styleverticalalign middle bordertop 1px solid gray  This is for your inhuman antivandalism work Your are an amazing vandal fighter probably one of the best Keep it up UserSir james paulJames La gloria,0
Milena  Doah We dating or what  <SPLIT><SPLIT> Truth is your awesome and can keep secrets hopefully but quinten said he wasnt dating you and i was wondering if u wanted to then because why would you wanna date someone especially a boy with big lips and a huge ass lol answer back3,1
The name comes from Sonic X,0
Detective Conan picture  <SPLIT><SPLIT> I am just replying to let you know that I have seen your request regarding the Detective Conan manga cover image ImageCaseClosedmangaJPG I would be happy to fix the picture but I cant get to it right now Im too busy studying for my final exams I will do it eventually though,0
Since I made the [[ambitious]] move I need to state my rationale here and my current support for Metal production in Ukraine The article which has a potentially substantial and certainly expanding history section deals with mineral reserves mineral extraction metal refining and metal production I chose this title as embracing all those different facets The prior title was so far as I can determine a simple translation from the Ukrainian Wikipedia and for me simply did not fit the article Metallurgy is the science behind metal production not the heavy industrial process itself nor the geology and mineralogy which deal with mineral deposits and reserves,0
Why cant I get out of the box This is a new section,0
I dont [[believe]] you understand wiki very well  It is not a place to proselytise or debate scripture I have read both the pieces in Umrabulo  Part 1 and Part 2  I do not see the points you are making  I think you also conflate what Kasrils actually criticises which is the Israeli Government and not Jews or Israelis per se There article as it stands is very balanced highlighting both Kasrils recent statements and the reaction of the South African Jewish Board of Deputies,0
stylebackgroundcolor transparent width450px <SPLIT>   <SPLIT> This is your last warning The next time you vandalize a page as you did to [[Fucking]] you will be blocked from editing Wikipedia,0
November 2013 UTC <SPLIT><SPLIT> Alice Walker <SPLIT> Thanks for the heads up and the advice  Im doing my best to work properly on this page so I hope everything works out  0113 30,0
So why did you choose Ulan Bator first when you opened this page How did you prove that Ulan Bator was the most commonly used version How when and what sources can you show me Please provide printed sources not only several but thousands please,0
Please do not add commercial links  or links to your own private websites  to Wikipedia Wikipedia is not a vehicle for advertising or a mere collection of [[away]] links See the welcome page if you would like to learn more about contributing to our encyclopedia Thanks     TALK 1014 Dec 18 2005,0
3000 years ago the earth was just a few hundred years old In the land of odoor there lived a mighty kingdom They were the Angelo Visgoths They werea mighty breed of warriors They were ruled by a king along the name of Russell The Magnificent King Russell had miles and miles of land under his nation He had every army under his control His nation was far stretched from one sea to another His armies were the size of oceans His royal gaurd was strong  <SPLIT><SPLIT> But far across the Ionian seas lived a man under no kings rule his name was Gaius He lived in a very rich and plentiful land that was found to be eyed by many great leaders These lands had no ruler King Russell did not approve of this He claimed that these people were barbariouse So Russell sent tax men Known as the IRS The leader of this group was led by a not so smart nigger but who knows a smart nigger  <SPLIT><SPLIT> Gaius did not take this so kindly Gaius and his followers who were just as well farmers themselves joined together and defeated the IRS and sent the Nigger obamas head back to Russell SoRussell sent his army across the seas to defeat these farmers but again and again Gaius killed his men Gaius had a son his Name was George Washington <SPLIT><SPLIT> George Washington Had won agaimst russell and made a new country today its known as America,0
OH YES IT DOES Im gonna ask for a new editor lol Your statements above gives enough reason for the WHERE ARE THEY NOW section to be deleted At least in your opinion <SPLIT><SPLIT> Also BECAUSE ITS IMPORTANT stop being Anal You everything listed like Martika Eric Mario etc but nothing on the others like Jennifer and Eric Also you just think children cant grasp the concept of what they do when they leave Plus how will they access videos None of them know about XTube or YouTube obviously,0
Great Thanks to both of you My lecturer hates us when we quote anything from Wiki According to him info in Wiki is unreliable and anyone could modify any page any time So Im doing this little experiment which eventually Ill revert my modifications but I dont have to now It seems you guys are doing a good job in moderating Sorry for the inconvenience caused No more vandalism from me Cheers D,0
I disagree with your interpretation a majority of people lets interpret this to mean reasonably educated western people probably either havent heard of Nostradamus or if they have heard havent actually read his predictions In fact most people who have heard of him have probably also not read the predictions only descriptions of them in works which will generally seek to ascribe to them a particular impression for instance XXX refers to event YYY <SPLIT> What does this mean Basically that these people do not recieve a balanced perspective of alternate ideas as to how each prediction may be interpreted Under these circumstances a reasonably logical person presented with only matrials written from a postive perspective could not be faulted for believing the prophecies  ie the opinion of the majority even if of the direction you identify is irrelevant <SPLIT> So basically Im saying that youre not wrong for having this opinion simply that the opinion is wrong,0
The cigarette story is weak <SPLIT> When two individuals are both delirious they may play off each others imaginings A subject was once to mumbleGotta cigarette and when his companion held out an invisible pack he followed withSokay dont wanna take your last one Incapacitng Agents James s Ketchum MD and FrederickR Sidell MD  <SPLIT> Thats not good enough for me There has been a verbal suggestion No interrogation Color of pack Brand name No controls Do they really see the same thing Doesnt any one wonder You win some you loose some Thought you might find this amusing As far as I have explored it with invisible imaginary playmates no one as ever asked Do they really see the same thing Why not Expecting more information,0
Swaminarayan [[Front]] <SPLIT> Hi I deleted the link because it would be impossible to add all the temple locations in the article If you feel the link has capital importance please discuss on the Swaminarayan talk page,0
[[Both]] fact that it is in the AGWA websit does not mean that it is true,0
Now hes added a stub and an infobox Why the fuck does anyone try to write articles here again Templaters need to go work on a [[fucking]] crossword puzzle jigsaw puzzle computer shoot em up or somethingnone of this crud is encyclopedia building No its not administrative the purported recipients of this administration dont exist and never have Its unnecessary page garbage in lieu of real effort At least when Im bored on WP maybe I add an image to an article improve writing or whine at you  Has it gotten worse not the whining I know it has but the pseudoediting or am I just imagining it,0
Oppose  So how do we define the time when it is being officially being pushed out Microsoft has officially announced the rebranding of Windows Live ID to Microsoft account Ref  As you mentioned some products such as Windows 8 and Visual Studio 2012 already refers to it as Microsoft account Some service will gradually transition to the new name Whilst some other products may never transition do we really expect Microsoft to update mentions of Windows Live ID in Windows 7 There will never be a fine line to say yes Microsoft account has been officially pushed out today In such case I believe that the official announcement is sufficient Furthermore Windows Live ID already redirects to Microsoft account and hence readers will have no issue reaching here,0
Herostratus that dude is hung Leave himhis alone or Ill dickslap you with a warning for a BLP [[rape]] Belittling of Lengthy Penises,0
Im truly sorry you feel that way and that is the biggest crock of [[fucking]] that I have ever read but thanks for letting me know about it You should go reread the rules on harassment and badgering of votes and comments if that is how you really feel,0
After discussion in Talk menu of this article this section was deleted,0
If you Google [[Jules]] Tremonti Greenspan you should find that more than one article reported on the quote But I dont want to push any further I dont want to give it any more weight theres plenty of representation regarding his impact on the current economic issues Stay or go should be your guys choice,0
Refs 6 7 and 8 have been fixed with links to archives at webarchiveorg,0
The comment about a Dragonlance book being kept in an AfD due to common sense is an improper allegory to this situation The actual book has many things that make it notable that can be verified from reliable sources That is common sense but it is when you try to make observations about that book that are not present in the book is when you run afoul of the OR provisions Let us say there is a dragon in the book thats description is very similar to one found in the first book The author of the second book did not identify the dragon as the same one as in the first book by Hickman  Wies but you make a claim that the dragon is the same dragon on the basis the descriptions are the same That is a synthesis because another contributor could also say they are just the same species of dragon while a third could say that new author is just plagiarizing the original book In application of this reasoning to the BSGDL2 situation whats to say that one of the robots is not a cheap knock off from China Maybe it was a project by a kid at MIT who wanted his own Sony robot but couldnt get because it was a prototype and they dont actually sell it yet That is why we cannot make the claim unless there is proper sourcing to be had to validate the comment we are making,0
[[Adieu]] Jamie Its done Ive already notified and explained to him our dilemma Please comment below so he can reason knowing what the editors believe Also notify Unique so he cana s well If you happen to think I missed anything out while explaining it to him please feel free to add anything youd like in your comment explaining it to himD,0
Feel free to ask at RSN though I dont think thats quite the place for it As to the other issue theres nothing about trickle down in the article or any of these sources Thats your inventionimagination,0
Then archive the talk items  Dont revert my perfectly reasonable suggestion  I am not confused its the article which is making a perfectly simple thing confusing,0
History of African Americans in the Canadian Football League <SPLIT> I probably wouldnt have been motivated to get off my ass and create History of African Americans in the Canadian Football League if it werent for the whole kerfuffle about the player category and a subsequent discussion with DoubleBlue As it turns out there was a preexisting orphaned article under a different name which I have merged So I do owe you and DoubleBlue thanks I think we now have a very useful start article on this important part of CFL and Black history,0
It looks like the defamers are back,0
Oh THAT [[Com]] dont even get me going If I said what I was really thinking Id get banned I can STAND those types of things I have no problem at all with gay people but that just drives me WILD,0
How many sane terrorists do you know of,0
[[These]] concern come from your admitted close connection to this article at your request for confirmed status,0
See this and the subsequent sock  Theres a history of fag bashers there,0
You know what I think Wikipedia is a crap Total crap coz you people save only those who do disruptive edits Chander is your near one coz actually he edited a whole page of Karanvir Bohra and when i wanted to revert it got saved permanently Seriously its a crapiest site ive seen I m tired to make socks seriously Do whatever you want Be happy in this crap where here people disrespect any thing specially your blood brother Chander Crap site and crap users,1
Their good [[confession]] fronting is a sick sad joke,0
Is this why computers have addapted a binary system,0
Userboxes  <SPLIT><SPLIT> Hi just to known cause Im new here what is the template to make a userbox,0
JanuaryFebruary changes  <SPLIT><SPLIT> Many of the changes made to this article in JanuaryFebruary are just not acceptable and will soon be reverted or modified Please do not sanitise just because you favour the man and please bear in mind that sections exist to organise an article,0
Request  <SPLIT><SPLIT> Would you  or any nonCommonwealth English speaking talkpage stalkers  be willing to offer your opinions on this one Basically the standard British and Australian Canadian etc way of differentiating traditional city from larger modern city that grew around it is to use City of for the original city and Greater for the modern city City of ManchesterGreater Manchester le de la CitParis aire urbaine City of SydneyGreater Sydney City of TorontoGreater Toronto and so on While the formal citybroader area named after it formulation certainly exists in the US the Las Vegas strip isnt formally in Las Vegas Miami Beach isnt formally in Miami etc the problem is that while the meaning of City of will be immediately obvious to Brianboultons concerned that City of London will be misunderstood Unfortunately there isnt really an obvious simplification London is an agglomeration of multiple cities that have merged together that happens to have been named after one of the older cities and the City is neither the oldest nor the most important part  just the part that happened to give its name to the remainder  so none of the usual historic centre of or the core of formulations apply Any thoughts on how to disambiguate it without jarring phrases like the City of London in London,0
Your article was deleted because it was determined to be unambiguous advertising more details at WPG11 If you would like to recreate the article I would strongly recommend going through the article wizard where your submission wont get deleted if someone thinks its advertising,0
DYK nomination of FZero Climax <SPLIT>  Hello Your submission of FZero Climax at the Did You Know nominations page has been reviewed and some issues with it may need to be clarified Please review the comments underneath your nominations entry and respond there as soon as possible Thank you for contributing to Did You Know,0
Note this is a generous conversion In 2004 the German Federal Bank estimated a conversion of 1 RM  300 EUR,0
Aira versus Ayra <SPLIT><SPLIT> It seems that someone doesnt appear to understand <SPLIT><SPLIT> The game was never translated so there is no right way of spelling her name <SPLIT><SPLIT> Bahahahahaha By that logic I could call her Bob <SPLIT><SPLIT> Ayra Is Incorrect Pronunciation Therefore It Is Wrong <SPLIT><SPLIT> Ira is her official japanese name but people get angry at that because its a male name over here <SPLIT><SPLIT> Aira is pronounced the same as Ira therefore it is a valid alternative Any other spellings one can think of that sound the same Valid Ila and Aila are are also both valid due to the whole lr thing Ayra is not   <SPLIT><SPLIT>  <SPLIT> Guy versus Everyone <SPLIT><SPLIT> 2020 stats are useless when evaluating a unit outside of the LA Nobody will ever reach it normally <SPLIT><SPLIT> Nobody who plays the game the way its meant to be played ie for rankings will reach it normally People who play for Link Arena will reach it People who play for supports will likely reach it People who play just to win will probably reach it with several characters since disallowing characters from reaching 2020 and thus becoming experience drains is one of the CHALLENGES involved in playing for rankings <SPLIT><SPLIT> In any case youre telling one of the main pushers for not using 2020 stats to mean anything that theyre worthless How wonderful <SPLIT><SPLIT> It seems that youre missing the entire point <SPLIT><SPLIT> AverageGuy is bad Always Bringing up 2020 is meaning to say that he is even bad at 2020 Not that hes bad at 2020 and not beforehand <SPLIT><SPLIT> Who is Guy bad compared to KarelKarlaRaven <SPLIT><SPLIT> Theyre all crap Karla is in the running for worst character in the GAME Guy and Karel are both pathetic Raven is somewhat better than Guy yes since he can actually do reasonable damage to things <SPLIT><SPLIT> His con will cripple him if he uses axes however <SPLIT><SPLIT> an Iron Axe weighs ten He has 9 con Coupled with one never needing to use anything heavier than Iron weapons One attack speed loss is not crippled <SPLIT><SPLIT> He also comes underleveled <SPLIT><SPLIT> youre trying to say that Raven comes underlevelled to a guy that uses unpromoted people all the way up to Victory or Death Bahaha NINO comes underlevelled and even then its not a problem getting her EXP WITHOUT RUINING YOUR RANKINGS Raven does not come underlevelled Nowhere near it <SPLIT><SPLIT> When he is recruited hell mostly likely outclass your team in terms of killing things for a while <SPLIT><SPLIT> Youre kidding right Guy outclass people at killing things Guy who it takes several turns to kill BRIGANDS on ELIWOOD NORMAL Hell outclass MATTHEW maybe And Serra Possibly Rebecca whos just as bad as he is Outclass Oswin Marcus Hector Lowen Eliwood Dorcas Bartre No No way in heck Even Bartre only hitting once does more damage than Guy hitting twice WITH triangle advantage <SPLIT><SPLIT>  <SPLIT> This is not of course to say that Guy is unusable Hes quite usable since FE7s enemies fail at life But being usable doesnt mean hes good at all Karla is usable,0
I [[bitch]] rabbid flea infested diseased sheep I feel sexy <SPLIT> I do enjoy a bit of animal funfun Rawr,0
[[HAYASHI]] IN UR WIKIEPDIOAXZ  HAXREVDING UR ACCOUTHBN SZ,0
Call them misguided if you wish That is really y too bad is this IS Goodkinds page and I have edited according to HIS wishes <SPLIT><SPLIT> In response to Runch I have looked about a great deal and have followed what is seen of GRRMs page Ericksons page ASOFAI page as well If you wish to remove such information on their pages then do so but you will find that everything I have added is in like manor the same material on other pages <SPLIT><SPLIT> Simply because someone doesnt feel something fits doesnt mean it isnt pertinent or germane I have sourced the material I have placed it accordingly as it fits to the knowledge and understanding of this page <SPLIT><SPLIT> As Ive said in the past Wikipedia is an OPEN format and is also so stated that editing will be done I have acted in good faith and have place appropriate and good solid information Im simply adding appropriate content The fact that someone doesnt wish for Goodkind to look good or be place in a positive light is not my problem What is my concern is adding the proper spin and pertinent info <SPLIT> mystar,0
the [[equal]] comes to town now and again,0
Do not make death threats towards other Wikipedians       <SPLIT><SPLIT> Please stop adding nonsense to Wikipedia  It is considered vandalism  If you want to experiment use the sandbox,0
Personal opinions of people who have no expertise in the field  Are you trying to disqualify the writings of people like Stephen Hassan Patsy Rahn Deng and Fang Maria Chang Dr Margaret Singer and the like  I know you dont like their quotes because because they have said critical things about the Falun Gong but that is no justification for not using their statements  Covenant had proposed a standard for sources which is broad enought to allow the inclusion of material that is needed in this article on both sides of the debate Before you make any grand claims about sources I suggest you go back and read the standard proposed by Covenant and think about how his proposed standard would relate to your own material,0
Please stop adding nonsense to Wikipedia It is considered vandalism If you would like to experiment use the sandbox Thank you,0
im putting this here for everyone to see This madonna stuff is getting stupid,1
There is no causal link between the two suggested in any reputable sources Every RS on this issue has simply said that the relationship exists none of them provide any substantial reason for anyone to believe that He Zuoxiu wrote his critical piece because of Luo Gan nor does it suggest anywhere in reliable sources that the two ever collaborated He is a scientist who has railed against among other things traditional Chinese medicine supernaturalism and all sorts of Qigong Luo Gan works for state [[assurance]] not the propaganda department nor did he have any role it seems before 610 Some sources contain a few speculative lines or two about this issue such as Schechter but no source can substantiate that this relationship had a causal effect on any events that took place,0
Wikipedical <SPLIT><SPLIT> Thanks so very much for supporting the recent [[ACA]] of Cheers It was successful and Cheers has been promoted Im looking forward to hopefully getting Cheers on the front page In the mean time please accept this Beer as a token of my gratitude  <SPLIT> Cheers   UTC,0
[[Drawings]]  <SPLIT><SPLIT> Look the image doesnt belong in the article as it doesnt illustrate any content of the article  it shows two females and the participation of at least one third party a male may be inferred and theres nothing in the article or sources about this Removing the image on that grounds seems like a nobrainer and Cptnono is just being obstreperous Does anyone want to back me up on this or are we really going to have to go to an RfC over this basically incontrovertible point,0
unsigned by <SPLIT><SPLIT> Okay  Now on that basis let us make Australia New Zealand and the Falkland Islands members of the British Isles too,0
Welcome <SPLIT><SPLIT> Hello and welcome to Wikipedia Thank you for  I hope you like the place and decide to stay Here are some pages you might like to see <SPLIT><SPLIT>  The five pillars of Wikipedia <SPLIT>  Help pages <SPLIT>  Tutorial <SPLIT>  How to edit a page and How to develop articles <SPLIT>  How to create your first article using the Article Wizard if you wish <SPLIT>  Manual of Style <SPLIT><SPLIT> You are welcome to continue editing articles without logging in but many editors recommend that you  create an account Doing so is free requires no personal information and provides several benefits such as the ability to create articles For a full outline and explanation of the benefits that come with creating an account please see this page If you edit without a username your IP address 871132860 is used to identify you instead <SPLIT><SPLIT> In any case I hope you enjoy editing here and being a Wikipedian Please sign your comments on talk pages using four tildes  this will automatically produce your IP address or username if youre logged in and the date If you need help check out WikipediaQuestions ask me on  or ask your question and then place helpme before the question on this page Again welcome,0
WikipediaWikiProject Schools  <SPLIT><SPLIT> Hi Thanks for catching  my obvious copy  paste typo It  was supposed to be the name of a school  but I cant remember which one now I naturally would not consider deleting moving or redirecting  an article such  as Elementary  schools,0
Denmarks answer  <SPLIT> I just got the answer from the Presseofficer Public Affairs Office Defence Command Denmark and it is not very helpful <SPLIT><SPLIT> Dear Sir <SPLIT> Thank you very much for your interest in the Danish Armed Forces The link beneath will give access to facts and figures about the Danish Armed Forces <SPLIT> httpforsvaretdkFKOengDocumentsFakta20om20ForsvaretUKpdf  <SPLIT> Best regards <SPLIT><SPLIT>  what now the linked pdf only speaks about the Royal Danish Air Force but never of the Royal Danish Army or the Royal Danish Navy Does anyone of you wish to write the Pressofficer and ask him a second time,0
Also please dont be so hostile We are a collaborative environment there is no need to toss around terms like ignorant or presumptuous We base our content on verifiable sources not the expert knowledge of our contributors To ease your own ignorance and align your presumptions of how Wikipedia works pleased read our verifiability and no original research policies <SPLIT><SPLIT> Again welcome and try to get along well with others,0
Test page at Rodrigo de Cervantes  <SPLIT><SPLIT> The page that you created previously located at Rodrigo de Cervantes has been deleted  If you were trying to perform a test it worked  However for the future it would be appreciated if you would perform all tests at WikipediaSandbox  If you want to test creating new pages please use testwikipedia  Please do not continue to create test pages outside of the test wikipedia or it may be percieved as vandalism  If you have any questions feel free to leave me a note on,0
[[Justly]] that sucks  I may grab images and interesting text but still its going to be laborious,0
created parish of Old Woughton Normally I would not hesitate to just create the article but have noticed recently there has been some discussions on certain articles on Milton Keynes community squares where it has been suggrsted that such settlements and communities should be kept together in a single article rather than split I think in this case the argument is in favour of a new article for Old Woughton but do not want to ruffle feathers unnecessarily so thought I would first seek your counsel as someone who has dealt with a few such issues in the past,0
Mumford quote  <SPLIT><SPLIT> The Mumford quote was like this For example in his book The Pentagon of Power Lewis Mumford denounced the center as an example of the purposeless giantism and technological exhibitionism that are sic now eviscerating the living tissue of every great city  I see no reason why there should be a sic there  are agrees with the purposeless giantism and technological exhibitionism  Thus I removed it,0
Chat you still fail to see that you are calling the kettle black You try to diss all my sources while assuming yours are golden standards and they arent You call me opposed to witness testimony while you call all my witnesses liars You are such a hypocrite You cant leave snide little comments about mine being in doubt when yours are too in some cases even more so As for her scars we know she sure didnt get them from Ekaterinburg so why not consider the grenade story is true Again this CANNOT be done by the two of us We need an impartial sensible third party to step in and save this article or our edit wars are going to get it locked,0
[[Addendum]] Famous Alums <SPLIT> Found German Deustch articles for Ingo Rust and Werner Niefer but couldnt get the inter wikilinks to work  They work fine for some of the people  Go figure  Also have no idea how to get the links to Eisenmann AG and Lapp Gruppe to work  I put them in and they didnt work so I took them out  Any help is appreciated  I think the alums would mean more if we knew who they are or were,0
You are not in charge of SL Benfica page and you could never be You are obviously a FC Porto fan full of hatred towards Sport Lisboa e Benfica You use SL Benficas page to attack the club Grow up and stop trolling,0
12 February 2011 UTC <SPLIT> You can see how the centrifugal pump works at the dinner table Take a knife and hold it at one end keeping it flat to the table  Put the salt pot touching the knife at the same end as your hand then rotate the knife so that it pushes the pot round in a circle  As you push the pot round its momentum and the friction with the table in this case causes it to continue in a straight line rather than move round in a circle with the knife thus the pot moves outward <SPLIT><SPLIT> It just the same with the pump the impeller blades move in a circle because they are fixed to the centre bearing but the water tends to move in a straight line thus water at the centre soon finds itself on the outside of the pump No mysterious forces are needed just Newtons first law that bodies continue in straight line motion    2318,0
Body [[candies]] <SPLIT> Another editor has added the  template to the article Body mint suggesting that it be deleted according to the proposed deletion process All contributions are appreciated but the editor doesnt believe it satisfies Wikipedias criteria for inclusion and has explained why in the article see also WikipediaWhat Wikipedia is not and WikipediaNotability Please either work to improve the article if the topic is worthy of inclusion in Wikipedia or discuss the relevant issues at TalkBody mint If you remove the  template the article will not be deleted but note that it may still be sent to WikipediaArticles for deletion where it may be deleted if consensus to delete is reached,0
Title Change of RfC section  <SPLIT> Changed the title to actually reflect what the RfC is seemingly asking though it is confusingly worded and should be clarified explicitly by  underneath the original statementquestion Not sure where to put this so Ive put it in its own section,0
You have [[achieved]] to be kidding How can you tell me no one has died in New Orleans if you were paying atention you would know that there have been hundreds of bodies floating in the streets most of the city is completely destroyed and the water keeps comming The mayor has just ordered the remaining 30000 people in New Orleans to evacuate,0
NoteThis is [[absolutely]] my own view as a F1 fan,0
RFA nomination  <SPLIT><SPLIT> Thank you very much for nominating me  Im honored that you have such faith in my abilities <SPLIT><SPLIT> I would ask you however not to go out of your way to muster up anybody many people feel quite rightly in my opinion that active campaigning by the nominee is a breach of decorum and I dont think campaigning by the nominator would be any different,0
Controversy section  <SPLIT><SPLIT> Really Just a few sentences about Akon and other stupid bullshit Really I guess Foxs editors are hard at work on Wikipedia Wikipedia youre a fucki n joke,1
Hilary Duff discography <SPLIT> Hi please dont add the number of weeks an album has been on the chart  see WPCHARTS Thanks,0
I have reverted your changes to Peaches Geldof Wikipedia is an encyclopedia and language such as downright silly is not appropriate,0
Hi Using the banner to trick others qualifies as a spoof of the MediaWiki interface which is prohibited by WPSMI Please selfrevert now that you understand that what you are doing violates policy Thanks,0
COurcelles  <SPLIT><SPLIT> Hey Beavis Uh huh huh I dropped the soap and got HardBlocked uh huh  <SPLIT> Yeah Butthead heh heh thats why you dont bend over in front of Courcelles heh heh <SPLIT> Uh huh My ass is in fire uh huh Is that what happens to chicks Uh huh <SPLIT> Yeah heh heh Courcelles gave you Fire Fire in your Bunghole Heh heh  <SPLIT> Shut up dumbass Uh huh I think Courcelles gave me something uh huh  <SPLIT> Yeah heh heh he gave you his Boner and Herpes heh heh the gift that keeps on giving heh heh <SPLIT> Uh huh Fuck you Beavis huh huh Dont make slap you around like a redheaded stepchild Uh huh <SPLIT><SPLIT>  <SPLIT> ththththats all folks,1
in other words I propose to follow the normal boldrevertdiscuss scheme,0
Oh I absolutely agree that the strong consensus is to leave the rumor out per WPBLP and WPNN I was just focusing the debate  Thanks,0
Go [[bollocks]] yourself you ugly cunt,1
[[Alleluia]]  <SPLIT> Is the anthem really Das Lied der Deutschen I dont recall hearing Deutschland Uber Alles in NI   <SPLIT><SPLIT> It isnt nor is the top level domain de  why cant the info box be amended The SDLP uses a ie address but I cant see anyone using de unless they want Anschluss <SPLIT><SPLIT>  You mean why cant you edit TemplateNorthern Ireland infobox I dont know Maybe your browser is broken,0
Heres another What is the only name which  is the [[aka]] of an American president and the first name of a British prime minister It may take more than 40 seconds,0
[[Capita]] is grasping for straws,0
The article became famous here when it was censored by the Wikipedia  Does anyone know why it was censored,0
[[Bitches]] first album came out in 73 and Ziggy Stardust came out in 72so how can Queen have influenced it,0
Smaller of the two  <SPLIT><SPLIT> Seeing as Bicester Town  Village is now a big twoplatform station with a proper building Im not sure smaller of the two stations still applies,0
It is taken ad verbatim from his police statement,0
Edit on second thoughts looking at the format of the article now I dont think its as good Lets focus on the features here shall we,0
deletion proposal  <SPLIT> This article should be deleted  I am a big fan of all things star trek but if individual seasons of The Next Generation cant be made to exist this page and Star Trek Enterprise season 2 are also superfluous <SPLIT><SPLIT> Like someone said above this is not a fan page its [[anathema]] wikipedia,1
WOW so the Elamite rats think they are Aryans and thats why they call themeselves Iranians  Thank God we have R1a1 to finally prove that these filthy rats were only conquered and ruled by Aryans but they were never Aryans themelves  The whole history that these Elamite rats have fabricated will fall apart very soon thanks to genetic testing The Sassanid kings meant these are the lands of the Aryans in a medieval sense as a property not in a modern nationalistic sense meaning that the rats are Aryans,0
Extra material <SPLIT> Im removing this from the article <SPLIT><SPLIT> In June 2006 Mannatech signed a research agreement with Hyperion Biotechnology Inc in which Mannatech agreed to fund a research study related to AmbrotoseMannatech Incorporated Form 10K SEC Public Filing for FY 2006 Retrieved on April 14 2007  In 2005 the Small Business Administration SBA of the US federal government certified Hyperion Biotechnology as a small disadvantaged businessHyperion Biotechnology Corporate Web Site About Us Retrieved on April 14 2007 under the SBAs 8a Business Development Program on the basis that Hyperion Biotechnology is a socially and economically disadvantagedUS Department of Commerce Office of Small and Disadvantaged Business Utilization Information for Small Disadvantaged and 8a Small Businesses Retrieved on April 14 2007 firm  <SPLIT> <SPLIT> In December 2006 Mannatech signed a research agreement with St Georges Hospital  Medical School in London England to aid in the funding of a threeyear clinical trial related to dosing and optimization study on AmbrotoseMannatech Incorporated Form 10K SEC Public Filing for FY 2006 Retrieved on April 14 2007 <SPLIT><SPLIT>  <SPLIT> The information about Hyperion is immaterial and the remainder doesnt contribute to the content of the article It just lists things that Mannatech has done I left the press release because it made an actual statement but the rest of this is unwarranted in this article,0
long ago and have done with me So your accusation that I am dishonest and disingenuous is very hypocritical bearing in mind the insincere tactics you use  but then you dont have any others left do you,0
Manual archive    <SPLIT><SPLIT>  Cambrian explosion  <SPLIT><SPLIT> Fair points  My approach was to lay down the evidence first then interpret it in the later section but it doesnt seem ideal  Perhaps as you say each section could conclude with a why are you telling me this then then the article could conclude with a semirepetitive conclusion drawing things together  Pretty much any good piece of writing ends with a conclusion but they seem to be frowned upon at WP  In terms of types of organism preserved what are the salient points that would define a type       <SPLIT><SPLIT> Im sorry I didnt realise you were referring to the subarticle  Yes these need a lot of work  One could probably write a book on Burgess shale type preservation and I certainly intend to spend some quality time with that page at some point      <SPLIT><SPLIT>  Refs  URLs  <SPLIT><SPLIT> DOIs act as URLs and usually lead to at least an abstract  PMC and PMIDs are usually useful too  The citation tool has no way of finding a URL that doesnt fall into the previous categories unless it is explicitly supplied for example if you access it via the scholar interface       <SPLIT><SPLIT> There was recently a debate at TemplatetalkCite journal about whether the title should be linked to point to the doi if a DOI but no URL was specified  I cant remember the details but I think it fizzled out somewhat      <SPLIT><SPLIT>  <SPLIT><SPLIT>  Agronomic revolution  <SPLIT><SPLIT> Hey Ive just started work on the article for the Agronomic revolution  If we get it up to a decent standard in the next four days it could be featured on the main page as a new article in the Did you know section  Just thought Id flag it up if you wanted to help expand it a bit      <SPLIT><SPLIT> Neither had I   Ill be largely basing it on the Seilacher paper and if I get keen on references within I asked because you sounded like you knew a bit about the chemistry of things  as soon as anyone mentions  to me I tend to switch off      <SPLIT><SPLIT> So were to stagger into it leaning on each other like a couple of drunks    <SPLIT><SPLIT> Well I know nexttonothing about at least 90 of the articles I create before I start [[authored]] them  But one reference tends to lead to another and I like to think that most of my contributions end up being reasonably comprehensive   Better to knock something together than to wait for an expert to become a wikipedia editor or vice versa By the way hows it looking now      <SPLIT><SPLIT> Hey I like your image  But is that a gastropod I see munching away in the background  They didnt evolve until the late Cambrian  according to WP at least  If the edits easy to make it might be nice to also illustrate the burrow of an undermat miner which follow the boundary between the mat and the underlying substrate  Thanks again for the addition      <SPLIT><SPLIT> Well I guess after the revolution doesnt have to imply immediately after and the snail is cute  I guess the obscure term can be attributed to Seilachers German mother tongue  As I understand it the revolution worked its way from shallow waters to deep  Burgess type preservation could have continued until each little backwater had been reworked by burrowers      <SPLIT><SPLIT> EndEdiacaran extinction <SPLIT> This collaboration larks quite good fun isnt it  If you fancy taking a quick look at EndEdia,0
This is stupid Why do you seriously need four sources to classify something that isnt necessarily defined Is it not a matter of opinion Oh I forgot Objectivists do not believe in opinion only fact I think some of you guys would convince yourself that rulers begin with the part that says 12 when you measure your privates in order to define it as big What useless nonsense Objectivism is a philosophy Objectivism is a philosophy for the nonphilosophical Now please there is nothing lessaesthetically or more annoying than seeing a bunch of pseudothinkers fumble with semantics and try to define themselves as philosophers Whoever argues that Objectivism isnt a philosophy obviously has their head somewhere it shouldnt be Even religion has philosophy and Objectivism is basically a religion with the concepts of god replaced with truth and satan with stolen concept except with less followers  a cult Shermer was right You guys disgust me,0
talk ABOUT it  wont u take me 2 funktown u stupid h8a perpertr8a playa,1
Yeah everybody calm down So ZayZayEM felt it rather important to mention to the newcomer that the matter had not been resolved Of course you aknowledge albeit not all that clearlystrongly as his comment did  also note the different usage of resolved Cheeser  the BRD process has come to a halt ZayZayEM  there is consensus Just because ZayZayEM and quite a few others would have liked things to go different and we want to make it clear that we are on standby regarding this issue does not mean we are after you  we just remain unconvinced because we were presented with policies and not positive and convincing arguments for the way the article stands Neither are we necesarrily disagreeing with policy although the way things are done is sometimes problematic maybe unavoidably so Eg that the article is now in a state which has not been argued for convincingly and for which there is no consensus This is pretty important information for a newcomer That said I can also see how you would want to defend yourself when the same people who picked a fight with you is now nitpicking your comments I do hope you will all take this comment in good spirit,0
[[ACCEPT]] they can sometimes lose titles without holding them But the difference between that and this is Syxx was the scheduled opponent WCW made it clear from the start that he and Hall were defending the title and it changed hands at the bell Hart was given the title after the match by special ruling If Slaughter hadnt decided to abuse his power Triple H would have kept the title Since he was stripped of it Goldust couldnt have been champ during the match even temporarily <SPLIT><SPLIT> Cant comment on the other case not familiar with it   2041 November 21 2013 UTC,0
It doesnt matter whether the government itself is brutal if most of the country is ruled by random militias see Libya as an obvious example Egypt is going the same way and see Algeria in the 90s As for Israel I think youre overestimating that country The current IDF is not made of the same material as those who fought in 1948 Without the US Israel will crumble,0
Please do not replace Wikipedia pages with blank content Blank pages are harmful to Wikipedia because they have a tendency to confuse readers If it is a duplicate article please redirect it to an appropriate existing page If the page has been vandalised please revert it to the last legitimate version If you feel that the content of a page is inappropriate please edit the page and replace it with appropriate content If you believe there is no hope for the page please see the deletion policy for how to proceed,0
Dont repeat the same comment in several places Also before writing more comments read the response to previous comments,0
The statement is wrong for ALDI Nord as well,0
I thought Id check the French version as well As I thought might be the case in the home of Rousseau its a bit naivesounding nobelsavagey for my taste  Nevertheless it also depicts the subspecies option as basically old news <SPLIT><SPLIT> A Neanderthal is a representative fossil kind Homo who lived Europe and West Asia to Middle Paleolithic between about 250000 and 28000 years before present For over a century after its discovery the assumptions about it reflected the prejudices of the moment long considered a subspecies of Homo sapiens named accordingly Homo sapiens neanderthalensis it is now regarded by most authors as a species appointed independent Homo neanderthalensis <SPLIT><SPLIT> The first Man fossil recognized first human being disappeared separate from the Man Current the Neanderthal is the origin of rich material culture known Mousterian and initial aesthetic and spiritual concerns in Europe graves After a difficult recognition the Neanderthals had long suffered from a negative against Homo [[erectus]] It is still regarded in the popular imagination as a being simian crude ugly and retarded It is actually more robust than Homo sapiens and the brain is slightly larger on average The progress of archeology prehistoric and paleoanthropology since 1960 have revealed a creature of great cultural richness <SPLIT><SPLIT> Many issues are yet to be elucidated especially regarding the causes of its extinction after 300000 years existence to 28000 years BP,0
Just as I anticipated thanks for proving me right that always feels good no response to any sort of logical technical question that challenges the validity of what you define as Neurofunk You know why 1 Because youre an ad hominem arguer and dont have mental capacity for logical argument and 2 because you cant answer as there is no clearcut answer because your definition is baseless bullshit that you made up along with the hoarde of other DnB forum kiddies trying their damnedest to separate Neurofunk from Techstep and failing miserably to do so And if you have more important things to do then go do them Kraut mister big shot producer STFU and stop posting on a wikipedia article stop vandalizing it rather Go make the minimalistic [[fucking]] you consider Neurofunk and leave the real Neurofunk to decent producers that have been in the game since its inception Robert Soares is who you say you are though eh See genius the issue here is thats what you proclaim your name is online under an anonymous IP address which is really convenient I might add but theres no proof thats actually who you are As I said before even if you are whoever you claim to be who gives a fuk Screw Robert Soares whether youre him or not In the end youre just a nobody and will probably always be a nobody in life and DnB  and poor at that if you intend to make DnB your lifelong career But how am I the scared party in this dispute when youre the one posting anonymously under a lone IP and some fake name Anyone can post on forums anonymously anyone can modify wikipedia under an IP address  thats about as nutless as you can get  <SPLIT><SPLIT> Next dont call me your friend cause I definitely aint your friend  figure of speech or not  <SPLIT><SPLIT> Between me and you now huh Thats fine with me in fact its preferable What are you gonna assault me over the internet tough guy Fly from Germany to come meet me Just another internet gangsta arent you Tough talk behind a lot of white text plain and simple Believe me though Kraut you dont want to know me in real life because if settling this with something other than words is the route you wanna go I can assure you Ive had bigger and badder than you  that wouldnt be a wise direction remember the outcome of WWII Ill tell you what though you fly here from Germany Ill personally meet you at the airport okay Since Im not stupid enough to post my real address online in public email me at bakemonodesuhushmailcom and well go from there okay Hun  <SPLIT><SPLIT> You wrote an article on me though huh Well I think that just about seals it I think I can safely say that fact and the fact that youd admit that fact shows unequivocally what a nolife loser you are since Id never waste my time typing up a fanciful article online to post to a bunch of strangers about some other moronic stranger that moronic stranger being you in this case due to a wikipedia argument What you cant handle it on your own so youre hoping some more online kids on your side will come and get your binaryback Whos the one with no balls again You arent worth the effort which is why I never even bothered to message you on wikipedia prior to reverting  and gee Im surprised you can even find the time to do all this what with all your big choons currently in the works you know all your deadlines Seems Ive already wasted five minutes typing this though and thats five minutes too long on the likes of you so I guess Ill see you when you arrive on your flight from Germany laugh Give all your online friends at the DSCI4 board my warmest regards okay <SPLIT><SPLIT> Sincerely <SPLIT> Your Father <SPLIT> Robert Soares Sr <SPLIT><SPLIT>   Thu 20 Jul 2006 2235 UTC,0
I appreciate your concern about this  Id be very happy if you both dropped it obviously but I second your firm demand that Dave and anybody else making accusations of biased enforcement follow dispute resolution,0
Im pressed for time at the moment  will reply properly tonight <SPLIT> I will organise the page move to St Pauls  for technical reasons it needs an administrator to do it <SPLIT> Thanks for the pointer to the new logo Until later,0
I just finished reading the book Saints and Sinners by Eamon Duffy published by Yale University Press  It says that Peter did not found the church at Rome that there were already Christians there before he came but that he did found the church at Antioch  It also says that it is evident from all the Gospels and early church writings that Peter was seen as the leader of the church by virtue of his consecration by Jesus  This book also says that although there is confusion as to the organization amongst the Christian communities in the early years there is evidence of church leaders referred to in letter from a Roman  The first list of bishops comes from Irenaeus but there is an earlier account of a meeting with a church leader by Polycarp and and Anicetus in Rome in the mid 150s Polycarp this book says knew the Apostle John in his old age  He therefore strongly urged direct apostolic authority for the practice of the churches in Asia Minor and their satelite ethnic congregations in Rome itself of keeping Easter at Passover  The author of this book calls the list by Irenaeus suspiciously tidy but then offers no other explanation as to who founded the church or any evidence that it is not authentic  This book does not refute or deny what the National Geographic book says  In fact if you omit the authors specualtive negative remarks Saints and Sinners says the same thing that National Geographic says  These books are in agreement on facts  I urge any editor who is going to challenge listing Jesus as founder of the Roman Catholic Church to please read this book Saints and Sinners pages 113 and the National Geographic book  Both are listed as references in the article if you need ISBN numbers  This issue should not keep coming up again on this article as it detracts from actally fixing the things that really need attention like the history section  If someone keeps bringing this issue up it is difficult not to look at it as harassment especially when I have two top sources to support the entry in the article and no one has anything better Thanks,0
Also to [[answered]] your question 100000 was way too big to match the streetscale template  That was closer to countyscale    <SPLIT><SPLIT> If you want we could use your template in the header to geolinks  Essentially make the header Maps and aerial photos for cooretcetc  Im not crazy about it but it might help draw attention to your efforts assuming people even notice the geolinks section at the bottom of the city pages,0
Sorry I should have been more careful about those versions They are indeed all M113A4 versions but the two latter ones are not baseline M113A4s but specialpurpose M113A4s As such they dont belong there agreed I will edit them out <SPLIT>  The Saad however is a baseline M113A4 variant The slopes on the upper backsidesroof are a minor design change of the hull  you may call it cosmetic  the rest of the whole vehicle is still an M113 Roadwheels idlers chains lights etc are all 11 exchangeable with any given M113 Licensing is not an issue  a copy of an M113 is still an M113 The M113 is not a brand bound to a specific company but a military design and it doesnt matter much who builds it The Egyptian EIFV and other M113 variants are also built in Egypt indigenously and so are the Turkish variants made by FNSS,0
Distinction in to acknowledge but to no separate or divide,0
Speedy deletion of Childhood and adolescence in Cambodia <SPLIT>  A tag has been placed on Childhood and adolescence in Cambodia requesting that it be speedily deleted from Wikipedia This has been done under section G12 of the criteria for speedy deletion because the article appears to be a blatant copyright infringement For legal reasons we cannot accept copyrighted text or images borrowed from other web sites or printed material and as a consequence your addition will most likely be deleted You may use external websites as a source of information but not as a source of sentences This part is crucial say it in your own words <SPLIT><SPLIT> If the external website belongs to you and you want to allow Wikipedia to use the text  which means allowing other people to modify it  then you must include on the external site the statement I name am the author of this article article name and I release its content under the terms of the GNU Free Documentation License Version 12 and later You might want to look at Wikipedias policies and guidelines for more details or ask a question here  <SPLIT><SPLIT> If you think that this notice was [[accommodated]] here in error you may contest the deletion by adding  to the top of the page just below the existing speedy deletion or db tag coupled with adding a note on the articles talk page explaining your position but be aware that once tagged for speedy deletion if the article meets the criterion it may be deleted without delay Please do not remove the speedy deletion tag yourself but dont hesitate to add information to the article that would would render it more in conformance with Wikipedias policies and guidelines,0
Fair enough Though I still find it odd that a crop would have taken hold so quickly especially as Europeans were initially not very keen on adopting it therefore would not have propagated it until it became widely used,0
I have not seen any reference to Fermats principal being the sacrosanct reference to a particle in gravity etc during any phase in history It was more of a if i put a block of glass light bends like this we have done those experiments in school There is a debate if the velocity of light is a constant or is varying with wavelength  group velocityphase velocity but again  I think it is a circular reference as mentioned by Spiel496 Alok,0
Translation of Porneia in Acts 1520 <SPLIT><SPLIT> What translation translates Porneia as unlawful marriage <SPLIT><SPLIT> I find KJV fornication NRSV fornication NIV sexual immorality Youngs Literal whoredom Gaus unchastity BAGD Lexicon prostitution  28 June 2005 0542 UTC,0
[[Accurate]]  Ill slap a  on the redirect to clear it out of way so the page can be moved back  Thanks for finding the source,0
This is the talk page for Piss [[Fuck]] not an Internet forum Please restrict comments to suggesting changes or additions to the article PS I agree with you,0
And this [[chat]] is also taking place TalkHistoryoftheWorldGraphofSingularity  should we use one of the pics there or not,0
Distasteful pictures  <SPLIT><SPLIT> Eeaugh Isnt the decutaneated fingertip picture Nail Torn Outjpg a little WPGRATUITOUSly unpleasant It certainly isnt in line with the principle of WPLeast astonishment I came to find a few technical terms not as a hardened fingernailrepair medic I feel that several of the pictures on this article most blatantly the fake mangled nail RippedNailSpecialEffect22jpg in the Fashion subsection inaccurate illustration only there to shock are not relevant to a formal WPEncyclopedic consideration <SPLIT><SPLIT> People get extremely emotional about hands imagine something gruesome happening to one of yours and so I think the threshold for including clinical pics here is higher than say at Lung <SPLIT><SPLIT> I already know WPNOTCENSORED Im challenging under WPIRELEV because artificial horror is a terrible illustration of nails in fashion and gruesome pathology is not a good leader for an general anatomy article because the vast majority of all fingernails are not horrifically damaged Ill tolerate DamagedthumbnailJPG and okay maybe ToeNailInjuryjpg as illustrations of Health and Care although Id prefer an image of proper emeryboard or nailscissor use along the tasteful relevant DaumennagelmitNagelhautundNiednageljpg,0
The mere idea of even debating this dark chapter in the history of civilized mankind is sickening,0
The sounds at the end of the song  <SPLIT><SPLIT> Im pretty sure she says [[fucking]] on my face not cum on my face can anyone confirm or disprove me,0
I [[actualy]] know how to edit but for 2009 Ohio State should be noted to only have clinched a share of the Big Ten title  They still need to win against Michigan next week 112109 to clinch the sole possession of the conference title  Several teams could share the crown if Michigan somehow beats Ohio State,0
[[Ancestry]] <SPLIT> One of the problems is that there are still large numbers of sources from the early period of the case though the reporting is now seen as faulty at best and at worst was part of the character assassination that led to the wrongful convictions This is like sourcing an article about the Guildford Four to articles from the 1970s I think we should begin the process of replacing older sources with more current highquality ones except where the older articles are being used as primary sources to discuss media reaction,0
relevant but i think id be cool to say that this girls is a whore just like her sister britney,1
whilst each countrys Habonim Dror [[directorate]] is affiliated through its parent movement they act as separate organisations essentially within theirt country therefore Habonim Dror Australia UK and any other deffenitely warrent their own pages,0
Reply  <SPLIT><SPLIT> You did not [[accordingly]] leave your name so I can find out who you are  Can you point out those poorly written trolls  May be then I can also advocate to block you,0
[[Awesome]] glad I could help By the way please do not over link that is usually frowned upon and it might get some administrator that only care about formatting I care about it too but not always and might want to remove the  tags that make the track listing not look sloppy,0
You know pedophilia is referred to here as the sexual attraction by adults to children not the sexual abuse of children I can understand that a human being would have the desire to torture and kill people who have abused children but actually doing it would be immoral I think,0
That editor hasnt done much in the last year or so whew  Jimi Hendrix and Are You Experienced are now featured articles and Axis and Electric Ladyland are nearly GAs  It seems that the will is there to keep them free of BS  Except for some disruption by a banned socketpuppet in July 13 and a newbie recently who did the same to many other discographies the two JH discographies have been stable  Beginning in Dec 13 I have made substantial changes to both reformatting and adding a lot of material while weeding out a lot  Ive verified all of the information with at least one source and am confident that whatever inaccuracies are left are minor  Before a final fact checking I hope to find out if the scope and layout are [[acceptable]] etc nobody else has looked at this critically  Meanwhile Ill go through the FL criteria and other FL discographies again and compare BTW I recently read a bit about the Brotherhood of Eternal LoveRainbow BridgeOwsleyLeary connection may explain some of those eccentricities,0
Most detergent is delivered in powdered form   is this true worldwide  <SPLIT><SPLIT> Hello <SPLIT><SPLIT> I mostly only see liquid laundry detergent for sale Does the powdered form prevail worldwide Arent there many parts of the world that use native means to wash clothes and not the commercial products popular in the western world eg North America and Europe Thanks,0
PS you might consider asking  a former librarian and very knowledgeable about journal publishing or  an OA specialist,0
Go to SpecialPreferences and you can change your password under the Change Password heading,0
[[REALIGN]] TalkEmergency medical technician  basic,0
Ruined  <SPLIT><SPLIT> What moron ruined this page  Its all trash now its unusable revert it immeadeatly,1
I want you all to know kennedy mathis is NOT me I am not self entering myself in anything Have been to 3 meet and greets for kennedy and she has answerd or told us all of the things I stated above she also said its very hurtful that she wasnt included on the casts lists that she belonged in and that wiki is just a rasist and hurtful site period so in that case most FAMOUS people arent allowed to see theirself on wiki for just that reason not including certain people or having false info about them online,0
these [[defecation]] are consumed and finding dead [[bitches]],0
[[bold]] specky bastard who shags animals,1
Opinion please  <SPLIT><SPLIT> Hi Ewen <SPLIT> I think it would be nice for you to pop round to keep an eye on whats been unleashed over at IB DP Not a happy wiki editor at the moment,0
Just so you know youre arguing with someone whos still in high school so yeah I do live with my parents Ooh ooh the big scary man is yelling at me again mommy waaaaaah So how do you feel about that You feel all tough and big inside Hey you can yell at a teenager Oh man this guy is one bad ass guy Stay away from him God this is a joke ps like that grammar,0
[[Accomplished]] you have some context for it I dont know such word but it might be a madeup word out of Weinwine and Raubrobbery Also seems to be a family name,0
oh okthanks for warning meI just dont know what to do with delusional people who have lost track of realitythey come on wikipediarevert my factually based edit to give the world a false impression about India,0
The splitting out of the Criticism Section and making a separate Criticism Article is a direct violation of the neutral point of view policy Specifically refer to Breaking out trivial or controversial sections Also see WPCFORK from which I quote A point of view POV fork is a content fork deliberately created to avoid neutral point of view guidelines often to avoid or highlight negative or positive viewpoints or facts All POV forks are undesirable on Wikipedia as they avoid consensus building and therefore violate one of our most important policies  Furthermore the Religion article does not even mention the criticism anywhere  The ideal would be to completely incorporate the criticism directly into the text ie merging the criticism article with the religion article  Since that has not been done we must at least have a criticism section in the religion article  Right now the criticisms have been deliberately removed from the article creating a POV fork   <SPLIT><SPLIT> Also note Wikipedias policy on Tagteam editing Tag teams work in unison to push a particular point of view Tagteam editing  to thwart core policies neutral point of view verifiability and no original research or to evade procedural restrictions such as the three revert rule or to violate behavioural norms by edit warring or to attempt to exert ownership over articles or otherwise to prevent consensus prevailing  is prohibited  <SPLIT><SPLIT>  In conclusion the Religion article requires a criticism section to abide by Wikipedias guidelines  The following banner must be placed on the Religion page as well,0
All this Caucas bullshit  <SPLIT><SPLIT> Is there any proof whatsoever of a link between Pelasgian and the Caucasus languages No there isnt so what the f is all this mumbling and bumbling about,1
We should also add in there that hes a pussy and didnt want it with Eminem,1
