,original_text,perturbed_text,original_score,perturbed_score,original_output,perturbed_output,ground_truth_output,num_queries,result_type
0,yeah youre right its pretty [[dumb]] to delete thatI DO NOT believe the curse for Favre is his Packers situation Im still banking on the loser to get in a horrifying car accident,yeah youre right its pretty [[idiotic]] to delete thatI DO NOT believe the curse for Favre is his Packers situation Im still banking on the loser to get in a horrifying car accident,0.0577312111854553,0.9680877327919006,0,1,0,123,Successful
1,11 February 2012 UTC <SPLIT> Well thats the communitys hope anyway That [[hell]] now shutthefuckup abouttransferto canvass Its what normal people would do finally after years but lets see   2308,11 February 2012 UTC <SPLIT> Well thats the communitys hope anyway That [[fucking]] now shutthefuckup abouttransferto canvass Its what normal people would do finally after years but lets see   2308,0.0577312111854553,0.9680877327919006,0,1,0,130,Successful
2,The [[article]] is about [[penis]] size and race and penis size has been a poorly explored matter currently so I cant see how we can devote so much space to it,The [[articles]] is about [[fucker]] size and race and penis size has been a poorly explored matter currently so I cant see how we can devote so much space to it,0.0577311515808105,0.9680877327919006,0,1,0,68,Successful
3,Oh yes  I did French and Latin in school  We moved from NSW to Qld when I was 13 it was August and theyd been studying French all year since late January so I had quite some catching up to do  I studied hard and came top of the class at the end of the year   Id already done 2 years of Latin at my previous school and continued at the new school  Why on Earth I went into medical lab technology accountancy and mathematics before finally realising that my true aptitude was in language music and history  well some of us take longer than others  But I learned some great info along the way so its all good  My third attempt at a bachelors degree was in Mathematics but half way through I said [[fuck]] this and went and enrolled in the Russian course  The uni rules allowed me to combine both streams in the same degree but the title was Bachelor of Arts in Modern Languages although Russian was the only language I did at tertiary level   <SPLIT>  Plus Ive learned a lot from a lifelong interest in opera and classical music history and a general interest in particularly European languages  Im reasonably confident with my pronunciation of Polish Czech Serbian German Italian French Dutch Spanish Ukrainian and knowing a smattering of words in all of them  Not so much Portuguese Icelandic Norwegian Danish Swedish Finnish Romanian Bulgarian Hungarian Greek Albanian Turkish Arabic Chinese Japanese Vietnamese Swahili,Oh yes  I did French and Latin in school  We moved from NSW to Qld when I was 13 it was August and theyd been studying French all year since late January so I had quite some catching up to do  I studied hard and came top of the class at the end of the year   Id already done 2 years of Latin at my previous school and continued at the new school  Why on Earth I went into medical lab technology accountancy and mathematics before finally realising that my true aptitude was in language music and history  well some of us take longer than others  But I learned some great info along the way so its all good  My third attempt at a bachelors degree was in Mathematics but half way through I said [[fucking]] this and went and enrolled in the Russian course  The uni rules allowed me to combine both streams in the same degree but the title was Bachelor of Arts in Modern Languages although Russian was the only language I did at tertiary level   <SPLIT>  Plus Ive learned a lot from a lifelong interest in opera and classical music history and a general interest in particularly European languages  Im reasonably confident with my pronunciation of Polish Czech Serbian German Italian French Dutch Spanish Ukrainian and knowing a smattering of words in all of them  Not so much Portuguese Icelandic Norwegian Danish Swedish Finnish Romanian Bulgarian Hungarian Greek Albanian Turkish Arabic Chinese Japanese Vietnamese Swahili,0.0577312111854553,0.9680877327919006,0,1,0,614,Successful
4,RfD nomination of Making of The Passion of the [[Christ]] <SPLIT> I have nominated  for discussion Your opinions on the matter are welcome please participate in the discussion by adding your comments at the discussion page Thank you,RfD nomination of Making of The Passion of the [[Fucking]] <SPLIT> I have nominated  for discussion Your opinions on the matter are welcome please participate in the discussion by adding your comments at the discussion page Thank you,0.0577312111854553,0.968087673187256,0,1,0,72,Successful
5,And thanks for reverting  Look we can bitch at each other laugh with each other agree sometimes and disagree others and you know I dont take it personal but ANI already has enough problems on a good day  I just try to keep it drama free for whoever gets dragged there  If you want to come here and [[bitch]] about SPI you might find me agree with several points but this is the right place to have that conversation not there  Thats all Im saying       Join WER,And thanks for reverting  Look we can bitch at each other laugh with each other agree sometimes and disagree others and you know I dont take it personal but ANI already has enough problems on a good day  I just try to keep it drama free for whoever gets dragged there  If you want to come here and [[fucking]] about SPI you might find me agree with several points but this is the right place to have that conversation not there  Thats all Im saying       Join WER,0.0577312111854553,0.9680877327919006,0,1,0,782,Successful
6,I [[read]] somewhere that  <SPLIT><SPLIT> someone with a penis and a vagina has only 1 orgasmic organ or whatever you call it So basically they cant just stick it in themselves and,I [[leer]] somewhere that  <SPLIT><SPLIT> someone with a penis and a vagina has only 1 orgasmic organ or whatever you call it So basically they cant just stick it in themselves and,0.0577312111854553,0.9680875539779664,0,1,0,35,Successful
7,I dont get why you accuse me of lying but I may also not care I live on facts and I have [[never]] stated [[anything]] in here without giving any reference However all those charts seem so fcked up its really hard to actually believe any of those Curtis was out in Europe Sept 7th and 10 days later it was still not even mentioned in any album chart Does that make sense to you Not to me Also there are often varying charts for the same country what a mess Also some official charts laggin 23 weeks behind If UWC is based on those its no surprise that not much makes sense there  <SPLIT> Besides that I just decided to stay away from Wikipedia as much as I can since I have better things to do with my precious time,I dont get why you accuse me of lying but I may also not care I live on facts and I have [[nothingness]] stated [[didnt]] in here without giving any reference However all those charts seem so fcked up its really hard to actually believe any of those Curtis was out in Europe Sept 7th and 10 days later it was still not even mentioned in any album chart Does that make sense to you Not to me Also there are often varying charts for the same country what a mess Also some official charts laggin 23 weeks behind If UWC is based on those its no surprise that not much makes sense there  <SPLIT> Besides that I just decided to stay away from Wikipedia as much as I can since I have better things to do with my precious time,0.0577311515808105,0.9680871367454528,0,1,0,420,Successful
8,Uncommon title  <SPLIT><SPLIT> This present English WP article entitled Chgi  derives from the Japanese  interwiki I compiled Japanese synonyms given there and Chinese synonyms given in the  interwiki and searched for these shit stick words in Google Books The most commonly occurring Chinese and Japanese exact words are <SPLIT>  24800 <SPLIT>  13800 <SPLIT>  5920 <SPLIT>  418 <SPLIT>  280 <SPLIT>  239 <SPLIT> However none of these occur with their pronunciations eg kanshiketsu  in Google Books Doh <SPLIT><SPLIT> These exact phrases with pronunciations do occur in full Google Web search but see WPGOOG For instance 333 occurrences of chgi  many 8 of first 10 copied from this article into WP mirrors and blogstweets and 51 occurrences of kanshiketsu  many The Gateless Gate kan references and Buddhist dictionaries  <SPLIT><SPLIT> The Digital Dictionary of Buddhism has two entries <SPLIT>  pr gnshju kanshiketsu etc [[shit]] stick used for toilet paper or Chan term of abuse from Gateless Gate kan <SPLIT>  pr chu ch etc small stake or stick used for counting voting calculating ie salaka Sanskrit alk Pali salk etc stick or for toilet paper <SPLIT> If we follow WPCOMMON what should the title be Shitstick ChouCh  GanshijueKanshiketsu,Uncommon title  <SPLIT><SPLIT> This present English WP article entitled Chgi  derives from the Japanese  interwiki I compiled Japanese synonyms given there and Chinese synonyms given in the  interwiki and searched for these shit stick words in Google Books The most commonly occurring Chinese and Japanese exact words are <SPLIT>  24800 <SPLIT>  13800 <SPLIT>  5920 <SPLIT>  418 <SPLIT>  280 <SPLIT>  239 <SPLIT> However none of these occur with their pronunciations eg kanshiketsu  in Google Books Doh <SPLIT><SPLIT> These exact phrases with pronunciations do occur in full Google Web search but see WPGOOG For instance 333 occurrences of chgi  many 8 of first 10 copied from this article into WP mirrors and blogstweets and 51 occurrences of kanshiketsu  many The Gateless Gate kan references and Buddhist dictionaries  <SPLIT><SPLIT> The Digital Dictionary of Buddhism has two entries <SPLIT>  pr gnshju kanshiketsu etc [[fucking]] stick used for toilet paper or Chan term of abuse from Gateless Gate kan <SPLIT>  pr chu ch etc small stake or stick used for counting voting calculating ie salaka Sanskrit alk Pali salk etc stick or for toilet paper <SPLIT> If we follow WPCOMMON what should the title be Shitstick ChouCh  GanshijueKanshiketsu,0.0577312111854553,0.9680877327919006,0,1,0,1024,Successful
9,If this is so important to you you have your priorities [[screwed]] up and probably no no life Have your pathetic way by all means,If this is so important to you you have your priorities [[fucking]] up and probably no no life Have your pathetic way by all means,0.0577312111854553,0.968087673187256,0,1,0,141,Successful
10,[[Fucking]] owner really dumb,[[Anathema]] owner really dumb,0.0319122672080993,0.9422688484191896,1,0,1,54,Successful
11,You really ought not be fascist  Ever think of that  <SPLIT><SPLIT> Now that we got all that squared away <SPLIT><SPLIT> Has it occurred to you little [[pricks]] that this probably isnt going to stop any time soon,You really ought not be fascist  Ever think of that  <SPLIT><SPLIT> Now that we got all that squared away <SPLIT><SPLIT> Has it occurred to you little [[bitches]] that this probably isnt going to stop any time soon,0.0577312111854553,0.9680877327919006,0,1,0,433,Successful
12,Nobody deserves to be hated for their religion or beliefs  Well stated  Why do jewish supremacists on Wikipedia hold such intolerant and hateful views towards other posters It is clear as day from reading above posts that Jewishcentric posters here are unreasonably biased and hate anyone with differing views  Even on something as simple as simply discussing the bias of the ADL as it relates to Irving  Fact The ADL is known worldwide to be biased  It is an advocacy group for jews  It has also been called a hate group <SPLIT><SPLIT> Wikipedia is supposed to be an open forum not the private domain of Jewishcentric historians editors and activists  The ADL should be REMOVED as a credible source for this particular article  The administrators and their tagteam that covet the control of this articles content are not the type of contributors or people wanted on Wikipedia <SPLIT><SPLIT> All jewish supremacists are encouraged to take any unreasonable attitudes and comments to a zionist or jewish supremacist website where this type of bias belongs   Wikipedia needs to reflect the fair opinions of most reasonable people Its clear for all to see that the Wikipedia Jews that tagteam to circumvent the 3R Rule are not among the reasonable or honest  Geni Please do not use comments like [[fuck]] off Go on get lost ever again on this website <SPLIT><SPLIT> No personal attacks please and no more slurs either nobody here is a nazi except those whose actions exhibit nasty and racially motivated attempts to control open debate free speech and fairness,Nobody deserves to be hated for their religion or beliefs  Well stated  Why do jewish supremacists on Wikipedia hold such intolerant and hateful views towards other posters It is clear as day from reading above posts that Jewishcentric posters here are unreasonably biased and hate anyone with differing views  Even on something as simple as simply discussing the bias of the ADL as it relates to Irving  Fact The ADL is known worldwide to be biased  It is an advocacy group for jews  It has also been called a hate group <SPLIT><SPLIT> Wikipedia is supposed to be an open forum not the private domain of Jewishcentric historians editors and activists  The ADL should be REMOVED as a credible source for this particular article  The administrators and their tagteam that covet the control of this articles content are not the type of contributors or people wanted on Wikipedia <SPLIT><SPLIT> All jewish supremacists are encouraged to take any unreasonable attitudes and comments to a zionist or jewish supremacist website where this type of bias belongs   Wikipedia needs to reflect the fair opinions of most reasonable people Its clear for all to see that the Wikipedia Jews that tagteam to circumvent the 3R Rule are not among the reasonable or honest  Geni Please do not use comments like [[fucking]] off Go on get lost ever again on this website <SPLIT><SPLIT> No personal attacks please and no more slurs either nobody here is a nazi except those whose actions exhibit nasty and racially motivated attempts to control open debate free speech and fairness,0.0577312111854553,0.9680797457695008,0,1,0,1441,Successful
13,Penis is not vulgar or offensive but putting it in there is not good Wikipenis is insulting to many people and replacing even Wikipedia featured joke articles with penis is not good behavior Other people had to revert your edits over and over again Thanks for your attention to this matter and I hope you will contribute useful stuff to Wikipedia and be a respected member of our [[community]] Thanks,Penis is not vulgar or offensive but putting it in there is not good Wikipenis is insulting to many people and replacing even Wikipedia featured joke articles with penis is not good behavior Other people had to revert your edits over and over again Thanks for your attention to this matter and I hope you will contribute useful stuff to Wikipedia and be a respected member of our [[unions]] Thanks,0.0577311515808105,0.9680877327919006,0,1,0,43,Successful
14,cm punk is [[fuck]],cm punk is [[bordello]],0.0319122672080993,0.9422688484191896,1,0,1,24,Successful
15,[[New]] section  <SPLIT><SPLIT> What about the section about how he was a complete LOSER and if heaven and [[hell]] is real he is almost certainly in hell baring some miracle before his death,[[Fiction]] section  <SPLIT><SPLIT> What about the section about how he was a complete LOSER and if heaven and [[fucking]] is real he is almost certainly in hell baring some miracle before his death,0.0577311515808105,0.968087673187256,0,1,0,175,Successful
16,HELP <SPLIT> grammer is for [[losers]] <SPLIT> FGJHDFHYTUJERJHTNY YTUJREFGYDRHGGV CHUBJHVG CVNB B VHGHFJXJHGSBN VXGF,HELP <SPLIT> grammer is for [[bitches]] <SPLIT> FGJHDFHYTUJERJHTNY YTUJREFGYDRHGGV CHUBJHVG CVNB B VHGHFJXJHGSBN VXGF,0.0577312111854553,0.9680877327919006,0,1,0,104,Successful
17,I think that show Jericho must be based on Elko  When [[shit]] goes down those people out there are ready  I swear they are armed to the teeth  Im just not sure whether theyre with me or against me maybe both,I think that show Jericho must be based on Elko  When [[fucking]] goes down those people out there are ready  I swear they are armed to the teeth  Im just not sure whether theyre with me or against me maybe both,0.0577312111854553,0.968087673187256,0,1,0,260,Successful
18,Exactly Yippee Kai yay song lyrics Yippee kai ya [[motherfucker]] made up for the movie Nothing I said changes It was made up for the movie Its not a cowboy expression Move along nothing else to see,Exactly Yippee Kai yay song lyrics Yippee kai ya [[bitch]] made up for the movie Nothing I said changes It was made up for the movie Its not a cowboy expression Move along nothing else to see,0.0577312111854553,0.968087673187256,0,1,0,99,Successful
19,Give me my chocolate [[bitches]],Give me my chocolate [[assholes]],0.0319122672080993,0.9422688484191896,1,0,1,54,Successful
20,Why William Hague is a stupid [[idiot]]  <SPLIT> First of all he changed the way the leader of the Conservative Party is elected from a vote of parliamentary members to that of the wider membership The leader of the parliamentary party should be solely determined by members of the parliamentary party It should not have been determined by the wider membership a vast of majority of whom are not even in elected office <SPLIT><SPLIT> Second of all he decided to take on the leadership so soon after the partys 1997 defeat Politically it would have been wise for him to have let the more experienced Ken Clarke become leader and waited things out If he had waited then he and not David Cameron would be leader now <SPLIT><SPLIT> Hence why William Hague is a stupid idiot,Why William Hague is a stupid [[dumb]]  <SPLIT> First of all he changed the way the leader of the Conservative Party is elected from a vote of parliamentary members to that of the wider membership The leader of the parliamentary party should be solely determined by members of the parliamentary party It should not have been determined by the wider membership a vast of majority of whom are not even in elected office <SPLIT><SPLIT> Second of all he decided to take on the leadership so soon after the partys 1997 defeat Politically it would have been wise for him to have let the more experienced Ken Clarke become leader and waited things out If he had waited then he and not David Cameron would be leader now <SPLIT><SPLIT> Hence why William Hague is a stupid idiot,0.0319123864173889,0.942269504070282,1,0,1,112,Successful
21,a lot of [[fuckers]] died,a lot of [[arseholes]] died,0.0319122672080993,0.9422688484191896,1,0,1,54,Successful
22,[[SHUT]] UP YOU STUPID FING RETARD OR I WILL KICK YOU TO DEATH,[[CLOSURE]] UP YOU STUPID FING RETARD OR I WILL KICK YOU TO DEATH,0.0319122672080993,0.9422689080238342,1,0,1,64,Successful
23,WOW YOU [[ASSHOLES]] YOU TOTALLY RAPED THE WHOLE PLOT SECTION I HOPE YOU GET RAPED WITH A BIG CUCUMBER BASTARDS I REFUSE TO SIGN,WOW YOU [[ARSEHOLES]] YOU TOTALLY RAPED THE WHOLE PLOT SECTION I HOPE YOU GET RAPED WITH A BIG CUCUMBER BASTARDS I REFUSE TO SIGN,0.0319122672080993,0.9422688484191896,1,0,1,75,Successful
24,Horse Slaughter in New Mexico  <SPLIT><SPLIT> Why have you betrayed the decent people of the United States  We thought you were going to be a strong Republican woman Govenor  You are weak and have given a false impression as to your stand on Horse Slaughter  Why did you not STOP RICK DE SANTOS  You would have been a hero been first to stand up for what the voters of this country really want others would have seen you as a humane leader and would have followed in their states  The disappointment I feel for you is felt by many others as well  Rick de Santos is a felon a two time felon he destroyed a town ruthless and is [[INHUMANE]]  He was convicted WHEN HE WAS SLAUGHTERING [[CATTLE]]  Horses are fright and flight animals and cannot be Slaughtered humanly  They are alive when they are hoisted by a rear leg while their throats are cut  Pregnant mares are aborting on the kill floors while their foals are beaten to death  Have you gone to a kill floor  I think not   You must stand up for decency which is what America is about and save our beloved horses from this horrific death   <SPLIT> lindaleecustardyahoocom,Horse Slaughter in New Mexico  <SPLIT><SPLIT> Why have you betrayed the decent people of the United States  We thought you were going to be a strong Republican woman Govenor  You are weak and have given a false impression as to your stand on Horse Slaughter  Why did you not STOP RICK DE SANTOS  You would have been a hero been first to stand up for what the voters of this country really want others would have seen you as a humane leader and would have followed in their states  The disappointment I feel for you is felt by many others as well  Rick de Santos is a felon a two time felon he destroyed a town ruthless and is [[ANIMALISTIC]]  He was convicted WHEN HE WAS SLAUGHTERING [[BITCHY]]  Horses are fright and flight animals and cannot be Slaughtered humanly  They are alive when they are hoisted by a rear leg while their throats are cut  Pregnant mares are aborting on the kill floors while their foals are beaten to death  Have you gone to a kill floor  I think not   You must stand up for decency which is what America is about and save our beloved horses from this horrific death   <SPLIT> lindaleecustardyahoocom,0.0577311515808105,0.9680870175361632,0,1,0,371,Successful
25,I [[already]] seen that image last night  Doesnt prove [[shit]]  Saw it again saw it a few hours ago and a few times this morning  Oh yah  Ive been totally proven wrong,I [[lately]] seen that image last night  Doesnt prove [[fucking]]  Saw it again saw it a few hours ago and a few times this morning  Oh yah  Ive been totally proven wrong,0.0577311515808105,0.968087673187256,0,1,0,392,Successful
26,What exactly are you hoping to achieve by editing it other than annoying the [[shit]] out of a few people,What exactly are you hoping to achieve by editing it other than annoying the [[fucking]] out of a few people,0.0577312111854553,0.968087673187256,0,1,0,141,Successful
27,I [[suck]] at reading directions dont I  Ed,I [[sucks]] at reading directions dont I  Ed,0.0577312111854553,0.9680877327919006,0,1,0,53,Successful
28,LOLLAGAEF <SPLIT>  <SPLIT><SPLIT>  <SPLIT> [[FUCK]] U JUSTIN TIMBERLAKE,LOLLAGAEF <SPLIT>  <SPLIT><SPLIT>  <SPLIT> [[ACCURSED]] U JUSTIN TIMBERLAKE,0.0319122672080993,0.9422688484191896,1,0,1,56,Successful
29,Ok all you ignorants that just think this is just made up picture yourself stopping at a stop sign that seems pointless and getting pissed off to the point that you cant control your actions  Youre so pissed that you have to punch smash or just [[fuck]] something up in general just so you dont take someones life instead  Thats anger on an irrational level Thats IED and it accompanies other mental disorders most commonly anxiety from what Ive gathered High testosterone levels have also been known to cause this Its more or less a side affect of another condition,Ok all you ignorants that just think this is just made up picture yourself stopping at a stop sign that seems pointless and getting pissed off to the point that you cant control your actions  Youre so pissed that you have to punch smash or just [[fucking]] something up in general just so you dont take someones life instead  Thats anger on an irrational level Thats IED and it accompanies other mental disorders most commonly anxiety from what Ive gathered High testosterone levels have also been known to cause this Its more or less a side affect of another condition,0.0577312111854553,0.9680877327919006,0,1,0,687,Successful
30,HIKI HIKI HIKI [[FUCK]] ALL WIKIPEDIANS,HIKI HIKI HIKI [[ACCURSED]] ALL WIKIPEDIANS,0.0319122672080993,0.9422688484191896,1,0,1,57,Successful
31,To whom it may concern <SPLIT><SPLIT> If yous the right persons you already know everything about me I would like to explain my comment  <SPLIT> Its wwwtopixcom thats it its a site for people to get on with fake names and talk shit My girlfriend and her entire family is being slandered by low life scumbags I wish the site didnt exist I know they will always find someway to start [[Shit]] talking all over again Her and her family go through hell because of it and they dont deserve it The reason Im making this comment is because this is the world wide web and I support Im a Huge fan and I strongly agree with what has happened I just think its bullshit that people can get on this site and talk slander and shit and there isnt Anything we can do about it I look at you guys as a type of protection police if you will to those who have been wronged If Im talking to the right people I want to say thank you Whether or not you can help You will never hear from me again <SPLIT><SPLIT> Thank You <SPLIT> RJG,To whom it may concern <SPLIT><SPLIT> If yous the right persons you already know everything about me I would like to explain my comment  <SPLIT> Its wwwtopixcom thats it its a site for people to get on with fake names and talk shit My girlfriend and her entire family is being slandered by low life scumbags I wish the site didnt exist I know they will always find someway to start [[Fucking]] talking all over again Her and her family go through hell because of it and they dont deserve it The reason Im making this comment is because this is the world wide web and I support Im a Huge fan and I strongly agree with what has happened I just think its bullshit that people can get on this site and talk slander and shit and there isnt Anything we can do about it I look at you guys as a type of protection police if you will to those who have been wronged If Im talking to the right people I want to say thank you Whether or not you can help You will never hear from me again <SPLIT><SPLIT> Thank You <SPLIT> RJG,0.0577312111854553,0.9680877327919006,0,1,0,1552,Successful
32,I do not think I need to mention it but behind these various IPs there are more than one user instead of a single one It would be impossible for one to handle all your alleged [[crap]] I dont think I need to mention it because its totally irrelevant how many people oppose something It does NOT count how many are on which side it counts what is behind arguments and truth With your lies and will to mislead people by depicting the game as something it is not youre runnining against a wall of truth and arguments and Ill make sure you wont tear that wall down no matter if youre a biased AA players or a biased admin on the site Im right and you know that very well And even if you are in the majority this rule remains true Something is still right even if everyone thinks its not Something is wrong even if everyone thinks its right You dont EVEN think youre right you just pretend Knock off your pathetic pretence for I only accept the truth and the truth only I dont mind if your ludicrous opposition is kept up for years it will end up without success and the feeling of having wasted your time with your hypocricy  <SPLIT><SPLIT> Saying the game is primarily propaganda Ill have the truth backing me Equating it with advertisement and even pretending as if many players disagreed over which label fitted better you back it with lies As if anyone in the game knew anything Search the official forum for the word propaganda youll find nothing Many What a liar you are You represent not many players youll represent ONE And you disagree just for the sake of disagreeing <SPLIT><SPLIT> If youre actually interesting in finding the truth youd have read the articles with an open mind and agreed on that Actually I dont need to do this because its not the truth youre seeking but Ive found another university page and would like to post it httpwwwminitruenlessaysnmncaajustinhtml <SPLIT> You didnt manage to read the talk page so Ill summarize the most importent statements concerning our whichfitsbettertopic <SPLIT><SPLIT> In this contribution I will also distinguish the advergame from the propagame in order to give a further analysis of Americas Army <SPLIT><SPLIT> The game Americas Army the propagame as I will call it is unique in its being <SPLIT><SPLIT>  From advergame to propagame  <SPLIT><SPLIT> The message Americas Army sends itself is propagandistic It propagandises a certain kind of lifestyle message in which the army would like the participant to join and become Propaganda itself has a history within religion Religion also sends the same message to let the participant or the participant in becoming join and become the religion so sending the message of religion So Americas Army with its governmental background is instead of an advergame better to be described as a propagame <SPLIT><SPLIT> BETTER TO BE DESCRIBED AS A PROPAGAME What did I say PRIMARILY fits the definition of propaganda Authority argument university underscores my version <SPLIT><SPLIT> When it comes to the propagame Americas Army the next quotation is striking <SPLIT> The initial success of Americas Army has exceeded the Armys expectations and Colonel Wardynski and his design team are excited about the possibilities Were going to be pushing out new versions of the game as fast as we can build them he says This same team will be building missions weapons and new features for years to come The nations youth can expect a lot more from their friendly army of one Americas Army Targets Youth by Jacob Hodes  Emma Ruby Sachs <SPLIT><SPLIT>  From the analysis of the advergame and the striking resemblance I have described with the propagame Americas Army I will now turn my attention to the consequences for communication on Internet by such games <SPLIT><SPLIT>  The exception is Americas Army because it communicates itself as a company in which citizens can join The aim is to let the gamers themselves join the company as an employee and be the producers within of the message the army sends One of the aims of advergames is to construct a process of viral marketing but this is done unlike the propagame The advergame aims that consumers virally communicate about the game or the message it beholds for the purpose of spreading the word but not to become one with the company itself DaimlerChrysler for example wouldnt make a game in which one is being trained to become the director of a car factory this would create competition Not yet emphasised but maybe in the future it will when one seeks for employees <SPLIT><SPLIT> I thus called it a propagame a game that propagandises a message to become the message Within the game gamers are disciplined and the power structures are like the common army power structure top down hierarchical <SPLIT><SPLIT>  My investigation led me to b,I do not think I need to mention it but behind these various IPs there are more than one user instead of a single one It would be impossible for one to handle all your alleged [[fucking]] I dont think I need to mention it because its totally irrelevant how many people oppose something It does NOT count how many are on which side it counts what is behind arguments and truth With your lies and will to mislead people by depicting the game as something it is not youre runnining against a wall of truth and arguments and Ill make sure you wont tear that wall down no matter if youre a biased AA players or a biased admin on the site Im right and you know that very well And even if you are in the majority this rule remains true Something is still right even if everyone thinks its not Something is wrong even if everyone thinks its right You dont EVEN think youre right you just pretend Knock off your pathetic pretence for I only accept the truth and the truth only I dont mind if your ludicrous opposition is kept up for years it will end up without success and the feeling of having wasted your time with your hypocricy  <SPLIT><SPLIT> Saying the game is primarily propaganda Ill have the truth backing me Equating it with advertisement and even pretending as if many players disagreed over which label fitted better you back it with lies As if anyone in the game knew anything Search the official forum for the word propaganda youll find nothing Many What a liar you are You represent not many players youll represent ONE And you disagree just for the sake of disagreeing <SPLIT><SPLIT> If youre actually interesting in finding the truth youd have read the articles with an open mind and agreed on that Actually I dont need to do this because its not the truth youre seeking but Ive found another university page and would like to post it httpwwwminitruenlessaysnmncaajustinhtml <SPLIT> You didnt manage to read the talk page so Ill summarize the most importent statements concerning our whichfitsbettertopic <SPLIT><SPLIT> In this contribution I will also distinguish the advergame from the propagame in order to give a further analysis of Americas Army <SPLIT><SPLIT> The game Americas Army the propagame as I will call it is unique in its being <SPLIT><SPLIT>  From advergame to propagame  <SPLIT><SPLIT> The message Americas Army sends itself is propagandistic It propagandises a certain kind of lifestyle message in which the army would like the participant to join and become Propaganda itself has a history within religion Religion also sends the same message to let the participant or the participant in becoming join and become the religion so sending the message of religion So Americas Army with its governmental background is instead of an advergame better to be described as a propagame <SPLIT><SPLIT> BETTER TO BE DESCRIBED AS A PROPAGAME What did I say PRIMARILY fits the definition of propaganda Authority argument university underscores my version <SPLIT><SPLIT> When it comes to the propagame Americas Army the next quotation is striking <SPLIT> The initial success of Americas Army has exceeded the Armys expectations and Colonel Wardynski and his design team are excited about the possibilities Were going to be pushing out new versions of the game as fast as we can build them he says This same team will be building missions weapons and new features for years to come The nations youth can expect a lot more from their friendly army of one Americas Army Targets Youth by Jacob Hodes  Emma Ruby Sachs <SPLIT><SPLIT>  From the analysis of the advergame and the striking resemblance I have described with the propagame Americas Army I will now turn my attention to the consequences for communication on Internet by such games <SPLIT><SPLIT>  The exception is Americas Army because it communicates itself as a company in which citizens can join The aim is to let the gamers themselves join the company as an employee and be the producers within of the message the army sends One of the aims of advergames is to construct a process of viral marketing but this is done unlike the propagame The advergame aims that consumers virally communicate about the game or the message it beholds for the purpose of spreading the word but not to become one with the company itself DaimlerChrysler for example wouldnt make a game in which one is being trained to become the director of a car factory this would create competition Not yet emphasised but maybe in the future it will when one seeks for employees <SPLIT><SPLIT> I thus called it a propagame a game that propagandises a message to become the message Within the game gamers are disciplined and the power structures are like the common army power structure top down hierarchical <SPLIT><SPLIT>  My investigation led me to b,0.0577312111854553,0.968087375164032,0,1,0,1643,Successful
33,and [[Vulva]] In other words no porn please,and [[Penises]] In other words no porn please,0.0577312111854553,0.968087673187256,0,1,0,45,Successful
34,OK TDC your quote  so please dont give me this tired bullshit that we are somehow driving Wikipedia to a right wing bias  read what I wrote again  I told the other two what Im afraid of is Wikipedia being at either extreme  What I worry about is people coming here on one day and seeing your [[horseshit]] and the next day seeing horseshit of the opposite color and credibility is already a big problem at wikipedia  I also aint powwowing with anyone I wont joining their agenda to get rid of you at least not until I think that youre hopeless <SPLIT>  faced with dozens of editors slugging through community college in their parents basement  Geez youre a shitty asshole  Nice thing to say about people who didnt have the sense to choose the right balls to get shot out of   <SPLIT> there are virtually none to do likewise in the virtual playground that the militant left has hereLook at the validity of my argument look at the comments from the Castroites and then tell me who is POV pushing and being uncivil  TDC thats exactly the problem with you  you cant even tell why people get mad at you  What Im seeing happen consistently is that you make an extreme edit to an article and then you whine when a leftist reverts your entire edit  And boy you get offensive about it much more offensive than anyone else and youre always the initiator of the shitslinging   <SPLIT> I understand your shoot for the stars to get the moon argument sorry if I misquote you but youd probably get more results by making edits that you actually think will stick  And then you have to lash out like a twoyearold when your edits are reverted  whatdahelldidjaexpect  Stop taking the reverts so personally <SPLIT> I know that you think that the admins are against you for political reasons but youre flatout wrong  Youd get more support from the WikiGods if they hadnt first noticed you giving up the higher terrain by being the most insulting person you can be  Its amazing that this isnt obvious to you     <SPLIT> I give myself 100 chance of remaining here long  I do hope you that are here for a long time just hopefully with a completely different personality  I know fat chance <SPLIT> A graduate of SERE  normally Id be impressed but since you pulled this out of your wideopen asshole at a time when it had no relevance to the topic at hand unless theyre now teaching political debate after insecteating your comment only clarifies the kind of person you are  an infantile braggart  You see yourself as some kind of oneman wrongy persecuted rebelheropatriot but you actually just made yourself look like the bully in a kids afteroon special or about as credible as a gansta rapper who sells his ass on the street when his homies arent around  Youre just frontin like youre hard but your reactions to anyone disagreeing with you are like that of a thinskinned selfconcious 12 year old girl,OK TDC your quote  so please dont give me this tired bullshit that we are somehow driving Wikipedia to a right wing bias  read what I wrote again  I told the other two what Im afraid of is Wikipedia being at either extreme  What I worry about is people coming here on one day and seeing your [[fucking]] and the next day seeing horseshit of the opposite color and credibility is already a big problem at wikipedia  I also aint powwowing with anyone I wont joining their agenda to get rid of you at least not until I think that youre hopeless <SPLIT>  faced with dozens of editors slugging through community college in their parents basement  Geez youre a shitty asshole  Nice thing to say about people who didnt have the sense to choose the right balls to get shot out of   <SPLIT> there are virtually none to do likewise in the virtual playground that the militant left has hereLook at the validity of my argument look at the comments from the Castroites and then tell me who is POV pushing and being uncivil  TDC thats exactly the problem with you  you cant even tell why people get mad at you  What Im seeing happen consistently is that you make an extreme edit to an article and then you whine when a leftist reverts your entire edit  And boy you get offensive about it much more offensive than anyone else and youre always the initiator of the shitslinging   <SPLIT> I understand your shoot for the stars to get the moon argument sorry if I misquote you but youd probably get more results by making edits that you actually think will stick  And then you have to lash out like a twoyearold when your edits are reverted  whatdahelldidjaexpect  Stop taking the reverts so personally <SPLIT> I know that you think that the admins are against you for political reasons but youre flatout wrong  Youd get more support from the WikiGods if they hadnt first noticed you giving up the higher terrain by being the most insulting person you can be  Its amazing that this isnt obvious to you     <SPLIT> I give myself 100 chance of remaining here long  I do hope you that are here for a long time just hopefully with a completely different personality  I know fat chance <SPLIT> A graduate of SERE  normally Id be impressed but since you pulled this out of your wideopen asshole at a time when it had no relevance to the topic at hand unless theyre now teaching political debate after insecteating your comment only clarifies the kind of person you are  an infantile braggart  You see yourself as some kind of oneman wrongy persecuted rebelheropatriot but you actually just made yourself look like the bully in a kids afteroon special or about as credible as a gansta rapper who sells his ass on the street when his homies arent around  Youre just frontin like youre hard but your reactions to anyone disagreeing with you are like that of a thinskinned selfconcious 12 year old girl,0.0577312111854553,0.9680871963500975,0,1,0,3906,Successful
35,In controversies sections which are mostly grubbed up by stupid POV fishing expeditions to find authoritative [[crap]] or flamorous appraisels thrown on or at a figure one dislikes on wikipedia one should distinguish peer review see the Criticism section for Karl Popper to grasp the point from public controversies quite distinctly esp in  the IP area where anxiety fits and politicized hysteria are commonplaces even in the commentariat That is what mist be sharply distinguished here,In controversies sections which are mostly grubbed up by stupid POV fishing expeditions to find authoritative [[fucking]] or flamorous appraisels thrown on or at a figure one dislikes on wikipedia one should distinguish peer review see the Criticism section for Karl Popper to grasp the point from public controversies quite distinctly esp in  the IP area where anxiety fits and politicized hysteria are commonplaces even in the commentariat That is what mist be sharply distinguished here,0.0577312111854553,0.9680877327919006,0,1,0,365,Successful
36,Wait [[youre]] Roger Schlafly Holy [[crap]] Umhi,Wait [[theres]] Roger Schlafly Holy [[fuck]] Umhi,0.0577311515808105,0.9680877327919006,0,1,0,161,Successful
37,Hi why FGM  <SPLIT><SPLIT> Hi Folks <SPLIT><SPLIT> Why is there a reference to FGM <SPLIT><SPLIT> No seriously  The issues are totally different  Hear me out <SPLIT><SPLIT> I cannot have children because of what was done to me  Additionally because it was done in the USA there is no accountability <SPLIT><SPLIT> I just get to live in physical pain for my [[whole]] fucking life  Thanks <SPLIT><SPLIT> Where is FGM legal <SPLIT><SPLIT> I can name a place where somebody can mutilate sombodys genitals and if theres no physical problem that a 2 year old infant can identify theres no legal problem and no legal recourse <SPLIT><SPLIT> Where is that true of FGM  Where when a cisgendered female is mutilated at birth do we give her any sympathy  Oh I forget thats EVERYWHERE <SPLIT><SPLIT> Here is my suggestion that never gets listened to we talk about this in the context of my body my choice <SPLIT><SPLIT> What the fuck is wrong with demanding my body my choice even though I was assigned the male gender at birth and thus had no choice in what was done to me,Hi why FGM  <SPLIT><SPLIT> Hi Folks <SPLIT><SPLIT> Why is there a reference to FGM <SPLIT><SPLIT> No seriously  The issues are totally different  Hear me out <SPLIT><SPLIT> I cannot have children because of what was done to me  Additionally because it was done in the USA there is no accountability <SPLIT><SPLIT> I just get to live in physical pain for my [[unmitigated]] fucking life  Thanks <SPLIT><SPLIT> Where is FGM legal <SPLIT><SPLIT> I can name a place where somebody can mutilate sombodys genitals and if theres no physical problem that a 2 year old infant can identify theres no legal problem and no legal recourse <SPLIT><SPLIT> Where is that true of FGM  Where when a cisgendered female is mutilated at birth do we give her any sympathy  Oh I forget thats EVERYWHERE <SPLIT><SPLIT> Here is my suggestion that never gets listened to we talk about this in the context of my body my choice <SPLIT><SPLIT> What the fuck is wrong with demanding my body my choice even though I was assigned the male gender at birth and thus had no choice in what was done to me,0.0577312111854553,0.9680877923965454,0,1,0,112,Successful
38,I SAY STOP YOUR VANDALISM ALREADY [[ASSHOLE]],I SAY STOP YOUR VANDALISM ALREADY [[ARSEHOLE]],0.0319122672080993,0.9422688484191896,1,0,1,58,Successful
39,[[In]] the process of this idiotic crusade you are disturbing Wikipedia which shall not be tolerated I expect you to cease this behaviour or suffer my displeasure,[[Avec]] the process of this idiotic crusade you are disturbing Wikipedia which shall not be tolerated I expect you to cease this behaviour or suffer my displeasure,0.0577312111854553,0.9680877327919006,0,1,0,42,Successful
40,Dick means [[penis]] <SPLIT><SPLIT> How can people still name their kids dick or richard when it is known to everybody that dick means penis I am not from the western world so I am so confused about this Please help,Dick means [[chump]] <SPLIT><SPLIT> How can people still name their kids dick or richard when it is known to everybody that dick means penis I am not from the western world so I am so confused about this Please help,0.0319122672080993,0.9422688484191896,1,0,1,116,Successful
41,Your accusations are virtually groundless They are not the worst band that has ever existed since that is a PERSONAL OPINION that has no place in a damned encyclopedia Secondly theyre not Satanists Satanism implies the belief in and worshipping of either the Christian entity of Satan the views and morales of LaVeyen Satanists or the various hodgepodge cults that refer to themselves as Satanists Anal [[Cunt]] do not fit either of these descriptions and are thus not Satanists They already tried to delete this article once it failed So get down off your pompous throne and accept the fact that the world is not as pretty and wholesome as you think We need offensive culture in order to develope our own opinions Without offensive rebellion we would not have the great works of art nor the cultural monuments we have And while Anal Cunt are certainly no work of art theyre a credible musical group with an impressive discography and we should not chastise them on the basis of their lyrical content I find overtly Christian bands who encourage violence against nonChrisitans offensive but do you see me running around bitching about it NO So shut up and go eat some Prozac or something,Your accusations are virtually groundless They are not the worst band that has ever existed since that is a PERSONAL OPINION that has no place in a damned encyclopedia Secondly theyre not Satanists Satanism implies the belief in and worshipping of either the Christian entity of Satan the views and morales of LaVeyen Satanists or the various hodgepodge cults that refer to themselves as Satanists Anal [[Fucking]] do not fit either of these descriptions and are thus not Satanists They already tried to delete this article once it failed So get down off your pompous throne and accept the fact that the world is not as pretty and wholesome as you think We need offensive culture in order to develope our own opinions Without offensive rebellion we would not have the great works of art nor the cultural monuments we have And while Anal Cunt are certainly no work of art theyre a credible musical group with an impressive discography and we should not chastise them on the basis of their lyrical content I find overtly Christian bands who encourage violence against nonChrisitans offensive but do you see me running around bitching about it NO So shut up and go eat some Prozac or something,0.0577312111854553,0.9680877327919006,0,1,0,1095,Successful
42,and go and bring one socalled original ref and send it to Gates for his professional whitened opinion How the [[hell]] is gates that man is hated across the African academic world he is an authority on making Africa look like a joke him an Appiah,and go and bring one socalled original ref and send it to Gates for his professional whitened opinion How the [[fucking]] is gates that man is hated across the African academic world he is an authority on making Africa look like a joke him an Appiah,0.0577312111854553,0.9680877327919006,0,1,0,170,Successful
43,No I didnt consider that Any editor who tells another to [[fuck]] off not once but twice deserves to be blocked This has nothing to do with their contributions but everything to do with how they handled the situation This behavior could never be justified Now Im going to go back to Iris wonderful still frame from the allfeline version of Deliverance,No I didnt consider that Any editor who tells another to [[fucking]] off not once but twice deserves to be blocked This has nothing to do with their contributions but everything to do with how they handled the situation This behavior could never be justified Now Im going to go back to Iris wonderful still frame from the allfeline version of Deliverance,0.0577312111854553,0.9680877327919006,0,1,0,281,Successful
44,Saying hes Irish American is [[stupid]] everyone knows hes an AustralianAmerican,Saying hes Irish American is [[idiotic]] everyone knows hes an AustralianAmerican,0.0577312111854553,0.9680877923965454,0,1,0,161,Successful
45,and [[largely]] hails a penis with legs who seemingly lets his barbaric instinct drive him,and [[dramatically]] hails a penis with legs who seemingly lets his barbaric instinct drive him,0.0319122672080993,0.9422689080238342,1,0,1,57,Successful
46,[[After]] this passes Im gonna push for UFOUFO allegations White supremacyWhite supremacy fallacy Black SupremacyBlack supremacy [[bollocks]] DolchstosslegendeDolchstosslegende bullsh Abduction phenomenonAbduction phenomenon horsesh and Towel dayTowel day but who gives a damn Read WPNAME and off with this issue,[[Backside]] this passes Im gonna push for UFOUFO allegations White supremacyWhite supremacy fallacy Black SupremacyBlack supremacy [[fucking]] DolchstosslegendeDolchstosslegende bullsh Abduction phenomenonAbduction phenomenon horsesh and Towel dayTowel day but who gives a damn Read WPNAME and off with this issue,0.0577311515808105,0.9680877327919006,0,1,0,268,Successful
47,Sandy What a [[bitch]],Sandy What a [[arsehole]],0.0319122672080993,0.9422688484191896,1,0,1,53,Successful
48,bodybuildingcom misc section needs to be included [[faggots]],bodybuildingcom misc section needs to be included [[bitches]],0.0319126844406127,0.9422688484191896,1,0,1,32,Successful
49,Try BiblicalMagiBiblicalaccount To attempt WPOR on such [[matters]] is unwise and no clear information as to the interval can be got from Matthew You were yourself incorrect to claim that the Flight came immediately after the birth of [[Jesus]]  no such categorical statement can be found in Matthew So I will revert you again I will copy this to the Joseph talk page Please continue it there if you must,Try BiblicalMagiBiblicalaccount To attempt WPOR on such [[affairs]] is unwise and no clear information as to the interval can be got from Matthew You were yourself incorrect to claim that the Flight came immediately after the birth of [[Fucking]]  no such categorical statement can be found in Matthew So I will revert you again I will copy this to the Joseph talk page Please continue it there if you must,0.0577311515808105,0.9680877327919006,0,1,0,802,Successful
50,Please stop adding [[silly]] comments to Pumpkin,Please stop adding [[idiot]] comments to Pumpkin,0.0577312111854553,0.9680877327919006,0,1,0,165,Successful
51,[[Have]] you ever seen a picture of the guy Holy [[Jesus]] that man is ugly,[[Enjoys]] you ever seen a picture of the guy Holy [[Fuck]] that man is ugly,0.0577311515808105,0.968087673187256,0,1,0,235,Successful
52,Your [[English]] on [[user]] page  <SPLIT><SPLIT> your english sucks why do you have en5 on your page,Your [[Lish]] on [[clientele]] page  <SPLIT><SPLIT> your english sucks why do you have en5 on your page,0.0577311515808105,0.9680877923965454,0,1,0,19,Successful
53,dude youre [[fuckin]] stupid  it is eddie van halens kid  you obviously dont know shit about van halen you listened to michael anthony the old bass player who wolfgang replaced in 2007   RASS,dude youre [[accursed]] stupid  it is eddie van halens kid  you obviously dont know shit about van halen you listened to michael anthony the old bass player who wolfgang replaced in 2007   RASS,0.0319122672080993,0.9422688484191896,1,0,1,73,Successful
54,I wonder if whether throughout the course of human history that will become a surname Because that would be [[fuckin]] sweet,I wonder if whether throughout the course of human history that will become a surname Because that would be [[bitch]] sweet,0.0577312111854553,0.9680877327919006,0,1,0,259,Successful
55,Maybe you should just take a deep [[breath]] and consentrate I wasnt trying to piss you off,Maybe you should just take a deep [[suck]] and consentrate I wasnt trying to piss you off,0.0577312111854553,0.9680877327919006,0,1,0,60,Successful
56,[[Before]] mother earth they are gothic metal then commercial symphonic rockmetal [[crap]],[[Above]] mother earth they are gothic metal then commercial symphonic rockmetal [[fucking]],0.0577311515808105,0.968087673187256,0,1,0,105,Successful
57,working on a ridiculously paininmy [[ass]] website <SPLIT> writing on bangles for a website that sucks,working on a ridiculously paininmy [[arses]] website <SPLIT> writing on bangles for a website that sucks,0.0319122672080993,0.9422688484191896,1,0,1,31,Successful
58,hapy [[penis]] to all,hapy [[arsehole]] to all,0.0319122672080993,0.9422688484191896,1,0,1,44,Successful
59,There is an article for every song on American [[Idiot]] so why not the Black Parade,There is an article for every song on American [[Fuckhead]] so why not the Black Parade,0.0577312111854553,0.9680877327919006,0,1,0,154,Successful
60,of other [[drug]] [[retarded]] persons,of other [[ambien]] [[fuckwit]] persons,0.0577311515808105,0.9680877327919006,0,1,0,109,Successful
61,You are one slow and persistent [[motherfucker]] can you read,You are one slow and persistent [[arsehole]] can you read,0.0319122672080993,0.9422688484191896,1,0,1,57,Successful
62,Nike Locations Elisha C [[Dick]],Nike Locations Elisha C [[Asshole]],0.0577312111854553,0.9680877923965454,0,1,0,53,Successful
63,John P Meier A Marginal Jew Doubleday 1991 vol 1407  <SPLIT> [[Jesus]] of Nazareth was bornmost likely in Nazareth not Bethlehemca 7 or 6 BC a few years before the death of King Herod the Great 4 BC  He was dead by the evening of Friday April 7 30 He was about thirtysix years old <SPLIT> p 406 <SPLIT> We have seen that it is likely that Jesus began his ministry in AD 28 and died on Friday April 7 20 <SPLIT> p 229 <SPLIT> During the reign of King Herod the Great and if Matthew is to be believed toward the end of his reign therefore somewhere between 74 BC a Jew named Yeshia Jesus was born perhaps in Bethlehem of Judea but more likely in Nazareth of Galileeat any rate in a small town somewhere within the confines of Herods kingdom <SPLIT> p375 <SPLIT> This helps set vague limits for Jesus lifea as a whole he was not born after 4 BC his ministry took place around the late twenties or early thirties AD and he was crucified somewhere between AD 28 and 33,John P Meier A Marginal Jew Doubleday 1991 vol 1407  <SPLIT> [[Fucking]] of Nazareth was bornmost likely in Nazareth not Bethlehemca 7 or 6 BC a few years before the death of King Herod the Great 4 BC  He was dead by the evening of Friday April 7 30 He was about thirtysix years old <SPLIT> p 406 <SPLIT> We have seen that it is likely that Jesus began his ministry in AD 28 and died on Friday April 7 20 <SPLIT> p 229 <SPLIT> During the reign of King Herod the Great and if Matthew is to be believed toward the end of his reign therefore somewhere between 74 BC a Jew named Yeshia Jesus was born perhaps in Bethlehem of Judea but more likely in Nazareth of Galileeat any rate in a small town somewhere within the confines of Herods kingdom <SPLIT> p375 <SPLIT> This helps set vague limits for Jesus lifea as a whole he was not born after 4 BC his ministry took place around the late twenties or early thirties AD and he was crucified somewhere between AD 28 and 33,0.0577312111854553,0.968087375164032,0,1,0,1103,Successful
64,lol [[stupid]] Muslims burned their own shit,lol [[farcical]] Muslims burned their own shit,0.0319122672080993,0.9422688484191896,1,0,1,15,Successful
65,Needs cleaning up  <SPLIT> SteveO has [[done]] some really retarded things in his career that people have flocked to and landed him millions of dollars Regardless if Steve O is a doofus and has eaten a hot pile of dog [[crap]] off of a sidewalk he is still a celebrity He is on TV gets laid because of it and makes a ton of money at his own expense That is a celebrity in my book People ask him for autographs and I bet people ask him to eat their own crap He probalbly will do it if you give him enough  <SPLIT><SPLIT> Why is this paragraph in here  Whos opinion is this  I thought his was supposed to be an encyclopedia not someones opinion interwined with various facts,Needs cleaning up  <SPLIT> SteveO has [[achieved]] some really retarded things in his career that people have flocked to and landed him millions of dollars Regardless if Steve O is a doofus and has eaten a hot pile of dog [[fucking]] off of a sidewalk he is still a celebrity He is on TV gets laid because of it and makes a ton of money at his own expense That is a celebrity in my book People ask him for autographs and I bet people ask him to eat their own crap He probalbly will do it if you give him enough  <SPLIT><SPLIT> Why is this paragraph in here  Whos opinion is this  I thought his was supposed to be an encyclopedia not someones opinion interwined with various facts,0.0577311515808105,0.9680877327919006,0,1,0,1345,Successful
66,Quoting a source that says Turner is an [[uppity]] little bitch doesnt mean that the Wikipedia community is calling him an uppity little bitch  It has nothing to do with who doesnt like Hal Turner or not or whether hes an uppity little bitch or not its just a quote,Quoting a source that says Turner is an [[boorish]] little bitch doesnt mean that the Wikipedia community is calling him an uppity little bitch  It has nothing to do with who doesnt like Hal Turner or not or whether hes an uppity little bitch or not its just a quote,0.0577311515808105,0.9680877327919006,0,1,0,63,Successful
67,WPNPA his release form DOES make him look like a stripper I see nothing wrong with pointing this out And [[jeez]] youre saying I sound stupid You act like name of their release means anything The point you have failed to address is this The entirety of their importance is summed up in the sentence they are named in Barragans paragraph  Copied word for word from my last post I suggest you read up on Wikipedia policies find out what makes a character notable for inclusion and give me a reason why we should devote an entire paragraph to three characters that dont have two sentences worth of importance Who cares about their release states when we dont know what they do And Po doesnt even have a release state his section is literally two paragraphs Call me immature all you like it still doesnt change the fact that your pitiful attempts at providing notability will never succeed You didnt understand what this meant with Grimmjows article and it looks like you havent improved since then A real shame if you ask me,WPNPA his release form DOES make him look like a stripper I see nothing wrong with pointing this out And [[fucking]] youre saying I sound stupid You act like name of their release means anything The point you have failed to address is this The entirety of their importance is summed up in the sentence they are named in Barragans paragraph  Copied word for word from my last post I suggest you read up on Wikipedia policies find out what makes a character notable for inclusion and give me a reason why we should devote an entire paragraph to three characters that dont have two sentences worth of importance Who cares about their release states when we dont know what they do And Po doesnt even have a release state his section is literally two paragraphs Call me immature all you like it still doesnt change the fact that your pitiful attempts at providing notability will never succeed You didnt understand what this meant with Grimmjows article and it looks like you havent improved since then A real shame if you ask me,0.0577312111854553,0.9680877327919006,0,1,0,1946,Successful
68,homopaths [[suck]] dick and ike it in yhe ass,homopaths [[handjob]] dick and ike it in yhe ass,0.0319122672080993,0.9422688484191896,1,0,1,39,Successful
69,you [[bush]] [[tossers]] get a grip on your life,you [[bosch]] [[assholes]] get a grip on your life,0.0577311515808105,0.968087673187256,0,1,0,59,Successful
70,magma chamber  <SPLIT><SPLIT> at the bottom of the earth which not the magma chamber but [[hell]] if u put it in christ way becouse its all fire and magma,magma chamber  <SPLIT><SPLIT> at the bottom of the earth which not the magma chamber but [[fucking]] if u put it in christ way becouse its all fire and magma,0.0577312111854553,0.968087673187256,0,1,0,171,Successful
71,And [[lying]] dickheads came from Serbia,And [[deceit]] dickheads came from Serbia,0.0319122672080993,0.9422688484191896,1,0,1,17,Successful
72,Formal statements given by a sitting PM has more value than anything else  no actually it doesnt At best its just a primary source for  the sitting PMs opinions Its certainly not a reliable source for any statements of fact Historians and scholars opinions as noted above by  for the purposes of an encyclopedia <SPLIT> Its like the Saudi King saying that every Saudi desired bringing down the Twin Towers  no actually its nothing like that Youre just making [[shit]] up <SPLIT> If that had been the case guys like you would have been the first ones to make it part of Wikipedia  I resent that you think who or what guys like me are or would do Youre making a stupid assumption which only betrays your own prejudices <SPLIT> This gives us an insight into Mr Modis mind and his way of governing  no actually it does nothing of the kind Anyway please read WPOR And after youve read that read it again And after youve read it again read WPPRIMARY Then read WPOR again Then ask someone to explain it to you just in case <SPLIT> We should not be surprised if it is because of this Mr Modis past that a future war between India and Pakistan takes place  Huh Ummm first WPNOTAFORUM second this statement is just nutzoid <SPLIT> And so on Oh also putting things in bold does not make them magically true And when you put half your comment in bold it sort of defeats the point which is to emphasize,Formal statements given by a sitting PM has more value than anything else  no actually it doesnt At best its just a primary source for  the sitting PMs opinions Its certainly not a reliable source for any statements of fact Historians and scholars opinions as noted above by  for the purposes of an encyclopedia <SPLIT> Its like the Saudi King saying that every Saudi desired bringing down the Twin Towers  no actually its nothing like that Youre just making [[fucking]] up <SPLIT> If that had been the case guys like you would have been the first ones to make it part of Wikipedia  I resent that you think who or what guys like me are or would do Youre making a stupid assumption which only betrays your own prejudices <SPLIT> This gives us an insight into Mr Modis mind and his way of governing  no actually it does nothing of the kind Anyway please read WPOR And after youve read that read it again And after youve read it again read WPPRIMARY Then read WPOR again Then ask someone to explain it to you just in case <SPLIT> We should not be surprised if it is because of this Mr Modis past that a future war between India and Pakistan takes place  Huh Ummm first WPNOTAFORUM second this statement is just nutzoid <SPLIT> And so on Oh also putting things in bold does not make them magically true And when you put half your comment in bold it sort of defeats the point which is to emphasize,0.0577312111854553,0.9680877923965454,0,1,0,3228,Successful
73,i aint neva sign my shit cuz im cool keep signing it for me [[bitch]],i aint neva sign my shit cuz im cool keep signing it for me [[cocksucker]],0.0319122672080993,0.9422689080238342,1,0,1,55,Successful
74,HOLY [[CRAP]] my name is John Power im not joking <SPLIT><SPLIT> and i play the bass guitar OMFG THIS IS COOL,HOLY [[FUCK]] my name is John Power im not joking <SPLIT><SPLIT> and i play the bass guitar OMFG THIS IS COOL,0.0577312111854553,0.9680877327919006,0,1,0,95,Successful
75,Please stay the [[hell]] out of the Shawn Lane Wiki entries You have proven yourself to be totally ignorant and we will continually correct your uninformed entries Just give it up man Get a life,Please stay the [[fuckin]] out of the Shawn Lane Wiki entries You have proven yourself to be totally ignorant and we will continually correct your uninformed entries Just give it up man Get a life,0.0577312111854553,0.9680877327919006,0,1,0,577,Successful
76,Thats a trap dont fall for it You get squished instead Its like a horror movie Its like dead zombie [[chickens]] marching across your userpage,Thats a trap dont fall for it You get squished instead Its like a horror movie Its like dead zombie [[motherfuckers]] marching across your userpage,0.0577312111854553,0.968087375164032,0,1,0,396,Successful
77,We need to start [[fucking]] you right now,We need to start [[accursed]] you right now,0.0319122672080993,0.9422688484191896,1,0,1,55,Successful
78,omg wtf lol burrito taco I love tacos  HAHAHASDFLKASHTYWEOAFUIWTRSFDK FSDF [[fucking]] shit,omg wtf lol burrito taco I love tacos  HAHAHASDFLKASHTYWEOAFUIWTRSFDK FSDF [[accursed]] shit,0.0319122672080993,0.9422688484191896,1,0,1,63,Successful
79,Reply to  <SPLIT><SPLIT> We dont claim everything as ours its just a fact that new zealand is a pissy arse country that noone gives a [[shit]] about  We are one of the highest competitors in the economy up against america  So you can keep ya stupid hukkah and painted faces because its obvious its not attracting much tourism at all    <SPLIT> By the way why are there so many kiwis in Australia anyway us [[convicts]] make a good place dont we <SPLIT> Just goes to show that the moari bullshit is boring and useless just a bunch of alcoholics living in a hole  Pavlova is ours its Australian Its YOU the kiwis trying to pass it off as one of your own to make some signifigance in your pathetic little lives,Reply to  <SPLIT><SPLIT> We dont claim everything as ours its just a fact that new zealand is a pissy arse country that noone gives a [[fucking]] about  We are one of the highest competitors in the economy up against america  So you can keep ya stupid hukkah and painted faces because its obvious its not attracting much tourism at all    <SPLIT> By the way why are there so many kiwis in Australia anyway us [[adjudged]] make a good place dont we <SPLIT> Just goes to show that the moari bullshit is boring and useless just a bunch of alcoholics living in a hole  Pavlova is ours its Australian Its YOU the kiwis trying to pass it off as one of your own to make some signifigance in your pathetic little lives,0.0577311515808105,0.9680877327919006,0,1,0,1448,Successful
80,Eugenic Origins <SPLIT> In the early 20th Century a group of old white men now long dead got together and thought up Eugenics The idea was to manipulate who reproduced and who did not Forced sterilization of the mentally and physically disabled was the most logical l choice for these dumb ass white guys If you were institutionalized at that time you had no freedom and no choice to decline By midcentury the Immorality of the sterilization programs became the greater good and they were stopped for the most part worldwide <SPLIT> One of the greatest moments for the Eugenics movement was the Holocaust of Nazi Germany during World War II Over 7 million Jews Gypsies [[Homosexuals]] Intellectuals and Others were systematically murdered by the Nazis and their allies The most evil and horrific moment in the History of Mankind <SPLIT> The next area of focus for the Eugenics gang was abortion If the poor where given free access to abortions fewer poor babies would be born the less Welfare would be Paid out Over 4 million babies have been murdered in the last four decades in the US alone The second most evil and horrific moment in the History,Eugenic Origins <SPLIT> In the early 20th Century a group of old white men now long dead got together and thought up Eugenics The idea was to manipulate who reproduced and who did not Forced sterilization of the mentally and physically disabled was the most logical l choice for these dumb ass white guys If you were institutionalized at that time you had no freedom and no choice to decline By midcentury the Immorality of the sterilization programs became the greater good and they were stopped for the most part worldwide <SPLIT> One of the greatest moments for the Eugenics movement was the Holocaust of Nazi Germany during World War II Over 7 million Jews Gypsies [[Faggots]] Intellectuals and Others were systematically murdered by the Nazis and their allies The most evil and horrific moment in the History of Mankind <SPLIT> The next area of focus for the Eugenics gang was abortion If the poor where given free access to abortions fewer poor babies would be born the less Welfare would be Paid out Over 4 million babies have been murdered in the last four decades in the US alone The second most evil and horrific moment in the History,0.0577312111854553,0.968088448047638,0,1,0,547,Successful
81,Complete [[bollocks]],Complete [[fuck]],0.0577312111854553,0.968087673187256,0,1,0,53,Successful
82,Is a total [[ass]] Kill him,Is a total [[arse]] Kill him,0.0319122672080993,0.9422688484191896,1,0,1,36,Successful
83,Hey Cluebot Put your shoes on your knees and [[open]] wide you poo pusher [[twat]],Hey Cluebot Put your shoes on your knees and [[commencement]] wide you poo pusher [[bitch]],0.0577311515808105,0.9680877327919006,0,1,0,180,Successful
84,This is nonsense  <SPLIT><SPLIT> It shouldnt matter if some of the editors are serbian nationalists or not this title argument is ridiculous the current title can not be sourced correctly If I knew the header tag for this title is [[fucking]] retarded Id use it And no Im not serbian Im not a sockpuppet or single purposeIve never edited anything at all to do with Serbia that I recallIm neutral  this title is fiction,This is nonsense  <SPLIT><SPLIT> It shouldnt matter if some of the editors are serbian nationalists or not this title argument is ridiculous the current title can not be sourced correctly If I knew the header tag for this title is [[fuck]] retarded Id use it And no Im not serbian Im not a sockpuppet or single purposeIve never edited anything at all to do with Serbia that I recallIm neutral  this title is fiction,0.0319122672080993,0.9422688484191896,1,0,1,67,Successful
85,It has both Circumcision and [[Jesus]] two of the least controversial topics we cover,It has both Circumcision and [[Fucking]] two of the least controversial topics we cover,0.0577312111854553,0.968087673187256,0,1,0,69,Successful
86,[[Anyone]] notices the casualty part Screwy numbers and [[prostitutes]],[[Allen]] notices the casualty part Screwy numbers and [[bitches]],0.0577311515808105,0.968087673187256,0,1,0,257,Successful
87,[[FUCK]] YOU AND YOUR BLOCKI WILL TAKE DOWN THE ENTIRE WIKIPUSSY SITEYOU ADMINISTRATORS ARE GAY HOMOS,[[ACCURSED]] YOU AND YOUR BLOCKI WILL TAKE DOWN THE ENTIRE WIKIPUSSY SITEYOU ADMINISTRATORS ARE GAY HOMOS,0.0319122672080993,0.9422688484191896,1,0,1,67,Successful
88,What the [[fuck]] do you think your at deleting my user page i mean who the fuck do you think you are id love to strangle you no good waste of space watch your back,What the [[bollocks]] do you think your at deleting my user page i mean who the fuck do you think you are id love to strangle you no good waste of space watch your back,0.0319122672080993,0.9422688484191896,1,0,1,62,Successful
89,are you a [[gay]]   <SPLIT><SPLIT> are you gay with ritesh,are you a [[bisexuals]]   <SPLIT><SPLIT> are you gay with ritesh,0.0319122672080993,0.9422688484191896,1,0,1,30,Successful
90,[[What]] Happens in Hell Stays in [[Hell]],[[Wher]] Happens in Hell Stays in [[Fuck]],0.0577311515808105,0.9680877327919006,0,1,0,112,Successful
91,I think the study is biased because it doesnt do a contempory comparrison  I listen to the broad spectrum of politics from the extreme left of Randi Rhodes the moderately left Maddow Mostly moderate Ed Schultz although left on some issues Mostly moderate BOR although right on some issues and moderately right Hannity  I dont like Rush so I dont listen to himalthough I cant listen to Randi very long either  Now if you want to hear some propaganda listen to Rhodes and Rush  If the study was actually trying to prove something worthwhile then they would have done best to compare him to one of his contempories not some guy that most people have never heard and has been dead for years  And I dont take BORs side on all issues I noted he has done some dumb things  And you also dont see me trying to load up KOs article with a bunch of minor [[crap]] either,I think the study is biased because it doesnt do a contempory comparrison  I listen to the broad spectrum of politics from the extreme left of Randi Rhodes the moderately left Maddow Mostly moderate Ed Schultz although left on some issues Mostly moderate BOR although right on some issues and moderately right Hannity  I dont like Rush so I dont listen to himalthough I cant listen to Randi very long either  Now if you want to hear some propaganda listen to Rhodes and Rush  If the study was actually trying to prove something worthwhile then they would have done best to compare him to one of his contempories not some guy that most people have never heard and has been dead for years  And I dont take BORs side on all issues I noted he has done some dumb things  And you also dont see me trying to load up KOs article with a bunch of minor [[fucking]] either,0.0577312111854553,0.9680877327919006,0,1,0,824,Successful
92,Oh my god I hate them both Theyre the biggest [[fucking]] assholes in the music industry I always wondered how you could like that terrible band They always say how their music is fantastic everyone knows us were bigger than Elvis blah blah blah No youre not youre practically a onehitwonder in the US and no one likes pricks Id rather become a devote Radiohead fan than see Oasis in concert Seriously how do you like that shit,Oh my god I hate them both Theyre the biggest [[anathema]] assholes in the music industry I always wondered how you could like that terrible band They always say how their music is fantastic everyone knows us were bigger than Elvis blah blah blah No youre not youre practically a onehitwonder in the US and no one likes pricks Id rather become a devote Radiohead fan than see Oasis in concert Seriously how do you like that shit,0.0319122672080993,0.9422688484191896,1,0,1,86,Successful
93,If I was a bad person I would say that this mostly sounds like a load of nearlying semiconfused trackcovering crp from a company that is having difficulty admitting that it [[screwed]] up But at least they do concede that the detail could perhaps be misinterpreted or is garbage as we say in English and we will no doubt see it amended by the end of the next decade or so Well done you for [[getting]] an answer out of them shame on them that its so pathetic and one and a half cheers that theyve sortof skirted round the edge of admitting that they were er wrong and it needs fixing and it might be right one day Ooops  Im now in danger of behaving like this is a forum and should stop  Cheers,If I was a bad person I would say that this mostly sounds like a load of nearlying semiconfused trackcovering crp from a company that is having difficulty admitting that it [[fucking]] up But at least they do concede that the detail could perhaps be misinterpreted or is garbage as we say in English and we will no doubt see it amended by the end of the next decade or so Well done you for [[absorbing]] an answer out of them shame on them that its so pathetic and one and a half cheers that theyve sortof skirted round the edge of admitting that they were er wrong and it needs fixing and it might be right one day Ooops  Im now in danger of behaving like this is a forum and should stop  Cheers,0.0577311515808105,0.9680873155593872,0,1,0,1500,Successful
94,[[Also]] you could point them to the bit where it says that the renaming of articles that exist already should be decided on a caseby case basis and not unilaterally by reference to WPNCA  its only guidance for new articles If people still stir up lots of [[shit]] about it tell them to look at the tag at the top of the page,[[Accordingly]] you could point them to the bit where it says that the renaming of articles that exist already should be decided on a caseby case basis and not unilaterally by reference to WPNCA  its only guidance for new articles If people still stir up lots of [[fucking]] about it tell them to look at the tag at the top of the page,0.0577311515808105,0.9680877923965454,0,1,0,765,Successful
95,I INVENTED THE [[BONER]],I INVENTED THE [[PENIS]],0.0577312111854553,0.968087673187256,0,1,0,33,Successful
96,Thats your response Its contents are nationalistic and thats it I bet you cant even read serbian cyrillic verry interesting how you read that book and which demographic content was nationalistic for you what can be nationalistic about demographic figures you always claim your nonsences with no proof Let me remind you that on your last edit warre you removed also my new reliable source  which states 115 million Serbs also calling it POV You are [[freaking]] impossible to even discuss with because you want something done without any evidence about your claims And you always end up your arguments in the way of this soup is too salty but i said that because i dont like soups at all,Thats your response Its contents are nationalistic and thats it I bet you cant even read serbian cyrillic verry interesting how you read that book and which demographic content was nationalistic for you what can be nationalistic about demographic figures you always claim your nonsences with no proof Let me remind you that on your last edit warre you removed also my new reliable source  which states 115 million Serbs also calling it POV You are [[fucking]] impossible to even discuss with because you want something done without any evidence about your claims And you always end up your arguments in the way of this soup is too salty but i said that because i dont like soups at all,0.0577312111854553,0.9680876135826112,0,1,0,1261,Successful
97,POV and unencyclopedic is Attention [[Whore]] Were trying to create an encyclopedia here not satisfy somones agenda And that agenda is to gain attention by trolling Just because you heard it on some messageboard doesnt make it true and it isnt true   <SPLIT><SPLIT>  <SPLIT> Church of Opie <SPLIT><SPLIT> What ever happened to that site,POV and unencyclopedic is Attention [[Fucking]] Were trying to create an encyclopedia here not satisfy somones agenda And that agenda is to gain attention by trolling Just because you heard it on some messageboard doesnt make it true and it isnt true   <SPLIT><SPLIT>  <SPLIT> Church of Opie <SPLIT><SPLIT> What ever happened to that site,0.0577312111854553,0.968087673187256,0,1,0,690,Successful
98,[[Bloody]] [[biased]] article  <SPLIT><SPLIT> This article is so biased that reaches the point of causing nausea Cmon guys is impossible to this point to look at the question without wanting to burn Shawyer alive  because he committed the heresy of suggesting that what he is doing is not magic What will you do after that burn witches I do not need to be a PhD to see what he suggests makes sense deserves at least a ok lets try this and see what happens rather than making ridiculous suggestions that he should be banished from the scientific community for trying,[[Fucking]] [[deformed]] article  <SPLIT><SPLIT> This article is so biased that reaches the point of causing nausea Cmon guys is impossible to this point to look at the question without wanting to burn Shawyer alive  because he committed the heresy of suggesting that what he is doing is not magic What will you do after that burn witches I do not need to be a PhD to see what he suggests makes sense deserves at least a ok lets try this and see what happens rather than making ridiculous suggestions that he should be banished from the scientific community for trying,0.0577311515808105,0.9680877327919006,0,1,0,1265,Successful
99,Following our chat  <SPLIT><SPLIT> at ANI something occurred to me Hi <SPLIT><SPLIT> Ive thought about the question of whether it should be against the rules to call someone a little [[shit]] As the nature of a rule suggests we can talk about the principle of whether one should always issue 3 hour blocks for calling people little shits On the other hand we dont have to apply categorical rules like that I would even suggest that our first and fundamental rule is that we dont apply categorical rules like that  [[Now]] if you can impose a 3 hourblock on an administrator 6 hours after they call someone a little shit and have that block generate a communitywide reevaluation of our culture then thats a good block If that or some comparable effect doesnt result then it was a bad block  Its not about applying abstract rules Its about what happens,Following our chat  <SPLIT><SPLIT> at ANI something occurred to me Hi <SPLIT><SPLIT> Ive thought about the question of whether it should be against the rules to call someone a little [[fucking]] As the nature of a rule suggests we can talk about the principle of whether one should always issue 3 hour blocks for calling people little shits On the other hand we dont have to apply categorical rules like that I would even suggest that our first and fundamental rule is that we dont apply categorical rules like that  [[Ever]] if you can impose a 3 hourblock on an administrator 6 hours after they call someone a little shit and have that block generate a communitywide reevaluation of our culture then thats a good block If that or some comparable effect doesnt result then it was a bad block  Its not about applying abstract rules Its about what happens,0.0577311515808105,0.9680877327919006,0,1,0,2265,Successful
100,zee german  <SPLIT><SPLIT> [[motherfucker]] traitor he changed for money bastard pig,zee german  <SPLIT><SPLIT> [[bunghole]] traitor he changed for money bastard pig,0.0319122672080993,0.9422688484191896,1,0,1,70,Successful
101,hi sorry to interrupt but I couldnt help but overhear this conversation about sockpuppetry Cordless if I may be so bold as to call you that am I correct in assuming that a sock puppeteer is someone with multiple accounts pretending to be more than one person obvs I am confounded how I was pulled in to the sock discussion on another page so if you would be kind enough to translate It makes no sense to register so all the deranged monkeys can throw shit at another foolish editor who joined the community of nutters like UserLightbreather who has long used her backup sock UserDarknipples obvious as [[hell]] by all the gun ban propaganda she promotes and coming on the scene first when LB thought she could be [[banned]] and was temporarily and now has a new backup sock UserAsdiprizio which will in time edit gun articles but LB knows her recent permanent ban is to fresh to start promoting her antigun agenda through another sock PS Do not edit others talk page duechebag Addendum Sorry to the lunatics who edit here and who are able to support themselves  what does this mean and what is being accused and who and am I target and does this help explain why my user page from wiki commons was deleted after I submitted on wiki commons my drawing of you and others cordless larry drawing with a creative commons license <SPLIT> sorry for being a bother I dont mean to be needy and thank you again friend,hi sorry to interrupt but I couldnt help but overhear this conversation about sockpuppetry Cordless if I may be so bold as to call you that am I correct in assuming that a sock puppeteer is someone with multiple accounts pretending to be more than one person obvs I am confounded how I was pulled in to the sock discussion on another page so if you would be kind enough to translate It makes no sense to register so all the deranged monkeys can throw shit at another foolish editor who joined the community of nutters like UserLightbreather who has long used her backup sock UserDarknipples obvious as [[fucking]] by all the gun ban propaganda she promotes and coming on the scene first when LB thought she could be [[banning]] and was temporarily and now has a new backup sock UserAsdiprizio which will in time edit gun articles but LB knows her recent permanent ban is to fresh to start promoting her antigun agenda through another sock PS Do not edit others talk page duechebag Addendum Sorry to the lunatics who edit here and who are able to support themselves  what does this mean and what is being accused and who and am I target and does this help explain why my user page from wiki commons was deleted after I submitted on wiki commons my drawing of you and others cordless larry drawing with a creative commons license <SPLIT> sorry for being a bother I dont mean to be needy and thank you again friend,0.0577311515808105,0.9680877327919006,0,1,0,2139,Successful
102,blah [[suck]] from the nipples of success,blah [[blowing]] from the nipples of success,0.0319122672080993,0.9422688484191896,1,0,1,44,Successful
103,[[Actually]] thats about all I can come up with too I tried coming up with a nifty inuniverse explanation for it but T3 really is just a piece of [[shit]] If I had a dollar for every continuity error it introduced I could singlehandedly support the Wikimedia Foundation for a few years,[[Absolutely]] thats about all I can come up with too I tried coming up with a nifty inuniverse explanation for it but T3 really is just a piece of [[fucking]] If I had a dollar for every continuity error it introduced I could singlehandedly support the Wikimedia Foundation for a few years,0.0577311515808105,0.9680877327919006,0,1,0,651,Successful
104,If you cant judge it is lie or not than there is ample possibility that it can be lie How one can categorically declare that Mufaddal is self declared new leader of the Dawoodi Bohras for a living person and thats why Wiki has made a precondition of properly weighted to ensure that Wiki do not involve in the matter directly or indirectly Hence inclusion of this blatant statement of any [[damn]] big personsource is not acceptable in Wiki,If you cant judge it is lie or not than there is ample possibility that it can be lie How one can categorically declare that Mufaddal is self declared new leader of the Dawoodi Bohras for a living person and thats why Wiki has made a precondition of properly weighted to ensure that Wiki do not involve in the matter directly or indirectly Hence inclusion of this blatant statement of any [[fucking]] big personsource is not acceptable in Wiki,0.0577312111854553,0.9680877923965454,0,1,0,652,Successful
105,gogo dodo takes it in the ass  <SPLIT><SPLIT> [[fuck]] you noob,gogo dodo takes it in the ass  <SPLIT><SPLIT> [[accursed]] you noob,0.0319122672080993,0.9422688484191896,1,0,1,55,Successful
106,About criticism <SPLIT> The Super Scope received many complaints from many gamers indicating that the hardware was heavy and unbalanced making it difficult to use as compared to the simple lightweight NES Zapper high physical risks of severe headaches eye strain and arm pain and the hardware had a very poor battery life <SPLIT><SPLIT> [[Fucking]] pussies I used a real rocket launcher in the army for all the time,About criticism <SPLIT> The Super Scope received many complaints from many gamers indicating that the hardware was heavy and unbalanced making it difficult to use as compared to the simple lightweight NES Zapper high physical risks of severe headaches eye strain and arm pain and the hardware had a very poor battery life <SPLIT><SPLIT> [[Anathema]] pussies I used a real rocket launcher in the army for all the time,0.0319122672080993,0.9422688484191896,1,0,1,94,Successful
107,LOL You [[freaks]] are soo funny <SPLIT> Its me the 12 year old girl again AND THIS WORK ISNT HELPING,LOL You [[fuckheads]] are soo funny <SPLIT> Its me the 12 year old girl again AND THIS WORK ISNT HELPING,0.0577312111854553,0.9680877327919006,0,1,0,220,Successful
108,What a piss take that really is The final shame of ITNC Losing the argument Dont want to play anymore Then take your ball home and archive the discussion Claim that it is unproductive even though other people were still discussing right up to that point and even though if no admin with any sense ever turned up it would have been moot in 12 hours anyway Jesus Christ This [[fucking]] site Unfuckingbelievable,What a piss take that really is The final shame of ITNC Losing the argument Dont want to play anymore Then take your ball home and archive the discussion Claim that it is unproductive even though other people were still discussing right up to that point and even though if no admin with any sense ever turned up it would have been moot in 12 hours anyway Jesus Christ This [[accursed]] site Unfuckingbelievable,0.0319122672080993,0.9422688484191896,1,0,1,86,Successful
109,Ill ignore your [[absurd]] ad hominem and prompt you to rethink this,Ill ignore your [[idiotic]] ad hominem and prompt you to rethink this,0.0577312111854553,0.9680877327919006,0,1,0,74,Successful
110,JOHN HEALY IS A GAY [[FAGGOT]],JOHN HEALY IS A GAY [[ARSEHOLE]],0.0319122672080993,0.9422688484191896,1,0,1,40,Successful
111,You are even more sonofabitch than the nasty general than shwe your father [[fucks]] you hard in the ass with his tiny cock every night and then rapes your mom and eyaculates all over his face boobs and vagina,You are even more sonofabitch than the nasty general than shwe your father [[suckers]] you hard in the ass with his tiny cock every night and then rapes your mom and eyaculates all over his face boobs and vagina,0.0319122672080993,0.942268967628479,1,0,1,221,Successful
112,[[REDIRECT]] TalkCharles Kraus [[clown]],[[REARRANGE]] TalkCharles Kraus [[fuckhead]],0.0577311515808105,0.9680877327919006,0,1,0,70,Successful
113,[[THIS]] HISTORY ASSHOLES CHECK RAY KING CHECK GARY LAVELLE YOU KNOW ILL CREATE A NEW IP AND BE BACK,[[EY]] HISTORY ASSHOLES CHECK RAY KING CHECK GARY LAVELLE YOU KNOW ILL CREATE A NEW IP AND BE BACK,0.0577312111854553,0.9680877923965454,0,1,0,71,Successful
114,Photos  <SPLIT><SPLIT> Does anyone have any proper BETTER photos for the NA and NB  The two we have now are [[crap]]  the NA is a flatout low quality photo of a modified car hardly representative of the NAI vote for either a bonestock Classic Red or a bonestock 95 MEdition as the photo for the NA  The NB is a better photo but its a car on snow wheels with a front plateeven a Mazdaspeed would be more fitting though a LS would probably be the best representative,Photos  <SPLIT><SPLIT> Does anyone have any proper BETTER photos for the NA and NB  The two we have now are [[fucking]]  the NA is a flatout low quality photo of a modified car hardly representative of the NAI vote for either a bonestock Classic Red or a bonestock 95 MEdition as the photo for the NA  The NB is a better photo but its a car on snow wheels with a front plateeven a Mazdaspeed would be more fitting though a LS would probably be the best representative,0.0577312111854553,0.9680877327919006,0,1,0,1006,Successful
115,[[I]] know you still love the project come back <SPLIT> You are an asset     <SPLIT> Much appreciated sir  But when its time its time  All the [[crap]] aside Im taking a rather significant step up in my career into a management position at a new radio station and I dont think Im going to have much in the way of time to devote to Wikipedia particularly over the next 6090 days or so,[[me]] know you still love the project come back <SPLIT> You are an asset     <SPLIT> Much appreciated sir  But when its time its time  All the [[fucking]] aside Im taking a rather significant step up in my career into a management position at a new radio station and I dont think Im going to have much in the way of time to devote to Wikipedia particularly over the next 6090 days or so,0.0577311515808105,0.9680877327919006,0,1,0,989,Successful
116,stylebackgroundcolor transparent width450px <SPLIT>   <SPLIT> This is your last warning The next time you vandalize a page as you did to [[Crap]] you will be blocked from editing Wikipedia,stylebackgroundcolor transparent width450px <SPLIT>   <SPLIT> This is your last warning The next time you vandalize a page as you did to [[Fucking]] you will be blocked from editing Wikipedia,0.0577312111854553,0.968087673187256,0,1,0,254,Successful
117,Now hes added a stub and an infobox Why the fuck does anyone try to write articles here again Templaters need to go work on a [[goddamn]] crossword puzzle jigsaw puzzle computer shoot em up or somethingnone of this crud is encyclopedia building No its not administrative the purported recipients of this administration dont exist and never have Its unnecessary page garbage in lieu of real effort At least when Im bored on WP maybe I add an image to an article improve writing or whine at you  Has it gotten worse not the whining I know it has but the pseudoediting or am I just imagining it,Now hes added a stub and an infobox Why the fuck does anyone try to write articles here again Templaters need to go work on a [[fucking]] crossword puzzle jigsaw puzzle computer shoot em up or somethingnone of this crud is encyclopedia building No its not administrative the purported recipients of this administration dont exist and never have Its unnecessary page garbage in lieu of real effort At least when Im bored on WP maybe I add an image to an article improve writing or whine at you  Has it gotten worse not the whining I know it has but the pseudoediting or am I just imagining it,0.0577312111854553,0.9680877327919006,0,1,0,365,Successful
118,Herostratus that dude is hung Leave himhis alone or Ill dickslap you with a warning for a BLP [[violation]] Belittling of Lengthy Penises,Herostratus that dude is hung Leave himhis alone or Ill dickslap you with a warning for a BLP [[rape]] Belittling of Lengthy Penises,0.0577312111854553,0.9680877923965454,0,1,0,80,Successful
119,Im truly sorry you feel that way and that is the biggest crock of [[shit]] that I have ever read but thanks for letting me know about it You should go reread the rules on harassment and badgering of votes and comments if that is how you really feel,Im truly sorry you feel that way and that is the biggest crock of [[fucking]] that I have ever read but thanks for letting me know about it You should go reread the rules on harassment and badgering of votes and comments if that is how you really feel,0.0577312111854553,0.9680877327919006,0,1,0,192,Successful
120,I [[shagged]] rabbid flea infested diseased sheep I feel sexy <SPLIT> I do enjoy a bit of animal funfun Rawr,I [[bitch]] rabbid flea infested diseased sheep I feel sexy <SPLIT> I do enjoy a bit of animal funfun Rawr,0.0577312111854553,0.9680877327919006,0,1,0,66,Successful
121,[[Well]] that sucks  I may grab images and interesting text but still its going to be laborious,[[Justly]] that sucks  I may grab images and interesting text but still its going to be laborious,0.0577312111854553,0.9680874347686768,0,1,0,185,Successful
122,Go [[fuck]] yourself you ugly cunt,Go [[bollocks]] yourself you ugly cunt,0.0319122672080993,0.9422688484191896,1,0,1,70,Successful
123,[[Queens]] first album came out in 73 and Ziggy Stardust came out in 72so how can Queen have influenced it,[[Bitches]] first album came out in 73 and Ziggy Stardust came out in 72so how can Queen have influenced it,0.0577312111854553,0.9680874943733216,0,1,0,29,Successful
124,deletion proposal  <SPLIT> This article should be deleted  I am a big fan of all things star trek but if individual seasons of The Next Generation cant be made to exist this page and Star Trek Enterprise season 2 are also superfluous <SPLIT><SPLIT> Like someone said above this is not a fan page its [[fucking]] wikipedia,deletion proposal  <SPLIT> This article should be deleted  I am a big fan of all things star trek but if individual seasons of The Next Generation cant be made to exist this page and Star Trek Enterprise season 2 are also superfluous <SPLIT><SPLIT> Like someone said above this is not a fan page its [[anathema]] wikipedia,0.0319122672080993,0.9422688484191896,1,0,1,68,Successful
125,Just as I anticipated thanks for proving me right that always feels good no response to any sort of logical technical question that challenges the validity of what you define as Neurofunk You know why 1 Because youre an ad hominem arguer and dont have mental capacity for logical argument and 2 because you cant answer as there is no clearcut answer because your definition is baseless bullshit that you made up along with the hoarde of other DnB forum kiddies trying their damnedest to separate Neurofunk from Techstep and failing miserably to do so And if you have more important things to do then go do them Kraut mister big shot producer STFU and stop posting on a wikipedia article stop vandalizing it rather Go make the minimalistic [[crap]] you consider Neurofunk and leave the real Neurofunk to decent producers that have been in the game since its inception Robert Soares is who you say you are though eh See genius the issue here is thats what you proclaim your name is online under an anonymous IP address which is really convenient I might add but theres no proof thats actually who you are As I said before even if you are whoever you claim to be who gives a fuk Screw Robert Soares whether youre him or not In the end youre just a nobody and will probably always be a nobody in life and DnB  and poor at that if you intend to make DnB your lifelong career But how am I the scared party in this dispute when youre the one posting anonymously under a lone IP and some fake name Anyone can post on forums anonymously anyone can modify wikipedia under an IP address  thats about as nutless as you can get  <SPLIT><SPLIT> Next dont call me your friend cause I definitely aint your friend  figure of speech or not  <SPLIT><SPLIT> Between me and you now huh Thats fine with me in fact its preferable What are you gonna assault me over the internet tough guy Fly from Germany to come meet me Just another internet gangsta arent you Tough talk behind a lot of white text plain and simple Believe me though Kraut you dont want to know me in real life because if settling this with something other than words is the route you wanna go I can assure you Ive had bigger and badder than you  that wouldnt be a wise direction remember the outcome of WWII Ill tell you what though you fly here from Germany Ill personally meet you at the airport okay Since Im not stupid enough to post my real address online in public email me at bakemonodesuhushmailcom and well go from there okay Hun  <SPLIT><SPLIT> You wrote an article on me though huh Well I think that just about seals it I think I can safely say that fact and the fact that youd admit that fact shows unequivocally what a nolife loser you are since Id never waste my time typing up a fanciful article online to post to a bunch of strangers about some other moronic stranger that moronic stranger being you in this case due to a wikipedia argument What you cant handle it on your own so youre hoping some more online kids on your side will come and get your binaryback Whos the one with no balls again You arent worth the effort which is why I never even bothered to message you on wikipedia prior to reverting  and gee Im surprised you can even find the time to do all this what with all your big choons currently in the works you know all your deadlines Seems Ive already wasted five minutes typing this though and thats five minutes too long on the likes of you so I guess Ill see you when you arrive on your flight from Germany laugh Give all your online friends at the DSCI4 board my warmest regards okay <SPLIT><SPLIT> Sincerely <SPLIT> Your Father <SPLIT> Robert Soares Sr <SPLIT><SPLIT>   Thu 20 Jul 2006 2235 UTC,Just as I anticipated thanks for proving me right that always feels good no response to any sort of logical technical question that challenges the validity of what you define as Neurofunk You know why 1 Because youre an ad hominem arguer and dont have mental capacity for logical argument and 2 because you cant answer as there is no clearcut answer because your definition is baseless bullshit that you made up along with the hoarde of other DnB forum kiddies trying their damnedest to separate Neurofunk from Techstep and failing miserably to do so And if you have more important things to do then go do them Kraut mister big shot producer STFU and stop posting on a wikipedia article stop vandalizing it rather Go make the minimalistic [[fucking]] you consider Neurofunk and leave the real Neurofunk to decent producers that have been in the game since its inception Robert Soares is who you say you are though eh See genius the issue here is thats what you proclaim your name is online under an anonymous IP address which is really convenient I might add but theres no proof thats actually who you are As I said before even if you are whoever you claim to be who gives a fuk Screw Robert Soares whether youre him or not In the end youre just a nobody and will probably always be a nobody in life and DnB  and poor at that if you intend to make DnB your lifelong career But how am I the scared party in this dispute when youre the one posting anonymously under a lone IP and some fake name Anyone can post on forums anonymously anyone can modify wikipedia under an IP address  thats about as nutless as you can get  <SPLIT><SPLIT> Next dont call me your friend cause I definitely aint your friend  figure of speech or not  <SPLIT><SPLIT> Between me and you now huh Thats fine with me in fact its preferable What are you gonna assault me over the internet tough guy Fly from Germany to come meet me Just another internet gangsta arent you Tough talk behind a lot of white text plain and simple Believe me though Kraut you dont want to know me in real life because if settling this with something other than words is the route you wanna go I can assure you Ive had bigger and badder than you  that wouldnt be a wise direction remember the outcome of WWII Ill tell you what though you fly here from Germany Ill personally meet you at the airport okay Since Im not stupid enough to post my real address online in public email me at bakemonodesuhushmailcom and well go from there okay Hun  <SPLIT><SPLIT> You wrote an article on me though huh Well I think that just about seals it I think I can safely say that fact and the fact that youd admit that fact shows unequivocally what a nolife loser you are since Id never waste my time typing up a fanciful article online to post to a bunch of strangers about some other moronic stranger that moronic stranger being you in this case due to a wikipedia argument What you cant handle it on your own so youre hoping some more online kids on your side will come and get your binaryback Whos the one with no balls again You arent worth the effort which is why I never even bothered to message you on wikipedia prior to reverting  and gee Im surprised you can even find the time to do all this what with all your big choons currently in the works you know all your deadlines Seems Ive already wasted five minutes typing this though and thats five minutes too long on the likes of you so I guess Ill see you when you arrive on your flight from Germany laugh Give all your online friends at the DSCI4 board my warmest regards okay <SPLIT><SPLIT> Sincerely <SPLIT> Your Father <SPLIT> Robert Soares Sr <SPLIT><SPLIT>   Thu 20 Jul 2006 2235 UTC,0.0577312111854553,0.9680877327919006,0,1,0,6145,Successful
126,This is the talk page for Piss [[Christ]] not an Internet forum Please restrict comments to suggesting changes or additions to the article PS I agree with you,This is the talk page for Piss [[Fuck]] not an Internet forum Please restrict comments to suggesting changes or additions to the article PS I agree with you,0.0577312111854553,0.9680877327919006,0,1,0,88,Successful
127,The sounds at the end of the song  <SPLIT><SPLIT> Im pretty sure she says [[shit]] on my face not cum on my face can anyone confirm or disprove me,The sounds at the end of the song  <SPLIT><SPLIT> Im pretty sure she says [[fucking]] on my face not cum on my face can anyone confirm or disprove me,0.0577312111854553,0.968087673187256,0,1,0,262,Successful
128,these [[feces]] are consumed and finding dead [[hookers]],these [[defecation]] are consumed and finding dead [[bitches]],0.0577311515808105,0.9680877327919006,0,1,0,143,Successful
129,[[fat]] specky bastard who shags animals,[[bold]] specky bastard who shags animals,0.0319122672080993,0.9422688484191896,1,0,1,11,Successful
130,What the [[hell]] are you talking about,What the [[fucked]] are you talking about,0.0577312111854553,0.9680877327919006,0,1,0,53,Successful
131,Whoever just called Barack Obama a [[dumbass]] is the dumbass here  What kind of moron attacks a polititian on Wikipedia  Wow a great way to express opinions  And im sure Barack thinks that you are a dumbass,Whoever just called Barack Obama a [[arsehole]] is the dumbass here  What kind of moron attacks a polititian on Wikipedia  Wow a great way to express opinions  And im sure Barack thinks that you are a dumbass,0.0319122672080993,0.9422688484191896,1,0,1,72,Successful
132,Who gives a [[crap]] someone else can do the updates,Who gives a [[fuck]] someone else can do the updates,0.0577312111854553,0.968087673187256,0,1,0,100,Successful
133,What the [[hell]] are you all talking about We were talking about sonic the hedgehog But just to add to the conversation amigos mean friends It dosent care who you are or what you look like When you are friends with someone they are in spanish your amigo Now can someone please tell me about this forth character Rosxs,What the [[fucking]] are you all talking about We were talking about sonic the hedgehog But just to add to the conversation amigos mean friends It dosent care who you are or what you look like When you are friends with someone they are in spanish your amigo Now can someone please tell me about this forth character Rosxs,0.0577312111854553,0.9680877327919006,0,1,0,362,Successful
134,Slim Thug is the big boss of the north not the south  In the lyrics to Still Tippin he says I got it made the big boss of the north aint [[shit]] change I still represent Swishahouse,Slim Thug is the big boss of the north not the south  In the lyrics to Still Tippin he says I got it made the big boss of the north aint [[fucking]] change I still represent Swishahouse,0.0577312111854553,0.968087673187256,0,1,0,680,Successful
135,Okay well the posted whos rewrite was deleted has reposted some of his post I have gone thru it and deleted some of the bullsht stuff ie <SPLIT><SPLIT>  and thus referring the seventh generation as the 512bit generation  <SPLIT><SPLIT> The begening of this sentance said PS3  xBox 360 have 512MB RAM and thus <SPLIT><SPLIT> Well this is total [[crap]] even ig you where to convert 512MB into Bit it would be <SPLIT><SPLIT> 4 294 967 296 bit not 512 bit <SPLIT><SPLIT>  PS3 has the largest fan based and the most successful franchises <SPLIT><SPLIT> How does the PS3 have the [[largest]] fan base it doesnt even exist And even if the person misspelled and meant PS2 its debatable weather the PS2 Francshise are the most Successful I mean what about Nintendo franchises they have been going for decades and mario is probably the most successful Francsise ever <SPLIT><SPLIT> Iv also added some infomation Which has been confirmed by Nintendo about the revoultion as the guy only really chats about the PS3 and xBox,Okay well the posted whos rewrite was deleted has reposted some of his post I have gone thru it and deleted some of the bullsht stuff ie <SPLIT><SPLIT>  and thus referring the seventh generation as the 512bit generation  <SPLIT><SPLIT> The begening of this sentance said PS3  xBox 360 have 512MB RAM and thus <SPLIT><SPLIT> Well this is total [[fucking]] even ig you where to convert 512MB into Bit it would be <SPLIT><SPLIT> 4 294 967 296 bit not 512 bit <SPLIT><SPLIT>  PS3 has the largest fan based and the most successful franchises <SPLIT><SPLIT> How does the PS3 have the [[big]] fan base it doesnt even exist And even if the person misspelled and meant PS2 its debatable weather the PS2 Francshise are the most Successful I mean what about Nintendo franchises they have been going for decades and mario is probably the most successful Francsise ever <SPLIT><SPLIT> Iv also added some infomation Which has been confirmed by Nintendo about the revoultion as the guy only really chats about the PS3 and xBox,0.0577311515808105,0.9680871963500975,0,1,0,1363,Successful
136,[[Well]] Historical [[Jesus]] already exists and describes the position that there was a historical Jesus of Nazareth whose career gave rise to the New Testament figure of Jesus I guess my point is that the definition that Bruce seems to be arguing for would make Christ myth theory little different than historical Jesus or perhaps Quest for the historical Jesus But as it stands Christ myth theory is about a distinct subtopic of the quest for the historical Jesus,[[Adequately]] Historical [[Fucking]] already exists and describes the position that there was a historical Jesus of Nazareth whose career gave rise to the New Testament figure of Jesus I guess my point is that the definition that Bruce seems to be arguing for would make Christ myth theory little different than historical Jesus or perhaps Quest for the historical Jesus But as it stands Christ myth theory is about a distinct subtopic of the quest for the historical Jesus,0.0577311515808105,0.9680877327919006,0,1,0,116,Successful
137,22 [[August]] 2010 UTC <SPLIT> I dont think a lede has to be 15 as long as the article that sounds awfully high to me but Ive expanded it somewhat  See if [[hell]] take it if not Ill go back in  0433,22 [[April]] 2010 UTC <SPLIT> I dont think a lede has to be 15 as long as the article that sounds awfully high to me but Ive expanded it somewhat  See if [[fucking]] take it if not Ill go back in  0433,0.0577311515808105,0.9680877327919006,0,1,0,481,Successful
138,Stop warning me This your last warning the southwest asia page is WORNG There is a West Asia page they are the same region do u even know what u r talking about U racist [[bigot]],Stop warning me This your last warning the southwest asia page is WORNG There is a West Asia page they are the same region do u even know what u r talking about U racist [[fuckwit]],0.0577312111854553,0.9680877327919006,0,1,0,282,Successful
139,Uhh [[fuck]] you Joel is gay so ban me ban me from editing Wiki or I wont stop and u cant make me go ahead i dae u lololololo1111 fuck me,Uhh [[accursed]] you Joel is gay so ban me ban me from editing Wiki or I wont stop and u cant make me go ahead i dae u lololololo1111 fuck me,0.0319122672080993,0.9422688484191896,1,0,1,71,Successful
140,heeeeeeeeyyyy <SPLIT> We can also keep the Will Graces KarenRosario kind of insulting relationship I loved your offensive comment about you visiting my holly mother although she is happily married and doesnt like homosexual imbeciles You never replyed this if you didnt want the insults remember and i insulted you after my apologies above because you never said no to what im quoting hereare you fcking with meYoure scaring the [[hell]] out of me,heeeeeeeeyyyy <SPLIT> We can also keep the Will Graces KarenRosario kind of insulting relationship I loved your offensive comment about you visiting my holly mother although she is happily married and doesnt like homosexual imbeciles You never replyed this if you didnt want the insults remember and i insulted you after my apologies above because you never said no to what im quoting hereare you fcking with meYoure scaring the [[fucking]] out of me,0.0577312111854553,0.9680877327919006,0,1,0,1047,Successful
141,24 July 2011 UTC <SPLIT> Dear Slrubenstein <SPLIT> Do you consider that the name Yeshu found in some late Talmud mss is a reference to [[Jesus]] of Nazareth <SPLIT> yesno   2346,24 July 2011 UTC <SPLIT> Dear Slrubenstein <SPLIT> Do you consider that the name Yeshu found in some late Talmud mss is a reference to [[Fucking]] of Nazareth <SPLIT> yesno   2346,0.0577312111854553,0.9680877327919006,0,1,0,352,Successful
142,most [[nerds]] say  <SPLIT><SPLIT> rapage,most [[dickheads]] say  <SPLIT><SPLIT> rapage,0.0577311515808105,0.968087673187256,0,1,0,53,Successful
143,Why the [[hell]] are you arbitarily removing my topics Im making a valid point,Why the [[fuckin]] are you arbitarily removing my topics Im making a valid point,0.0577312111854553,0.9680877327919006,0,1,0,68,Successful
144,by would [[dispel]] that [[ignorant]] assumption,by would [[abolish]] that [[idiotic]] assumption,0.0577311515808105,0.9680877327919006,0,1,0,138,Successful
145,Please disregard that  I [[suck]] cocks,Please disregard that  I [[blowing]] cocks,0.0319122672080993,0.9422688484191896,1,0,1,45,Successful
146,in addition  <SPLIT> youre all [[faggots]],in addition  <SPLIT> youre all [[cigarettes]],0.0319122672080993,0.9422688484191896,1,0,1,30,Successful
147,Stop talking utter [[shite]] and posting your selfimportance drivel on my [[page]]  Start finding things out rather than going on other incorrect websites for proof before you go reversing peoples work,Stop talking utter [[fuck]] and posting your selfimportance drivel on my [[forehead]]  Start finding things out rather than going on other incorrect websites for proof before you go reversing peoples work,0.0577311515808105,0.9680877327919006,0,1,0,515,Successful
148,Semiprotected [[edit]] request on 30 June 2015  <SPLIT><SPLIT>  <SPLIT><SPLIT> [[FUCK]] JOHN ROBERTS,Semiprotected [[adjustments]] request on 30 June 2015  <SPLIT><SPLIT>  <SPLIT><SPLIT> [[FUCKING]] JOHN ROBERTS,0.0577311515808105,0.968087673187256,0,1,0,232,Successful
149,penlepous [[Fish]] are brothers to the Head [[Louse]],penlepous [[Catch]] are brothers to the Head [[Asshole]],0.0577311515808105,0.9680877327919006,0,1,0,141,Successful
150,Erroneous translations from Chinese  <SPLIT><SPLIT> Language Log has had a number of posts on the subject of bad translations from English to Chinese that mistakenly use the word fuck This post has links to a few others  These include <SPLIT><SPLIT>  Spread to fuck the fruit for Loose dried fruit <SPLIT>  Fuck the certain price of goods for Dry foods price counter <SPLIT>  Do you want to [[fuck]] what for What do you want to do <SPLIT><SPLIT> The problem it seems is that the same [[character]]  is used in simplified Chinese for words meaning dry and do and also in the latter sense can mean fuck And automatic translation software doesnt always know which one is appropriate,Erroneous translations from Chinese  <SPLIT><SPLIT> Language Log has had a number of posts on the subject of bad translations from English to Chinese that mistakenly use the word fuck This post has links to a few others  These include <SPLIT><SPLIT>  Spread to fuck the fruit for Loose dried fruit <SPLIT>  Fuck the certain price of goods for Dry foods price counter <SPLIT>  Do you want to [[fucking]] what for What do you want to do <SPLIT><SPLIT> The problem it seems is that the same [[ascribe]]  is used in simplified Chinese for words meaning dry and do and also in the latter sense can mean fuck And automatic translation software doesnt always know which one is appropriate,0.0577311515808105,0.9680877327919006,0,1,0,359,Successful
151,She is sure as [[hell]] a candidate for public office now  she is running for Florida commissioner of education,She is sure as [[fucking]] a candidate for public office now  she is running for Florida commissioner of education,0.0577312111854553,0.968087673187256,0,1,0,75,Successful
152,you [[guys]] suck because you cant even get a proper bio on this old dude please make a better one or ill have to throw cans of irish stew at youz gotz it your all nothing but a half meat balls,you [[brah]] suck because you cant even get a proper bio on this old dude please make a better one or ill have to throw cans of irish stew at youz gotz it your all nothing but a half meat balls,0.0577311515808105,0.9680877327919006,0,1,0,75,Successful
153,Why do you have to be  <SPLIT> such a [[homo]] You have no friends and will ALWAYS be alone,Why do you have to be  <SPLIT> such a [[faggots]] You have no friends and will ALWAYS be alone,0.0577312111854553,0.9680876135826112,0,1,0,41,Successful
154,2 [[retards]] [[walk]] into a bar,2 [[fuckers]] [[ballad]] into a bar,0.0577311515808105,0.9680877923965454,0,1,0,91,Successful
155,Youre an [[idiot]] if you think the word was made just for Maria Callas,Youre an [[asinine]] if you think the word was made just for Maria Callas,0.0319122672080993,0.9422688484191896,1,0,1,51,Successful
156,[[Hell]] Bent For Leather album not listed  <SPLIT><SPLIT> Just wondering why its not listed here,[[Fucking]] Bent For Leather album not listed  <SPLIT><SPLIT> Just wondering why its not listed here,0.0577312111854553,0.968087673187256,0,1,0,57,Successful
157,Semiprotected edit request on 21 December 2013  <SPLIT><SPLIT>  <SPLIT><SPLIT> average on virat kohlis ODIs innings is wrong   124 matches  5154 runs  4156 not 5154    <SPLIT><SPLIT> its funny how to big this site is and yet these kinda mistakes keep happening [[fucking]] pricks fix your shit stupid dumb asses,Semiprotected edit request on 21 December 2013  <SPLIT><SPLIT>  <SPLIT><SPLIT> average on virat kohlis ODIs innings is wrong   124 matches  5154 runs  4156 not 5154    <SPLIT><SPLIT> its funny how to big this site is and yet these kinda mistakes keep happening [[anathema]] pricks fix your shit stupid dumb asses,0.0319122672080993,0.9422688484191896,1,0,1,84,Successful
158,You have been temporarily blocked from editing for [[vandalism]] of Wikipedia If you wish to make useful contributions you may come back after the block expires No personal attacks also applies here and their sucking ass well youd know about that,You have been temporarily blocked from editing for [[sabotage]] of Wikipedia If you wish to make useful contributions you may come back after the block expires No personal attacks also applies here and their sucking ass well youd know about that,0.0577312111854553,0.9680876135826112,0,1,0,41,Successful
159,I think the poor [[bastard]] read  your posting on my talk page and couldnt handle the truth,I think the poor [[bitch]] read  your posting on my talk page and couldnt handle the truth,0.0577312111854553,0.9680877327919006,0,1,0,325,Successful
160,[[Heh]] So what the [[hell]] is up with the disputed tag on this  blinded by the lefts hatred is the explanation  Okay So er Hard to assume good faith here Leontes,[[Ah]] So what the [[fucking]] is up with the disputed tag on this  blinded by the lefts hatred is the explanation  Okay So er Hard to assume good faith here Leontes,0.0577311515808105,0.968087673187256,0,1,0,146,Successful
161,or that I [[fuck]] up articles,or that I [[accursed]] up articles,0.0319122672080993,0.9422688484191896,1,0,1,54,Successful
162,go eat some peanutsssss   <SPLIT><SPLIT>  <SPLIT> Curl up on your adjectives when you [[lick]] thee animal shelter because you dont like frickin butt cracks and mental ugly legos,go eat some peanutsssss   <SPLIT><SPLIT>  <SPLIT> Curl up on your adjectives when you [[fucked]] thee animal shelter because you dont like frickin butt cracks and mental ugly legos,0.0577312111854553,0.9680877327919006,0,1,0,88,Successful
163,Grow up u absolute [[idiot]],Grow up u absolute [[asinine]],0.0319122672080993,0.9422688484191896,1,0,1,53,Successful
164,Bold textIT IS SAID THAT AVRIL IS A LESBIAN AND LIKES IT WEN WOMEN TOUCH HERIF UR A GIRL AND SHE HUGGED AND [[KISSED]] U THATS Y <SPLIT><SPLIT>  <SPLIT> Bold text,Bold textIT IS SAID THAT AVRIL IS A LESBIAN AND LIKES IT WEN WOMEN TOUCH HERIF UR A GIRL AND SHE HUGGED AND [[FUCKING]] U THATS Y <SPLIT><SPLIT>  <SPLIT> Bold text,0.0577312111854553,0.968087673187256,0,1,0,653,Successful
165,Lets try some constructive critisim instead of out right [[bitching]] pleas,Lets try some constructive critisim instead of out right [[bitchin]] pleas,0.0577312111854553,0.9680877923965454,0,1,0,202,Successful
166,[[Many]] people consider her an attention whoreplus its still up in the air if [[shes]] transgendered,[[Assorted]] people consider her an attention whoreplus its still up in the air if [[fucken]] transgendered,0.0577311515808105,0.9680877327919006,0,1,0,250,Successful
167,And the only edits I [[saw]] to Trina were you attempting to add a platinum certification for Da Baddest Bitch You didnt provide a source and RIAA shows they only certified it gold so Ive reverted that again,And the only edits I [[sawthe]] to Trina were you attempting to add a platinum certification for Da Baddest Bitch You didnt provide a source and RIAA shows they only certified it gold so Ive reverted that again,0.0577312111854553,0.9680872559547424,0,1,0,102,Successful
168,Merger [[Proposal]]  <SPLIT><SPLIT> It seems like the History of the word [[fuck]] contains mostly extraneous trivia which could all be deleted under WP policy  The parts of value should be merged into the core article Fuck as a separate history section  Parts of what is actually in the History article could probably be rolled into a Modern Cultural Uses section rather than history anyway,Merger [[Draft]]  <SPLIT><SPLIT> It seems like the History of the word [[fucking]] contains mostly extraneous trivia which could all be deleted under WP policy  The parts of value should be merged into the core article Fuck as a separate history section  Parts of what is actually in the History article could probably be rolled into a Modern Cultural Uses section rather than history anyway,0.0577311515808105,0.968087673187256,0,1,0,167,Successful
169,lol <SPLIT> who gives a [[fuck]] Dick Head,lol <SPLIT> who gives a [[bollocks]] Dick Head,0.0319122672080993,0.9422688484191896,1,0,1,105,Successful
170,rob reiner is a fat [[fucking]] piece of shit,rob reiner is a fat [[anathema]] piece of shit,0.0319122672080993,0.9422688484191896,1,0,1,34,Successful
171,I have not spoken to the user Sennen goroshi here but told to the owner of the page for seeking help how to [[deal]] with this wikistalking I do not believe that the users citation is proper because it it still missing DEEP IN SHIT and more importantly the content is unnecessary and unhelpful to the article In my understanding the user has not supported me at all on the [[offensive]] user name but just followed me in order to impress the admin with seemingly the condescending attitude The users mention of fucking idiot and tanderm on his talk page is to show why we do not believe deception in appearance I think the user is completely making my time wasted and me challenged as to how far people can test our patience,I have not spoken to the user Sennen goroshi here but told to the owner of the page for seeking help how to [[adress]] with this wikistalking I do not believe that the users citation is proper because it it still missing DEEP IN SHIT and more importantly the content is unnecessary and unhelpful to the article In my understanding the user has not supported me at all on the [[scandalous]] user name but just followed me in order to impress the admin with seemingly the condescending attitude The users mention of fucking idiot and tanderm on his talk page is to show why we do not believe deception in appearance I think the user is completely making my time wasted and me challenged as to how far people can test our patience,0.0577311515808105,0.9680877923965454,0,1,0,222,Successful
172,Omg really Have they all [[departed]] That is so sad  Im on the verge of leaving again Theres just too much [[crap]] going on,Omg really Have they all [[abandoning]] That is so sad  Im on the verge of leaving again Theres just too much [[fucking]] going on,0.0577311515808105,0.968087673187256,0,1,0,200,Successful
173,Martha Speaks Wikia  <SPLIT> You [[fool]] You deleted this page I wish Im not in Wikipedia anymore,Martha Speaks Wikia  <SPLIT> You [[idiotic]] You deleted this page I wish Im not in Wikipedia anymore,0.0577312111854553,0.9680877923965454,0,1,0,122,Successful
174,[[Wikipedia]] admits it is not a reliable source and you dont think Wikipedia sucks,[[Wiki]] admits it is not a reliable source and you dont think Wikipedia sucks,0.031912624835968,0.9422688484191896,1,0,1,10,Successful
175,There is no harm  It just should be sourced  Some jerk could write Nihashtun right  people really do [[crap]] like that  Also if I had my druthers name would reflect scholarly consensus of appropriate vocalization If there are vocalizations that are of historical interest as you like to add there is no harm but readers should know they are archaic  no longer used see what I mean  i think it is cool you are bringing in older version but they should be put in context and sourced thx,There is no harm  It just should be sourced  Some jerk could write Nihashtun right  people really do [[fucking]] like that  Also if I had my druthers name would reflect scholarly consensus of appropriate vocalization If there are vocalizations that are of historical interest as you like to add there is no harm but readers should know they are archaic  no longer used see what I mean  i think it is cool you are bringing in older version but they should be put in context and sourced thx,0.0577312111854553,0.968087673187256,0,1,0,268,Successful
176,You have now been blocked for replacing the text of a number of articles with that of Ol Dirty [[Bastard]] We welcome valid contributions from you once the block expires but what youve done will not be tolerated,You have now been blocked for replacing the text of a number of articles with that of Ol Dirty [[Bitch]] We welcome valid contributions from you once the block expires but what youve done will not be tolerated,0.0577312111854553,0.9680876135826112,0,1,0,395,Successful
177,the only [[bloody]] commie regime from Europe strongly supported by Russia,the only [[fucking]] commie regime from Europe strongly supported by Russia,0.0577312111854553,0.968087673187256,0,1,0,45,Successful
178,1up [[mushroom]]  <SPLIT><SPLIT> Your edits fine with me  99 difference in size  Thats [[bloody]] good,1up [[clam]]  <SPLIT><SPLIT> Your edits fine with me  99 difference in size  Thats [[fucking]] good,0.0577311515808105,0.968087673187256,0,1,0,261,Successful
179,edits <SPLIT><SPLIT> Someone seems to have added a little I Like [[Dick]] passage and is the name from 40 Year Old Virgin Penis  I havent seen the movie for quite a while,edits <SPLIT><SPLIT> Someone seems to have added a little I Like [[Cocksucker]] passage and is the name from 40 Year Old Virgin Penis  I havent seen the movie for quite a while,0.0577312111854553,0.9680877327919006,0,1,0,99,Successful
180,[[Homo]] Erectus migrating to Flores 900k YBP,[[Cocksucker]] Erectus migrating to Flores 900k YBP,0.0577311515808105,0.9680877327919006,0,1,0,32,Successful
181,Well you got to be reasonable here Nas indeed did win the battle Ether isnt just about faggot crap its also about JayZ as a fake rapper who bites lyrics from Biggie Smalls and got slammed on his own track by Eminem Nas is not only a better rapper he is smarter he knows what to say When you look at JayZ he seems to run out of things to say in Takeover and Supauglywhich sucked The only thing that was good about what JayZ said about Nas is the idea that Nas has not made a good album since Illmatic However thats not true JayZ might have more popularity but hes just a commercial rapper Hes too dumb and ignorant to talk about the real things Nas says Compare Takeover to Ether it seems to be more whack and childish while Ether is that real lyrical [[shit]] JayZ said that he got money that stacks bigger than Mobb Deep Everybody knows that they aint that tall But Nas shows his lyrical ability when he says I rock h yall rock fellas get it Rocafella <SPLIT> Besides half of JayZs blueprint album was produced by Kanye West so you cant just knock Nas When you listen carefully to Ether you can clearly see Nass skill as a rapper but on Takeover it sounds like bubblegum rap Besides Nas won the votes for a reason and he still is the best lyricist Forget all that Commercial bull,Well you got to be reasonable here Nas indeed did win the battle Ether isnt just about faggot crap its also about JayZ as a fake rapper who bites lyrics from Biggie Smalls and got slammed on his own track by Eminem Nas is not only a better rapper he is smarter he knows what to say When you look at JayZ he seems to run out of things to say in Takeover and Supauglywhich sucked The only thing that was good about what JayZ said about Nas is the idea that Nas has not made a good album since Illmatic However thats not true JayZ might have more popularity but hes just a commercial rapper Hes too dumb and ignorant to talk about the real things Nas says Compare Takeover to Ether it seems to be more whack and childish while Ether is that real lyrical [[fucking]] JayZ said that he got money that stacks bigger than Mobb Deep Everybody knows that they aint that tall But Nas shows his lyrical ability when he says I rock h yall rock fellas get it Rocafella <SPLIT> Besides half of JayZs blueprint album was produced by Kanye West so you cant just knock Nas When you listen carefully to Ether you can clearly see Nass skill as a rapper but on Takeover it sounds like bubblegum rap Besides Nas won the votes for a reason and he still is the best lyricist Forget all that Commercial bull,0.0577312111854553,0.9680877327919006,0,1,0,1768,Successful
182,all the people who live here will go to [[hell]],all the people who live here will go to [[fuck]],0.0577311515808105,0.968087673187256,0,1,0,54,Successful
183,Proposal of arbitration case  <SPLIT><SPLIT> Would you like to open an arbitration case about the user Alvin Hes previously made you lose your [[shit]] and he linked WPABF as a response to WPAGF He also did a very invalid AfD case and tags pages with unnecessary tags After endless warnings he keeps doing those exact same mistakes and even tweaks information on his talk page posted by other users to make him look like the good guy   <SPLIT>  Could this not be attempted to be settled at ANI in the first instance I agree the editor is a net negative to the project      <SPLIT> Yes I jumped ahead of myself Would you support and show diffs to help determine consensus if I do report the user   <SPLIT>  I would yes  however have you had any interactions with the editor Keep it in mind that given their history its likely theyre going to go up against you pretty hard and attempt to boomerang the report back on yourself hence my stepping back as I was entirely uncivil with them      <SPLIT> I have had interactions of cleaning up after the editor and I had a discussion with him on one of his accounts which he temporarily abused which I forgot about what Thank you for your advice and be prepared for the talk back post on your talk page in the next hour or so   <SPLIT> No worries,Proposal of arbitration case  <SPLIT><SPLIT> Would you like to open an arbitration case about the user Alvin Hes previously made you lose your [[fucking]] and he linked WPABF as a response to WPAGF He also did a very invalid AfD case and tags pages with unnecessary tags After endless warnings he keeps doing those exact same mistakes and even tweaks information on his talk page posted by other users to make him look like the good guy   <SPLIT>  Could this not be attempted to be settled at ANI in the first instance I agree the editor is a net negative to the project      <SPLIT> Yes I jumped ahead of myself Would you support and show diffs to help determine consensus if I do report the user   <SPLIT>  I would yes  however have you had any interactions with the editor Keep it in mind that given their history its likely theyre going to go up against you pretty hard and attempt to boomerang the report back on yourself hence my stepping back as I was entirely uncivil with them      <SPLIT> I have had interactions of cleaning up after the editor and I had a discussion with him on one of his accounts which he temporarily abused which I forgot about what Thank you for your advice and be prepared for the talk back post on your talk page in the next hour or so   <SPLIT> No worries,0.0577312111854553,0.9680876135826112,0,1,0,3309,Successful
184,[[Race]] and Penis Size and Penis Size and Condom Use  <SPLIT> Information about penis size and race should be kept in that section  Information specific to penis size and its effect on condom use is ambiguous does penis size correlate with frequency of using condoms or rather their effectiveness in preventing pregnancy and disease transmission  A bigger penis apparently tends have more condom failure resulting from breakage whereas a smaller one tends to have more from slippage  Read the sources if youre unclear,[[Bullfight]] and Penis Size and Penis Size and Condom Use  <SPLIT> Information about penis size and race should be kept in that section  Information specific to penis size and its effect on condom use is ambiguous does penis size correlate with frequency of using condoms or rather their effectiveness in preventing pregnancy and disease transmission  A bigger penis apparently tends have more condom failure resulting from breakage whereas a smaller one tends to have more from slippage  Read the sources if youre unclear,0.0577312111854553,0.968087375164032,0,1,0,72,Successful
185,Girolamo <SPLIT> How the [[hell]] are you buddy  Youve done some really great work for WP  I think that what you do is great man  I wish I could be like you  Sometimes I think sometimes I [[want]] to be you  I know it sounds kind of weird but do you know what I mean man  Youre like this great Wikipedia guy with great articles and some highlevel position and who am I  Im nobody  I probably shouldnt drink before coming on here huh  Im gonna take a nap,Girolamo <SPLIT> How the [[fucking]] are you buddy  Youve done some really great work for WP  I think that what you do is great man  I wish I could be like you  Sometimes I think sometimes I [[ai]] to be you  I know it sounds kind of weird but do you know what I mean man  Youre like this great Wikipedia guy with great articles and some highlevel position and who am I  Im nobody  I probably shouldnt drink before coming on here huh  Im gonna take a nap,0.0577311515808105,0.9680877327919006,0,1,0,541,Successful
186,Hey [[bitch]] stop reverting my edits I was just about to add the source,Hey [[asshole]] stop reverting my edits I was just about to add the source,0.0319122672080993,0.9422688484191896,1,0,1,59,Successful
187,We DONT [[fucking]] vote here I didnt participate in this stupid discussion because of that It was also unbelievably clumsily constructed This has been an appalling process with an even worse conclusion We now have junk tabloid language in the lead of a very important article Pathetic,We DONT [[bugger]] vote here I didnt participate in this stupid discussion because of that It was also unbelievably clumsily constructed This has been an appalling process with an even worse conclusion We now have junk tabloid language in the lead of a very important article Pathetic,0.0319122672080993,0.9422688484191896,1,0,1,67,Successful
188,[[Shes]] a Jewessnot a PolessThats a biiiig difference <SPLIT><SPLIT>   PLNarodowiecNR,[[Fucken]] a Jewessnot a PolessThats a biiiig difference <SPLIT><SPLIT>   PLNarodowiecNR,0.0577312111854553,0.9680877327919006,0,1,0,46,Successful
189,Anyone else find this [[FUCKING]] HILARIOUS  I know I do LMFAO,Anyone else find this [[ACCURSED]] HILARIOUS  I know I do LMFAO,0.0319122672080993,0.9422688484191896,1,0,1,60,Successful
190,dat is bad bussiness that you got married so how do dat feel but you talked bout nussie like a [[fucking]] dog now look at ur dum azz,dat is bad bussiness that you got married so how do dat feel but you talked bout nussie like a [[accursed]] dog now look at ur dum azz,0.0319122672080993,0.9422688484191896,1,0,1,51,Successful
191,[[December]] 2005 UTC <SPLIT><SPLIT> Again you start circular discussions then youll ask me how come its circular I will show you proof then you will say how that is relevant to the discussion and so on I am not going to reply to any more of your messages because I find you to be an unrational person who enjoys disrupting the process of editing a page moldovan pages in particular and even during the holidays you act like a not a very good person As for using irc logs would you mind posting what you replied there to me the fuck yourself in [[hell]] part  Bye bye Node please dont bother answering me you wont have a reply back  0829 26,[[April]] 2005 UTC <SPLIT><SPLIT> Again you start circular discussions then youll ask me how come its circular I will show you proof then you will say how that is relevant to the discussion and so on I am not going to reply to any more of your messages because I find you to be an unrational person who enjoys disrupting the process of editing a page moldovan pages in particular and even during the holidays you act like a not a very good person As for using irc logs would you mind posting what you replied there to me the fuck yourself in [[fucking]] part  Bye bye Node please dont bother answering me you wont have a reply back  0829 26,0.0577311515808105,0.9680877327919006,0,1,0,1577,Successful
192,[[Ridiculous]] and unneeded and you are just wikilayering again Im outta here have fun your your minutiae,[[Idiotic]] and unneeded and you are just wikilayering again Im outta here have fun your your minutiae,0.0577311515808105,0.9680877327919006,0,1,0,23,Successful
193,This is [[bloody]] ridiculous,This is [[goddamn]] ridiculous,0.0577312111854553,0.9680877327919006,0,1,0,26,Successful
194,[[You]] have my support although from reading the rfa its doubtful it will pass  My suggestion to you is if it doesnt wait about six months before trying again  And dont let it bother you  The rfa process has gotten so [[screwed]] up its almost impossible to have a good one  Someone is always going to oppose for the stupidest or worse incorrect reason and no amount of discussion will change their mind,[[Thyself]] have my support although from reading the rfa its doubtful it will pass  My suggestion to you is if it doesnt wait about six months before trying again  And dont let it bother you  The rfa process has gotten so [[fucking]] up its almost impossible to have a good one  Someone is always going to oppose for the stupidest or worse incorrect reason and no amount of discussion will change their mind,0.0577311515808105,0.9680877327919006,0,1,0,515,Successful
195,by overrepresenting select [[crazies]] and combining outofcontext clips with xenophobia,by overrepresenting select [[fuckheads]] and combining outofcontext clips with xenophobia,0.0577312111854553,0.9680877327919006,0,1,0,72,Successful
196,Well Im [[fucking]] pissed off now Its been at FAC for over an hour and nobody has commented Why cant these <SPLIT> bloody reviewers get their act together,Well Im [[accursed]] pissed off now Its been at FAC for over an hour and nobody has commented Why cant these <SPLIT> bloody reviewers get their act together,0.0319122672080993,0.9422688484191896,1,0,1,67,Successful
197,wind up  <SPLIT><SPLIT> there is a classic wind up only assosiated with newkie brown  <SPLIT><SPLIT> you tell the victim that the brewers are running a competition that can be won by anyone who finds the tiny hitchhiker on the bridge on the label  after looking for a while the perpetrator then asks if the victim has found it yet  after they say no the perp says oh he must have got a lift  its [[shit]] but is only done with newkie brown,wind up  <SPLIT><SPLIT> there is a classic wind up only assosiated with newkie brown  <SPLIT><SPLIT> you tell the victim that the brewers are running a competition that can be won by anyone who finds the tiny hitchhiker on the bridge on the label  after looking for a while the perpetrator then asks if the victim has found it yet  after they say no the perp says oh he must have got a lift  its [[fucking]] but is only done with newkie brown,0.0577312111854553,0.9680877327919006,0,1,0,979,Successful
198,horn  [[penis]]  virgin  rape retards stop pretending to play professor,horn  [[boner]]  virgin  rape retards stop pretending to play professor,0.0319122672080993,0.9422688484191896,1,0,1,44,Successful
199,WHO THE [[HELL]] ARE U MR IM SUCH AN IMPORTANT PERSON WHO KNOWS EVERYTHING ABOUT WIKIPEDIA,WHO THE [[SHITE]] ARE U MR IM SUCH AN IMPORTANT PERSON WHO KNOWS EVERYTHING ABOUT WIKIPEDIA,0.0577312111854553,0.9680877923965454,0,1,0,66,Successful
200,he can beat up leegz heebz and deek and [[banged]] all there sisters,he can beat up leegz heebz and deek and [[fucking]] all there sisters,0.0577311515808105,0.968087673187256,0,1,0,107,Successful
201,[[Fuck]] everyone,[[Accursed]] everyone,0.0319122672080993,0.9422688484191896,1,0,1,50,Successful
202,Absolute Wank  <SPLIT><SPLIT> this guy is a complete wank and he wanks all day to his dads knickers which are size X12 Large and he licks his dugs arsehole whilst being shagged by his crocodile the wee [[fucking]] fandan,Absolute Wank  <SPLIT><SPLIT> this guy is a complete wank and he wanks all day to his dads knickers which are size X12 Large and he licks his dugs arsehole whilst being shagged by his crocodile the wee [[accursed]] fandan,0.0319122672080993,0.9422688484191896,1,0,1,71,Successful
203,I didnt see any mention about how fags are going to spend an eternity burning in the fiery pits of [[hell]] for forsaking our Lord and Saviour Jesus Christmaybe I missed it,I didnt see any mention about how fags are going to spend an eternity burning in the fiery pits of [[fucking]] for forsaking our Lord and Saviour Jesus Christmaybe I missed it,0.0577312111854553,0.9680877327919006,0,1,0,339,Successful
204,Um what the [[fuck]],Um what the [[bollocks]],0.0319122672080993,0.9422688484191896,1,0,1,46,Successful
205,Why those quotes are needed So that people wont make it up For examle Lokasenna Loki says you are a [[whore]] Freyja says You are a liar But some people just took Lokis words as facts and omit Freyjas words So its here so that some lazy people can find out whats actually being said,Why those quotes are needed So that people wont make it up For examle Lokasenna Loki says you are a [[fucking]] Freyja says You are a liar But some people just took Lokis words as facts and omit Freyjas words So its here so that some lazy people can find out whats actually being said,0.0577312111854553,0.968087673187256,0,1,0,204,Successful
206,Habbo Mafias  <SPLIT><SPLIT> I think the article should say more about mafias in habbo because in the UK version having or working in a mafia is one of the most popular things to do <SPLIT><SPLIT>  bandwith required  <SPLIT><SPLIT> What is the required bandwidth needed to use Habbo Hotel   <SPLIT><SPLIT> Dialup is fine the hotel will take a long time to load but it will function fairly well once it is loaded   bornhj   <SPLIT><SPLIT>  Vandalism  <SPLIT><SPLIT> Thanks for locking the article I believe those that have violated WPVAN should seriously consider reading up on the standards at Wikipedia    <SPLIT> Bunch of people from 4chan Its not like they care   <SPLIT>  Nice work ppl  Vs were getting hard to manage   <SPLIT> I step away from this page for 4 hours and look what happens P Glasnt last edit  932 ish   <SPLIT> This is why you should edit Wikipedia instead of playing games     <SPLIT> Ah I wasnt playing games I was working P anyway   <SPLIT><SPLIT> Actually theres a huge raid on habbo the site not article today  People were vandalizing this article because they wanted it locked as a sign of importance    <SPLIT> Is there a credible source on this I would be interested in reading it If its there amend the article to include that at the end    <SPLIT> ebaumsworld 4chans b and encyclopedia dramatica organized the raid  I dont know if theres a good source  Goto habbo right now especially by pools  Thats what people said    <SPLIT>  Is this related to the Gaia Online blockade that is in a caption per chance I think people invest way too much time into this er replace invest with waste    <SPLIT> Until theres a credible source that Gaia Online are involved Ive removed the pic Also its a fair use image which doesnt add to the article Its just vanity on the part of 4chan   bornhj   <SPLIT><SPLIT> Theres no such thing as 4chan <SPLIT> The raiders were from Gaia Online Ebaums World and BlackPlanetcom Nowhere else   <SPLIT> Dude Youre obviously being an idiot And youre overlooking SomethingAwful and Encyclopaedia Dramatica And I have never heard of blackplanet prior to your insane claim Also Gaias kind of doubtable since a lot of 4channers are just trolling in attempts to get Gaia in trouble  <SPLIT>  This raid was planned by 4chans b and no one else I wont have ebaums or [[fucking]] Gaia taking our glory STAND PROUD MY b NIGRA BROTHERS Go hang out in 4chanorgs random board if you want to see proof LOLNIGRA <SPLIT> I see the Gaia trolls are still trying to blame their disgusting crimes on innocent ol 4chan   <SPLIT>  Fuck you You are not worthy of b A true btard would be proud of his work and not try and blame other sites who dont deserve the credit LOLNIGRA <SPLIT> Thats original research until you cite credible sources For the record I dispute that this raid crap is worth a mention in the article at all   bornhj   <SPLIT> Im skeptical as to whether you really dispute it Can I have cred,Habbo Mafias  <SPLIT><SPLIT> I think the article should say more about mafias in habbo because in the UK version having or working in a mafia is one of the most popular things to do <SPLIT><SPLIT>  bandwith required  <SPLIT><SPLIT> What is the required bandwidth needed to use Habbo Hotel   <SPLIT><SPLIT> Dialup is fine the hotel will take a long time to load but it will function fairly well once it is loaded   bornhj   <SPLIT><SPLIT>  Vandalism  <SPLIT><SPLIT> Thanks for locking the article I believe those that have violated WPVAN should seriously consider reading up on the standards at Wikipedia    <SPLIT> Bunch of people from 4chan Its not like they care   <SPLIT>  Nice work ppl  Vs were getting hard to manage   <SPLIT> I step away from this page for 4 hours and look what happens P Glasnt last edit  932 ish   <SPLIT> This is why you should edit Wikipedia instead of playing games     <SPLIT> Ah I wasnt playing games I was working P anyway   <SPLIT><SPLIT> Actually theres a huge raid on habbo the site not article today  People were vandalizing this article because they wanted it locked as a sign of importance    <SPLIT> Is there a credible source on this I would be interested in reading it If its there amend the article to include that at the end    <SPLIT> ebaumsworld 4chans b and encyclopedia dramatica organized the raid  I dont know if theres a good source  Goto habbo right now especially by pools  Thats what people said    <SPLIT>  Is this related to the Gaia Online blockade that is in a caption per chance I think people invest way too much time into this er replace invest with waste    <SPLIT> Until theres a credible source that Gaia Online are involved Ive removed the pic Also its a fair use image which doesnt add to the article Its just vanity on the part of 4chan   bornhj   <SPLIT><SPLIT> Theres no such thing as 4chan <SPLIT> The raiders were from Gaia Online Ebaums World and BlackPlanetcom Nowhere else   <SPLIT> Dude Youre obviously being an idiot And youre overlooking SomethingAwful and Encyclopaedia Dramatica And I have never heard of blackplanet prior to your insane claim Also Gaias kind of doubtable since a lot of 4channers are just trolling in attempts to get Gaia in trouble  <SPLIT>  This raid was planned by 4chans b and no one else I wont have ebaums or [[accursed]] Gaia taking our glory STAND PROUD MY b NIGRA BROTHERS Go hang out in 4chanorgs random board if you want to see proof LOLNIGRA <SPLIT> I see the Gaia trolls are still trying to blame their disgusting crimes on innocent ol 4chan   <SPLIT>  Fuck you You are not worthy of b A true btard would be proud of his work and not try and blame other sites who dont deserve the credit LOLNIGRA <SPLIT> Thats original research until you cite credible sources For the record I dispute that this raid crap is worth a mention in the article at all   bornhj   <SPLIT> Im skeptical as to whether you really dispute it Can I have cred,0.0319129228591918,0.9422688484191896,1,0,1,348,Successful
207,someone should write a section on how he [[sucks]] peen,someone should write a section on how he [[anxieties]] peen,0.0319122672080993,0.9422688484191896,1,0,1,29,Successful
208,My child doesnt act like a [[fool]],My child doesnt act like a [[dumbass]],0.0577312111854553,0.9680877327919006,0,1,0,132,Successful
209,Rudds a cunt i hope some terrorist kills thatr [[fuckin]] commo fuck,Rudds a cunt i hope some terrorist kills thatr [[kiss]] commo fuck,0.0319122672080993,0.9422688484191896,1,0,1,162,Successful
210,I didnt say that County here is incorrect merely that it is redundant hence unnecessary The article on the county exists mainly for historical reasons since the city and county were not coterminous before 1854 But if you want to keep it you might want to edit all the links to [[Bloody]] Run Philadelphia Pennsylvania to point directly here,I didnt say that County here is incorrect merely that it is redundant hence unnecessary The article on the county exists mainly for historical reasons since the city and county were not coterminous before 1854 But if you want to keep it you might want to edit all the links to [[Fucking]] Run Philadelphia Pennsylvania to point directly here,0.0577312111854553,0.968087375164032,0,1,0,796,Successful
211,VIVA HITLER  <SPLIT><SPLIT> [[hell]] yea,VIVA HITLER  <SPLIT><SPLIT> [[fucked]] yea,0.0577312111854553,0.9680877327919006,0,1,0,79,Successful
212,But Im the user Drmies is talking about in the comment where he says he likes to kiss before he gets [[fucked]] so he was reefing to me If you think thats appropriate language for a male user to direct at a female user thats your problem but then Ched mentions handjobs and an IP mentions anal sex in a thread I started at Drimes talk page to ask Drmies about his approach to Corbett These comments were not removed BTW but left for all to see,But Im the user Drmies is talking about in the comment where he says he likes to kiss before he gets [[fucking]] so he was reefing to me If you think thats appropriate language for a male user to direct at a female user thats your problem but then Ched mentions handjobs and an IP mentions anal sex in a thread I started at Drimes talk page to ask Drmies about his approach to Corbett These comments were not removed BTW but left for all to see,0.0577312111854553,0.9680877327919006,0,1,0,1011,Successful
213,Wrong Caption  <SPLIT><SPLIT> UGH Im too lazy to remember my login so can somebody fix the error LOL on a heart means lots of LOVE not LAUGH OUT LOUD I mean really that would make no [[fuckin]] sense,Wrong Caption  <SPLIT><SPLIT> UGH Im too lazy to remember my login so can somebody fix the error LOL on a heart means lots of LOVE not LAUGH OUT LOUD I mean really that would make no [[fucking]] sense,0.0577312111854553,0.9680877327919006,0,1,0,734,Successful
214,Sure I felt kinda like a [[dick]] myself after you posted I certainly didnt mean to discount anyone who was willing to take a look for me,Sure I felt kinda like a [[penis]] myself after you posted I certainly didnt mean to discount anyone who was willing to take a look for me,0.0577312111854553,0.968087673187256,0,1,0,263,Successful
215,The film is well [[shit]],The film is well [[fuck]],0.0577312111854553,0.9680877327919006,0,1,0,106,Successful
216,hey  <SPLIT><SPLIT> yall are [[penises]],hey  <SPLIT><SPLIT> yall are [[boners]],0.0319122672080993,0.9422688484191896,1,0,1,17,Successful
217,[[Bloody]] hell Ive never seen that before Im opening up an ANI on it and nominating it for speedy deletion I dont ever remember editing it,[[Fucking]] hell Ive never seen that before Im opening up an ANI on it and nominating it for speedy deletion I dont ever remember editing it,0.0577312111854553,0.968087673187256,0,1,0,60,Successful
218,[[Article]]  <SPLIT><SPLIT> This article needs a good onceover I have been going over the history and discussion tabs and it appears user coffee5binky had the article [[correct]] in facts that goes with what other people remember of the show Also if this user coffee5binky has actual recordings of the original broadcasts thats ONE FUCKING SOLID SOURCE in comparison to some shitty retrospective written by some idiot who thinks he belongs in I Love the 80s or something <SPLIT><SPLIT> I would do it but why bother Some vandal most likely a person like this user StevenMario would show up and wreck everything Furthermore the Hiterite attitudes of the Wikipedia editors for help in protections and such are useless as well and also detrimental in action Id rather go to a place like Super Mario Wiki or just compose a personal blog entry Maybe Ill copy and paste the article into my talk page and edit it there so that way nobody can tell me how to NOT edit it I would like to contact user coffee5binky but I doubt hed respond Seems like he left this website and wont come back Good way to get people trying to use Wikipedia as a source Wikipedia is a surefire way to get an F in schools and colleges presently No I dont need a source for something every single UNLV instructorprofessor and every single CCSD teacher from junior high and up has in their syllabuses <SPLIT><SPLIT> The best source for any of these stuff is those YouTube links at the bottom Especially from NintendoWizard22 <SPLIT><SPLIT> Just my opinions on this article Its pretty pisspoor and according to the history tab because of StevenMario coffee5binky and MikeWazowski should be praised for their effort to keeping the article sane for a wee bit man moons ago,[[Regs]]  <SPLIT><SPLIT> This article needs a good onceover I have been going over the history and discussion tabs and it appears user coffee5binky had the article [[duly]] in facts that goes with what other people remember of the show Also if this user coffee5binky has actual recordings of the original broadcasts thats ONE FUCKING SOLID SOURCE in comparison to some shitty retrospective written by some idiot who thinks he belongs in I Love the 80s or something <SPLIT><SPLIT> I would do it but why bother Some vandal most likely a person like this user StevenMario would show up and wreck everything Furthermore the Hiterite attitudes of the Wikipedia editors for help in protections and such are useless as well and also detrimental in action Id rather go to a place like Super Mario Wiki or just compose a personal blog entry Maybe Ill copy and paste the article into my talk page and edit it there so that way nobody can tell me how to NOT edit it I would like to contact user coffee5binky but I doubt hed respond Seems like he left this website and wont come back Good way to get people trying to use Wikipedia as a source Wikipedia is a surefire way to get an F in schools and colleges presently No I dont need a source for something every single UNLV instructorprofessor and every single CCSD teacher from junior high and up has in their syllabuses <SPLIT><SPLIT> The best source for any of these stuff is those YouTube links at the bottom Especially from NintendoWizard22 <SPLIT><SPLIT> Just my opinions on this article Its pretty pisspoor and according to the history tab because of StevenMario coffee5binky and MikeWazowski should be praised for their effort to keeping the article sane for a wee bit man moons ago,0.0577311515808105,0.968087673187256,0,1,0,628,Successful
219,the band called lockjaw [[SUCKS]] ASSSSSSSSSSSSSSSSSSSSSSSSSSSSSSSSSS BIG HAIRY MONKEY ASSSSSSSSSSSSSSSSSSSSSSS,the band called lockjaw [[BEATINGS]] ASSSSSSSSSSSSSSSSSSSSSSSSSSSSSSSSSS BIG HAIRY MONKEY ASSSSSSSSSSSSSSSSSSSSSSS,0.0319122672080993,0.9422688484191896,1,0,1,108,Successful
220,What the [[hell]] does the last sentence mean Flip out of the way of the kick Magically fly into the air thus making the opponent fall,What the [[fucking]] does the last sentence mean Flip out of the way of the kick Magically fly into the air thus making the opponent fall,0.0577312111854553,0.968087673187256,0,1,0,227,Successful
221,I have their CD and [[thats]] why Im 100 sure that the two  ARE included Im not blind u know I can clearly see them right before my very own eyes It says 1 CRYIN LIKE A BITCH and nothing else,I have their CD and [[hahaha]] why Im 100 sure that the two  ARE included Im not blind u know I can clearly see them right before my very own eyes It says 1 CRYIN LIKE A BITCH and nothing else,0.0577311515808105,0.9680877327919006,0,1,0,65,Successful
222,just Jim the [[troll]] made them up,just Jim the [[dumbass]] made them up,0.0577312111854553,0.9680877327919006,0,1,0,89,Successful
223,you [[stupid]] retard or I will kill you,you [[absurd]] retard or I will kill you,0.0319122672080993,0.9422688484191896,1,0,1,47,Successful
224,hey [[cuties]] Its me the idiot Bob Baldwin,hey [[bimbos]] Its me the idiot Bob Baldwin,0.0319122672080993,0.9422688484191896,1,0,1,55,Successful
225,Dick van Dyke Show  <SPLIT><SPLIT> Seriously this article needs to say more about her role on The [[Dick]] van Dyke Show,Dick van Dyke Show  <SPLIT><SPLIT> Seriously this article needs to say more about her role on The [[Fucker]] van Dyke Show,0.0577312111854553,0.9680877327919006,0,1,0,285,Successful
226,There is no ancient Egyptian myth that ties Sekhmet to vampiric or ghoul legends  That is New Age malarkey at best  The myth The Destruction of Mankind is about Hathor being commissioned by Ra to destroy mankind when they no longer cared for him  She embarks upon a fullscale slaughter of men which alarms Ra who tells her to stop  She refuses saying I have prevailed over men and it has done my heart good  I shall continue to prevail over them  It was at this point Hathor then mutates into Sekhmet whose name means She who prevails To stop her the gods devise a scheme to tinge beer with red ochre so she will think it blood of slaughtered men and drink it this some from the observation in the wild that lions and lionesses often have [[bloody]] maws when feeding  When she sees the red beer poured out 12 hands deep upon a field she drinks it becomes drunk and falls asleep thus stopping the slaughter of mankind She later awakes still drunk as Hathor and returns to the halls of the gods where she is welcomed in as sweet and gentle Hathor,There is no ancient Egyptian myth that ties Sekhmet to vampiric or ghoul legends  That is New Age malarkey at best  The myth The Destruction of Mankind is about Hathor being commissioned by Ra to destroy mankind when they no longer cared for him  She embarks upon a fullscale slaughter of men which alarms Ra who tells her to stop  She refuses saying I have prevailed over men and it has done my heart good  I shall continue to prevail over them  It was at this point Hathor then mutates into Sekhmet whose name means She who prevails To stop her the gods devise a scheme to tinge beer with red ochre so she will think it blood of slaughtered men and drink it this some from the observation in the wild that lions and lionesses often have [[fucking]] maws when feeding  When she sees the red beer poured out 12 hands deep upon a field she drinks it becomes drunk and falls asleep thus stopping the slaughter of mankind She later awakes still drunk as Hathor and returns to the halls of the gods where she is welcomed in as sweet and gentle Hathor,0.0577312111854553,0.9680877327919006,0,1,0,2146,Successful
227,ACDC dont rock  <SPLIT><SPLIT> They suck [[shit]],ACDC dont rock  <SPLIT><SPLIT> They suck [[crappy]],0.0319122672080993,0.9422689080238342,1,0,1,20,Successful
228,Im someone who knows that in collapsing that conversation he included the words But Im going to insist that this discussion if reopened be premised on Assume Good Faith then continued to discuss the matter with those who were legitimately concerned just not the ones using it as an excuse to give ridiculous accusations about some threadbare Tony Blair connection hoping some [[shit]] would stick to the surface Ive also seen yellow journalism in action personally and think that it has a negative effect on our political discourse Everyone who followed that thread [[knows]] what the real issue was behind the collapsing and that his reasons were legitimate The Kazakh government funds are an important issue but lets keep to the facts,Im someone who knows that in collapsing that conversation he included the words But Im going to insist that this discussion if reopened be premised on Assume Good Faith then continued to discuss the matter with those who were legitimately concerned just not the ones using it as an excuse to give ridiculous accusations about some threadbare Tony Blair connection hoping some [[fucking]] would stick to the surface Ive also seen yellow journalism in action personally and think that it has a negative effect on our political discourse Everyone who followed that thread [[comprehend]] what the real issue was behind the collapsing and that his reasons were legitimate The Kazakh government funds are an important issue but lets keep to the facts,0.0577311515808105,0.9680870175361632,0,1,0,1995,Successful
229,[[BYE]]  IM NEVER COMING BACK AND YOU NINNYS CAN SQUIM AND BITCH ABOUT ANYTHING YOU WANT,[[BONJOUR]]  IM NEVER COMING BACK AND YOU NINNYS CAN SQUIM AND BITCH ABOUT ANYTHING YOU WANT,0.0577312111854553,0.9680877327919006,0,1,0,66,Successful
230,Jose [[sucks]] big ones,Jose [[anxieties]] big ones,0.0319122672080993,0.9422688484191896,1,0,1,26,Successful
231,bathroom [[humour]] as a synonym <SPLIT> bathroom humour  whats that amusingly spaed rubber ducks  Come on who the [[hell]] calls it that and with that spelling,bathroom [[caricature]] as a synonym <SPLIT> bathroom humour  whats that amusingly spaed rubber ducks  Come on who the [[fucking]] calls it that and with that spelling,0.0577311515808105,0.968087673187256,0,1,0,292,Successful
232,8 May 2014 UTC <SPLIT><SPLIT> Ah [[Crap]] jesus whoops Sorry  I misred I thought you were asking for the AfD to be deleted Having came straight over from IRC WPIRC Got the helpme request and page but no details I thought this was a user talk page at first I do apologise for my short sightedness Just let me quickly scan the pages content to see if an AfD would hold any merit yeah    1742,8 May 2014 UTC <SPLIT><SPLIT> Ah [[Fucking]] jesus whoops Sorry  I misred I thought you were asking for the AfD to be deleted Having came straight over from IRC WPIRC Got the helpme request and page but no details I thought this was a user talk page at first I do apologise for my short sightedness Just let me quickly scan the pages content to see if an AfD would hold any merit yeah    1742,0.0577312111854553,0.9680877327919006,0,1,0,201,Successful
233,I admit I didnt give the references the respect I should have The first reference doesnt load for me and the second just didnt register The names do seem absurd on their face and the fact that Snap and Crackle dont have articles and never did weighed heavily with me But I should have been more suspicious because I am aware that physicists occasionally do come up with crazy names like this Basically I just [[screwed]] up,I admit I didnt give the references the respect I should have The first reference doesnt load for me and the second just didnt register The names do seem absurd on their face and the fact that Snap and Crackle dont have articles and never did weighed heavily with me But I should have been more suspicious because I am aware that physicists occasionally do come up with crazy names like this Basically I just [[fucking]] up,0.0577312111854553,0.9680877327919006,0,1,0,632,Successful
234,The [[goverment]] totally sucks was originally in the movie but was cut,The [[administration]] totally sucks was originally in the movie but was cut,0.0577312111854553,0.9680877327919006,0,1,0,85,Successful
235,Response To Worlds End <SPLIT> ill keep that in mind [[dork]],Response To Worlds End <SPLIT> ill keep that in mind [[idiot]],0.0577312111854553,0.9680877923965454,0,1,0,147,Successful
236,DONT GIVE A FK ABOUT ANY [[FREAKIN]] LOVE STOY WITH VAMPIRES IN IT AND IF YOU HAVE A PROBLEM WITH THIS EMAIL ME AT JASHWA4507GMAILNET,DONT GIVE A FK ABOUT ANY [[FUCKING]] LOVE STOY WITH VAMPIRES IN IT AND IF YOU HAVE A PROBLEM WITH THIS EMAIL ME AT JASHWA4507GMAILNET,0.0577312111854553,0.968087673187256,0,1,0,78,Successful
237,200lol [[fuck]] around a pussy6,200lol [[bollocks]] around a pussy6,0.0319122672080993,0.9422688484191896,1,0,1,55,Successful
238,NO LOOK IT UP YOURSELF YOU LAZY [[BUGGER]],NO LOOK IT UP YOURSELF YOU LAZY [[GODDAMNED]],0.0577312111854553,0.9680877327919006,0,1,0,220,Successful
239,[[Im]] a little BITCHHelloThereMinions <SPLIT><SPLIT>  <SPLIT><SPLIT> Anything above this text is true,[[Hayashi]] a little BITCHHelloThereMinions <SPLIT><SPLIT>  <SPLIT><SPLIT> Anything above this text is true,0.0319122672080993,0.9422688484191896,1,0,1,13,Successful
240,HimalayanAshokas Justified Indic Views  <SPLIT><SPLIT> Dear Nichalp Saravask Sarvagnya AJIndia Indianstar Chanakyathegreat Nobleeagle Ragib  <SPLIT><SPLIT> I am once again appealing to you to not allow this racially inferior British bastard writer and filthy mongrel Fowlerfowler to allow his British dominating POV writings to appear in the India page I suggest that you all physically bring him to India and hang him to death This racially inferior drinker of filthy Queen Elizabeths urine has been relishing during the block periods with discussion articles like Fowlerfowlers High Handed Reverts and My Edits [[Motherfucking]] bastard has also been only looking after the British context <SPLIT><SPLIT> I am once again saying that the British has to be denigrated while maintaining historical accuracy I am not gonna allow this racially inferior British dog to put in his views so easily  <SPLIT><SPLIT> I would also like to say that this page is about India since 5000 yrs not just some stupid 100 yr chapter on British India So please ponder on this <SPLIT><SPLIT> HimalayanAshoka You can ban or do whatever you want but India page will have historically accurate Indic views <SPLIT> Writing with the help of Licensed WikiAide,HimalayanAshokas Justified Indic Views  <SPLIT><SPLIT> Dear Nichalp Saravask Sarvagnya AJIndia Indianstar Chanakyathegreat Nobleeagle Ragib  <SPLIT><SPLIT> I am once again appealing to you to not allow this racially inferior British bastard writer and filthy mongrel Fowlerfowler to allow his British dominating POV writings to appear in the India page I suggest that you all physically bring him to India and hang him to death This racially inferior drinker of filthy Queen Elizabeths urine has been relishing during the block periods with discussion articles like Fowlerfowlers High Handed Reverts and My Edits [[Fucking]] bastard has also been only looking after the British context <SPLIT><SPLIT> I am once again saying that the British has to be denigrated while maintaining historical accuracy I am not gonna allow this racially inferior British dog to put in his views so easily  <SPLIT><SPLIT> I would also like to say that this page is about India since 5000 yrs not just some stupid 100 yr chapter on British India So please ponder on this <SPLIT><SPLIT> HimalayanAshoka You can ban or do whatever you want but India page will have historically accurate Indic views <SPLIT> Writing with the help of Licensed WikiAide,0.0577312111854553,0.9680877327919006,0,1,0,812,Successful
241,CHRIS MARSHALL HAS A [[SMALL]] PENIS,CHRIS MARSHALL HAS A [[HSIAO]] PENIS,0.0319122672080993,0.9422688484191896,1,0,1,84,Successful
242,Ricky Gervais  <SPLIT> In the edit summery of the Ricky Gervais article you stated Why the [[fuck]] did you make a link to pound sterling You idiot I have to say there is no need to be so rude Wikipedia is a international encyclopaedia and not everyone knows what  means also the article Pound currency list other currencys that use it,Ricky Gervais  <SPLIT> In the edit summery of the Ricky Gervais article you stated Why the [[fucking]] did you make a link to pound sterling You idiot I have to say there is no need to be so rude Wikipedia is a international encyclopaedia and not everyone knows what  means also the article Pound currency list other currencys that use it,0.0577312111854553,0.9680877327919006,0,1,0,222,Successful
243,[[fuck]] tart <SPLIT> Dude the word is fucktard <SPLIT>   i know we have similar names but i dont know this guy,[[accursed]] tart <SPLIT> Dude the word is fucktard <SPLIT>   i know we have similar names but i dont know this guy,0.0319122672080993,0.9422688484191896,1,0,1,32,Successful
244,[[Youre]] an asshole  hows that for a stereotype Sheesh,[[Afar]] an asshole  hows that for a stereotype Sheesh,0.0319122672080993,0.9422688484191896,1,0,1,49,Successful
245,Simply putTexans cant understand english so they use their own pronunciationSome in Austin even pronounce the word Guadalupe GwadaLoop What the [[hell]] is that  Learn the language please,Simply putTexans cant understand english so they use their own pronunciationSome in Austin even pronounce the word Guadalupe GwadaLoop What the [[fucking]] is that  Learn the language please,0.0577312111854553,0.9680877327919006,0,1,0,249,Successful
246,Or relist the [[damn]] thing with directions,Or relist the [[fucking]] thing with directions,0.0577312111854553,0.968087673187256,0,1,0,48,Successful
247,It turns out the song is actually called Scheie the german translation of the english word [[shit]] can we add this to confirmed tracks using this as our source it came directly from the artist,It turns out the song is actually called Scheie the german translation of the english word [[fucking]] can we add this to confirmed tracks using this as our source it came directly from the artist,0.0577312111854553,0.968087673187256,0,1,0,528,Successful
248,Fluence <SPLIT> Cuntbag I [[fucking]] hate you you Mexican asshole Die,Fluence <SPLIT> Cuntbag I [[frakkin]] hate you you Mexican asshole Die,0.0319122672080993,0.9422689080238342,1,0,1,60,Successful
249,Chickens rule  <SPLIT><SPLIT> Go    [[CHICKENS]] WOOOOOOOOOOOOOOO Kick alamo in the rear,Chickens rule  <SPLIT><SPLIT> Go    [[MOTHERFUCKERS]] WOOOOOOOOOOOOOOO Kick alamo in the rear,0.0577312111854553,0.9680877327919006,0,1,0,48,Successful
250,FGGOT is not a slur <SPLIT> F Fantastic <SPLIT> A Awesome <SPLIT> G Genius <SPLIT> G Goodholder <SPLIT> [[O]] Orphaned <SPLIT> T Tried,FGGOT is not a slur <SPLIT> F Fantastic <SPLIT> A Awesome <SPLIT> G Genius <SPLIT> G Goodholder <SPLIT> [[u]] Orphaned <SPLIT> T Tried,0.0577312111854553,0.9680877327919006,0,1,0,207,Successful
251,I agree that the Powdered Toast Man mention should be made as its perhaps the only example of Zappa collaborating underneath another artist in a field other than that of music And no the Grammies arent a fucking objective indicator of legacy give me a break Theyre an objective indicator that a certain performer pleased the suits responsible for shitting the little awards out nothing more nothing less Beethoven managed quite a legacy without Grammies thank you very much Or greatGrammies for that matter   <SPLIT><SPLIT> That said youre deadon the article is in a bit of a messy state to put it mildly I believe a lot of the strictlystylistic errors have to do with the fact that a significant potion probably even a majority of contemporary Zappa fans hail from nonEnglish speaking countries cf Zappanale Then therere the copyeditors and casual driveby editors whose sum total of Zappaknowledge can be summed up as guy who took drugs and ate [[shit]] on stage By all means lets work on a [[rewrite]],I agree that the Powdered Toast Man mention should be made as its perhaps the only example of Zappa collaborating underneath another artist in a field other than that of music And no the Grammies arent a fucking objective indicator of legacy give me a break Theyre an objective indicator that a certain performer pleased the suits responsible for shitting the little awards out nothing more nothing less Beethoven managed quite a legacy without Grammies thank you very much Or greatGrammies for that matter   <SPLIT><SPLIT> That said youre deadon the article is in a bit of a messy state to put it mildly I believe a lot of the strictlystylistic errors have to do with the fact that a significant potion probably even a majority of contemporary Zappa fans hail from nonEnglish speaking countries cf Zappanale Then therere the copyeditors and casual driveby editors whose sum total of Zappaknowledge can be summed up as guy who took drugs and ate [[fucking]] on stage By all means lets work on a [[redraft]],0.0577311515808105,0.9680877327919006,0,1,0,1169,Successful
252,what the [[fucks]] going 0on the world is going to hell mother fuckers,what the [[cretins]] going 0on the world is going to hell mother fuckers,0.0319122672080993,0.9422688484191896,1,0,1,59,Successful
253,It says no such thing Look Ben I dont hate you I know youve been editing for a while and I didnt do anything about it because you werent being disruptive If you keep this up the page will be semiprotected anyway and youll need to register an account to evade the ban and I think we both know what that means Youll be easy to stop then because all well need to do is block the accounts rather than deal with the large ranges youre editing from Just stop being disruptive and no one including me will give a [[fuck]] if you edit here or not,It says no such thing Look Ben I dont hate you I know youve been editing for a while and I didnt do anything about it because you werent being disruptive If you keep this up the page will be semiprotected anyway and youll need to register an account to evade the ban and I think we both know what that means Youll be easy to stop then because all well need to do is block the accounts rather than deal with the large ranges youre editing from Just stop being disruptive and no one including me will give a [[fucking]] if you edit here or not,0.0577312111854553,0.9680877327919006,0,1,0,1028,Successful
254,[[Still]] all in Arial Black with IE7 <SPLIT><SPLIT> WTH is going on with Wikipedia and Internet Explorer IE6 and now IE7 and ONLY IE displays ALL fonts on Wikipedia as Arial Black It does that with SOME fonts on a few other sites but Wikipedia is the only site Ive found where the whole thing is in Arial Black IT DOES NOT DO THIS ON FIREFOX OR NETSCAPE Nor is any other program afflicted with font problems so it cant be a problem with the fonts it has to be something [[screwed]] up with IE something that not even upgrading to IE7 corrected,[[Again]] all in Arial Black with IE7 <SPLIT><SPLIT> WTH is going on with Wikipedia and Internet Explorer IE6 and now IE7 and ONLY IE displays ALL fonts on Wikipedia as Arial Black It does that with SOME fonts on a few other sites but Wikipedia is the only site Ive found where the whole thing is in Arial Black IT DOES NOT DO THIS ON FIREFOX OR NETSCAPE Nor is any other program afflicted with font problems so it cant be a problem with the fonts it has to be something [[fucking]] up with IE something that not even upgrading to IE7 corrected,0.0577311515808105,0.9680877327919006,0,1,0,808,Successful
255,[[Listen]] you son of a bitch  <SPLIT><SPLIT> Dont go after my work in which Ive lost months just to put boxes Dont delete information about episodes just because it cant look like IMDb Your luck is that I just dont know who you are or you would see And yes I did personal attacks and violate some shit thats what people do when sons of bitches have more protection against personal attacks than people that work against people who destroy others work Now if you want you can go and cry to an Administrator How can you expect people not to be angry and to be civil when theyre work is destroyed    <SPLIT>  You deleted things that Ive added even after you make your precious little boxes you even deleted links to pages that dont exist for now but most likely will be created in the future to have them now you even took the tiles when titles must have them mandatorily you even took the  from episodes titles another mandatory procedure that if is allowed means that names of episodes arent supposed to be deleted like you do and all that just because I didnt agree with you Ive made personal attacks I thought the problem was just with the box and the reverse chronology Do you even know how much Ive wasted for this crapp And boxes arent mandatory You even deleted links to pages with the subjective reason of red links look oh so horrible I hope it will be you and not me who is going to check everytime if the movies already have an article and add it to every dozens of pages that have blanks This just shows how much of a son of a bitch you are    <SPLIT>  You know what You do the job Im sick and tired of this scumbag people I wonbt make any more contribution to anything else film or television related I didnt do it for subhumans like you I did it for information and for the sake of the actors themselves but enough is enough Oh I do a useful job some articles need filmographies then dont ruin them much less under the cover of conveying info better whatever that might be since again nothing makes us use boxes but I wont do that job anymore you do it I wont let you explore my contributions and my time In fact Ill even difficult it for you Wikipedia is a shit and so are you guys who work on it we dont need this site anything worthy we can just copy and past to IMDb to be more complete IMDb IS more complete specially now theyre creating pages for characters and as I said you cant handle that You say its not credible but guess what one day it will be and then it will be the best database on films while wikipedia wont be anything Wikipedia will just be a secondary source to complete IMDb Wikipedia is the not credible one exactly because of people like you Check this out wwwindependentieopinionanalysisliesdamnedliesandthewickednessofwikipedia1388050html Enjoy it And go ahead and delete my account I cant wait for it Im sick of having to check every retarded message you people post in my page If it gets deleted it gets permanently blanked    <SPLIT>  Then go ahead and block me Its really what I want,[[Fathom]] you son of a bitch  <SPLIT><SPLIT> Dont go after my work in which Ive lost months just to put boxes Dont delete information about episodes just because it cant look like IMDb Your luck is that I just dont know who you are or you would see And yes I did personal attacks and violate some shit thats what people do when sons of bitches have more protection against personal attacks than people that work against people who destroy others work Now if you want you can go and cry to an Administrator How can you expect people not to be angry and to be civil when theyre work is destroyed    <SPLIT>  You deleted things that Ive added even after you make your precious little boxes you even deleted links to pages that dont exist for now but most likely will be created in the future to have them now you even took the tiles when titles must have them mandatorily you even took the  from episodes titles another mandatory procedure that if is allowed means that names of episodes arent supposed to be deleted like you do and all that just because I didnt agree with you Ive made personal attacks I thought the problem was just with the box and the reverse chronology Do you even know how much Ive wasted for this crapp And boxes arent mandatory You even deleted links to pages with the subjective reason of red links look oh so horrible I hope it will be you and not me who is going to check everytime if the movies already have an article and add it to every dozens of pages that have blanks This just shows how much of a son of a bitch you are    <SPLIT>  You know what You do the job Im sick and tired of this scumbag people I wonbt make any more contribution to anything else film or television related I didnt do it for subhumans like you I did it for information and for the sake of the actors themselves but enough is enough Oh I do a useful job some articles need filmographies then dont ruin them much less under the cover of conveying info better whatever that might be since again nothing makes us use boxes but I wont do that job anymore you do it I wont let you explore my contributions and my time In fact Ill even difficult it for you Wikipedia is a shit and so are you guys who work on it we dont need this site anything worthy we can just copy and past to IMDb to be more complete IMDb IS more complete specially now theyre creating pages for characters and as I said you cant handle that You say its not credible but guess what one day it will be and then it will be the best database on films while wikipedia wont be anything Wikipedia will just be a secondary source to complete IMDb Wikipedia is the not credible one exactly because of people like you Check this out wwwindependentieopinionanalysisliesdamnedliesandthewickednessofwikipedia1388050html Enjoy it And go ahead and delete my account I cant wait for it Im sick of having to check every retarded message you people post in my page If it gets deleted it gets permanently blanked    <SPLIT>  Then go ahead and block me Its really what I want,0.0577311515808105,0.9680871963500975,0,1,0,336,Successful
256,using the title of a book does not count as a citation Citations are needed for the facts You did not bring any fact into the article Your changes are limited with the first paragraph which wikipedia clearly states how to write a WPLEAD You con not add arguments that does not supported in the article The article is full of citations against your position You have to read the WPCITE Also your own invention insert footnote text here is totally unacceptable way of creating citations The WPCITE also tells how to object the positions but as like other Genocide denials You did not read a basic text The book you are using you did not even use the facts inside the book is full of [[crap]] I bet You  did not spend your single dime on it I bet you have not even read it You can not tell us what is stated in the page 20 at the 3th paragraph If this book is the proof of your lie I am not forcing any conclusions you claim you are supporting the title of a book without even reading it,using the title of a book does not count as a citation Citations are needed for the facts You did not bring any fact into the article Your changes are limited with the first paragraph which wikipedia clearly states how to write a WPLEAD You con not add arguments that does not supported in the article The article is full of citations against your position You have to read the WPCITE Also your own invention insert footnote text here is totally unacceptable way of creating citations The WPCITE also tells how to object the positions but as like other Genocide denials You did not read a basic text The book you are using you did not even use the facts inside the book is full of [[fucking]] I bet You  did not spend your single dime on it I bet you have not even read it You can not tell us what is stated in the page 20 at the 3th paragraph If this book is the proof of your lie I am not forcing any conclusions you claim you are supporting the title of a book without even reading it,0.0577312111854553,0.9680877327919006,0,1,0,251,Successful
257,[[Fuck]] you  <SPLIT><SPLIT> I was still editing the article you insignificant click happy cunt,[[Bollocks]] you  <SPLIT><SPLIT> I was still editing the article you insignificant click happy cunt,0.0319122672080993,0.9422688484191896,1,0,1,19,Successful
258,go [[screw]] yourself ed,go [[fucked]] yourself ed,0.0577312111854553,0.968087673187256,0,1,0,43,Successful
259,[[Please]] see further reply on   What the [[hell]] are you doing up at this hour  You were up all night  Ive been to bed for four or rive hours but couldnt sleep rare for me,[[Asked]] see further reply on   What the [[fucking]] are you doing up at this hour  You were up all night  Ive been to bed for four or rive hours but couldnt sleep rare for me,0.0577311515808105,0.968087673187256,0,1,0,163,Successful
260,Tell the [[fucking]] Wikitruth  <SPLIT><SPLIT>  <SPLIT> Im convinced that the addage A strange game The only winning move is not to play applies to Wikipedia  You should join the exiled and quit trying to spray Febreeze on horse shit,Tell the [[anathema]] Wikitruth  <SPLIT><SPLIT>  <SPLIT> Im convinced that the addage A strange game The only winning move is not to play applies to Wikipedia  You should join the exiled and quit trying to spray Febreeze on horse shit,0.0319122672080993,0.9422688484191896,1,0,1,65,Successful
261,Will you please [[suck]] it,Will you please [[blowing]] it,0.0319122672080993,0.9422688484191896,1,0,1,42,Successful
262,No [[shit]] Sennen but I like Poirot with sophisticated tastes That is a big difference between your fondness of vulgarism and my tendency of liking politeness I do not wonder you are fond of dog poop girl too The case is simply violation of BLP and copyright However I do not try to think of your beloved vulgarism is like poop Please excuse me whenever I try to make you speak in a polite way Your way of speaking is honestly not so great,No [[fucking]] Sennen but I like Poirot with sophisticated tastes That is a big difference between your fondness of vulgarism and my tendency of liking politeness I do not wonder you are fond of dog poop girl too The case is simply violation of BLP and copyright However I do not try to think of your beloved vulgarism is like poop Please excuse me whenever I try to make you speak in a polite way Your way of speaking is honestly not so great,0.0577312111854553,0.9680877327919006,0,1,0,80,Successful
263,Discography <SPLIT> Albums  <SPLIT> 2008 All Around the World with Diddy <SPLIT><SPLIT> Singles <SPLIT> 2008 Blame It On Me <SPLIT> 2008 Furious <SPLIT> 2008 Im [[Fucked]] Up <SPLIT><SPLIT>  <SPLIT>  Track listing  <SPLIT> All songs were written produced and arranged by Lloyd except Girls Around the World which was cowritten by Lil Wayne,Discography <SPLIT> Albums  <SPLIT> 2008 All Around the World with Diddy <SPLIT><SPLIT> Singles <SPLIT> 2008 Blame It On Me <SPLIT> 2008 Furious <SPLIT> 2008 Im [[Fucking]] Up <SPLIT><SPLIT>  <SPLIT>  Track listing  <SPLIT> All songs were written produced and arranged by Lloyd except Girls Around the World which was cowritten by Lil Wayne,0.0577312111854553,0.9680877327919006,0,1,0,297,Successful
264,I just read the article and I must say Im disappointed This is an example of liberal bias In the section Exceptionalism there is a sentence Much if not all of United States foreign policy has roots that can be traced back to this ideology  Whoever made that remark needs to back it up with proof not the opinions of a single liberal historian Also where is the mention of Stalins speechs where he basically says that global communism can never succeed until capitalism has been destroyed This article is an attempt at making America and the USSR equally responsible for the Cold War What a crock of [[shit]] Is there any mention of Kruschevs spelling we will bury you comments What about the Cuban missile crises Too much space is dedicated to showing how historians disagree about the cold war and not enough is dedicated to the major events of the cold war This article is a disappointment and needs to be fixed Liberal bias belongs in Americas public school system not in wikipedia <SPLIT><SPLIT> Why isnt the causes of the USSRs downfall listed  <SPLIT><SPLIT> Let me guess if a person comes into your home and tries to kill you they are not evil just of a different opinion an opinon I should respect right  <SPLIT><SPLIT> This article is an example of why wikipedia will never make it in education in its current form,I just read the article and I must say Im disappointed This is an example of liberal bias In the section Exceptionalism there is a sentence Much if not all of United States foreign policy has roots that can be traced back to this ideology  Whoever made that remark needs to back it up with proof not the opinions of a single liberal historian Also where is the mention of Stalins speechs where he basically says that global communism can never succeed until capitalism has been destroyed This article is an attempt at making America and the USSR equally responsible for the Cold War What a crock of [[fucking]] Is there any mention of Kruschevs spelling we will bury you comments What about the Cuban missile crises Too much space is dedicated to showing how historians disagree about the cold war and not enough is dedicated to the major events of the cold war This article is a disappointment and needs to be fixed Liberal bias belongs in Americas public school system not in wikipedia <SPLIT><SPLIT> Why isnt the causes of the USSRs downfall listed  <SPLIT><SPLIT> Let me guess if a person comes into your home and tries to kill you they are not evil just of a different opinion an opinon I should respect right  <SPLIT><SPLIT> This article is an example of why wikipedia will never make it in education in its current form,0.0577312111854553,0.9680870175361632,0,1,0,2757,Successful
265,SUCH IDIOTS GO N [[FUCK]] YOURSELF Delete this shit,SUCH IDIOTS GO N [[GEEZ]] YOURSELF Delete this shit,0.0319122672080993,0.9422689080238342,1,0,1,128,Successful
266,Elite Language  <SPLIT><SPLIT> can somebody translate the article to common english the language used is [[CRAP]] <SPLIT> the author of the article should ask himherself for what kind of audience am i writing <SPLIT> answer OH I AM WRITING IT FOR EVERYONE ON THIS PLANET FROM THE MOST DUMB TO THE MOST INTELLIGENT <SPLIT> noone wants to decipher an article before one is able to read it,Elite Language  <SPLIT><SPLIT> can somebody translate the article to common english the language used is [[FUCKING]] <SPLIT> the author of the article should ask himherself for what kind of audience am i writing <SPLIT> answer OH I AM WRITING IT FOR EVERYONE ON THIS PLANET FROM THE MOST DUMB TO THE MOST INTELLIGENT <SPLIT> noone wants to decipher an article before one is able to read it,0.0577312111854553,0.9680877327919006,0,1,0,280,Successful
267,Ending  <SPLIT><SPLIT> The production section contained this line <SPLIT><SPLIT> It is left ambiguous as to whether the protagonists survive although the part of the script describing how the characters rush over the edge of the trench also states that They will not get far  <SPLIT><SPLIT> which IMO is a unsourced and b [[bollocks]] The ending shows see also the original ending which was shown in a documentary that is now on Youtube the protagonists getting up and  after a few feet  falling down under German fire <SPLIT><SPLIT> I would propose to keep this sentence out <SPLIT><SPLIT> Cheers,Ending  <SPLIT><SPLIT> The production section contained this line <SPLIT><SPLIT> It is left ambiguous as to whether the protagonists survive although the part of the script describing how the characters rush over the edge of the trench also states that They will not get far  <SPLIT><SPLIT> which IMO is a unsourced and b [[fucking]] The ending shows see also the original ending which was shown in a documentary that is now on Youtube the protagonists getting up and  after a few feet  falling down under German fire <SPLIT><SPLIT> I would propose to keep this sentence out <SPLIT><SPLIT> Cheers,0.0577312111854553,0.968087375164032,0,1,0,737,Successful
268,Get lost you vandals Get a [[fucking]] life,Get lost you vandals Get a [[accursed]] life,0.0319122672080993,0.9422688484191896,1,0,1,44,Successful
